alpha,beta,sigma,zero_ret_share,car_0_3,scar_0_3,carma_0_3,car_0_1,scar_0_1,carma_0_1,car_m1_1,scar_m1_1,carma_m1_1,car_0_5,scar_0_5,carma_0_5,car_0_10,scar_0_10,carma_0_10,bhar_0_3,pre_ret,pre_alpha,placebo_car_0_3,doc_id,day0,log_tradeval,log_mcap,bm,turnover,ticker,year,lang,group,industry,n_words,n_fin_neg,n_fin_pos,fin_neg,fin_pos,fin_unc,fin_lit,fin_net,gen_neg,gen_pos,gen_unc,gen_lit,gen_net,n_words_alt,finA_neg,finA_pos,finA_unc,finA_lit,finA_net,fin_neg_tfidf,gen_neg_tfidf,finA_neg_tfidf,finbert_net,log_len,vn30,log_bm,log_turn,period,fin_neg_z,gen_neg_z,fin_net_z,fin_unc_z,fin_neg_tfidf_z,finA_neg_z,finbert_net_z,tone_grp
0.0014524911946327,1.0796339932055266,0.0130429509801359,0.0,-0.0618430921577429,-2.37074770318191,-0.0529399839427726,-0.0216045657833374,-1.1712636958656713,-0.0185976179534855,-0.021169476628193,-0.937073446684331,-0.0181924005664482,-0.0566430619341311,-1.7729448831376942,-0.0439440211940461,-0.0496911848816133,-1.1487013935830468,-0.0313975897564043,-0.0533095847433987,-0.0102803079915493,-6.070625938610184e-05,0.003116723386238,0000320193-24-000123,2024-11-01,23.09482895251993,28.859144618997764,0.0166773279094751,0.956778158886883,AAPL,2024,en,US,35,25325,638,104,0.0251924975320829,0.004106614017769,0.0173741362290227,0.0115695952615992,-0.7196765498652291,0.0261401776900296,0.0797563253114015,0.0,0.0,0.5188953488372093,1820.0,0.0093406593406593,0.0019457330887905,0.012087912087912,0.0065934065934065,-0.7,22.59507998480067,9.698419155001108,1.7202720088466472,0.005636697073873,10.139547329116883,0,-4.0937050921581655,-0.044183723296646715,2024Q4,1.2553934076836326,-0.3882734910353539,-1.4529764998276231,0.3878554511218462,-0.40698349579629595,-0.8006753957782075,-0.7158976999074292,T1 Tiêu cực
0.0001159357333913,1.1561455519046828,0.0090223040618473,0.0071428571428571,0.0119632672932782,0.6629829371339512,0.0147679064314284,-0.0036951844020834,-0.2896034018069837,-0.0017228017712739,-0.0049209730667102,-0.314900174641012,0.0001120250915244,0.0236180860195058,1.0686896800857235,0.0278307788879229,0.0149259531122757,0.4988020976834029,0.0232017238154497,0.0149059021756661,0.0223677398026354,9.712161011636744e-05,-0.0022652551073333,0000320193-23-000106,2023-11-03,23.03582292951089,28.646868376022628,0.0225027876113304,1.0164617554500963,AAPL,2023,en,US,35,24713,590,89,0.0238740743738113,0.0036013434224901,0.0177234653825921,0.0115728563913729,-0.7378497790868925,0.0265042690082143,0.0797555942216647,0.0,0.0,0.5011424219345011,1856.0,0.0086206896551724,0.0019457330887905,0.0123922413793103,0.0064655172413793,-0.7107922594334679,19.75343284641656,9.462691787462845,1.7202720088466472,-0.163151380788934,10.115084699949966,0,-3.7941160836090635,0.016327729620574577,2023Q4,0.9859858996927656,-0.2922001589027114,-1.5848014212266253,0.4920076535504921,-0.5980484433317393,-0.9221390678729446,-1.8477617423898032,T1 Tiêu cực
0.0005477016841255,1.2525704922443086,0.0101688284244205,0.0071428571428571,0.0180481162792867,0.8874235814592001,0.0172254434321268,0.0375373450520558,2.6102231374368468,0.0429698822928167,0.0141433502066196,0.8030096200094257,0.018587301173534,-0.0311981461937882,-1.2525130052021205,-0.0301594369690401,-0.0248446464860605,-0.7366574058405552,-0.0061381843227106,0.0140930896731523,0.0009777405016762,0.0010291456815434,0.0014237302040934,0000320193-22-000108,2022-10-28,23.25100293351533,28.46544888294313,0.0219978720302359,1.4035858610050542,AAPL,2022,en,US,35,26805,633,107,0.0236149972020145,0.0039917925760119,0.0182428651371012,0.0103711994030964,-0.7108108108108108,0.0262264502891251,0.0797563253114015,0.0,0.0,0.5064935064935064,2074.0,0.0125361620057859,0.0028929604628736,0.0120540019286403,0.0057859209257473,-0.625,19.385818099304853,9.04619858973237,2.502590447521135,0.0514140140809369,10.196343716261637,0,-3.816809556200441,0.339030291297057,2022Q4,0.9330458896563834,-0.36550860856528183,-1.3886662256469848,0.646866267039426,-0.6227659008307355,-0.2615728533811528,-0.40892282503666216,T1 Tiêu cực
0.000210480576033,1.3714775768159864,0.0086299978918572,0.0,-0.0267416045804962,-1.549340157181739,-0.0207394671438824,-0.0293261502109349,-2.402864976341819,-0.0275123666257827,-0.0180252996815465,-1.2058996715612114,-0.0123496778184953,-0.0379335655649054,-1.794474748097394,-0.028570317791704,-0.0430424279019742,-1.5037987810936575,-0.0337646930486918,-0.0210352431983684,-0.0160006254107936,-0.0005272537443118,-0.014854761906105,0000320193-21-000105,2021-10-29,23.10357841926356,28.548560711828905,0.0252045033390518,1.4022856877107144,AAPL,2021,en,US,35,27843,648,120,0.0232733541644219,0.0043098804008188,0.0174909312933232,0.010810616672054,-0.6875,0.0261825234349746,0.0797563253114015,0.0,0.0,0.509421265141319,2266.0,0.0061782877316857,0.0057369814651368,0.0136804942630185,0.0057369814651368,-0.037037037037037,20.32162610863593,10.39401952049281,1.8094552670608213,0.1790421595585278,10.234336867263503,0,-3.680732596499778,0.33810353940209475,2021Q4,0.8632343129992232,-0.3770996546506,-1.2195743286923684,0.4226778043534548,-0.5598446092351281,-1.3341885087564407,0.4469297357834898,T1 Tiêu cực
0.0024968725625596,1.1273151332451845,0.0179337897354271,0.0071428571428571,-0.0557741844378226,-1.555002742327349,-0.0406896340669895,-0.062051146802488,-2.44659870176604,-0.0570333833628742,-0.0409658858419507,-1.3188325260510467,-0.031930173815053,-0.048023733897477,-1.0932216533467385,-0.0255044916891683,-0.0793879168428789,-1.3347071591476969,-0.0416363734241869,-0.0434880450986766,0.0402264518750389,0.0022565086933987,-0.013360378157954,0000320193-20-000096,2020-10-30,23.669870345994823,28.304296045508888,0.0333252101431117,2.2922765363342075,AAPL,2020,en,US,35,30103,641,114,0.0212935587815167,0.0037869979736238,0.0189682091485898,0.009666810616882,-0.6980132450331126,0.0267415207786599,0.0786300368734013,0.0,0.0,0.4924337957124842,3940.0,0.0142131979695431,0.0019457330887905,0.015736040609137,0.0055837563451776,-0.7107922594334679,18.36887323028709,10.065256836930818,5.208716003779824,0.0362676778063178,10.31238011354455,0,-3.4014411070674284,0.8295454444253991,2020Q4,0.4586815432044757,-0.2295961719284474,-1.2958352773236905,0.8631269928993928,-0.6911426234085452,0.021354262161397825,-0.510491571014813,T1 Tiêu cực
0.0010722122910658,1.4227058612864754,0.0107768435772813,0.0,0.0388030016096953,1.8002952966440038,0.046962924027457,0.0393999548482466,2.585170235779489,0.0443509145394727,0.0335760194695891,1.798775656347953,0.0409744100870864,0.0437437202740997,1.6570992139180514,0.0554990442064252,0.045505047949388,1.2731267828011688,0.0641902775043344,0.0478765544532204,0.0798574045794828,-7.863085910622106e-05,0.0207803436839434,0000320193-19-000119,2019-10-31,22.459603312812213,27.70878611111479,0.0837178528159082,1.7536678771128889,AAPL,2019,en,US,35,29402,614,119,0.0208829331338004,0.0040473437181144,0.0186721991701244,0.0104074552751513,-0.6753069577080492,0.0274471124413305,0.0787701516903612,0.0,0.0,0.4831892411143131,4147.0,0.0113334940921147,0.0021702435495538,0.0166385338799131,0.0069930069930069,-0.6785714285714286,18.67615129537033,9.27375449378021,4.660941620945114,-0.0397806769935414,10.288817978223912,0,-2.4803030289392987,0.5617095243176662,2019Q4,0.3747740118672611,-0.043410622391704304,-1.1311284712090386,0.7748718590721435,-0.6704820471565242,-0.46447092541071194,-1.0204588588576573,T1 Tiêu cực
0.0015253626952541,1.196567038949961,0.0115310270011536,0.0,-0.0334030641749103,-1.448399356430632,-0.0212946126229029,-0.0348159163097025,-2.134985072305439,-0.0294339819197441,-0.07926577052265237,-4.76226226060998,-0.08930988622870815,-0.071527994040636,-2.532400737980891,-0.0620497034061044,-0.1058646436823863,-2.7681308054112383,-0.0912904149293041,-0.0223890991056032,0.0903544579683265,0.0010100748977451,0.0205623402651435,0000320193-18-000145,2018-11-05,22.68503121079548,27.61547607214787,0.1088256180990788,1.6046386204065497,AAPL,2018,en,US,35,35092,648,177,0.0184657471788441,0.0050438846460731,0.019434628975265,0.0096888179642083,-0.5709090909090909,0.0273566624871765,0.0789638664082982,0.0,0.0,0.4853926561243634,7229.0,0.0116198644349149,0.0048416101812145,0.0170148014939825,0.0084382348872596,-0.4117647058823529,17.108222059917644,8.971225044477727,5.964697034257929,0.1802524835104123,10.465728463248274,0,-2.218008511807286,0.4728985726047677,2018Q4,-0.11915545257646798,-0.06727778992029412,-0.37384750495176744,1.0021896840840208,-0.7759055225291238,-0.41615834487196685,0.45504596163450456,T2 Trung tính
-0.0001816701164998,1.5166347789163477,0.0093976082114097,0.0,0.0398516887801748,2.120310183382102,0.0420299830096055,0.0299969616506749,2.2570695139676484,0.0318904508780473,0.0372007907810261,2.2854630761703554,0.0390107528366077,0.0419295041230694,1.8214898932962336,0.0413371820949246,0.0188609078501391,0.605130322303537,0.0166981390008279,0.0427291614439018,0.0552269599495695,0.0005124595834374,0.0073664693982853,0000320193-17-000070,2017-11-03,22.14628452998912,27.483830219552893,0.1553035177313639,1.326739921531843,AAPL,2017,en,US,35,37100,637,180,0.0171698113207547,0.0048517520215633,0.0195417789757412,0.0088140161725067,-0.5593635250917993,0.0259838274932614,0.0789757412398921,0.0,0.0,0.504879301489471,7560.0,0.0145502645502645,0.0033068783068783,0.0174603174603174,0.0076719576719576,-0.6296296296296297,16.277732700215143,8.713936664142151,8.000877690662609,-0.1078290421422571,10.521372248595526,0,-1.8623738978840052,0.28272474633887873,2017Q4,-0.3839678899592981,-0.4295298562187035,-0.29009831058419866,1.0341363693972734,-0.8317454626106828,0.07821963505157781,-1.4767795814868117,T2 Trung tính
0.0006014389209987,0.8642479111337592,0.0127100816563673,0.0,-0.0270468111952807,-1.0639904575959631,-0.0228757101026029,-0.0121768382562104,-0.6774405654636123,-0.0101465478921287,-0.0337687492901924,-1.5339316473330822,-0.030900755488777,-0.0286087943087912,-0.918915525845204,-0.0217484791740653,-0.0820924061539217,-1.9474140629688963,-0.0772962081571214,-0.0225182918497159,0.0490818042063229,9.552504055090078e-05,0.0330128462945183,0001628280-16-020309,2016-10-27,22.003866771022487,27.1471003553398,0.2080741376778366,1.8616475439457512,AAPL,2016,en,US,35,36428,621,172,0.0170473262325683,0.0047216426924343,0.0192983419347754,0.0089217085758207,-0.5662042875157629,0.0256670692873613,0.0797563253114015,0.0,0.0,0.5134009888108249,7353.0,0.0145518835849313,0.0033999728002175,0.0171358629130966,0.0084319325445396,-0.6212121212121212,16.517133387176866,8.935353631140943,7.457470857946649,0.0238150821160525,10.50309298868771,0,-1.5698608316438638,0.621461871971696,2016Q4,-0.40899657833397707,-0.5131133277304921,-0.33971981471255,0.9615558140378615,-0.8156487843579772,0.07849277696274765,-0.593996552384638,T2 Trung tính
-0.0004540124772004,1.198278587261232,0.0114980136142566,0.0,0.0181690976977869,0.7900972423296997,0.0182054125794035,0.009229436007155,0.5675934127521539,0.0072785348422255,0.0367004263593832,1.8428401416825,0.0366431377888674,0.0154218039856524,0.5475663296488843,0.0136226427231747,0.0052838263402309,0.1385572880504401,-0.0039164936464712,0.0183683192750565,-0.0490859768864739,0.000329331143953,0.0384154648381819,0001193125-15-356351,2015-10-29,22.528760729725644,27.223007327172358,0.1794893786396769,2.332076014859028,AAPL,2015,en,US,35,37241,637,186,0.0171048038452243,0.0049944953143041,0.0187964877420047,0.0088612013640879,-0.5479951397326853,0.025026180822212,0.0784887623855428,0.0,0.0,0.5164721141374838,7420.0,0.0144204851752021,0.0055256064690026,0.0161725067385444,0.0071428571428571,-0.4459459459459459,18.243729816241053,10.02793810274613,8.208700315757364,0.274004517016001,10.525165583876873,0,-1.7176392447283364,0.8467588643802479,2015Q4,-0.3972515628632104,-0.6822255457291454,-0.20763434734907277,0.8119283954813571,-0.699556940413685,0.05632499174228529,1.0837310973277363,T2 Trung tính
-0.0003672201740657,1.3873590448666355,0.0076948799938216,0.0,-0.0014576187081199,-0.0947135438947936,-0.0208421510135873,-0.0159488534203892,-1.4655904204825068,-0.0158698801891311,-0.0176284242866031,-1.32266851665408,-0.0198380386704588,0.0039767567310987,0.2109849846086309,-0.0151275529123818,-0.0158852396776076,-0.6224372541197704,-0.0180663821257113,-0.0196565344935271,-0.0405599384980734,0.0002673783735354,0.0030205901364104,0000950170-24-087843,2024-07-31,22.79071263068099,28.7763836138854,0.0854048380853276,0.7283172402066466,MSFT,2024,en,US,73,44170,854,311,0.0193343898573692,0.0070409780393932,0.0172968077880914,0.0110482227756395,-0.4660944206008584,0.0277563957437174,0.0616028978944985,0.0,0.0,0.3787686850772739,3960.0,0.0083333333333333,0.0063131313131313,0.0070775719126234,0.0065656565656565,-0.1379310344827586,29.11929966618277,17.36468012664734,2.4879264925264617,0.3726024699117988,10.695801104590572,0,-2.4603525277392633,-0.3170185561907871,2024Q3,0.05834359838282226,0.038200434915142994,0.3864568694834746,0.3648000394819235,0.03168803181702425,-0.9706179896300596,1.7449121413812971,T3 Tích cực
0.0011829288235752,1.2453057188621042,0.0133753483915491,0.0,-0.0074501736013484,-0.2785039082068207,-0.0039837631712005,-0.0006049646873096,-0.0319823170397083,0.0045442679710906,-0.0146594502983214,-0.6327788501759954,-0.0099032961437439,0.0008210287442584,0.0250598019171592,0.0047281257663621,-0.021972821642473,-0.4953183127383284,-0.012899728798117,-0.0044425217678694,-0.0302386272203688,0.0006526918041456,0.0251396927599963,0000950170-23-035122,2023-07-28,22.961930786104677,28.53003199425658,0.0839269879013403,0.9621690900926336,MSFT,2023,en,US,73,42079,761,343,0.0180850305377979,0.0081513343948287,0.0158273723234867,0.0102901684925972,-0.3786231884057971,0.0287792010266403,0.0612181848427956,0.0,0.0,0.3604436229205175,7281.0,0.0111248454882571,0.0052190633154786,0.0097514077736574,0.0057684384013185,-0.361344537815126,28.098276079765316,16.56940495805063,4.185569431967344,0.226042015501298,10.647304082870662,0,-2.4778080497556294,-0.038565074434986864,2023Q3,-0.19695135662397664,0.3080896268442518,1.02095545903752,-0.07331094667982542,-0.03696293308857384,-0.49967133191789054,0.7621027481020057,T3 Tích cực
0.0001158719749787,1.2357936453184384,0.0107224681471956,0.0,-0.0033224731534299,-0.1549304277625164,0.0019419519948463,-0.0083602832103621,-0.5513294951809431,-0.0054441050161153,0.0050704073235592,0.273015596126867,0.0109634216540763,0.0009839081662613,0.0374614147913962,0.0059134448037729,-0.0078161885751818,-0.2197879718013242,0.0053374418187431,0.0016067290416812,0.0242102279813771,0.0002494520312675,-0.0239546716858296,0001564590-22-026876,2022-07-29,22.766794474437912,28.354423904278992,0.0807893170058783,0.9851243389011152,MSFT,2022,en,US,73,43091,727,369,0.0168712724234759,0.0085632730732635,0.0154556635956464,0.0102109489220486,-0.3266423357664234,0.0278712492167738,0.0620779281056369,0.0,0.0,0.3802889576883385,7246.0,0.007314380347778,0.0060723157604195,0.0096605023461219,0.0057963014076731,-0.0927835051546391,27.787744136517336,16.80637294832042,3.345611298094277,0.36479995415546,10.67106943758126,0,-2.5159105374700808,-0.014987413389766545,2022Q3,-0.4449715365120952,0.06850699624308293,1.398014028533258,-0.18413560093767767,-0.057842291627964254,-1.1425221320020296,1.6925898024025907,T3 Tích cực
0.0003331411031064,1.148424330338076,0.0097496457354724,0.0,0.0029763514765008,0.1526389551607974,0.0037630386574286,0.0017928788776689,0.1300310643732773,0.0013832548327324,-0.0023924100183291,-0.1416726930978422,-0.001844597520802,0.003787811546039,0.1586075669030236,0.0063807856249255,0.0057670174182689,0.178347113645294,0.0110768680699664,0.0037664577265481,0.0656823960271513,-1.847499713794937e-05,-0.0082598939010141,0001564590-21-039151,2021-07-30,22.531207426609363,28.39789092487741,0.0659484079120828,0.9505518794967396,MSFT,2021,en,US,73,43109,745,372,0.0172817741074949,0.008629288547635,0.0158667563617806,0.01062423159897,-0.3339301700984781,0.0278364146697905,0.0616808555058108,0.0,0.0,0.3780772220782586,7323.0,0.0086030315444489,0.0071009149255769,0.0088761436569711,0.0062815785880103,-0.0956521739130434,29.11684285477439,17.10317713460209,4.361266594229244,0.3272439019801095,10.671487070998001,0,-2.718882540942918,-0.05071253727357251,2021Q3,-0.36108933600327253,0.05931515113482093,1.3451495553967592,-0.061568627761031974,0.03152284222099532,-0.9251181085380822,1.4407453263405878,T3 Tích cực
0.0020306027789254,1.085277082424708,0.01333295495001,0.0,0.0098968683332808,0.3711430950748632,0.0201420990762083,0.04150564463407,2.201231676572033,0.0468333452059335,0.0427610148887515,1.8516588070241504,0.0497995076959623,-0.0037007956196869,-0.1133164771618913,0.0112077587181308,-0.0370732035599166,-0.838373150968097,-0.0114530210913911,0.019213960271845,0.0070079444110414,0.0013852300491284,-0.0002439705012234,0001564590-20-034944,2020-07-31,22.574690768215397,28.06477845575078,0.0766692137808733,1.1268597903796442,MSFT,2020,en,US,73,41510,728,309,0.0175379426644182,0.0074439894001445,0.0163815947964345,0.0104312213924355,-0.4040501446480231,0.0288605155384244,0.0587328354613346,0.0,0.0,0.341034103410341,8352.0,0.0087404214559386,0.0067049808429118,0.0102969348659003,0.004669540229885,-0.1317829457364341,26.309812562988824,16.418072679509503,5.05225628690509,0.4004022205853835,10.633689641047084,0,-2.5682550360501484,0.1194348177170974,2020Q3,-0.3087436743594068,0.3295462112439778,0.836513472026667,0.09193003193061307,-0.1572145587693993,-0.901939517140829,1.931332524715369,T3 Tích cực
0.0003818203195027,1.3774161138794534,0.0080539466241686,0.0071428571428571,0.0110119299960195,0.6836356453477371,0.0037542222493797,0.0076235619304422,0.6693205939104095,-0.0056000499375384,0.0327722693894008,2.349292767491931,0.0165341880290286,0.0117083155182167,0.5934854075366888,0.0097982301934603,0.0157307277049535,0.5889029419780613,0.0121110805113553,0.0034216915148719,-0.0128749144800595,0.0008935029897352,0.0156686847936608,0001564590-19-027952,2019-08-02,21.814363901881286,27.68375075125112,0.097073968501903,0.940757832841288,MSFT,2019,en,US,73,40452,717,301,0.017724710768318,0.0074409176307722,0.0152526451102541,0.0106298823296746,-0.4086444007858546,0.029763670523089,0.0592306931672105,0.0,0.0,0.3311111111111111,7959.0,0.0099258700841814,0.0064078401809272,0.0096745822339489,0.0056539766302299,-0.2153846153846154,25.210801633568384,15.434703951233685,3.563924036620513,0.4652271004533395,10.607871365022062,0,-2.3322820292060467,-0.06106952337658998,2019Q3,-0.2705793497052584,0.5678630962538991,0.8031876691729521,-0.2446653968945302,-0.2311091893638231,-0.7019464530319384,2.366037105215524,T3 Tích cực
0.0010497848904914,1.4163827745612318,0.0078355624041024,0.0071428571428571,-0.0016762102801092,-0.1069617082771015,0.0069966343981197,-0.0084867822247562,-0.765874987918756,-0.0029801976732513,-0.0043766477635033,-0.3224859472861659,0.0042310084344479,0.0038770379824892,0.2020013429522303,0.0110870636407864,-0.0189793335547421,-0.7303220986771901,-0.0040122510181326,0.0070679213593511,0.0277470276237019,0.0010507560397533,-0.0141835577893871,0001564590-18-019062,2018-08-03,21.62232831525846,27.438491797971547,0.1002800277961181,0.8359617021578943,MSFT,2018,en,US,73,42383,766,303,0.0180732840997569,0.0071490927966401,0.0142745912276148,0.0109949744001132,-0.4331150608044902,0.028667154283557,0.0582073000967369,0.0,0.0,0.3400325909831613,5260.0,0.0150190114068441,0.0085551330798479,0.0070775719126234,0.0055133079847908,-0.2741935483870967,24.777712129775782,15.561535151219754,2.1356482863994337,0.3447442058380693,10.654502617424528,0,-2.29978872850702,-0.17917247776269876,2018Q3,-0.19935163196845965,0.2785236816404674,0.6256824611445977,-0.5362713648760522,-0.26022899885830486,0.1573003458519486,1.5580993771725455,T3 Tích cực
0.0005025180829764,1.1710639262867435,0.0067196959135804,0.0142857142857142,0.0065905465409251,0.4903902368264698,0.0084189859921887,0.0051631732036483,0.5433154761306885,0.0061178223778827,-0.0003252884551474,-0.0279484934376411,0.0012161532261962,0.0039395334882362,0.2393423500827189,0.0042347539466397,0.0246420877999841,1.1056853050092368,0.0269031214681059,0.0084037198567854,0.0225653228357582,0.0005887101678106,-0.0066638590163171,0001564590-17-014900,2017-08-03,21.206499105314304,27.04504830447655,0.1300730524412749,0.7878812352017809,MSFT,2017,en,US,73,41488,790,312,0.0190416505977632,0.0075202468183571,0.0145825298881604,0.0098582722715001,-0.4337568058076225,0.027550134978789,0.0577275356729656,0.0,0.0,0.3538722442057659,9142.0,0.0188142638372347,0.0052504922336469,0.0105009844672938,0.0048129512141763,-0.5636363636363636,18.657312873491357,12.717975736014528,4.464562937278951,0.1007090972689911,10.633159507778446,0,-2.0396590445007936,-0.2384079172321775,2017Q3,-0.0014749461616579511,-0.016225908106983922,0.6210273729616306,-0.4444597042086313,-0.6717486935459853,0.7975846606144003,-0.07835841054592382,T3 Tích cực
-0.0005793043980153,1.2515821739371833,0.0108615467264198,0.0071428571428571,0.0193948247868718,0.8928205749783091,0.0163565338832467,0.0073035467906298,0.4754744045620721,0.0062358904784406,0.0062280475841114,0.3310545946891849,0.0049851804315034,0.0268236578312314,1.0082093029118175,0.0248447237695412,0.0287187740650355,0.7972194385456626,0.0239833194701518,0.01641033223957,0.0807090850115752,0.0008123994197801,0.0042308542974207,0001193125-16-662209,2016-07-29,21.10015894606557,26.805524228790187,0.164370222623082,1.1204549055060322,MSFT,2016,en,US,73,42715,827,295,0.0193608802528385,0.0069062390261032,0.0146084513636895,0.0095750907175465,-0.4741532976827095,0.0268289827929298,0.0551328573100784,0.0,0.0,0.3453299057412168,6506.0,0.0219797110359668,0.0056870581002151,0.0102981862895788,0.004303719643406,-0.5888888888888889,19.366725976117245,12.315203536733724,3.41869564239608,0.0634253339609131,10.66230542558572,0,-1.8056339403624664,0.11373476847445775,2016Q3,0.06375666427468105,-0.2065174366599532,0.32799940851595144,-0.43673123740598957,-0.6240496054349794,1.331616646030536,-0.3283769639365133,T3 Tích cực
-0.0002384944375236,1.3217637960856703,0.0138048091302898,0.0071428571428571,0.0123173507030815,0.446125353376142,0.0082599939446158,0.0250448161313113,1.2828398533351235,0.0229568873655792,0.024446131832202,1.0223959390353807,0.0213888157353681,0.0148619903546155,0.4395122089627054,0.013523815895622,0.017102377923946,0.3735336660332191,0.0143275538566528,0.0079262980792025,0.0105639389830209,8.402378630207799e-05,0.0156890605527117,0001193125-15-272806,2015-08-03,20.92248481768392,26.646199148910224,0.2144090338623657,1.0614629908354811,MSFT,2015,en,US,73,41052,784,281,0.0190977297086621,0.0068449771022118,0.0141527818376692,0.0107424729611224,-0.4723004694835681,0.0258939881126376,0.0550277696579947,0.0,0.0,0.3600240818783865,9561.0,0.0140152703692082,0.0048112122162953,0.0089948750130739,0.004288254366698,-0.4888888888888889,20.911350956621863,13.34080109031052,4.518282491660187,0.1764745809556916,10.622594834765605,0,-1.5398697151210887,0.05964813658444688,2015Q3,0.009984298484364357,-0.4532359107774744,0.34143944873877063,-0.5725887352120026,-0.5201930474283191,-0.012037439781327843,0.4297119918907038,T3 Tích cực
0.0004566512502024,1.5729391537270088,0.0151199854753617,0.0142857142857142,0.0410651341671968,1.3579753179694851,0.0532332779106632,0.057228546570837,2.6763711792997475,0.0624378090389149,0.0634087560669076,2.421236610568404,0.0762327929360767,0.0533189596449282,1.43964252874607,0.0700173276734531,0.0290698968914905,0.5796899549125094,0.0457450599970408,0.0525164608606754,-0.0131831201561354,0.000795100260208,0.0131483874110443,0001018724-24-000008,2024-02-02,22.67704083182677,28.13452122109216,0.1220155613701255,1.3427691069822307,AMZN,2023,en,US,59,35807,853,203,0.0238221576786661,0.0056692825425196,0.0169240651269304,0.0129304325969782,-0.615530303030303,0.0321724802412936,0.0558829279191219,0.0,0.0,0.269267364414843,6391.0,0.0081364418713816,0.0084493819433578,0.015959943670787,0.0054764512595837,0.0188679245283018,28.213867127738137,14.68577504412631,6.122573702164038,0.0837463971413672,10.485898684001407,0,-2.1036066901688293,0.2947339794413303,2024Q1,0.9753772059858634,1.203479395085854,-0.6975207337907625,0.25366711884717413,-0.029190892282320656,-1.003834888139587,-0.19210738251700252,T1 Tiêu cực
-0.0010573507353212,1.603989356867746,0.0181597198970085,0.0,-0.0890642675446498,-2.4522478333854028,-0.1021742996995711,-0.067445602784523,-2.626210280809824,-0.0795231532161896,-0.0161665367562521,-0.5139811847881929,-0.0204231729310503,-0.1008116879613187,-2.2663454889392045,-0.1200436097534874,-0.0947409120905621,-1.573012136363112,-0.1208388849250845,-0.0990865848823978,0.1441047380825221,-0.0006400911057336,-0.0179593491087786,0001018724-23-000004,2023-02-03,22.731424516503733,27.776867239634733,0.1262236047724098,1.8357284333648225,AMZN,2022,en,US,59,33853,763,183,0.022538622869465,0.0054057247511298,0.017044279679792,0.0119634892033202,-0.6131078224101479,0.0322275721501787,0.0553274451304168,0.0,0.0,0.2638326585695006,6585.0,0.0083523158694001,0.0075930144267274,0.0156416097190584,0.0053151100987091,-0.0476190476190476,25.34782534869189,13.231691615798056,6.541263760056126,0.0931667229812592,10.42978290070581,0,-2.0697003037947046,0.6074413691475605,2023Q1,0.7130988075847591,1.2180165812141273,-0.6799485503638418,0.2895089898063441,-0.22189607187729662,-0.9674155096051056,-0.1289362852354281,T1 Tiêu cực
-0.0010903151056716,1.1104677840488164,0.0128909381970069,0.0,0.11369249083923451,5.242666253310036,0.1287409218477188,0.12302846976403675,7.558822384441527,0.1357815354464209,0.087849604488043,3.9345462699643,0.0820449850060526,0.1290554881809975,4.08711000081473,0.1211093810402569,0.1477230292223706,3.455153417481968,0.1326095645384182,0.136417432066356,-0.1062866842103583,-0.0011314896011469,0.0174449934135304,0001018724-22-000005,2022-02-04,23.172591687137025,27.976746961981338,0.0978368824711577,1.6289234660158691,AMZN,2021,en,US,59,32193,678,167,0.0210604789861149,0.0051874631130991,0.0170223340477743,0.0106544901065449,-0.6047337278106509,0.0315907184791724,0.0548566458546889,0.0,0.0,0.2691340280273087,6662.0,0.0075052536775743,0.0070549384569198,0.0153107175022515,0.005253677574302,-0.0309278350515463,21.99187414211308,12.723330980319709,6.058401964146708,0.0893098487704992,10.379504316595238,0,-2.32445365165178,0.4879193463282849,2022Q1,0.4110538551983427,1.0499690305075153,-0.6192045654120327,0.2829659175062589,-0.4475414845519704,-1.1103205323939438,-0.15479982542625326,T1 Tiêu cực
-0.0009321998757944,1.407991597409464,0.0175464414616302,0.0,-0.0456288725098386,-1.300231520152327,-0.0399090211948228,-0.0292230459045008,-1.177664084833666,-0.0262478120733452,-0.0367552133514292,-1.2093980633608294,-0.0290418209955071,-0.0526828794443171,-1.2257582551361372,-0.0494225692731472,-0.0367991046657445,-0.6323417515334534,-0.0377640677327603,-0.0402148305599728,0.021960330209405,0.0016980116660004,-0.057228760253621065,0001018724-21-000004,2021-02-03,23.23781357356097,28.162853836232205,0.05487739145913,2.415531700558313,AMZN,2020,en,US,59,32241,650,163,0.0201606649917806,0.0050556744517849,0.0168729257777364,0.0106696442418039,-0.5990159901599016,0.0309233584566235,0.054588877516206,0.0,0.0,0.2767500906782735,7101.0,0.0080270384452893,0.0069004365582312,0.016194902126461,0.0049288832558794,-0.0754716981132075,20.438203913061,10.38558659532676,6.026770373792505,0.1290670756995678,10.380994213509263,0,-2.9026538284155676,0.8819194287342447,2021Q1,0.22718523581918218,0.8738717222331587,-0.5777292553723811,0.23841996356425735,-0.552006221496762,-1.0222919734041271,0.11180535285180644,T1 Tiêu cực
-0.0010606512617424,1.1073454105202385,0.0079823209746902,0.0,0.0762162046632683,4.774062888784439,0.0736674891093893,0.0852355853415422,7.550518274636065,0.0819923937676891,0.0896499079692401,6.484254224176289,0.0856825241649545,0.0998833183969951,5.10843827387103,0.0949905391851868,0.1146107479565506,4.329121921933722,0.1060990268075126,0.0749024895376369,0.0255215648097306,-0.0005473149562034,-0.0067425959228664,0001018724-20-000004,2020-01-31,22.45637825395804,27.559787171561123,0.0666420395836685,1.8122793743555927,AMZN,2019,en,US,59,33791,695,174,0.0205676067591962,0.0051493001094966,0.0163357106921961,0.0120446272676156,-0.5995397008055235,0.0324346719540706,0.0520256873131899,0.0,0.0,0.2319551506657323,6678.0,0.005989817310572,0.0071877807726864,0.0155735250074872,0.0056903264450434,0.0909090909090909,20.76274961375575,11.81386324949673,4.707994944711223,0.0967067101970315,10.427949773825027,0,-2.7084196755944774,0.5945853758441993,2020Q1,0.3103400004856044,1.2726643227288483,-0.5815281462493331,0.07824972364811039,-0.5301846144300387,-1.36598472169592,-0.10519773514875244,T1 Tiêu cực
0.0006667465643416,1.9644991607242823,0.0142780122588678,0.0071428571428571,-0.0676594259058586,-2.36935732646666,-0.0551942575006161,-0.0658759488820624,-3.262452036534269,-0.0571400725423681,-0.0545175509002295,-2.20448912055371,-0.0368227468192338,-0.0839215411531816,-2.399551498325704,-0.0784956380540156,-0.1231997751156712,-2.60163173790058,-0.0904719168778631,-0.0558292479885661,0.0519097391646294,0.0011371811364279,0.0081776908627828,0001018724-19-000004,2019-02-01,23.138814391275865,27.461708749706048,0.0515833583124791,2.9129354267439265,AMZN,2018,en,US,59,33056,651,175,0.0196938528557599,0.0052940464666021,0.0172434656340755,0.0124031945788964,-0.576271186440678,0.0331558567279767,0.0513976282671829,0.0,0.0,0.2157423971377459,6942.0,0.006914433880726,0.0072025352924229,0.0162777297608758,0.0067703831748775,0.0204081632653061,18.403833060751253,10.210427410754226,4.384722198412328,0.0937029196694493,10.405958371919365,0,-2.9645561718372755,1.0691613104620932,2019Q1,0.13179651826199063,1.4629644503395174,-0.41274305914104675,0.34889611973667356,-0.6887920155222748,-1.2099957597237296,-0.12534064175903403,T2 Trung tính
0.000320400129888,1.7259296392018808,0.013600688224236,0.0,0.1053364162826625,3.8724663982428393,0.0705041493008485,0.1074938853550085,5.588662427771015,0.0629907381954365,0.0663246659428777,2.815487209521951,0.021671452442211,0.0888490608083693,2.666958949893431,0.0382513450105516,0.0935963873712874,2.0749223964747703,0.0753601657078417,0.0689901195157247,0.1510761987259924,0.0008823323257057,0.0178227707114055,0001018724-18-000005,2018-02-02,22.277052026375195,27.234875918768,0.0411779314047086,1.8214078017512083,AMZN,2017,en,US,59,35357,660,175,0.0186667420878468,0.0049495149475351,0.0166869361088327,0.0126424753231326,-0.5808383233532934,0.0340809457815991,0.0523800096162004,0.0,0.0,0.2140440833939834,7492.0,0.0061398825413774,0.0068072610784837,0.0157501334757074,0.0078750667378537,0.0515463917525773,18.56488957748729,9.610678830184618,3.804328589489224,0.0724639500165358,10.473251671523366,0,-3.189852811652747,0.5996097195239867,2018Q1,-0.07808401264192062,1.7070691116208132,-0.4458721446316058,0.18296729536476078,-0.6779629950908673,-1.3406677196682009,-0.26776554732047325,T2 Trung tính
0.000221060275888,1.1945023254220652,0.0108572552691297,0.0,0.0036047053241082,0.1660044474756624,0.0079533322403455,0.0074199909561041,0.4832460683062329,0.0095760456158187,0.0023404187249818,0.1244551544004548,0.0058364173221652,0.0050003269929303,0.1880194299592771,0.0099494846416317,-0.0011817702520195,-0.0328183439401597,0.0064085180361096,0.0080513375762953,0.0514575730127312,0.0013914519825954,0.0075059787110862,0001018724-17-000011,2017-02-10,21.833846021870052,26.694346196935637,0.0492053575396965,1.944915853976575,AMZN,2016,en,US,59,33481,733,163,0.0218930139482094,0.0048684328425076,0.0164869627549953,0.0128729727308025,-0.6361607142857143,0.0346465159344105,0.0525073922523222,0.0,0.0,0.2140440833939834,7012.0,0.0072732458642327,0.0067027952082144,0.01468910439247,0.0055618938961779,-0.0408163265306122,19.585641073535903,10.711388894383598,3.07694499757863,0.0971650219149887,10.41873339273561,0,-3.0117527683290337,0.665218713397571,2017Q1,0.5811746301907869,1.8563069715243965,-0.8471695556375578,0.12334540289917775,-0.6093303248325338,-1.1494617928264343,-0.10212437498983341,T1 Tiêu cực
0.0031056178857523,1.2563602386994397,0.0157068046871037,0.0,-0.11553649700486363,-6.371860658588894,-0.10236576686179999,-0.09464045518618906,-6.015841306902025,-0.09610654226434588,-0.0545397143746244,-2.0047692323804607,-0.0375716463356636,-0.13187302792442288,-6.210616431707615,-0.12536914973414567,-0.13035261024805533,-4.489375970302378,-0.13746111800534444,-0.10207065576247856,-0.0438356249046857,0.0026862802096243336,0.0210279421294127,0001018724-16-000172,2016-01-29,21.862880193917388,26.42420923931082,0.0447401737812471,2.059355002150562,AMZN,2015,en,US,59,33496,752,165,0.0224504418438022,0.0049259613088129,0.0167781227609266,0.0122701218055887,-0.6401308615049073,0.0346907093384284,0.0535884881776928,0.0,0.0,0.2140683124788637,8273.0,0.0094282606067931,0.0061646319352109,0.0146258914541278,0.0049558805753656,-0.2093023255813953,19.574508078745072,11.06114168254322,4.80539764743436,0.0004948601312935,10.41918130769898,0,-3.106883438679885,0.7223928280214952,2016Q1,0.6950798352792074,1.8679683525302717,-0.8759681988907174,0.2101545213681796,-0.6100788783868756,-0.7858964798332068,-0.7503779808686456,T1 Tiêu cực
-0.0008496205430631,1.090445734263732,0.0164820012055417,0.0,0.11369249083923451,4.797557187960598,0.1287409218477188,0.12302846976403675,7.159634604676411,0.13578549364142023,0.15253973120362158,6.41848562720684,0.15316755423535375,0.13030446755318004,4.420149783050474,0.1213844228327632,0.157088504320193,3.309482339834263,0.1595892107721702,0.1365231279113076,-0.0109483171921611,-0.0015838404034182,-0.0379870682600201,0001018724-15-000006,2015-01-30,20.912460639738228,25.698520017514006,0.0741855430085677,2.2213897022825333,AMZN,2014,en,US,59,33913,874,176,0.0257718279125998,0.0051897502432695,0.0170436115943738,0.0139474537787868,-0.6647619047619048,0.0352909035922118,0.054285967033291,0.0,0.0,0.2140440833939834,8012.0,0.0087368946580129,0.0067398901647528,0.0154767848227658,0.0052421367948077,-0.1290322580645161,20.55480885037437,11.346744093958842,4.760664396617714,0.0028192486613988,10.431553700684521,0,-2.6011859859516875,0.7981329920520731,2015Q1,1.373774181822239,2.026342526831743,-1.0546367944234554,0.28930980068340684,-0.5441660094137016,-0.902534511396041,-0.7347910280974727,T1 Tiêu cực
0.000525674038492,1.319730374500541,0.0137500180236736,0.0,-0.0568955268303122,-2.0689255364012684,-0.0535503417668229,-0.0637219756120635,-3.27695869113163,-0.0638255116805648,-0.0768087895474762,-3.225128523105508,-0.0765786976059996,-0.0589562698596437,-1.750455624195259,-0.05118598375915,-0.0600940848105906,-1.3177472408556463,-0.0492895375833681,-0.054989207477297,0.1095910047178247,0.0007051619571511,-0.0126263337488977,0001652044-24-000022,2024-01-31,22.035242263398693,28.266110958319054,0.1501590974856357,0.6365789727126806,GOOGL,2023,en,US,73,44370,1084,310,0.0244309217940049,0.0069867027270678,0.0187964841108857,0.0149650664863646,-0.5552367288378766,0.0305837277439711,0.0570655848546315,0.0,0.0,0.3021342247364361,7749.0,0.0086462769389598,0.0051619563814685,0.0122596464059878,0.0078719834817395,-0.2523364485981308,28.94417338481841,19.6902565448338,4.625580335504815,0.0308739283308386,10.700318844372955,0,-1.8960598970733331,-0.45164679529122775,2024Q1,1.0997724900331312,0.7842528474360745,-0.26016336698294973,0.8119273128661858,0.01991299708136532,-0.9178223230010464,-0.5466611344268407,T2 Trung tính
-0.0013744512996708,1.3663235314170152,0.0142171459823856,0.0071428571428571,-0.050594586695779,-1.7793510300331543,-0.0614785521268468,-0.0201292706799343,-1.001153383087986,-0.0289207069313647,0.0339479448316103,1.3786068674576537,0.0291667835969814,-0.0872882500595845,-2.5065001729994245,-0.103351504161457,-0.0787074334286251,-1.6691946548717604,-0.1026007983049247,-0.0628774737982016,0.0551627401381079,-0.0006427305337916,0.0226264172339003,0001652044-23-000016,2023-02-03,21.797729884086102,27.9562527216725,0.1850281879172287,0.6594070511323838,GOOGL,2022,en,US,73,41588,1041,285,0.0250312590170241,0.0068529383476002,0.0196691353274983,0.0139463306723093,-0.5701357466063348,0.0319082427623352,0.0567230931999615,0.0,0.0,0.2799782962561041,7378.0,0.0111141230685822,0.0051504472756844,0.0127405801030089,0.0059636757928978,-0.3666666666666666,27.143309004537244,18.592853846114533,5.660420083513445,0.0292521457001566,10.63556694309786,0,-1.6872470983903478,-0.41641425514662295,2023Q1,1.222445817024587,1.1337546479964866,-0.3682378221220552,1.0721075618764724,-0.10117243034173487,-0.5014802753966333,-0.5575365319527457,T2 Trung tính
0.0002483833782515,1.2358456838367724,0.0097547393614017,0.0,0.0306306079177194,1.5700372292324336,0.0284370763004566,0.060063975903228,4.353949715381725,0.0570304708267971,0.068632105677369,4.062103888154109,0.0674655937464535,0.0189642673628852,0.7936787897616386,0.0226727117789271,0.0209617608536363,0.647911591026787,0.0201862965414644,0.0250959109861338,-0.0212824778717692,0.0005410143161504,-0.0095887573683034,0001652044-22-000019,2022-02-02,22.220170882474942,28.231361771638056,0.1380531794335397,0.5590401150242932,GOOGL,2021,en,US,73,42966,1068,294,0.0248568635665409,0.0068426197458455,0.0189684867104221,0.0147791276823534,-0.5682819383259912,0.0316063864450961,0.0568589116976213,0.0,0.0,0.285451197053407,7094.0,0.0105723146320834,0.0049337468283056,0.0111361714124612,0.0050747110234,-0.3636363636363636,27.72941333980151,18.931334029889356,4.917925839173895,0.1051255222549662,10.668164384234995,0,-1.9801163098422834,-0.5815340462832231,2022Q1,1.1868097290016666,1.0541033606023265,-0.35479067258883906,0.863209747733476,-0.06176430237436092,-0.5928869604219154,-0.0487426183570406,T2 Trung tính
-0.000151225205599,1.2711143295581206,0.0116677179755724,0.0,0.0565193065880769,2.422037741502068,0.062193124857124,0.0554995244329851,3.363476059444864,0.0584130569548273,0.0517453123967433,2.560498128606458,0.0582756272550131,0.0596396135144694,2.086763693824472,0.0646155042091156,0.0683182138623914,1.765445185076159,0.0728275227286785,0.0628520612891212,0.0746678925240384,0.000436281783569,-0.0369671385243186,0001652044-21-000010,2021-02-03,21.801840386520745,27.89017412363283,0.1717383035462596,0.7384423197111468,GOOGL,2020,en,US,73,44988,1089,303,0.0242064550546812,0.0067351293678314,0.0192051213656975,0.0124477638481372,-0.5646551724137931,0.0311860940695296,0.0573041700008891,0.0,0.0,0.2951519718663652,9291.0,0.0108707351200086,0.0049510278764395,0.0139920353029813,0.00398234850931,-0.3741496598639456,29.594847408924025,18.24563302625108,8.376702350339658,0.1036600696761161,10.714151066523913,0,-1.7617834518216418,-0.3032122847175679,2021Q1,1.0539047999151026,0.9432001696338074,-0.32848284773962816,0.9337621773433331,0.06366262264152893,-0.5425414402946552,-0.05856969323677055,T2 Trung tính
0.0011454643028101,1.2892082416261128,0.0096010565999148,0.0,-0.0375470701083133,-1.955361356199398,-0.0259791479900346,-0.0607497694958837,-4.474150685294365,-0.0508726165941739,-0.0364764638011769,-2.1934769340784785,-0.0233557524691736,-0.0305538367104745,-1.2991853005297238,-0.0140878111818145,-0.0373953096942382,-1.1743613829869162,-0.0127548047609161,-0.0266051759561624,0.0485227787992119,0.00015343508139,0.0007961117482077,0001652044-20-000008,2020-02-04,21.409006774402865,27.651338741167606,0.1973904749934501,0.5409283270500556,GOOGL,2019,en,US,73,41640,951,289,0.0228386167146974,0.0069404418828049,0.0183237271853986,0.0117915465898174,-0.5338709677419354,0.0319644572526416,0.0553794428434197,0.0,0.0,0.2680780863348914,7565.0,0.0088565763384005,0.0056840713813615,0.0115003304692663,0.004097818902842,-0.2181818181818181,25.322568265939022,16.997005136067788,5.316325256027983,0.2575550943845883,10.636816522728905,0,-1.6225714054597522,-0.6144684912596188,2020Q1,0.7743997592174741,1.1485880513986906,-0.10518046643466221,0.6709752208356132,-0.2235942922952685,-0.8823434163049809,0.9734240766433421,T2 Trung tính
0.0001185770696825,1.325114318422434,0.0106121456785249,0.0,-0.0265801117702956,-1.2523438979962362,-0.0281205228324691,-0.0195325368304844,-1.3014888473083368,-0.0184878044472449,-0.0082480234133195,-0.4487309807288913,-0.004881662411061,-0.0219728517922911,-0.8452936335930098,-0.0188547725125477,-0.0479647140204477,-1.362769213191134,-0.0395308267589891,-0.0279677800942492,0.0037085427344677,8.132962476836388e-05,-0.0032665476401449,0001652044-19-000004,2019-02-05,21.438612369858884,27.400250449017268,0.2237349612711946,0.7294355882200714,GOOGL,2018,en,US,73,41931,963,275,0.0229663017814981,0.0065583935513104,0.0186973837971906,0.0113042856120769,-0.555735056542811,0.0322434475686246,0.055567479907467,0.0,0.0,0.2656165127648017,7760.0,0.0091494845360824,0.0051546391752577,0.0104381443298969,0.0025773195876288,-0.2792792792792792,27.381694613351204,17.07271750574102,5.13188285105955,0.2817191562708467,10.643780689153017,0,-1.4972931362817914,-0.31548421070913985,2019Q1,0.800491014850089,1.2222056521227724,-0.2637781351528034,0.7823806351061127,-0.08514400329813501,-0.8329278561858986,1.1354641514856272,T2 Trung tính
0.0001889825489659,1.2907393401473957,0.0081881444394152,0.0071428571428571,-0.0005864438338261,-0.0358105452441231,-0.0027847153097823,-0.0224489841366449,-1.938635673957968,-0.0184544158101704,-0.0205037885353665,-1.4457326587104664,-0.0282345104392592,-0.0147721059640477,-0.7365144876223307,-0.0117872136819574,0.0209446373441215,0.7712425951991096,0.0290922409510732,-0.0040784092194199,0.0129457690884637,0.0004553128893128,-0.0086842052465881,0001652044-18-000007,2018-02-06,21.29297874323596,27.32738647564929,0.2066057423840999,0.5653844437759703,GOOGL,2017,en,US,73,41789,883,242,0.0211299624303046,0.0057909976309555,0.0189762856254038,0.0108641029936107,-0.5697777777777778,0.032975184857259,0.0536504821843068,0.0,0.0,0.2386740331491712,8458.0,0.0093402695672735,0.0056751004965712,0.0126507448569401,0.0029557815086308,-0.2440944881889764,24.15193612747648,16.594940835006692,5.130759833792825,0.3479099473310634,10.640388425985996,0,-1.5769429279873177,-0.5702493477623322,2018Q1,0.42525215066086336,1.4152902879095253,-0.36564118879331436,0.8655349878790471,-0.3023045463227397,-0.8007411531394942,1.5793282993161282,T2 Trung tính
0.0005647820128751,1.074512256328512,0.0077166844289263,0.0,0.0053671364699874,0.3477618217656067,0.0080785205868776,-0.0025604490269376,-0.2346228987987767,-0.0010471915055347,-3.3664505299568336e-05,-0.0025187256749782,0.0020868700694232,0.0002123083282271,0.0112320923381388,0.0047476061258189,-0.0048281607464356,-0.1886490567164399,0.00365319630763,0.008141700537936,-0.0031363757448158,-0.0001499055543364,-0.0381526070498691,0001652044-17-000008,2017-02-03,21.143525975128,27.061254405515854,0.2457954295597079,0.6550390355464325,GOOGL,2016,en,US,73,41533,863,236,0.0207786579346543,0.0056822285893145,0.0183709339561312,0.0109792213420653,-0.5705186533212011,0.0315171068788674,0.0530180820070787,0.0,0.0,0.2543434918826545,8157.0,0.0080912100036778,0.0045359813656981,0.0123820031874463,0.0030648522741203,-0.2815533980582524,24.01130351746007,14.690979704080856,4.94404850856146,0.3244613959779963,10.634243570952991,0,-1.4032556761658428,-0.4230604488685759,2017Q1,0.3534663449236447,1.0305450251228823,-0.3710153498236388,0.6850498810553697,-0.3117603164961739,-1.011465804909772,1.4220863159906791,T2 Trung tính
0.003087063338473,1.1492241565217758,0.0177706003376805,0.0,-0.0511668360954602,-1.439648495919596,-0.0316782920304217,-0.031628360080527,-1.2585184217625378,-0.0200769851402244,-0.0212717398073488,-0.6910990327019789,-0.0084689320212976,-0.0579004085470634,-1.330160059723852,-0.0300847071657275,-0.0817629851957388,-1.3872613831051148,-0.0395054120991174,-0.0327364789948001,0.002531233800178,0.0016889576080472,-0.017709690378554,0001652044-16-000012,2016-02-12,21.39460596353849,26.90847631716272,0.2478419086212878,0.8040938505676891,GOOGL,2015,en,US,73,47519,938,264,0.0197394726319998,0.0055556724678549,0.017108945895326,0.0101012226688272,-0.5607321131447587,0.0314190113428312,0.0536837896420379,0.0,0.0,0.26162215628091,9290.0,0.0096878363832077,0.0051668460710441,0.0123789020452099,0.0036598493003229,-0.3043478260869565,25.123054048032223,16.540111234639955,6.437521702660462,0.2800421662721783,10.76888491004406,0,-1.3949642013212502,-0.21803928705373346,2016Q1,0.14111849516658645,1.0046604062274804,-0.3000257709330682,0.3087891692639504,-0.23700910832292438,-0.7421043207663462,1.1242185427724447,T2 Trung tính
-0.0008476521570176,1.0567753444427868,0.0092779514921143,0.0,0.0092655676563011,0.4993326201466072,0.006785853542104,0.0068419047088221,0.5214467029658716,0.0055115731260131,0.0189457886222582,1.178962421862996,0.0165737369719313,0.0032400996146157,0.1425708174615662,-0.0006128712918602,-0.0117014428957988,-0.380269047969359,-0.0193835742350908,0.0066608393144382,-0.0051541913171222,-0.0008123897800202,-0.0040544076550469,0001288776-15-000008,2015-02-09,20.915594802884343,26.611778579289854,0.2895794239362648,0.8764838406059754,GOOGL,2014,en,US,73,39467,875,238,0.0221704208579319,0.0060303544733574,0.0187751792636886,0.0109965287455342,-0.5723270440251572,0.0308612258342412,0.0551093318468594,0.0,0.0,0.282051282051282,8375.0,0.0125373134328358,0.0051343283582089,0.013731343283582,0.0037014925373134,-0.4189189189189189,22.471329770996523,15.254131597437128,5.570224450661835,0.313215911029838,10.583220158674212,0,-1.2393256709385796,-0.13183701106464243,2015Q1,0.6378601516630896,0.8574766922825167,-0.38413304946303617,0.8055752900381152,-0.41530413764820245,-0.2613785999834761,1.3466760132355111,T2 Trung tính
0.0011023364976694,1.5721575808625852,0.0138520689383566,0.0,0.11369249083923451,5.778254494185984,0.1287409218477188,0.12302846976403675,7.982874225539788,0.13578549364142023,0.1475317134306663,6.1490795954201305,0.15316755423535375,0.13030446755318004,4.267657902445248,0.1213844228327632,0.157088504320193,3.434157410940629,0.1595892107721702,0.1365231279113076,0.1043369097510171,0.0026862802096243336,0.0127570792259689,0001326801-24-000012,2024-02-02,22.46100548047172,27.64705559074308,0.1507316168241199,2.247630536130536,META,2023,en,US,73,66500,2078,299,0.0312481203007518,0.0044962406015037,0.0194135338345864,0.0196842105263157,-0.7484223811527135,0.0286616541353383,0.0523458646616541,0.0,0.0,0.2923705216261369,8902.0,0.0128061109862952,0.0039317007414064,0.0157268029656257,0.0080880700966075,-0.5302013422818792,50.767709986851926,28.77557803163357,6.231520665765682,0.0716443578060716,11.104957226643945,0,-1.8922543955926692,0.8098765662690331,2024Q1,2.492803589084408,0.277072349130732,-1.6614929337426496,0.9959001850835265,1.4872707205587599,-0.21603066582541453,-0.27326159280110895,T1 Tiêu cực
-0.0010760553890098,1.5575021583198665,0.0302558695452345,0.0,0.11369249083923451,3.889704888598847,0.1287409218477188,0.12302846976403675,5.056124987275648,0.13578549364142023,0.15253973120362158,4.369785259320476,0.15316755423535375,0.13030446755318004,2.6413758372829936,0.1213844228327632,0.157088504320193,1.6673957392312173,0.1518663043793905,0.1365231279113076,0.1703561886718235,-0.0016260513386107001,0.06750250594250334,0001326801-23-000013,2023-02-02,22.1374320256148,26.74291306239561,0.3055488246381636,3.322523706736137,META,2022,en,US,73,63463,1890,272,0.0297811323133164,0.0042859618990592,0.0198225737831492,0.0175062634921135,-0.7483811285846439,0.0275593652994658,0.0508642831256007,0.0,0.0,0.297166968053044,9986.0,0.0152213098337672,0.0035049068696174,0.0182255157220108,0.0068095333466853,-0.6256684491978609,43.51080604294629,25.193004549448663,9.321417043416997,-0.0581010807631537,11.058212337893119,0,-1.1856456943572886,1.2007246467900823,2023Q1,2.193038240252381,-0.013790289294389366,-1.6611936959749993,1.1178551123743339,0.999335412693431,0.1914294352961118,-1.1433123597277681,T1 Tiêu cực
-0.0009822890698121,1.315778844178347,0.0146920543532517,0.0,-0.11553649700486363,-10.756459498608306,-0.10236576686179999,-0.09464045518618906,-11.524200309001449,-0.09610654226434588,-0.07926577052265237,-9.365321194265997,-0.08930988622870815,-0.13187302792442288,-7.575454807973148,-0.12536914973414567,-0.13035261024805533,-6.635413761127458,-0.13746111800534444,-0.10207065576247856,-0.0102778959641005,-0.0001733737658462,-0.024713116356734,0001326801-22-000018,2022-02-03,22.634132826231063,27.535880421760723,0.1373436202563665,1.637588028419183,META,2021,en,US,73,58506,1669,230,0.0285269886849212,0.0039312207294978,0.0209551157146275,0.0160838204628585,-0.7577672459189047,0.0270570539773698,0.0501316104331179,0.0,0.0,0.2989371124889282,8966.0,0.0123801026098594,0.0026767789426723,0.0196297122462636,0.0066919473566807,-0.6444444444444445,37.47012390820106,22.758371037598582,6.452576110952764,0.0701597207831218,10.976884592063174,0,-1.9852693163265756,0.493224444895612,2022Q1,1.9367656562426188,-0.14633594493464427,-1.7292786887266332,1.4555215662073155,0.5931756894951112,-0.2879011109123014,-0.28321731528869376,T1 Tiêu cực
-0.0015875677887511,1.4947139500115534,0.0194634549764383,0.0,-0.0419513808909072,-1.0776961475157352,-0.0382099119790432,-0.0339555529958061,-1.2336043015661613,-0.0418556269057658,-0.0291222747068609,-0.8638627192229951,-0.0513131236784699,-0.0587164080621766,-1.231583665006049,-0.0522817326797674,-0.0532933033997207,-0.825574677491349,-0.0491069652661554,-0.0387334601457097,-0.014624288494786,0.0003781384393004,-0.0199886437039385,0001326801-21-000014,2021-01-28,22.366340083612165,27.3772523404665,0.1653496134610116,2.0037882146615225,META,2020,en,US,73,57262,1592,225,0.0278020327616918,0.0039293073940833,0.0214452865774859,0.016276064405714,-0.7523390203632361,0.0280290594111277,0.0492822465160141,0.0,0.0,0.2749039981929072,9131.0,0.0122659073485927,0.0022998576278611,0.0220129230095279,0.0090899134815463,-0.6842105263157895,38.3104760108682,23.032942284042697,9.110896386711456,0.1536719313822686,10.95539250643891,0,-1.799693177258842,0.6950394963313301,2021Q1,1.7886276571069752,0.11014861321893112,-1.68990344074599,1.6016656094725434,0.6496787747088156,-0.3071666106255163,0.2768013156611787,T1 Tiêu cực
8.039077041209799e-05,1.320403070917572,0.0100078518248194,0.0071428571428571,-0.0692658328830273,-3.4605744617065537,-0.0664888395690844,-0.0786593420392842,-5.557691613869712,-0.0831673015373853,-0.0526168934518751,-3.0354543742367897,-0.0573222113324175,-0.08381675371985,-3.4191200087014275,-0.0762086975871686,-0.0839418110459555,-2.5289551402021395,-0.0732256070638771,-0.0674176836605089,0.0832351880630634,0.0007034168163364,-0.0193095428292305,0001326801-20-000013,2020-01-30,21.722879353596447,27.180189966939057,0.1586159983477915,1.3531714085494044,META,2019,en,US,73,49992,1267,208,0.0253440550488078,0.004160665706513,0.0216034565530484,0.0145423267722835,-0.7179661016949153,0.0287045927348375,0.0483105162830731,0.0,0.0,0.2529932326913066,7963.0,0.0099208840889112,0.0022604546025367,0.0208464146678387,0.0091673992213989,-0.6288659793814433,30.601668278319163,18.06382175496727,6.041288408230338,0.165423401161097,10.819618271608917,0,-1.8412691025622807,0.30245102893191644,2020Q1,1.2863627763889478,0.2884026229520495,-1.44056925547614,1.6488238587757937,0.13135863387041105,-0.7027876235794955,0.35560466633257765,T1 Tiêu cực
-0.0014685203201767,1.3161823330479572,0.0222619814159108,0.0,0.0153573361750836,0.3449229403297316,0.0126952971825399,0.0083188447352962,0.2642312655854525,0.0078084550336692,0.1066354090828357,2.7655212260270434,0.1073748437702371,0.0113228294162073,0.2076421530509785,0.0029789902192258,-0.0432222672170566,-0.5853928121150987,-0.0510514399531336,0.0126234356989127,0.028757338250137,-0.0004318407825843,-0.0348076790566063,0001326801-19-000009,2019-02-01,22.026359484509705,26.900658153672136,0.1746336802145487,2.366868685121107,META,2018,en,US,73,43227,987,170,0.022832951627455,0.003932727230666,0.0215143313207023,0.0126309945173155,-0.7061365600691444,0.0297961921946931,0.0483105162830731,0.0,0.0,0.2285115303983228,7920.0,0.0075757575757575,0.0019457330887905,0.0180555555555555,0.0087121212121212,-0.6901408450704225,27.42489158645649,16.84326481784691,3.79475391102344,0.097113997307606,10.674220579001044,0,-1.7450647548978162,0.8615678516465372,2019Q1,0.773242151337977,0.5764446394038633,-1.3547601581504678,1.6222512433900962,-0.08223955140874786,-1.0984260560806343,-0.10246653729838932,T1 Tiêu cực
-3.176478013854118e-05,1.2991913313676138,0.0112854455627696,0.0071428571428571,-0.0025365610221823,-0.1123819617078459,-0.0175479223051978,0.0189008674715949,1.1842626403306165,0.0002312953939822,0.0529491782834016,2.708818377197411,0.0340539390386753,0.0055609331178785,0.2011654237425285,-0.0162757804127037,-0.0413143343225624,-1.1037880979219323,-0.050632370642203,-0.0171360203081362,-0.0129308633791841,0.0003593398482272,0.0015496458929162,0001326801-18-000009,2018-02-02,21.93645209486061,27.05147772457431,0.1327259815420637,1.440361599448466,META,2017,en,US,73,42298,910,170,0.0215140195753936,0.0040191025580405,0.0220577805097167,0.0121518747931344,-0.6851851851851852,0.0301905527448106,0.0490330512080949,0.0,0.0,0.237839450910176,8320.0,0.0078125,0.0019457330887905,0.0174278846153846,0.0080528846153846,-0.6049382716049383,25.49384651299861,15.912816201731374,3.859899939162669,0.0751932063512504,10.652495082592695,0,-2.019468565233183,0.3648941927929888,2018Q1,0.5037306556350605,0.680505159990707,-1.2027831311955335,1.7842801761761653,-0.21207798935731415,-1.058486035314819,-0.2494636201518281,T1 Tiêu cực
0.0001895950699173,1.0319044769958166,0.0103667920740735,0.0,0.0185285446833119,0.8936489007843695,0.0194805708669628,0.0036224958727645,0.2470862131843219,0.0041659749619435,-0.0150942657171726,-0.8406340469414828,-0.0143429961348383,0.0084588908646866,0.3331144012587263,0.0100874121375188,-0.0129462166621317,-0.3765322160513407,-0.0098892409232662,0.0196211562822574,0.1049902698161883,1.875905510520694e-05,-0.0331131585859359,0001326801-17-000007,2017-02-03,21.745391825748143,26.649111037743356,0.1580213678733119,2.0205557107928747,META,2016,en,US,73,42942,917,169,0.0213543849843975,0.0039355409622281,0.0207722043686833,0.0132038563643984,-0.6887661141804788,0.0290857435610823,0.0484141400027944,0.0,0.0,0.2493990384615384,8364.0,0.0065758010521281,0.0022716403634624,0.0169775227164036,0.0082496413199426,-0.4864864864864865,28.4814786772818,16.89720444364263,3.74732584612946,0.0943295336840674,10.667605646966653,0,-1.845025015394729,0.7033725779317579,2017Q1,0.47111081193800325,0.3889774735280563,-1.2287584643398088,1.4009866974893193,-0.011197389154232028,-1.2671253690426445,-0.1211386751234626,T1 Tiêu cực
0.0015123896685885,1.1602397545513718,0.0130299111634507,0.0,0.0148462294154317,0.5696980289887084,0.0225888699485395,0.0228395720691453,1.239457129592161,0.0297608984456591,0.15253973120362158,7.538263917006121,0.15316755423535375,-0.0461347735050342,-1.4454774232996144,-0.0380841407561152,-0.0636158431247829,-1.47206670532062,-0.0492514685916114,0.0226861024352917,-0.0282138491535899,0.0012605846706163,0.0486408868787327,0001326801-16-000043,2016-01-29,21.793390188931006,26.446312662389985,0.1445810716265137,2.435001890831252,META,2015,en,US,73,39700,798,172,0.0201007556675062,0.0043324937027707,0.0210075566750629,0.011536523929471,-0.6453608247422681,0.0273299748110831,0.0494710327455919,0.0,0.0,0.2882912430305018,7748.0,0.0067114093959731,0.0028394424367578,0.0156169334021683,0.0064532782653588,-0.4054054054054054,22.67253188879538,13.745014496338513,3.8518038329069633,0.1562967094779014,10.589106466675283,0,-1.9339148794405414,0.8899475330563263,2016Q1,0.21494332269976943,-0.07431990776576554,-0.9139052921984335,1.4711567958210257,-0.40177583163089764,-1.2442473399504057,0.29440262959021646,T1 Tiêu cực
0.0008495820491257,1.2384813144354654,0.0139269957064906,0.0142857142857142,-0.0464941765048142,-1.6692105564140332,-0.0406504734200736,-0.0405772266175836,-2.060202552490525,-0.0388850980856887,-0.0301502636535338,-1.2498936025659368,-0.025334708792517,-0.0720475164207253,-2.1119612607635267,-0.062865511270124,-0.0840719028772252,-1.8201077254522056,-0.0658440825566338,-0.0404079589558131,-0.0142370859186465,0.0007681460844475,-0.0151669385387864,0001326801-15-000006,2015-01-30,21.380394771900058,26.04085627883803,0.1770349008298511,4.305203442999235,META,2014,en,US,73,39615,792,171,0.0199924271109428,0.0043165467625899,0.0209011737978038,0.0111321469140477,-0.6448598130841121,0.0273128865328789,0.0523034204215574,0.0,0.0,0.3138871274571972,7130.0,0.0075736325385694,0.0019635343618513,0.0151472650771388,0.0051893408134642,-0.5882352941176471,22.28532909083097,13.871312488824506,3.288433030873607,0.0734130020067095,10.586963113399342,0,-1.7314083860160283,1.459824394138067,2015Q1,0.19280738987357934,-0.07882901783098928,-0.9102710551758979,1.439438827669735,-0.42781033861782625,-1.0987845639809077,-0.26140136665246977,T1 Tiêu cực
0.0016241638597838,1.928876671928009,0.0187011790344383,0.0071428571428571,0.11369249083923451,3.2673887938991304,0.1287409218477188,0.1228979119234759,4.646869951607144,0.13578549364142023,0.0903265329154216,2.7885968043859557,0.1163170650640071,0.1175402964163347,2.565914426262571,0.1213844228327632,0.157088504320193,3.98674309891944,0.1595892107721702,0.1365231279113076,0.2482434569334898,0.0026862802096243336,-0.0220513084547026,0001045810-24-000029,2024-02-22,23.95704843710976,28.153854360628017,0.0254790134706214,4.66235468,NVDA,2024,en,US,36,44478,1127,244,0.025338369531004,0.0054858581770763,0.0209092135437744,0.0115787580376815,-0.6440554339897885,0.0304644993030262,0.0483105162830731,0.0,0.0,0.2261564820102798,5343.0,0.0095451993262212,0.0037432154220475,0.0134755755193711,0.0046790192775594,-0.4366197183098591,36.52650257204121,20.355647966531784,5.414903442075998,0.1038801863789558,10.702749963884775,0,-3.669900166821236,1.5395206166557889,2024Q1,1.2852009937142814,0.75279185665039,-0.9044362522583289,1.4418358713783654,0.5297290501670385,-0.7661681404904362,-0.05709362819563337,T1 Tiêu cực
0.0016966963421722,2.144377005109085,0.0219203219281179,0.0,-0.0110597741625728,-0.2522721655010471,-0.0009612395815121,-0.0063669599367537,-0.2053856946802686,-0.0029312221687927,-0.0014408474848715,-0.0379498844031446,-0.008367344984964,-0.0399116519077164,-0.743322279405637,-0.0071542477009372,0.0316628803150087,0.4355190424798096,0.0175624009919087,-0.0016463430024029,0.24841723260071913,0.0007516600552887,0.0110708100756404,0001045810-23-000017,2023-02-27,22.906601133593917,27.07792137205241,0.0384255498972035,5.368105465587044,NVDA,2023,en,US,36,41270,998,223,0.0241822146837896,0.005403440755997,0.0200145384056215,0.0116064938211776,-0.6347256347256347,0.0322510298037315,0.0493578870850496,0.0,0.0,0.2140440833939834,5113.0,0.0105613142968902,0.0029336984158028,0.0101701545081165,0.0039115978877371,-0.5652173913043478,32.2884594602203,18.029590821357456,6.329212149040036,-0.0931627907790243,10.627891122746627,0,-3.2590326787372104,1.6804750465678553,2023Q1,1.0489515056152348,1.2242063880792482,-0.8367597793726276,1.1750892081106383,0.2447740767379785,-0.5947427900960988,-1.3784302029866065,T1 Tiêu cực
0.0022563077510119,2.5740884846237213,0.0227345024631067,0.0071428571428571,0.0018974131531162,0.0417298147649231,0.0270712954878061,0.0453264945182863,1.4097810890432514,0.0675124001425611,0.0223081547815705,0.5665230276829002,0.0661869256063143,0.0293023180949069,0.5261879510355185,0.0895420048356911,-0.0190268843084556,-0.2523398732951223,0.0538566902159951,0.0249450670002138,0.0489218284803401,0.0019812000175943,0.0086327881194289,0001045810-22-000036,2022-03-18,23.25655495416313,27.15560545806686,0.0428102645488288,3.8841402390438247,NVDA,2022,en,US,36,39679,843,230,0.0212454950981627,0.0057965170493207,0.0186496635499886,0.0114670228584389,-0.5712954333643989,0.032057259507548,0.052017439955644,0.0,0.0,0.237410071942446,5575.0,0.0095067264573991,0.0050224215246636,0.0134529147982062,0.0048430493273542,-0.3086419753086419,25.99711171520733,17.54789357104974,6.433677839862181,0.0265933447377756,10.58857735946834,0,-3.1509773792408065,1.3569016566371346,2022Q1,0.44886017661513394,1.1730759241190123,-0.3766499548181546,0.7681528822954953,-0.1782397487969108,-0.7726587692173821,-0.5753659974193924,T2 Trung tính
0.0010306061181963,1.600381258398431,0.0216282984518302,0.0,-0.087864949073764,-2.031249690525902,-0.0902107464891802,-0.0493875753861482,-1.6146572759611626,-0.0378944265243793,-0.0122317107962583,-0.3265158161469618,-0.0025598953772814,-0.13187302792442288,-3.300377176816118,-0.12536914973414567,-0.1071545142588745,-1.4937976625265406,-0.0709314580482598,-0.0868181140544933,-0.0112635353676069,0.0024175580014646,-0.0261770383811656,0001045810-21-000010,2021-03-01,22.12398076546292,26.55256318856068,0.049667821183297,4.643496451612903,NVDA,2021,en,US,36,39400,776,205,0.0196954314720812,0.0052030456852791,0.0183756345177664,0.0102538071065989,-0.582059123343527,0.0297208121827411,0.0520304568527918,0.0,0.0,0.2728966159577771,5559.0,0.0070156502968159,0.0026983270372369,0.0147508544702284,0.004317323259579,-0.4444444444444444,23.8746945626987,16.54717806185496,4.838718017209491,0.0193199916509911,10.581521095286025,0,-3.0023980166736735,1.535467628071451,2021Q1,0.13211909382244436,0.5565540005373979,-0.4547275803273494,0.6864513496758821,-0.3209455465769205,-1.1929198774715015,-0.624139861850155,T2 Trung tính
0.0012401289867405,2.14648614120319,0.0142810000920494,0.0071428571428571,0.024845879950163,0.8698928572934934,-0.0597230116842394,-0.0260567128585439,-1.2901672319128905,-0.0740582227574214,-0.0381726716864572,-1.543239418234647,-0.0893084931290807,0.13030446755318004,4.24057052674913,0.0061737674559694,0.1119664876139175,2.3639217149026077,-0.0134996759283397,-0.0568364042365744,0.2352259164256787,0.0006421638178799,0.005169539717357,0001045810-20-000010,2020-02-21,21.46750071971041,25.96461279917077,0.0645972657222753,4.016648366013072,NVDA,2020,en,US,36,33543,689,200,0.0205407983782011,0.005962495900784,0.0155323018215424,0.0116566794860328,-0.5500562429696289,0.0313925409176281,0.0523507140088841,0.0,0.0,0.2502669989320042,4515.0,0.0088593576965669,0.0044296788482834,0.0093023255813953,0.0053156146179402,-0.3333333333333333,21.547424048654364,14.534617375328182,4.909240957403503,-0.0704135520989075,10.420583476815478,0,-2.7395831953699314,1.3904478150788568,2020Q1,0.3048619572095535,0.9976756147061973,-0.22258517248263918,-0.16128597634799485,-0.4774251504870383,-0.8818741826926336,-1.2258776910917644,T2 Trung tính
-0.0025571387686178,2.059036695766535,0.030221245532909,0.0,-0.0047231796012528,-0.0781433643446238,-0.0082708456514011,0.0081918694058254,0.1916706709240709,0.0111717722308747,0.0004761658822958,0.0090967296507711,-0.002835696028116,-0.0001688104491095,-0.0022804016196614,-0.0045206734889777,0.0202793343260857,0.2023228775644559,-0.0199384408524556,-0.0086176002904341,0.0669363446546436,-0.0016260513386107001,0.0278216126942038,0001045810-19-000023,2019-02-22,21.668662387266856,25.27077108282153,0.0989654100043572,5.633149339933993,NVDA,2019,en,US,36,35887,740,207,0.0206202803243514,0.005768105442082,0.0145735224454537,0.0124000334382924,-0.5628299894403379,0.0317106473096107,0.0500738428957561,0.0,0.0,0.2245315161839863,6198.0,0.010164569215876,0.0038722168441432,0.0096805421103581,0.0067763794772507,-0.4482758620689655,23.396573161096157,14.229284335847373,5.855358541094394,0.0238300025602802,10.488130391904537,0,-2.312984883795197,1.7286686711773394,2019Q1,0.3211033535383985,1.0816148341383867,-0.3152433403807642,-0.44714526591044385,-0.35309318351565366,-0.661676322711321,-0.5938964984321727,T2 Trung tính
0.0016385665688237,2.020171946253413,0.0190971413857152,0.0,-0.015444649446504,-0.4043707153484428,-0.0033630014428275,-0.0084129000978515,-0.3115030982116288,-0.0135550387309958,-0.0041358972744187,-0.12503763555484,-0.0189590816300155,-0.0308110679781455,-0.6586622351161219,-0.0113928150706941,-0.0119116188382051,-0.1880641787933507,0.0189995368335258,-0.0046049129649492,0.1341867441324625,0.0026858713878415,-0.052845683777464,0001045810-18-000010,2018-03-01,21.917686190952388,25.709075287036278,0.0510586354944995,6.967952514785709,NVDA,2018,en,US,36,37042,705,228,0.0190324496517466,0.0061551752065223,0.0141191080395227,0.0107175638464445,-0.5112540192926045,0.0320177096269099,0.052399978402894,0.0,0.0,0.2414454748960665,6366.0,0.0105246622683003,0.0051837888784165,0.0089538171536286,0.0072258875274897,-0.34,20.095875067662117,13.183505705346834,6.486452899074314,0.11404906230513,10.519807682982748,0,-2.9747805910961995,1.941321424771773,2018Q1,-0.0033550738899512833,1.162639836718479,0.05887829358275159,-0.5826285506847723,-0.5750235208660284,-0.600926230971446,0.011097118206825927,T2 Trung tính
0.0045370400037409,1.215587085445005,0.032956790285849,0.0,-0.0435072456807743,-0.6600649714886749,-0.0278483873543142,-0.0451918869450172,-0.969617776375466,-0.0372724920638566,-0.0534418208564171,-0.936215250023439,-0.0380374794985963,-0.052802655646117,-0.654086569490212,-0.0283897174931239,-0.031409159250565,-0.2873525533146745,0.0171990195018751,-0.0278939750309957,-0.026146312640485,0.0026862802096243336,0.0281632274291378,0001045810-17-000027,2017-03-02,21.394764178897653,24.8260000041676,0.0952310218440791,5.00104202610525,NVDA,2017,en,US,36,41125,795,210,0.0193313069908814,0.0051063829787234,0.0144437689969604,0.009288753799392,-0.582089552238806,0.0280121580547112,0.0529118541033434,0.0,0.0,0.3076923076923077,7001.0,0.0127124696471932,0.0042851021282673,0.0125696329095843,0.0052849592915297,-0.4957983193277311,22.02389982944268,13.525971711218777,8.137010560797934,0.0526629209239035,10.624371488067673,0,-2.3514495305588476,1.6096462959417992,2017Q1,0.05771364329386928,0.10568882649127598,-0.4549483053663327,-0.48583115082787354,-0.44538816080295063,-0.231828582232833,-0.4005478689031309,T2 Trung tính
0.0031151833717619,1.3130975473186108,0.0191585643670068,0.0071428571428571,-0.004154288987686,-0.1084185878468058,0.0117846669677325,0.0010300319645139,0.0380165534846146,0.0107047473093606,0.0204301506597158,0.6156699822082919,0.034973505709384,0.0170841886995516,0.3640455880172848,0.0371356876852667,0.0255110268315454,0.4014843625123028,0.0667752563076747,0.0115202627321888,0.0906192025690252,0.0017383385593459,-0.0156434085201909,0001045810-16-000205,2016-03-17,19.392343203597825,23.609647405887024,0.2492704321467713,3.932781222092221,NVDA,2016,en,US,36,41213,845,210,0.0205032392691626,0.0050954795816853,0.0150923252371824,0.0098269963361075,-0.6018957345971564,0.0291655545580278,0.0528959308955912,0.0,0.0,0.2891780011827321,8122.0,0.0156365427234671,0.0050480177296232,0.0129278502831814,0.0050480177296232,-0.5119047619047619,24.853027184950854,15.062864472013072,9.725611785432182,-0.0106766891106963,10.626509019547823,0,-1.3892168989892988,1.3693468656864134,2016Q1,0.29718710266461,0.4100373231713062,-0.5986183378496879,-0.2924646363879526,-0.25516501083837184,0.2614819841382898,-0.8252924833971194,T1 Tiêu cực
0.0008315951264712,1.518003503013822,0.0135212157683526,0.0142857142857142,-0.0125092863948727,-0.4625799413744883,-0.0005114101438896,-0.0194263740407507,-1.0159234978138934,-0.0143823155108167,-0.0225638512229817,-0.9634670284631028,-0.0176815623040172,-0.0262725938584754,-0.7932527453543284,-0.0088374356793659,-0.10573957587148,-2.357900520359544,-0.0923354578994765,-0.0005132944949517,0.1597929148897082,0.0004959736214505,0.0071898395608168,0001045810-15-000036,2015-03-12,18.50078382053632,23.255401481720504,0.3511813177789951,2.9736564683516757,NVDA,2015,en,US,36,37151,747,191,0.0201071303598826,0.0051411805873327,0.0153966245861484,0.0106592016365642,-0.5927505330490405,0.0284783720492045,0.0510080482355791,0.0,0.0,0.2834405689129698,7822.0,0.0150856558424955,0.0054973152646382,0.0130401431858859,0.005241626182562,-0.4658385093167702,21.859978522364525,13.084993313864956,11.288078573521968,-0.0395439717918634,10.52274596768403,0,-1.0464526140262056,1.0897923297155672,2015Q1,0.2162459317874204,0.2287094251728374,-0.5322808993816076,-0.20173803350190045,-0.4564098022705956,0.16854370517953754,-1.0188715541745288,T1 Tiêu cực
0.0018549037695819,1.573032917103442,0.019574170398719,0.0,-0.11553649700486363,-3.166877664569325,-0.10236576686179999,-0.09464045518618906,-4.670549243371006,-0.09610654226434588,-0.07926577052265237,-3.8358785560733786,-0.08930988622870815,-0.13187302792442288,-3.653554558448268,-0.12536914973414567,-0.13035261024805533,-2.869666110533465,-0.13746111800534444,-0.10207065576247856,0.0506071262682187,0.0011552973283483,-0.014338850276089,0000050863-24-000010,2024-01-26,21.304871490690683,26.067977150333032,0.5040158093886026,2.4621545884579,INTC,2023,en,US,36,61203,1454,612,0.0237570053755534,0.0099995098279496,0.0142476675979935,0.0087087234285901,-0.4075508228460794,0.0309298563795892,0.0560103262911948,0.0,0.0,0.2884796090960346,49777.0,0.0275428410711774,0.0066898366715551,0.015589529300681,0.0102657854028969,-0.6091549295774648,44.61161622269055,25.0164834002103,77.64273669404194,0.3255291866278276,11.021951486906838,0,-0.6851476435681998,0.9010368155790023,2024Q1,0.9620639389127418,0.8755863390890847,0.8111202619002096,-0.5442986231045137,1.0733510201903278,2.2701536650721494,1.4292467378447944,T3 Tích cực
-0.0018306567178408,1.3057473233414534,0.0161499904298612,0.0071428571428571,-0.0436131561667063,-1.3502533130318717,-0.0464654898815035,-0.0542606613889294,-2.3757340158441647,-0.0611243417187563,-0.0536723090910652,-1.918745539592344,-0.0590010244047958,-0.0027912580684342,-0.0705589479839416,-0.0079765056977793,-0.0523968426013007,-0.9782199273094784,-0.0700934612758863,-0.048374582883306,0.0323036559031892,-0.0015337004609929,0.0068106616498871,0000050863-23-000006,2023-01-27,20.728609161133253,25.54742962013869,0.8147582029166622,2.3137684795745708,INTC,2022,en,US,36,60791,1418,624,0.0233258212564359,0.0102646773371058,0.0140481321248211,0.0081262028918754,-0.3888344760039177,0.0286391077626622,0.0556661347896892,0.0,0.0,0.3205853658536585,49930.0,0.026957740837172,0.0071500100140196,0.0151612257160024,0.0094732625675946,-0.5807398708162067,41.88910882464765,23.82038498584582,77.64273669404194,0.2974329794105142,11.015197030681492,0,-0.20486389329837965,0.8388775717238411,2023Q1,0.8739554751862937,0.2711230033421613,0.9468848484384844,-0.6037899618067063,0.8902967182872005,2.1714433660159833,1.2408383675257777,T3 Tích cực
-0.0004219541856466,0.9630416161266966,0.0148879671171137,0.0071428571428571,-0.0929521341915065,-3.1217201603252493,-0.0962924531690446,-0.0944983381699528,-4.488216235648665,-0.0960431090022319,-0.0791056929739977,-3.0676916985173808,-0.0810171047497436,-0.0910962680758857,-2.4979834665854663,-0.0947272813931685,-0.0749148708482876,-1.5171771445123747,-0.0808869372096624,-0.0982067517011324,0.0908369898785199,-0.0007513937618578,0.0240881499692258,0000050863-22-000007,2022-01-27,21.19730294446801,26.072664428834752,0.4532033502123878,1.6739248772102162,INTC,2021,en,US,36,57659,1512,582,0.0262231394925336,0.0100938275030784,0.0138053035952756,0.0121750290501049,-0.4441260744985673,0.0285991779253889,0.0532440729114275,0.0,0.0,0.3011231193049375,47796.0,0.0303581889697882,0.0073855552765921,0.015064022093899,0.0142898987362959,-0.6086474501108647,45.66789926012637,24.083956966326035,77.64273669404194,0.4111064436845481,10.962301627996561,0,-0.7914143575070041,0.5151710948418071,2022Q1,1.465995504934298,0.2605866562040675,0.5458107995350718,-0.676189089982101,1.144372738687374,2.7451215711975405,2.003113217890283,T3 Tích cực
-0.0020522834932769,0.9118765613192068,0.0206702809642646,0.0071428571428571,-0.1154525717986061,-2.7927189765394043,-0.10236576686179999,-0.09464045518618906,-3.7916650627324846,-0.09610654226434588,-0.0444765618743979,-1.2422934654447382,-0.0507146578109891,-0.0663491029287447,-1.310427656561589,-0.0754804603655473,-0.0438658663118545,-0.6398585658134629,-0.0672867263715848,-0.10207065576247856,0.1218074687325002,-0.0005851344389291,-0.0329734582136994,0000050863-21-000010,2021-01-22,21.325492142614923,26.259713791149117,0.3193301451066622,1.988164927393552,INTC,2020,en,US,36,55738,1368,611,0.0245433994761204,0.0109620007894075,0.0137608095015967,0.010298180774337,-0.3825164224355735,0.0281136746923104,0.0556711758584807,0.0,0.0,0.3289079229122055,46244.0,0.0283279993080183,0.0080010379724937,0.0151803477207853,0.0120015569587405,-0.5595238095238095,39.575592087940535,20.56263182188339,77.64273669404194,0.2952775507001206,10.928417419516713,0,-1.1415297737375916,0.6872120662588397,2021Q1,1.1227562580693742,0.13247617668046557,0.9927147284715182,-0.6894549677491655,0.7347418825194231,2.402615079135201,1.2263844304686136,T3 Tích cực
0.0008195678671927,1.3487658680840269,0.0110221075480639,0.0071428571428571,0.0685767239996559,3.110871659553963,0.0664190740684574,0.0725048313338607,4.6514387272482365,0.065504034639327,0.079551830862121,4.167013501046878,0.0737685357334948,0.0504890171172972,1.8700647617032076,0.0448884744722639,0.0417993847495669,1.1434282094787702,0.0512515719155211,0.0632149750823136,0.0479604636829344,-5.8614561860494645e-05,-0.0035042911889041,0000050863-20-000011,2020-01-24,20.71174302708396,26.32471889638441,0.2861830861806651,1.249863338788871,INTC,2019,en,US,36,51011,1042,577,0.0204269667326655,0.011070014606052,0.0131932328321342,0.0081355001862343,-0.2872143298332303,0.0273078355648781,0.0573405736017721,0.0,0.0,0.3547938860583604,42905.0,0.023423843374898,0.0082974012352872,0.0141941498659829,0.009229693508915,-0.4768552534900808,30.672199483803,18.34790413005033,77.64273669404194,0.3739717705873772,10.839796574724032,0,-1.2511235115073762,0.22303421636845913,2020Q1,0.28160151934342126,-0.08016182447068441,1.6840167922504934,-0.8586774891666074,0.1361009683050248,1.5752513717880785,1.7540944380082766,T3 Tích cực
0.0003805133775169,1.3267879512309066,0.0146169053183007,0.0142857142857142,0.0493979988087121,1.6897557223301072,0.0542398352696404,0.0332793596760276,1.6099208682020087,0.0365484338636128,0.012657244099346,0.4999459960109939,0.019116357072453,0.0388059665913686,1.083845668815329,0.0415720035181387,0.0605880461934346,1.2497846072964645,0.0733774722796472,0.0555371143522829,-0.0355988831165163,0.0006865446731024,-0.0180111424048509,0000050863-19-000007,2019-02-01,20.87571959830804,26.07937386141033,0.3518805108432629,1.538436268623527,INTC,2018,en,US,36,50909,1027,538,0.0201732503093755,0.0105678760140643,0.0155178848533658,0.0092125164509222,-0.3124600638977636,0.0270286196939637,0.057573317095209,0.0,0.0,0.3610401671697237,41589.0,0.0235879679723003,0.0076943422539613,0.0172882252518694,0.0103873620428478,-0.5080707148347425,30.122194354233915,18.156425031339985,77.31894291648186,0.5694548950484023,10.837795004197082,0,-1.0444636188445313,0.4307664905628485,2019Q1,0.22975692839697393,-0.1538389427189591,1.5008893541862642,-0.1655843836598203,0.09912005684495567,1.6029402824233532,3.0649709068391147,T3 Tích cực
0.0008001372821348,1.7846505014101135,0.0139501990408125,0.0142857142857142,0.012220332769583,0.4379985093342164,0.0075815390669227,0.0170001491327019,0.8617024529720237,0.0143100174589545,0.006560041745476,0.2714973353831947,0.0141400827343769,0.0320851514392294,0.938962102692453,0.0508484538256666,0.0796039295683885,1.720512214027909,0.0858718598627998,0.0073607294232136,0.0232566933379292,0.0004001293214168,-0.0138721236504792,0000050863-18-000007,2018-02-16,20.973265440024363,26.090897263507145,0.3219852320945481,1.3691453084832903,INTC,2017,en,US,36,44146,867,309,0.0196393784261314,0.0069995016536039,0.0169664295745933,0.0103520137724822,-0.4744897959183674,0.0270239659312281,0.0576043129615367,0.0,0.0,0.3613490364025696,39176.0,0.0218501123136614,0.0057688380641208,0.0175617725137839,0.0108740044925464,-0.5822550831792976,24.486513532226844,14.595639702033608,71.22478129734799,0.3783697582501918,10.695257601701156,0,-1.1332495975498806,0.31418668273594286,2018Q1,0.12066517530630565,-0.15506693819875536,0.3255585185164115,0.2662980443902603,-0.27980843362046914,1.309752480042277,1.7835865926548098,T3 Tích cực
-1.108337445151922e-05,1.2279147602336362,0.0095019646011604,0.0,-0.0148819613960076,-0.7830991810993526,-0.0133164396645527,-0.0064461439205445,-0.4797020689978967,-0.0047072993117351,0.0046122006099828,0.2802425998729738,0.0061430165892744,-0.0088175230316051,-0.3788415190832122,-0.0067017949421229,-0.0377621536407607,-1.198248803935483,-0.0351406629056852,-0.0133846091948164,-0.0357363374338168,1.4316979839948656e-05,-0.0064631898650089,0000050863-17-000012,2017-02-17,20.288922261993545,25.871611575046728,0.3847072578977014,1.1510327622673435,INTC,2016,en,US,36,47362,880,294,0.0185802964401841,0.0062075081288796,0.0169967484481229,0.0106414425066509,-0.4991482112436116,0.0237954478273721,0.0551919260166378,0.0,0.0,0.3974873028601978,6143.0,0.0074881979488849,0.0074881979488849,0.0104183623636659,0.0043952466221715,0.0,24.67148001565041,13.097707455133037,2.590064385415947,0.1608072598511353,10.765575498395966,0,-0.9552726030184363,0.14065959351131543,2017Q1,-0.09574837659620317,-1.0069809405278558,0.1466913715484202,0.2753375918228102,-0.2673717693443989,-1.113197947205465,0.32464961056134045,T2 Trung tính
0.0010454430144337,1.073019195639547,0.0113081463384724,0.0,-0.0134754713759524,-0.5958302524838364,-0.0057997724868444,-0.0209857030098121,-1.312251580590141,-0.0162635919025362,-0.0091856581183389,-0.4689842197446553,-0.0043163249361499,-0.0328894112613089,-1.187378153757255,-0.0220692933957387,-0.022409872635877,-0.5975188707340742,-0.0068486577290879,-0.0059986416962432,-0.0972397306910811,7.321675926041088e-05,0.034635330800533,0000050863-16-000105,2016-02-12,20.3005064385355,25.61595265737432,0.4582132996271029,1.5792372565622357,INTC,2015,en,US,36,54974,1119,384,0.0203550769454651,0.0069851202386582,0.0161894713864736,0.0104776803579874,-0.4890219560878243,0.024247826245134,0.0571361007021501,0.0,0.0,0.4041126508717031,10517.0,0.0139773699724255,0.0048492916230864,0.0161643054102881,0.0042787867262527,-0.4848484848484848,26.92550831277588,17.536206755292724,4.777091058767153,0.017341341227293,10.914615625171118,0,-0.7804204835718855,0.4569419814668137,2016Q1,0.26691151007125113,-0.8876111566066948,0.22014517404526207,0.03464859383399571,-0.11581678121220647,-0.018431488669596166,-0.637408353888122,T2 Trung tính
0.0006542207954198,1.2154945272080662,0.013653597436471,0.0285714285714285,-0.0053204179084687,-0.1948357542114502,-0.001777781787725,0.0095952078568495,0.4969266579040421,0.0121260018459099,0.0145058537493397,0.613388420595711,0.0197692068874906,-0.0267502074864634,-0.7998424244390853,-0.0206442632440471,-0.0249784677579155,-0.5515975869527306,-0.0148071856409468,-0.0019512677629751,-0.0762768832276328,0.0010018971775412,0.0457936346469166,0000050863-15-000015,2015-02-13,20.5419631607044,25.808635528742226,0.3456143828772566,1.6212258234797297,INTC,2014,en,US,36,52012,1060,365,0.0203799123279243,0.0070176113204645,0.0162077982004152,0.010901330462201,-0.487719298245614,0.0236291625009613,0.0568330385295701,0.0,0.0,0.4126642771804062,9257.0,0.0133952684455007,0.0055093442800043,0.0153397428972669,0.0043210543372582,-0.4171428571428571,26.806217462219006,17.35238625719112,4.218718076161416,0.0752580328797921,10.85922974017121,0,-1.0624316257965134,0.4831825442657653,2015Q1,0.27198638944996645,-1.0508589035419185,0.22959439000818307,0.04011271847407818,-0.12383758710159214,-0.11663588590671566,-0.24902890451560322,T2 Trung tính
-0.0003070978049776,0.5750991123582326,0.0114258649579961,0.0142857142857142,-0.0045033055402084,-0.1970662858682255,-0.0097502049632092,-0.0048186687835474,-0.2982105412294246,-0.0030193510493556,-0.014244607849784,-0.7197816713926799,-0.0114700295567895,0.0027013974580255,0.0965214360712859,-0.0086421995766372,0.0395659180774499,1.0440849076057874,0.0208824523009415,-0.0096231847337382,0.0445953501154263,-0.0009230372128669,-0.0063642416644437,0000858877-24-000017,2024-09-06,20.61110667561736,26.00171107771141,0.2318468124427469,1.1970777680297038,CSCO,2024,en,US,35,52442,1181,343,0.022520117463102,0.006540559093856,0.0204988368101903,0.0108310133099424,-0.5498687664041995,0.0291560199839823,0.0551275695053583,0.0,0.0,0.3081447963800905,8966.0,0.0151684140084764,0.0049074280615659,0.0196297122462636,0.0070265447245148,-0.5111111111111111,29.87536661067633,16.103368963455537,9.602602834054371,-0.1039731301926076,10.867463075975694,0,-1.461678416599121,0.17988339357963992,2024Q3,0.7093173999378013,0.4075214205576878,-0.22122525547502098,1.319482382722956,0.08252400266352793,0.1825055579331959,-1.4509224940547607,T2 Trung tính
0.0007967678859977,0.7006672236182473,0.011006463688789,0.0071428571428571,-0.01475751210474,-0.6704020710926305,-0.0126767213792345,-0.0064172939064195,-0.4122770188864902,-0.0072633429597158,-0.0114370936778426,-0.599939208483041,-0.0105251376967625,-0.0179929480243634,-0.6673887707305654,-0.0132022018453829,-0.0455507304247137,-1.2478178609578214,-0.0279395268806962,-0.0126424069786125,0.0945265660708782,0.0006992259325743,0.0173502433664271,0000858877-23-000023,2023-09-08,20.618767695414263,26.162541721899505,0.1926085217516047,1.1520906897365284,CSCO,2023,en,US,35,50004,1113,405,0.0222582193424526,0.0080993520518358,0.0197584193264538,0.0112790976721862,-0.466403162055336,0.0300775937924966,0.0566554675625949,0.0,0.0,0.3064330182153562,8763.0,0.0151774506447563,0.0066187378751569,0.0184868195823348,0.0071893187264635,-0.3926701570680628,28.039780803012786,14.697654957755516,9.394765643094535,0.1463003304321319,10.819858281210454,0,-1.6470955347422855,0.14157828290477464,2023Q3,0.6558009552447757,0.6506985087441836,0.384217321548834,1.098727513397366,-0.040896003043962084,0.18403009854659544,0.22736861782709084,T3 Tích cực
-0.00043538688325,0.8154066643872756,0.0160286795095623,0.0,-0.0170208398951518,-0.5309495359551478,-0.0161792106752933,0.0023686403237433,0.1044928020497035,-0.0032749275195251,0.0051879553714536,0.1868692569756377,-0.0021112945572325,-0.016075368466824,-0.4094374518651048,-0.012689559697442,-0.0377837588163969,-0.7107405146592048,-0.0278636118896473,-0.0160584609278404,0.0210638342117083,-0.0004588164845571,0.0231462225454291,0000858877-22-000013,2022-09-09,20.49379291161839,25.95125867146285,0.2133535682979941,1.2911743264952107,CSCO,2022,en,US,35,52620,1214,408,0.02307107563664,0.0077537058152793,0.0204675028506271,0.011820600532117,-0.4969173859432799,0.0304446978335233,0.0559103002660585,0.0,0.0,0.2948943661971831,9508.0,0.0156710138830458,0.0055742532604122,0.0194572991165334,0.0072570466975178,-0.4752475247524752,30.34826298016255,15.27937628918823,9.671149125574177,-0.030025380551815,10.870851554594283,0,-1.5448045443977911,0.2555521348904002,2022Q3,0.8219005775077867,0.7475668126538682,0.16287332613030456,1.3101401882167962,0.11432032206051161,0.2672974979136528,-0.9550415058908134,T2 Trung tính
0.0006042458093979,1.0346989379480205,0.0088105926640262,0.0071428571428571,-0.017407794836142,-0.98789011704163,-0.015085148734711,-0.0040617921114118,-0.325984965515002,-0.003042274071193,-0.0012641382830077,-0.0828378527777601,0.0001998158375932,-0.0199529202322018,-0.9245400264408332,-0.0167917430359701,-0.0301588695566738,-1.0320805486906588,-0.0237916683419862,-0.0149476805083041,0.0446113885736693,0.0006497214281346,-0.0116949549724873,0000858877-21-000013,2021-09-10,20.420264172674344,26.233298979004807,0.1669975475083092,1.1902749007507385,CSCO,2021,en,US,35,52554,1180,404,0.0224530958633025,0.0076873311260798,0.0197320850934277,0.0112075198843094,-0.4898989898989899,0.0291509685276097,0.0552193933858507,0.0,0.0,0.3089760938204781,8857.0,0.0159196116066388,0.00666139776448,0.0189680478717398,0.0071130179519024,-0.41,28.898233190780974,14.819644299435414,9.328361372844869,0.1570602335408329,10.869596491391144,0,-1.7897761522522029,0.17418428947919368,2021Q3,0.6956221594755396,0.40618848505057875,0.21378334853747866,1.0908759832833965,0.016824098166026414,0.3092375864905452,0.29952269164284945,T2 Trung tính
-0.000638952594344,0.9912884696891392,0.0190124515373296,0.0,0.0016270368503361,0.0427887178868429,-0.000638425368544,0.0135921940960412,0.5055177969891832,0.0126269402364281,0.0143975532060057,0.4372098570685886,0.0130993466042693,0.0098669775855172,0.2118704536037146,0.0062079654730748,0.010174242153663,0.1613494938192253,0.0035867405046544,-0.0001634364942192,-0.20365070370241917,-0.0009293210464959,0.0023434773197266,0000858877-20-000010,2020-09-04,20.5908032589956,25.87862909413776,0.218737132177836,1.3942950887034395,CSCO,2020,en,US,35,53305,1274,357,0.0239001969796454,0.0066973079448456,0.0205984429228027,0.0104680611574899,-0.5622317596566524,0.031197823843917,0.0529218647406434,0.0,0.0,0.2582515611061552,8797.0,0.0168239172445151,0.0054564055928157,0.018642719108787,0.0072752074570876,-0.5102040816326531,29.532812641734,14.200187210157775,9.71050201430706,-0.0690966235101223,10.883785414384576,0,-1.5198845798045246,0.33238897480242124,2020Q3,0.9913238111939706,0.9462953231139295,-0.31090390277993996,1.3491798640179895,0.059491566573928865,0.4617999591662038,-1.2170465927402885,T2 Trung tính
-0.0002735272599792,1.3667680787582566,0.0121876010412547,0.0071428571428571,0.022638408167692,0.9287475070385708,0.0246136272970912,0.0027815688430682,0.161382554664615,0.0025340152635321,0.0085198261471622,0.4036006678313907,0.012770329662224,0.020244438598512,0.6781283224866983,0.0224628925954695,0.0200346565910953,0.4956411213730557,0.0190198189279822,0.0248737623032024,-0.1558588141931168,0.0001821876368339,-0.0365171166641265,0000858877-19-000012,2019-09-06,20.64299085862625,26.04898893791332,0.1633172743121856,1.3034750983326764,CSCO,2019,en,US,35,54089,1188,346,0.0219638004030394,0.0063968644271478,0.0197267466582854,0.0104087707297232,-0.5488917861799217,0.0319473460407846,0.0523951265506849,0.0,0.0,0.242437527400263,10047.0,0.016323280581268,0.0048770777346471,0.0182143923559271,0.0082611724893002,-0.539906103286385,27.79117906752592,14.617126946460164,11.2213914398302,0.1434384334366768,10.898386116988897,0,-1.8120605019169946,0.26503385051325784,2019Q3,0.595639183756623,1.1440728897954815,-0.21413843894379794,1.0892843331966175,-0.05761133581924402,0.3773392259866881,0.20817722502577657,T2 Trung tính
0.0006830482169418,1.3187071618371802,0.009588925459151,0.0071428571428571,-0.0159845820366923,-0.833491828922167,-0.0120473588439606,-0.0053897070687103,-0.3974479135466708,-0.0041241684856686,-0.0010443838859798,-0.062882470019861,-0.0002598128741226,-0.013828480121072,-0.5887472369235613,-0.0067538701738998,-0.0040590856790677,-0.1276326931589701,0.0091476240740919,-0.0120257349092351,0.0774157749831722,0.0008683166320343,0.0070972647618694,0000858877-18-000011,2018-09-07,20.416225421237097,26.099158280006694,0.1998957377719872,1.2359374160611567,CSCO,2018,en,US,35,59428,1332,362,0.022413677054587,0.0060914047250454,0.0191660496735545,0.0096755738035942,-0.5726092089728453,0.0338897489398936,0.052433196473043,0.0,0.0,0.2148148148148148,13146.0,0.0162787159592271,0.0047162635022059,0.0161265784268979,0.0061615700593336,-0.5507246376811594,30.363487967007995,15.94280963322419,12.412754767044104,0.0810017575323581,10.992520774757244,0,-1.60995935950406,0.2118297234988143,2018Q3,0.6875672926011337,1.656617709023604,-0.38617981680398805,0.9221129841748658,0.11534401049584181,0.3698208779954928,-0.21051246729754805,T2 Trung tính
-0.0004659022847516,1.181289846362092,0.0090488670867932,0.0214285714285714,-0.0005746387193984,-0.0317519703785417,4.001451368917941e-06,0.0036239016385787,0.28318301047122,0.0043872384618797,0.0008492075564069,0.054182496724369,0.0011142934375896,0.0075523750208393,0.340732620075678,0.0073345369426988,0.0374202279224381,1.246854786028142,0.0350183345199446,-0.0002724431905254,0.0135459180949967,-0.0002508176419366,0.0061070420937704,0000858877-17-000016,2017-09-08,20.01955357611912,25.781256100486782,0.4205205563181546,1.049214362230387,CSCO,2017,en,US,35,63049,1363,407,0.0216181065520468,0.0064552966740154,0.0182239210772573,0.0092150549572554,-0.5401129943502825,0.0309600469476121,0.0583831623023362,0.0,0.0,0.3069412391265755,14543.0,0.0165715464484631,0.0047445506429209,0.0138210823076394,0.0052946434710857,-0.5548387096774193,30.322277700292947,16.230367928492917,13.03182835705878,-0.2517274213535711,11.051667480839056,0,-0.8662619153462594,0.048041657661065315,2017Q3,0.5249998610631595,0.8835527703772541,-0.15045886230912486,0.6412181110366366,0.11257313956627606,0.4192233281831682,-2.4417375528262624,T2 Trung tính
0.0012724537968911,0.9903815097774724,0.0116326543235967,0.0071428571428571,0.005335552974116,0.2293351468070765,0.0106683636113825,0.0066288430126015,0.402943276335779,0.0092684447986191,-0.0025078233910146,-0.1244679390966963,0.0014256142267554,-0.0084964481629359,-0.2981830578853587,-0.0006796820987414,-0.0104695983790415,-0.2713656399168194,0.0035943927217245,0.010522205742579,0.0242496037158534,0.0005396556031117,-0.0113631770346711,0000858877-16-000117,2016-09-09,20.058847253888256,25.784605092456683,0.4029487343481344,1.2909590379119942,CSCO,2016,en,US,35,64222,1361,435,0.0211921148516084,0.0067733798386845,0.0179377783314129,0.0095294447385631,-0.5155902004454342,0.0305502787206876,0.0582043536482825,0.0,0.0,0.311578947368421,15457.0,0.0140389467555153,0.0054344310021349,0.0141683379698518,0.0049168661447887,-0.4418604651162791,32.640707024143886,16.181367802789026,12.547347053124184,0.100881296233274,11.070101110104696,0,-0.9089459351815964,0.2553853824006311,2016Q3,0.43795241979221455,0.7754266025823092,0.027424514363248956,0.5559048845734078,0.2684582848901625,-0.008043076017457717,-0.0772036736812565,T2 Trung tính
0.0005324679007431,1.1524760225137445,0.0108664244488864,0.0214285714285714,-0.0154435673999044,-0.7106094314899976,-0.0145673868900088,0.0075171730760963,0.4891621970468254,0.0072678257190744,0.0086410511525497,0.4591126761588202,0.0127487359396366,-0.0269699780405231,-1.0132539438968613,-0.021745027445425,-0.0272745322801936,-0.7567881173069323,-0.0237368515149067,-0.0144964280560961,-0.0252292809453706,0.0005104156670691,0.0044122883478381,0000858877-15-000070,2015-09-09,20.10087262333367,25.61445678886928,0.4484794432764074,1.356392804228029,CSCO,2015,en,US,35,63442,1243,417,0.0195926988430377,0.0065729327574792,0.0182844172630118,0.0074556287632798,-0.4975903614457831,0.03086283534567,0.0583682733835629,0.0,0.0,0.3082494258964847,15839.0,0.0158469600353557,0.0051139592145968,0.015278742344845,0.0052402298124881,-0.5120481927710844,27.77976721782317,15.549006110571227,14.7324554638575,0.058466842197813,11.057881381662998,0,-0.8018924329229952,0.3048288262036889,2015Q3,0.11112663672980452,0.8579013965211167,0.15799169823474107,0.6592549995141169,-0.05837863885109692,0.29698078344816475,-0.361627763416319,T2 Trung tính
-0.0010967251595447,1.3702041146103945,0.0176285614186798,0.0142857142857142,-0.0299629196756199,-0.8498401816233888,-0.0340245149244622,-0.0127107899029723,-0.5098479405758762,-0.0166172865420046,-0.0201135991750411,-0.6587373536774898,-0.0260519313367033,-0.0020337803799879,-0.0470989857646143,-0.0094647168865927,0.002357074494695,0.0403143899996507,-0.0029976272020032,-0.0336122168165883,0.1596812917491468,-0.0003252642578842,-0.0059986218441662,0000950170-24-075605,2024-06-21,20.67435781290197,26.69921047766819,0.0221003474114208,0.8181880429339662,ORCL,2024,en,US,73,54424,1004,343,0.0184477436425106,0.0063023666029692,0.0214059973541084,0.0119983830662942,-0.4907201187824795,0.0241253858591797,0.0508782889901514,0.0,0.0,0.3566878980891719,9505.0,0.0097843240399789,0.0029458179905312,0.0184113624408206,0.0083114150447133,-0.5371900826446281,28.66002711141902,15.97253054201712,5.099980676311346,0.0410676377406343,10.904560512024897,0,-3.8121619506081954,-0.20066308746068895,2024Q2,-0.122834307751456,-0.9199196882269657,0.20782704604416968,1.5899515595437994,0.0008077422148803222,-0.725826211646626,-0.4783038589216353,T2 Trung tính
0.0019782671745179,0.8373736239537743,0.0108415669578419,0.0,-0.040181440138501,-1.853119585699595,-0.0300436214375268,-0.0146287027244618,-0.9541106868271456,-0.0104226209386182,-0.0399015683137703,-2.124894057900017,-0.0329471659483557,-0.0554743382328602,-2.0889327009872853,-0.0431854271499598,-0.0810801512744675,-2.254894105657893,-0.0602045577061329,-0.0294542092839967,0.2000911381470421,0.0017018726235875,0.0110467098475436,0000950170-23-028914,2023-06-21,20.69663060373787,26.526133692254174,0.0032392631701569,0.7170912576876415,ORCL,2023,en,US,73,56196,944,335,0.0167983486369136,0.005961278382803,0.0210157306569862,0.0114598903836572,-0.4761532447224394,0.0229019859064702,0.049362943981778,0.0,0.0,0.3661659689731593,11446.0,0.0091735103966451,0.003145203564564,0.0182596540276079,0.0097850777564214,-0.4893617021276595,26.311477936256743,15.208609698260892,5.813410950708864,0.0347721694689244,10.936600858971541,0,-5.73240939165922,-0.33255216937187954,2023Q2,-0.4598728339352705,-1.2427401020004505,0.3134921980417507,1.4735938618695497,-0.15710258341124742,-0.8288745337919036,-0.5205201946816105,T3 Tích cực
-0.0008212257531126,1.025324955363072,0.0174903640121074,0.0,-0.017243034811076,-0.492929558216734,-0.0189255979899279,-0.0397023398073498,-1.6051005963807237,-0.0407578685061847,-0.0555460684531429,-1.8335546105071183,-0.0573670860795221,-0.0219914362150866,-0.5133092846689378,-0.0259018652935467,0.0199713506271508,0.3442803578277639,0.0121128226105291,-0.0204606084554279,0.0716285814320348,-7.523176519993847e-05,0.0104919201958508,0001564590-22-023675,2022-06-21,20.12300437561932,25.91882370211478,,0.8783929459954986,ORCL,2022,en,US,73,56134,980,343,0.0174582249616987,0.0061103787365945,0.0215199344425838,0.0129867816296718,-0.4814814814814814,0.02340827306089,0.0494352798660348,0.0,0.0,0.3573000733675715,11802.0,0.0096593797661413,0.0037281816641247,0.0184714455177088,0.0110150821894594,-0.4430379746835443,27.4403111470104,15.950189312158551,5.807595819950742,0.0357770727016031,10.93549696853629,0,,-0.12966123877425845,2022Q2,-0.3250332453500828,-1.1091453374134275,0.27484224852597106,1.6239218096124441,-0.08120278034436859,-0.7469051412369208,-0.5137814851136999,T2 Trung tính
0.0023484139428039,0.5021492049983569,0.0142919587194994,0.0,-0.0098856635704926,-0.34584705163628,-0.0070552025119117,-0.0052504172266664,-0.2597688460972928,-0.0025655082349539,0.0084577881605816,0.341668092323712,0.006520059905314,-0.0204699274320461,-0.5847213138567505,-0.0142332173304229,0.058866636674433,1.2418842737253986,0.0691849925726912,-0.0072073875674181,-0.0347437584154877,0.001091513746066,0.0098441383453178,0001564590-21-033616,2021-06-22,20.638601117884143,26.106604607797863,0.0240553218355564,1.111005981375358,ORCL,2021,en,US,73,57023,999,343,0.017519246619785,0.0060151167072935,0.021535170019115,0.0131876611191975,-0.488822652757079,0.0250249899163495,0.0495589498974098,0.0,0.0,0.3289442746296732,11724.0,0.008358921869669,0.0029853292391675,0.0187649266461958,0.0100648242920504,-0.4736842105263157,28.12500710901745,17.51763345925437,6.558280268275421,0.0270397716015577,10.951209974200845,0,-3.727399024765932,0.1052658944192004,2021Q2,-0.3125640371635001,-0.6825397918777131,0.22159088001141694,1.6284642843380168,-0.035165608349467956,-0.9663010334449367,-0.572372335064141,T2 Trung tính
-0.0002256165654421,0.9723054072040695,0.0180550371840341,0.0,0.0176688204117998,0.4893044592404413,0.0177305464980944,0.0090829115744645,0.3557227992253083,0.0092284339510728,0.0162287110926868,0.518949400239887,0.0159687378777659,0.0088763055656479,0.2007050185426964,0.0076533144034999,0.0131525819877781,0.2196424543124759,0.0101796525200615,0.0178453651859165,-0.0379651171072573,-0.000199862363695,0.0271404568724326,0001564590-20-030125,2020-06-23,20.233675046004915,25.85402659772953,0.0713822256995913,1.0045861708707515,ORCL,2020,en,US,73,58483,1001,321,0.0171160850161585,0.0054887745156712,0.0221602858950464,0.0128926354667168,-0.5143721633888049,0.0241950652326317,0.0484243284373236,0.0,0.0,0.333647280433247,11935.0,0.0082111436950146,0.0027649769585253,0.0191872643485546,0.0098031001256807,-0.4961832061068702,27.734065398431984,17.41907860279375,5.913374373560179,0.020955419386737,10.976491392697485,0,-2.639706380408884,0.004575686432519306,2020Q2,-0.39494636052393495,-0.9015332855469309,0.03625990829862254,1.8148420732689148,-0.0614515100764866,-0.9912321938962851,-0.6131729625785505,T2 Trung tính
0.0002481368255273,0.9638548579182654,0.0090301127138665,0.0,0.0190377701564867,1.0541269394817498,0.0203425768792248,0.009565663286209,0.7490432944252137,0.0104677848705804,-0.0047348586562317,-0.3027284383230794,-0.0035390854595848,0.0273752485733033,1.2376255740321822,0.0286909085929291,0.0482551480970799,1.6112173841648365,0.0506236923692853,0.0202386768933566,0.0248346864226283,0.0008423421270733,0.0023337024234236,0001564590-19-023119,2019-06-24,20.23170923216987,25.955476299577803,0.1163690348079679,1.2615590654049276,ORCL,2019,en,US,73,58434,942,311,0.0161207516172091,0.0053222438990998,0.0220590751959475,0.0126125201081562,-0.5035913806863528,0.0243864873190265,0.0483109148783242,0.0,0.0,0.3290960451977401,12253.0,0.0079164286297233,0.0028564433200032,0.0188525259120215,0.0097935199542969,-0.4696969696969697,25.923985993909003,15.841291575987956,5.3482181682197645,0.0173694173619151,10.975653191189254,0,-2.150988803061987,0.2323483095684192,2019Q2,-0.5983334816835575,-0.8510224472895854,0.11446152095843273,1.7846661858206911,-0.18315653171292792,-1.040952584592614,-0.6372200801212006,T2 Trung tính
-0.0005701049677391,1.0568213820363164,0.0115774711448339,0.0071428571428571,0.0113950926698982,0.4921235616718825,0.0083222555999995,0.020332104741533,1.241805655024099,0.0185373072600748,0.0421365152260559,2.101281713781805,0.039877410468781,0.0337094136923101,1.188671544956987,0.0297137857924716,0.055458469278273,1.4443013876806765,0.0500016554541945,0.0081047884257354,-0.0899412789171327,-0.0007896989978675,-0.0032487751781456,0001193125-18-201034,2018-06-25,20.237934771621408,25.891297562999988,0.2604447162131325,0.930535234121756,ORCL,2018,en,US,73,64365,981,321,0.0152412025168958,0.0049871824749475,0.0216577332401149,0.0111551308941194,-0.5069124423963134,0.0241435562805872,0.048458012895207,0.0,0.0,0.3349026321420928,17334.0,0.0075574016383985,0.0027691242644513,0.0173647167416637,0.0089419637706242,-0.4636871508379888,27.321219821797733,15.43514829343044,7.927034751123675,0.0660834714164957,11.072325286093735,0,-1.3453646621415403,-0.07199533782225093,2018Q2,-0.7780611584801761,-0.9151250313821482,0.09037121243170632,1.665006408788423,-0.08921017066962339,-1.101522824738133,-0.3105519478332136,T2 Trung tính
0.000238076209204,0.8467272854445307,0.0088037138116086,0.0142857142857142,-0.031941193820129,-1.8140749747005152,-0.0316099666969657,-0.0114583742161872,-0.9203268396747926,-0.0110141091327543,-0.0070238261909825,-0.4606246896346976,-0.0051041411139169,-0.0360223488066098,-1.670438480110512,-0.0340017322269178,-0.0201387285959414,-0.689715189178721,-0.0193384659993339,-0.0313694745106477,0.1040905966421698,6.753597186223557e-05,-0.0088319324621184,0001193125-17-214833,2017-06-28,20.07395331380205,26.070071472098,0.2565536311897651,0.7309462511259024,ORCL,2017,en,US,73,67972,963,419,0.01416759842288,0.0061643029482728,0.0202142058494674,0.0098275760607308,-0.3936324167872648,0.0220973341964338,0.0513152474548343,0.0,0.0,0.3979959919839679,17826.0,0.008751262201279,0.0037024570851565,0.0170537417255693,0.0088634578705261,-0.4054054054054054,25.76653069781727,13.492946239941716,7.553072825555869,0.1614090132107958,11.126851134653997,0,-1.360417547768135,-0.3134153498072076,2017Q2,-0.9974421680771003,-1.4550647775100416,0.9120815584492821,1.234619893761577,-0.19374341545390214,-0.9001106113357207,0.3286848658878231,T3 Tích cực
3.939846667874965e-05,1.1634888356734512,0.0083322716285031,0.0142857142857142,0.0055471784292014,0.3328731153114132,0.001963811206366,0.0074726249569534,0.6341540477689491,0.0038638132714559,0.0098552385586917,0.68287795795381,0.0060158131197626,0.0155289259629829,0.7608558337729799,0.0170267408452156,0.0003808332022887,0.0137808194453421,0.0045011378325586,0.0016741221312558,-0.001302871174443,-0.0001750572290725,0.0026933306537718,0001193125-16-628942,2016-06-23,19.8572298885966,25.828910783148427,0.2866861441821166,0.9123474493842672,ORCL,2016,en,US,73,69781,1104,438,0.0158209254668176,0.0062767802123787,0.0200341067052636,0.0099740617073415,-0.4319066147859922,0.023502099425345,0.0513033633797165,0.0,0.0,0.3716475095785441,19829.0,0.0087750264763729,0.0043370820515406,0.0182560895657874,0.0073125220636441,-0.3384615384615385,26.28443570565012,14.71377342243975,7.454897919363179,0.1461514624720439,11.153117045391879,0,-1.2493672358895012,-0.09173438625838405,2016Q2,-0.6596001664354861,-1.0843872313426022,0.6344482836332911,1.180923480700497,-0.15892083251835984,-0.8961014201492578,0.22637033469456866,T3 Tích cực
0.0003675486812414,1.263587375005213,0.010530340498655,0.0142857142857142,-0.0068027109564915,-0.3230052702170659,-0.0084064046068843,0.0105130157284763,0.7059434320548276,0.0056452277399293,0.0105051320519121,0.5759681578025599,0.0052210961003058,-0.0007796686448174,-0.030226790046879,-0.0027473661928646,-0.0054622436808631,-0.1563984029613095,-0.0016133561584485,-0.0081311908498231,-0.063368289055808,-1.4978434255673594e-06,-0.0054728351310298,0001193125-15-235239,2015-06-26,20.03286469081993,25.905270304265407,0.2733272511354754,0.7958965212103014,ORCL,2015,en,US,73,71151,966,396,0.0135767592865876,0.0055656280305266,0.0211521974392489,0.008531152056893,-0.4185022026431718,0.0220235836460485,0.0502452530533653,0.0,0.0,0.3905095293660054,22336.0,0.008416905444126,0.0039398280802292,0.0179978510028653,0.0082825931232091,-0.3623188405797101,22.86911052171083,13.557007700134308,8.622067132113386,0.1511879259580746,11.172559658233004,0,-1.2970854795829088,-0.22828610006780958,2015Q2,-1.1181746494002331,-1.4745254478645535,0.7316811724927311,1.5142813217788658,-0.38855839668718484,-0.9565188189757776,0.2601439992406337,T3 Tích cực
0.0019324115155356,0.5827144361853454,0.01165891912205,0.0,-0.0122716516263879,-0.5262774146524049,-0.0051639855480906,-0.0071950100657797,-0.4363732482367313,-0.0024620654588973,-0.0011331376233194,-0.0561130328638358,0.0053870250110996,0.0228484513786606,0.8000605474176019,0.0309773201062034,0.0081665197354829,0.211194392909842,0.0269583583961018,-0.0051831762980285,0.0866608976056302,0.0011167113094813,0.021850417900638,0000051143-24-000012,2024-02-26,20.50577220516588,25.860579914771712,0.1323463172610416,1.2275133069523396,IBM,2023,en,US,35,13606,296,77,0.0217551080405703,0.0056592679700132,0.0199176833749816,0.0192562104953696,-0.5871313672922251,0.0212406291342054,0.0641628693223577,0.0,0.0,0.5025817555938038,,,,,,,13.934094781112863,6.773718002870584,,0.0909915729053318,9.518266150905006,0,-2.0223331764533174,0.20499042132214906,2024Q1,0.5529948408104376,-1.6811248505531224,-0.49152060988186724,1.146211959663536,-0.989325568179309,,-0.1435224704039455,T1 Tiêu cực
0.0005686038208333,0.6514438248168362,0.0102432876832142,0.0,-0.0081650971855427,-0.3985584237238073,-0.0127543919548792,-0.0058103112812088,-0.4010929532400152,-0.0056689039685938,-0.0135207219542629,-0.7620788072489516,-0.0117524936357331,-0.0166998844056891,-0.6655772512119265,-0.0153028144192568,-0.0410363698042594,-1.207906232736995,-0.0280992863909088,-0.0128313430817403,-0.0942854223985976,0.0006876619133341,0.005681842577896,0001558370-23-002376,2023-03-01,20.12415231190811,25.48790475059257,0.1870938044154126,1.302935386649262,IBM,2022,en,US,35,12432,251,74,0.0201898326898326,0.0059523809523809,0.0196267696267696,0.0197072072072072,-0.5446153846153846,0.0213963963963963,0.0633043758043758,0.0,0.0,0.4947768281101614,,,,,,,12.439936939540203,6.630505266760667,,0.1096483576670289,9.428029072607428,0,-1.6761451600108543,0.26461970876986146,2023Q1,0.23314538358867407,-1.6400223052068834,-0.18311828874156127,1.05947626273284,-1.0897888472942836,,-0.018413256012262288,T2 Trung tính
0.0003498476910751,0.3310798315092658,0.0132100024753105,0.0,-0.0179309273680281,-0.6786875097692404,-0.0275518675702024,-0.0153038739651563,-0.8191878146436044,-0.0122928809475798,-0.0157536450075914,-0.688521535317643,-0.0056079836433955,-0.0084645242942853,-0.2615917430137029,-0.0195057029366942,0.0168633502437678,0.3848970820094158,0.0237876222354216,-0.0274487919852394,0.0047899931605464,0.0005190977152993,0.034688921418366,0001558370-22-001584,2022-02-23,20.294608951857608,25.43677452634775,0.1696031710309755,1.4744510598595757,IBM,2021,en,US,35,12649,251,72,0.0198434658866313,0.0056921495770416,0.019448177721559,0.0191319471895011,-0.5541795665634675,0.0209502727488339,0.0634042216776029,0.0,0.0,0.5032802249297095,,,,,,,12.344403095263266,6.337872675815325,,0.0695032497216016,9.445333439647541,0,-1.7742938586825225,0.3882857577149514,2022Q1,0.16236854937138417,-1.7577416333638527,-0.25249492611148117,1.0062292317491623,-1.0962122939981598,,-0.2876194981849816,T2 Trung tính
-0.0007836130613769,0.7283164245692346,0.0162796479007356,0.0071428571428571,-0.0001537422210337,-0.0047219148095579,-0.004894756052698,0.0258327790440395,1.1220471935457943,0.0278319958571432,0.0244601202574476,0.8674669809296002,0.0253344030107823,0.0302901326975938,0.7595922815478983,0.0297272052986332,0.0640277434124678,1.185842047953683,0.0538673471408885,-0.0050204112327056,-0.0557134552656908,-0.0012440727131419,-0.0115961807762259,0001558370-21-001489,2021-02-24,20.244007012136763,25.4041531473725,0.1909503416111658,1.6133940641590565,IBM,2020,en,US,35,12803,252,75,0.0196828868234007,0.005858002030774,0.0194485667421698,0.0194485667421698,-0.5412844036697247,0.0208544872295555,0.0649847691947199,0.0,0.0,0.5141037306642402,,,,,,,10.754932916041028,6.172138059889067,,0.1169769143592566,9.45743479744618,0,-1.6557418763037501,0.4783400744257433,2021Q1,0.12955571155899462,-1.7830167046097507,-0.15895602808951667,1.0063452179272145,-1.2030841262886887,,0.030730794374805397,T2 Trung tính
-0.000286683185731,0.9803867419523932,0.0114186644902872,0.0,-0.0406069429600123,-1.7780951088698986,-0.0415547797197708,-0.0137696080705758,-0.8526901941349717,-0.0134026798770817,-0.0160305050045453,-0.8105340504130238,-0.0153563706300845,-0.0527880396520259,-1.8873158908565184,-0.0545856856665861,-0.0493442079480613,-1.302940330561413,-0.0500958056371865,-0.0401489735753862,0.0945727517595474,-0.000215938903321,-0.004012522188733,0001558370-20-001334,2020-02-26,20.04088758794783,25.55872440114491,0.1655410027955631,1.0702581157909263,IBM,2019,en,US,35,15442,235,134,0.0152182359797953,0.0086776324310322,0.0158658204895738,0.0166429219013081,-0.2737127371273712,0.0205931874109571,0.0644346587229633,0.0,0.0,0.5156130997715156,,,,,,,10.905965777083162,6.7593780359126905,,0.2013325414340943,9.64484634886876,0,-1.7985363638196452,0.06789984909375249,2020Q1,-0.7827541566944494,-1.8519662867738282,1.7819546092175267,-0.061847657296740764,-1.192929070341963,,0.5964052322617512,T3 Tích cực
-6.880724386647535e-05,0.9376521117547434,0.0136342962517095,0.0,-0.0085866428295722,-0.3148913105249418,-0.0088397510484932,-0.0081118736825271,-0.4207009135747937,-0.0080394033631608,-0.0054377559723792,-0.230264167396757,-0.0053848095661392,-0.0117711732365827,-0.3524612683977968,-0.0116845834874805,-0.013109177255386,-0.2898987661416024,-0.0142589178649619,-0.0088426136577355,0.0790328809319174,-0.0002490898218273,0.0132780096554754,0001047469-19-000712,2019-02-27,19.979324701646604,25.54622219405817,0.1350897921926627,1.4603459663205167,IBM,2018,en,US,35,14157,207,147,0.0146217418944691,0.0103835558381012,0.0150455605001059,0.0170233806597442,-0.1694915254237288,0.0212615667161121,0.0690117962845235,0.0,0.0,0.5289514866979655,,,,,,,7.938512794888489,5.162902126554096,,0.2486989811947569,9.557964480394498,0,-2.0018155942898144,0.3786733708821233,2019Q1,-0.9046421742484603,-1.6756000188416553,2.537954155218073,-0.30640750463340627,-1.392452874933454,,0.9140364930968808,T3 Tích cực
0.0001052296224475,0.8517281856006012,0.0110323293992512,0.0142857142857142,0.0094449667522028,0.4280585908196245,0.0110989965202212,0.0030271171993665,0.1940202310550847,0.006858402053862,0.0009435380804969,0.049377782791958,0.0067641259623771,0.0162589038721674,0.6016562296516584,0.017803869514361,0.0075933804064812,0.2075255599605288,0.0084071749595631,0.0110601427152088,-0.0144772594116029,-0.0008170002734677,0.0131423600817837,0001047469-18-001117,2018-02-28,20.244055437801467,25.69452830764852,0.1220036232558269,1.2491161539990956,IBM,2017,en,US,35,14384,214,145,0.0148776418242491,0.0100806451612903,0.0146690767519466,0.0170328142380422,-0.192200557103064,0.021690767519466,0.0693826473859844,0.0,0.0,0.5236641221374045,,,,,,,9.737992636931578,7.426391933774282,,0.2733382353000342,9.573871756711402,0,-2.1037045358716284,0.2224362244167865,2018Q1,-0.85235140406247,-1.5623461474288296,2.3732274421137634,-0.4186558273076616,-1.271460540253026,,1.0792631258571495,T3 Tích cực
0.0004036315494422,0.993151742371766,0.0074326048845248,0.0,-0.002905949183228,-0.1954865910657,-0.0013259423853168,-0.0045267159413459,-0.4306527238243752,-0.0037729649505839,-2.849368184309163e-05,-0.0022133337016964,0.0011465462440605,-0.00420586258327,-0.2310140571471648,-0.0017829982584149,-0.0359565798303493,-1.4586160437020754,-0.0315801431554245,-0.0013226624555813,0.0375026573694527,0.0006137782159921,-0.0196531239426877,0001047469-17-001061,2017-03-01,19.844364059293817,25.85675857873914,0.1075771661937517,0.9739841771702732,IBM,2016,en,US,35,14137,199,147,0.0140765367475419,0.0103982457381339,0.0145009549409351,0.0160571549833769,-0.1502890173410404,0.0207257551107024,0.069392374619792,0.0,0.0,0.5400313971742543,,,,,,,8.41580458484031,7.505434836476565,,0.3355784542672336,9.556550752867032,0,-2.229546863869446,-0.02636022067661505,2017Q1,-1.0160497743470571,-1.8169854453981225,2.6772452568593037,-0.46878120823914865,-1.360361018919938,,1.4966354114901605,T3 Tích cực
-0.001102574071721,0.8768124258686185,0.0107109010025334,0.0,-0.0107886536762254,-0.5036296047210967,-0.0159130648008702,0.0041843760994167,0.2762420000178013,3.433487665671642e-05,0.0059653586701957,0.3215510472214778,0.0022469672334356,0.0067515873339426,0.2573382002454882,-0.0040226784544767,0.0409360776248785,1.152348602932418,0.0244639221394126,-0.0160520715827415,0.0172332537044648,-0.000568248882024,0.0180640228189237,0001047469-16-010329,2016-02-24,19.926193553128734,25.59745013488698,0.1089805731810249,1.1316997614032358,IBM,2015,en,US,35,14401,195,166,0.0135407263384487,0.011070014606052,0.0144434414276786,0.01527671689466,-0.1030494689645926,0.0213179640302756,0.0702034580931879,0.0,0.0,0.5341426403641881,,,,,,,9.424341265220075,7.632398947967861,,0.279547210112214,9.575052927597383,0,-2.216585640334456,0.12372071615933618,2016Q1,-1.1255376471621894,-1.660718373429088,3.019911366205807,-0.4859288153422687,-1.2925496410322859,,1.1208994512396642,T3 Tích cực
-0.0014671634686835,0.7690894504463928,0.0105348636521116,0.0071428571428571,-0.0213793069322321,-1.014693100842686,-0.0274619832133479,-0.0195126137400766,-1.309699104792526,-0.0219292965200272,-0.0083813039222589,-0.4593270720410608,-0.0129021794738575,-0.0181504311554692,-0.7033676690174423,-0.0251060853603098,-0.0054244928517198,-0.1552508117223411,-0.0132706840593218,-0.0272936450368145,0.0008294744057159,-0.0007950916846093,0.0108623508668259,0001047469-15-001106,2015-02-25,19.96861585162721,25.816537167570694,0.0728446907503553,1.119035162970201,IBM,2014,en,US,35,14533,190,203,0.0130736943507878,0.011070014606052,0.0141058281153237,0.0139682102800522,-0.1030494689645926,0.0211243377141677,0.0712172297529759,0.0,0.0,0.5424739195230999,,,,,,,9.179616996353236,8.278965488375242,,0.3126698007667437,9.58417720462617,0,-2.6194256281957076,0.11246685240194146,2015Q1,-1.2209712893569247,-1.711810845146904,3.019911366205807,-0.5865879492613829,-1.3090042630576937,,1.343013891017795,T3 Tích cực
0.0009343356223295,1.3740311627026658,0.0125511867980677,0.0,-0.0133770702443394,-0.5329006116935057,-0.0044574665934433,-0.0020434595639289,-0.1151241024440106,0.0012374070759283,0.006761525267385,0.3110278331494687,0.012899660338267,-0.0181491821621623,-0.5903324291341671,-0.0091546190689002,-0.0296457836486043,-0.7121669235556498,-0.0093872428326481,-0.0044303839441137,0.037428303168105,0.0009510643173276,0.0031373743371856,0001108524-24-000005,2024-03-07,21.19257696978955,26.409077429403663,0.2024252687013034,1.4522886597938145,CRM,2024,en,US,73,52944,1285,422,0.024270927772741,0.0079706860078573,0.0222121486854034,0.0132781807192505,-0.5055653192735794,0.0286151405258386,0.0639732547597461,0.0,0.0,0.3818849449204406,7019.0,0.0096879897421285,0.0062686992449066,0.0190910386094885,0.0071235218692121,-0.2142857142857142,36.4753810747844,19.512554950500828,4.3641718044711855,0.0047111574979498,10.876990030161393,0,-1.5973845039991894,0.37314069815509415,2024Q1,1.067079200104386,0.26479873196118997,0.10014297052726247,1.8303049219449665,0.5262917739270125,-0.7420784480969209,-0.7221042103384169,T2 Trung tính
-0.0003848383660104,1.3488819068796365,0.0186193965805553,0.0,0.0271633482847656,0.7294368581507339,0.0193543769783122,-0.0089208552084189,-0.3387863395338998,-0.0211818284682051,-0.0124628128517292,-0.3864469143065649,-0.0246150284441899,0.0377706729118905,0.8281585592334564,0.0328835871210788,0.0442827504042704,0.717088309399706,0.0365652329337784,0.0178883789327776,0.1861149440888424,-3.3543913231297306e-05,0.025105002800945,0001108524-23-000011,2023-03-09,21.101263336416757,25.9324787117308,0.3189888000736625,1.9303066,CRM,2023,en,US,73,53031,1236,406,0.0233071222492504,0.0076558993796081,0.0227037016084931,0.0131243989364711,-0.5054811205846529,0.0283796270106164,0.0622466104731194,0.0,0.0,0.3736995422388681,7486.0,0.0086828746994389,0.0058776382580817,0.019369489714133,0.0082821266363879,-0.1926605504587156,35.38143399614119,19.745875482972675,4.513631708422818,-0.0043695542169734,10.878631927203992,0,-1.1425992863005965,0.657678850403491,2023Q1,0.8701345070121964,0.20265342104721185,0.10075373075122995,1.9768610253417573,0.45273762346117674,-0.9116480375167503,-0.7829979132611091,T2 Trung tính
-0.0008691506131687,1.6772388749988982,0.0172117861321054,0.0,-0.0074664672015007,-0.2168998366640568,0.0049109487933343,0.0005294148602482,0.0217497960333224,-0.0150127399651722,-0.0062188624156743,-0.20860483985712,-0.0255367509034241,0.0174198565089565,0.4131835351266577,0.0443195527874213,-0.0433739124425986,-0.7598122914025743,-0.0086250385629633,0.0039926789745114,-0.0101608346373401,-0.0006606896155707,-0.0450745128771674,0001108524-22-000013,2022-03-11,21.19644002020981,26.012282556036784,0.2933708898764707,1.533858383838384,CRM,2022,en,US,73,54836,1213,421,0.0221205047778831,0.0076774381792982,0.0230140783426945,0.0131847691297687,-0.4847001223990208,0.0284667007075643,0.0617477569479903,0.0,0.0,0.3689104507782494,7603.0,0.0071024595554386,0.0067078784690253,0.0199921083782717,0.0061817703538077,-0.0285714285714285,34.84282176864302,20.487626089229757,4.883131335376255,-0.011167887058109,10.91210219155579,0,-1.226317634703819,0.42778638045556316,2022Q1,0.6276602650407637,0.22562969043095144,0.2514948796686816,2.069399595682592,0.41652274104357817,-1.178274578458663,-0.8285863729979565,T2 Trung tính
-0.0011662733390625,1.554369167506086,0.0167184457139563,0.0,-0.0015219503927546,-0.0455171018524806,0.0066184750577409,0.001680631357101,0.0710823152829827,0.0103967033298554,0.0517617870911785,1.7875275143478608,0.067603205571424,-0.0139948421455931,-0.341740522953073,-0.0154983769911797,0.01291692618262,0.2329522640900957,-0.0101105159755673,0.0070461984166814,-0.0910985260006733,-0.0010902729820862,-0.057228760253621065,0001108524-22-000008,2022-02-25,21.27338457472324,26.02769271927153,0.2835324516285336,1.5620550253807106,CRM,2021,en,US,73,58151,1259,431,0.0216505305153823,0.0074117384051864,0.0234045846159137,0.0123471651390345,-0.4899408284023668,0.0269298894258052,0.061856201956974,0.0,0.0,0.3933759442184776,9519.0,0.0075638197289631,0.0064082361592604,0.0203802920474839,0.0063031831074692,-0.0827067669172932,36.251327177898965,19.32609713482258,9.658519728735143,0.045288016940467,10.970798354703502,0,-1.2604286945397567,0.4460022783134799,2022Q1,0.5316253963524944,-0.17989104934877068,0.2134798605138676,2.185828722774905,0.5112269738414289,-1.1004400501942497,-0.45000271631478667,T2 Trung tính
0.0008925965386449,0.8775703816834958,0.012053501713239,0.0071428571428571,-0.0083516368072323,-0.3464402712972317,0.0065429611652096,-0.0311350463499887,-1.826506763794068,-0.0179610156156827,-0.0369218025364033,-1.7685161657168245,-0.0187021083180988,-0.0474727685033366,-1.6078876534100464,-0.0305185598813536,0.0409256379522181,1.0237310634073102,0.0807523468854768,0.0048206984981205,0.0199971109217235,0.00014623277765,-0.003092329575415,0001108524-20-000014,2020-03-06,20.64076977190576,25.74577703558464,0.2232331004305661,1.5316443575418994,CRM,2020,en,US,73,51807,973,363,0.0187812457775976,0.0070067751462157,0.0207114868647094,0.0117358658096396,-0.4565868263473054,0.0261933715521068,0.0619221340745459,0.0,0.0,0.4054764512595838,7964.0,0.0056504269211451,0.0089151180311401,0.0177046710195881,0.0065293822199899,0.2040245758412716,27.918965142254155,17.49986978904524,5.561125147727738,0.0489358853781595,10.85528055425278,0,-1.4995387600501542,0.4263419017724648,2020Q1,-0.054686248791987094,-0.37423714541678466,0.45542303118654603,1.3828838231651022,-0.049019333197273814,-1.4232421365627352,-0.4255407331663885,T3 Tích cực
0.0014835322443459,1.8077445863979131,0.0150966442921449,0.0,-0.0195996860431409,-0.6491404865828051,0.0044580142243949,-0.0123934103689493,-0.5804908921694311,0.0006982099148528,-0.00677730079005,-0.2591884898255422,0.001234347369473,-0.0193996344728588,-0.524611129195731,0.0109505182348367,-0.012493208376023,-0.2495153215940078,0.0192238001871662,0.0045058539798179,-0.0003007857602582,0.0011198602268888,0.0251519771920764,0001108524-19-000009,2019-03-08,20.62873311248528,25.51048758249757,0.1300767822969143,1.8653035019455253,CRM,2019,en,US,73,52829,930,373,0.0176039675178405,0.0070605160044672,0.0194779382536107,0.0119063393212061,-0.4274750575594781,0.0273334721459804,0.0606674364458914,0.0,0.0,0.3787911378791138,10245.0,0.0044939045652025,0.0086871644704734,0.0137628111273792,0.006539775500244,0.2040245758412716,25.823158486429907,15.879083419994023,3.634813414522312,0.1303403841564431,10.874815561340181,0,-2.0396303698284197,0.6234237754834006,2019Q1,-0.29525210974726535,-0.07339706066564095,0.6665939015603467,1.0151023101251324,-0.18993591053389502,-1.6183551462409753,0.12034394204349877,T3 Tích cực
0.0009213463210354,1.097279633736428,0.0092764025704903,0.0071428571428571,0.0104218745556426,0.5617411747952918,0.012731335322673,0.0011987572356766,0.0913769496205211,0.0022984706748649,-0.0104824055834453,-0.6524102031329883,-0.0067707394582932,0.0046113246882541,0.2029413241230271,0.007547409888987,-0.025975371602114,-0.8442787123722729,-0.0203134271153759,0.0125906470447403,0.159027083943728,0.0010430032294395,-0.0014081748317688,0001108524-18-000011,2018-03-12,20.141242790526963,25.258018040160454,0.1007344841774485,1.495454955570745,CRM,2018,en,US,73,55443,905,375,0.0163230705409158,0.0067637032628104,0.0183972728748444,0.0106054867160867,-0.4140625,0.0275778727702324,0.0636148837544866,0.0,0.0,0.3951740506329114,11857.0,0.0053133170279159,0.0079278063591127,0.0116386944421017,0.0059036855865733,0.197452229299363,26.2388877280132,14.725243115761236,5.501193623744728,0.0750304159196093,10.923110744953865,0,-2.2952670932165593,0.40243047865480835,2018Q1,-0.5569914916606635,-0.008906694720479698,0.7638858756212977,0.6929028082031287,-0.16198335982514317,-1.4801148165609108,-0.2505552650023875,T3 Tích cực
-0.0004982502415383,1.024661543196601,0.0163660618065278,0.0142857142857142,0.0153597316887971,0.4692555811646348,0.0133388872638171,0.0181662895669959,0.7848868404430441,0.017041608519928,0.025427941775987,0.8970288150475241,0.023724188670642,0.0194443491011692,0.485035579944386,0.0163527138994055,0.0075439548476888,0.1389819980182007,0.0017395057125553,0.01338342143277,0.0312406712953073,-0.0001106163832552,-0.0223586391530923,0001108524-17-000006,2017-03-07,19.73816185396188,24.7900464808223,0.1284955905343184,1.8692650176678445,CRM,2017,en,US,73,54663,867,350,0.0158608199330442,0.0064028684850813,0.018385379507162,0.0094579514479629,-0.4248151191454396,0.0276055101256791,0.0630408137131149,0.0,0.0,0.3909182643794147,11479.0,0.0068821325899468,0.0067950169875424,0.0121090687342102,0.0054882829514766,-0.0063694267515923,26.54399809044562,13.723123246030005,7.60620882743248,0.1477405691798776,10.908942342717989,0,-2.0518606901436605,0.6255453149262513,2017Q1,-0.6514481033734086,-0.0016139835337994194,0.6858885556958276,0.6893568103218793,-0.14146853424978337,-1.2154452022079478,0.2370266130587696,T3 Tích cực
-0.0001048815278906,1.309308930465,0.0177587510769541,0.0,0.0023196918395505,0.0653112324593844,0.000308184760723,-0.0037581020378644,-0.1496377433215731,-0.0071707882842273,-0.0043097053193247,-0.1401117407107034,-0.0068047310775667,0.0041047010057053,0.0943612059870101,0.006564675420136,-0.0154329270812619,-0.2620230766723472,-0.0086257856967599,0.0001440154353886,-0.0200021958667461,0.0008275656443436,-0.0155963647741425,0001108524-16-000053,2016-03-07,19.78468654019904,24.58765520876903,0.1049388138462493,1.6751949619913549,CRM,2016,en,US,73,49757,863,348,0.0173442932652692,0.0069939907952649,0.0177663444339489,0.0100689350242176,-0.4252683732452518,0.0307695399642261,0.0612778101573647,0.0,0.0,0.3314410480349345,13658.0,0.0088592766144384,0.0076145848586908,0.0137648264753258,0.0052716356714013,-0.0755555555555555,23.45851030249368,15.293909891769854,6.359053621761345,0.0812536341510713,10.814906436206515,0,-2.2543778239487895,0.5159295537223512,2016Q1,-0.34831412768567743,0.8332834017482931,0.6826007423219508,0.5047920077655046,-0.34892869155190404,-0.8818878617867223,-0.20882342568114168,T3 Tích cực
0.0002570323129312,1.5938708168686126,0.0146614621397842,0.0071428571428571,0.0163915962903782,0.5590027834229164,0.0001330160485305,0.0143372791015345,0.6914717768120504,0.0087763271227022,0.0231171488060862,0.910324765623062,0.0185235461378215,0.0200294321615423,0.5577193707524656,0.0081609501895393,0.0240169846598587,0.4939066287152777,0.0291784232532336,-0.0001821779078854,0.0958944380242917,-0.0001772580049344,-0.0258753711271526,0001108524-15-000008,2015-03-06,19.47945617721241,24.47682876147582,0.0931548478559178,2.0148295419612667,CRM,2015,en,US,73,48449,777,285,0.0160374827137815,0.0058824743544758,0.0179983074986067,0.0095977213151974,-0.4632768361581921,0.0299077380338087,0.061920782678693,0.0,0.0,0.3486176668914362,13846.0,0.0086667629640329,0.006066734074823,0.0144446049400548,0.0051278347537194,-0.1764705882352941,19.663987977205533,13.814972134999318,5.511282738298374,0.0540402201097458,10.788266977271027,0,-2.373492139746967,0.7005345972601593,2015Q1,-0.6153487075045073,0.6058784103127611,0.40689505595870884,0.5739516064401345,-0.604062483221589,-0.9143661943859634,-0.39131193563145594,T3 Tích cực
0.0007463413317157,0.6962386590851398,0.0078925793583734,0.0,0.012807520297906,0.8113646829738993,0.0107110465776025,0.0122281404750594,1.095535522495927,0.0151609927384008,0.0101559149955091,0.7429155907445388,0.0152942170293315,0.0098299829381355,0.5084616254792778,0.0098581374763491,0.0335259547032354,1.2807543924282945,0.0372273705074817,0.0110774365262793,-0.0217440695556361,0.0002744432132163,-0.0010797575888484,0000019617-24-000225,2024-02-20,21.110504825617458,26.968738497881333,0.6358255326792215,0.9256504939905498,JPM,2023,en,US,60,141983,3179,534,0.0223900044371509,0.0037610136424783,0.0215659621222259,0.0103463090651697,-0.7123619714516564,0.0326236239549805,0.060239606150032,0.0,0.0,0.2973833902161547,48466.0,0.0167127470804275,0.0033425494160855,0.0297734494284653,0.0067469978954318,-0.6666666666666666,78.96605664082905,35.058226579733144,47.1869198879138,0.1211310431128367,11.86346261110673,0,-0.45283107296130126,-0.07725855187826683,2024Q1,0.6827300134384694,1.3225233757572303,-1.3999180305443195,1.6376449247845435,3.3832540575652263,0.44304481345708646,0.058587672796285,T1 Tiêu cực
0.0014464083391473,0.8385009159902987,0.011164229013105,0.0,0.0154206839559576,0.6906291485894891,0.0218052647096227,-0.0056944134006172,-0.3606660456113433,-0.0034081668151144,-0.0086853932036474,-0.4491590147655815,-0.001716097304338,0.0218259861695451,0.7981224257353802,0.0323568210600891,-0.0274072219183407,-0.7401844159627966,-0.0113408888354954,0.0218965772652326,-0.0149511004525106,0.0001533299950975,0.017297773066481,0000019617-23-000231,2023-02-22,20.90967597526238,26.741812182003716,0.7113034106032025,1.0765500953379752,JPM,2022,en,US,60,131106,3021,492,0.023042423687703,0.0037526886641343,0.0223025643372538,0.0109605967690265,-0.7198975234842016,0.0341326865284578,0.0609125440483273,0.0,0.0,0.2817590883556697,44733.0,0.0176603402409854,0.0034426486039389,0.0298613887113509,0.0073994590123622,-0.673728813559322,78.96605664082905,35.058226579733144,46.21521782312992,0.1395000406121835,11.783761435294922,0,-0.3406562023670514,0.07376157212084873,2023Q1,0.8160458182722785,1.720722021507627,-1.454579397672414,1.8572622748541616,3.3832540575652263,0.6029100789722331,0.18176703492432947,T1 Tiêu cực
0.0001049806811462,0.8015903457943785,0.0123849167667955,0.0,-0.0804460860965933,-3.247744317195266,-0.0832949242186473,-0.0462221962834413,-2.6390188201332223,-0.0453266766345061,-0.0399713513201084,-1.8633528895736549,-0.0369583927274049,-0.1001851886632039,-3.3024389886259238,-0.1034528629334174,-0.1221116563300116,-2.9728136556710787,-0.1200445063661865,-0.0823773134550837,-0.018982616816185,-0.0001871134532559,-0.0110802466969389,0000019617-22-000272,2022-02-23,21.42597588487359,26.829047607061,0.6558847947235178,1.110785266952098,JPM,2021,en,US,60,131813,3005,509,0.022797447899676,0.0038615311084642,0.0220919029230804,0.0107955967924256,-0.7103016505406944,0.0337068422689719,0.0606237624513515,0.0,0.0,0.2853466302074955,44580.0,0.0170255720053835,0.0040376850605652,0.0298613887113509,0.0073575594436967,-0.6166134185303515,78.96422696146632,35.058226579733144,44.385852127037545,0.1604247799469158,11.789139530480886,0,-0.421770123260175,0.10506721290566719,2022Q1,0.7659872948335861,1.6083538464510236,-1.3849728802448604,1.794453745910316,3.383131034693483,0.49582045786803064,0.32208476560285926,T1 Tiêu cực
0.0017363851509001,0.8629833970895358,0.0184485509629009,0.0,-0.0119231915123363,-0.3231471007211671,-0.0057878788018008,0.0118787227379478,0.455294587457232,0.0171501365343738,0.01709013911938,0.5348385594567406,0.0239258016258943,0.0189298507736717,0.4188989819649396,0.0314354339670893,0.0070884917513185,0.1158497858865093,0.0254117400169313,-0.0059992534161583,0.0821312525572406,-0.0002205903085052,-0.0387531995031231,0000019617-21-000236,2021-02-24,21.143102187895337,26.853594937349545,0.6078365255339104,1.6138766551171055,JPM,2020,en,US,60,143188,3232,511,0.0225717238874766,0.0035687348101796,0.0214612956392993,0.010503673492192,-0.7269569863745659,0.0322094030225996,0.0598653518451266,0.0,0.0,0.3003640776699029,50548.0,0.0165980849885257,0.0035411885732373,0.0289823534066629,0.0069636780881538,-0.6483300589390962,78.96605664082905,35.058226579733144,51.00723611683482,0.1750353847676888,11.871913731114677,0,-0.49784930564577595,0.4786391450669285,2021Q1,0.7198626926989713,1.2132222657737861,-1.5057873106575266,1.6064386982046024,3.3832540575652263,0.4237005563123733,0.4200609878867235,T1 Tiêu cực
0.0004784482424453,1.2001532869244331,0.0074386306152347,0.0,-0.0250924790461846,-1.68663295330151,-0.0252084194684824,0.0179762763536153,1.7088020050480366,0.0093374673521288,0.009195734653628,0.713728124474292,-0.0050252667458163,-0.0557805800117416,-3.061360028314529,-0.0521185244860713,-0.1120222234169819,-4.5406168086730805,-0.1312708579444175,-0.0254006038008987,-0.016229138890761,0.0003110991295163,0.0001209173974363,0000019617-20-000257,2020-02-26,20.887238755389543,26.684581164865985,0.6733221734876015,0.908189960024081,JPM,2019,en,US,60,129934,2973,475,0.0228808471993473,0.0036557021256945,0.0211799836840241,0.0106977388520325,-0.724477958236659,0.0325934705311927,0.0611849092616251,0.0,0.0,0.3048830529339351,41387.0,0.017106820982434,0.0042283808925508,0.0298613887113509,0.0077318964892357,-0.6036240090600227,78.96605664082905,32.89034473194838,44.67155905712961,0.2323817431507632,11.77478190821065,0,-0.39553135142066165,-0.09630171518661307,2020Q1,0.7830291659139481,1.3145667457751,-1.487804942997962,1.52256576801242,3.3832540575652263,0.5095277004164734,0.8046158796953016,T1 Tiêu cực
-0.0003534873224072,0.8254312650843014,0.0084620663102899,0.0071428571428571,-0.0087627963988436,-0.5177693058365684,-0.0101148094690733,-0.0053537338728094,-0.4473684543842801,-0.0054724890921953,-0.0119821598921193,-0.8175193842166021,-0.0123164133385015,-0.0062502300284021,-0.301539320366502,-0.0069727838415782,-0.0097370961625712,-0.3469418518606765,-0.0147254335801551,-0.0100572838879748,-0.013478037900197,-0.0002854149317483,-0.0135278690560497,0000019617-19-000054,2019-02-27,21.03891177305539,26.56607060174364,0.7440718900810157,1.121325762495032,JPM,2018,en,US,60,137961,3135,501,0.022723813251571,0.0036314610650836,0.020911706931669,0.0110031095744449,-0.7244224422442245,0.0325744232065583,0.060372134153855,0.0,0.0,0.299071980035873,48268.0,0.0178379050302477,0.0040606613076986,0.0285074997928234,0.0074376398442031,-0.6291390728476821,78.96605664082905,34.670493899537504,48.97274988842346,0.1769543344574049,11.834726315502326,0,-0.2956176223641021,0.1145117017804106,2019Q1,0.7509407394668259,1.309540699136684,-1.4874022412408996,1.4425792729469953,3.3832540575652263,0.6328664393208522,0.4329291369919453,T1 Tiêu cực
0.0009559811947951,1.161587366096923,0.0077741327149377,0.0,-0.0135493907290564,-0.8714406626363479,-0.0110693167981336,-0.0073166210179924,-0.6654931845006319,-0.0093506525161924,-0.0053840455608084,-0.3998491237342921,-0.0085153684991391,-0.0208293496390687,-1.0938257286609792,-0.0160890951484996,-0.0329970591304353,-1.2797553155238672,-0.0221066659017465,-0.0110929332225235,0.0564355181462011,0.000409565538212,0.0167803643508393,0000019617-18-000057,2018-02-28,21.05432084144172,26.72164306283742,0.6348289288317412,1.009823052664654,JPM,2017,en,US,60,135043,3035,512,0.0224743229934169,0.00379138496627,0.02034166894989,0.011314914508712,-0.7113053284465746,0.0336559466244085,0.0608472856793762,0.0,0.0,0.2877291960507757,47499.0,0.017474052085307,0.0042948272595212,0.0275795279900629,0.0069054085349165,-0.6054158607350096,78.16730944858851,33.08737195915874,48.54474015364665,0.1657366498792544,11.81334852522283,0,-0.45439971979964494,0.009775120123133958,2018Q1,0.6999597260527337,1.5949239349974258,-1.392253356347305,1.2726229132683926,3.3295483780957116,0.5714820287187675,0.35770525877326087,T1 Tiêu cực
0.0018974636747222,1.0568157591428575,0.009361290197699,0.0071428571428571,0.0020495976640503,0.1094719649089698,0.009925838479604,0.0052332105534352,0.3952915240914773,0.0094720947764908,0.0081618119502727,0.5033733841221285,0.0141516674367758,-0.003988625677212,-0.1739449989940862,0.0073872375268412,-0.0177405241256095,-0.5713923155529935,0.0036584825578459,0.0094081748106447,0.0030912239823059,0.0009003187939108,0.0303443839032879,0000019617-17-000314,2017-03-01,20.790506954531036,26.503056155905423,0.7852852117786101,1.0915196281027713,JPM,2016,en,US,60,135089,2913,500,0.0215635617999985,0.0037012636113969,0.019535269340953,0.011740408175351,-0.7070026369762672,0.0308537334646048,0.0609227990435934,0.0,0.0,0.3276334892724633,47206.0,0.0181756556369952,0.0043426683048764,0.0266703385162903,0.0073295767487183,-0.6142991533396049,68.71720257317043,30.841066745780427,47.16451210031693,0.2840531607018783,11.813689099463902,0,-0.24170830008052926,0.0875708795330932,2017Q1,0.5138541483751512,0.8554996692649748,-1.361042504497085,1.0321955270906138,2.694147821155758,0.6898472119488449,1.1511155868472318,T1 Tiêu cực
-3.080481799195257e-05,1.232955010068377,0.0075193037034067,0.0142857142857142,-0.0034246519221861,-0.2277240059232174,-0.0021974376752413,-0.0035511253509689,-0.333943795271349,6.517319550103373e-05,-0.0299945190964493,-2.303051500194416,-0.0293103336918234,0.0231289369676062,1.255747785927792,0.0308086859456835,0.0108786661576061,0.4362160899161914,0.0187542735899119,-0.0024973373884771,-0.0122224639637187,0.0006759694179508,0.0016424025934217,0000019617-16-000902,2016-02-24,20.635831754768567,26.05102191162874,1.2019550186592638,1.1037319413405815,JPM,2015,en,US,60,137874,3071,520,0.0222739602825768,0.0037715595398697,0.018988351683421,0.0116265575815599,-0.7103870788081315,0.0317681361242873,0.0614981794972221,0.0,0.0,0.3187650672680612,49854.0,0.018955349620893,0.0045332370521924,0.0252537409234966,0.007421671280138,-0.61400512382579,69.98824700262215,30.02099006098798,48.35403467503794,0.2317918634228408,11.834095503582992,0,0.18394941333231293,0.09869711161585093,2016Q1,0.6590174699318005,1.0967844954581738,-1.3855925595821308,0.869132473242872,2.779609535929573,0.8213867702156005,0.8006602469167392,T1 Tiêu cực
-0.0002550828859648,1.2876114528548686,0.0075018647479031,0.0071428571428571,0.0154094967757376,1.027044427856739,0.014655741598189,0.0158547607560956,1.4944296146980218,0.0146998414704602,0.0373258505089076,2.872631080835346,0.0367093024418985,0.0332339698911991,1.80857851338921,0.0294025283767197,0.0401012678711093,1.6117308964375607,0.0269664701700657,0.0147172437353344,-0.0282491462763669,-0.0003539495665502,0.0127959247467312,0000019617-15-000272,2015-02-25,20.492183863795614,26.14714024734744,1.0234129737744486,1.0583838779042494,JPM,2014,en,US,60,141811,3244,551,0.0228755174140228,0.0038854531735902,0.0186092757261425,0.0116775144382311,-0.7096179183135705,0.032712554033185,0.0611800212959502,0.0,0.0,0.3031918888471648,53137.0,0.0202119050755594,0.0047236388956847,0.0241827728324896,0.0075465306660142,-0.6211320754716981,72.19099211990077,31.637964403168223,50.8639402005473,0.1904802300129086,11.862250464119407,0,0.02314309443811587,0.05674310118582172,2015Q1,0.7819400738622871,1.345989491298026,-1.380013225249086,0.7561112855324127,2.9277163767057712,1.0333760286400513,0.5236314840741279,T1 Tiêu cực
0.0003216796408745,1.1255208273935131,0.0137944352818562,0.0,-0.0328556828512534,-1.1909035121745233,-0.0291905604622438,-0.0361670608066566,-1.853934099470567,-0.0327136562006767,-0.033543166686556,-1.4039107741821022,-0.0305218754260524,-0.0127435914808377,-0.3771484174683657,-0.0084290603791197,0.0170272889579669,0.372173320859561,0.0238278177010089,-0.0292026856106615,-0.0714111060238416,-0.0009701486327779,-0.005898916032469,0000070858-24-000122,2024-02-21,20.97568700281491,26.311844856909627,1.0908549188905083,1.5374693152123395,BAC,2023,en,US,60,101808,2617,343,0.0257052490963382,0.0033690869086908,0.0226111896903976,0.0116100895803866,-0.7671416841621089,0.0266187333019016,0.0644251925192519,0.0,0.0,0.4152551515805373,34106.0,0.0200551222658769,0.0046032956078109,0.0294376356066381,0.0074473699642291,-0.6266349583828775,64.52809532419668,25.31737073434305,42.59896349673383,0.0816011084290221,11.530843965472574,0,0.08696171807294549,0.4301377629139104,2024Q1,1.3601694200570307,-0.2619962909292118,-1.7972789637188773,1.9492786723600717,2.4124831676053344,1.0069257263992166,-0.2064933224778828,T1 Tiêu cực
0.0004716229877538,0.9417049287590046,0.0118467665837944,0.0,0.0032796277357401,0.1384186863370133,0.0054675704565227,0.0016267837645659,0.0970990542704119,0.0028736375871459,-0.0040256239980743,-0.1961881398189914,-0.0022154166201142,-0.0176955989698605,-0.6098033566443236,-0.0147309551672114,-0.0948128277088482,-2.413075581722007,-0.0885843629851647,0.0055283435657986,-0.0077305752462073,-0.0006537450844315,-0.0098333735795886,0000070858-23-000092,2023-02-23,20.91651226524787,26.33804095943412,0.9954285054191356,1.373240915408283,BAC,2022,en,US,60,100537,2534,337,0.0252046510240011,0.0033519997612819,0.022926882640222,0.0113092692242656,-0.7652385928247997,0.0263087221619901,0.06436436336871,0.0,0.0,0.4197016235190873,34020.0,0.0200176366843033,0.0045267489711934,0.029482657260435,0.0075837742504409,-0.6311377245508982,63.60001944113419,24.54507223203245,42.7411264822912,0.0528297198656946,11.518281097931277,0,-0.004581975817692844,0.31717357782332256,2023Q1,1.2578768607013742,-0.34379940383515406,-1.7834743248791902,2.043402268056114,2.3500817640281544,1.000601659594297,-0.39942934366765237,T1 Tiêu cực
0.0017588437549718,0.8784211330949725,0.0137549605491322,0.0071428571428571,-0.0506239514834001,-1.840207076660564,-0.045591564884157,-0.0439539534198323,-2.2595585361443904,-0.0400161784901456,-0.0455060903072829,-1.9100711626784488,-0.0385763038302462,-0.0798189501259784,-2.3690325987599263,-0.0716541823121912,-0.1079997646436625,-2.3673753287389103,-0.088093417824236,-0.0459214743287202,0.0061776244047259,0.0009184602998907,-0.037182182725378,0000070858-22-000062,2022-02-23,21.48563392728914,26.63042486571351,0.734553347329753,1.4942605090543852,BAC,2021,en,US,60,103876,2631,400,0.0253282760214101,0.0038507451191805,0.0231333513034772,0.0114463398667642,-0.7360607060376113,0.0257614848473179,0.0642881897647194,0.0,0.0,0.4278383579217447,34237.0,0.0192189736250255,0.005812425154073,0.0290913339369687,0.0076525396500861,-0.5355892648774796,64.02901684445173,26.68826749763599,40.99280824168095,0.0843725176015868,11.550953159066886,0,-0.30849265519595603,0.40163144169357023,2022Q1,1.2831384789218838,-0.48819974974289915,-1.5718238479389108,2.1049607317308485,2.3789264313517395,0.8658618922099337,-0.18790872557299065,T1 Tiêu cực
0.0012374393095248,0.935586854595414,0.0201802109134171,0.0071428571428571,-0.0147754557110066,-0.3660877424522594,-0.0089548900825243,-0.0214529087353023,-0.751701620364271,-0.017095296891777,-0.0090989917833749,-0.2603196457175256,-0.0042351337784094,0.0397510899418702,0.8041697176739674,0.0497524155905357,0.0125390593449031,0.1873453483238111,0.0258472073354555,-0.0093176519352701,0.0534903602081101,-0.0003819993766264,-0.0117497965327265,0000070858-21-000023,2021-02-25,21.036277170797387,26.47289863766621,0.8689762949994636,1.9848742832498516,BAC,2020,en,US,60,106815,2613,344,0.0244628563404016,0.0032205214623414,0.0218508636427468,0.0108786219163975,-0.7671416841621089,0.02568927585077,0.0638767963301034,0.0,0.0,0.4263614508205289,39311.0,0.0197145837043066,0.0041209839485131,0.0259469359721197,0.0072244409961588,-0.6542155816435432,59.08368584355828,26.65608062074485,41.36430343055724,0.0655530984140932,11.578853645084335,0,-0.14043943257043948,0.6855555787581212,2021Q1,1.1062980175237376,-0.5072536479322319,-1.7972789637188773,1.722588080929186,2.046415263632158,0.9494746072590889,-0.31410853866666544,T1 Tiêu cực
0.0003062023557035,1.341814497546031,0.0090455963148785,0.0,-0.0045600327684664,-0.252058162321813,-0.0300402483492224,0.0083045377517604,0.6491772078343452,0.0040175023909325,0.014815106512479,0.9455988787586752,0.0124427793438841,-0.0042937454832494,-0.1937864782159535,-0.0455487528849443,-0.1038294863537636,-3.460884937552309,-0.1374098769968915,-0.0286638309434216,-0.0529602781422722,-0.0001898909705395,0.0056061925600978,0000070858-20-000011,2020-02-20,20.958535744401622,26.4371787679771,0.8738029876447122,1.4515137317433486,BAC,2019,en,US,60,98568,2462,314,0.0249776803830857,0.0031856180504829,0.022218164110056,0.0119917214511809,-0.7671416841621089,0.0255863972080188,0.0648283418553688,0.0,0.0,0.4340215439856373,34772.0,0.0203899689405268,0.0043425744852179,0.026371793396986,0.0074197630277234,-0.6488372093023256,54.19147357173055,23.715604509828985,35.74639826291303,0.0599648847058415,11.498501944304504,0,-0.13490034333044057,0.3726069648190238,2020Q1,1.2114975215851909,-0.5344003925007951,-1.7972789637188773,1.8320984159024851,1.717475660814143,1.0634165863778329,-0.35158214603375865,T1 Tiêu cực
-0.0001649553538802,0.973085114494616,0.0119399734865878,0.0142857142857142,-0.0026559972347907,-0.1112229117499394,-0.0033062693673053,0.0015915475602561,0.0942543192162194,0.0013523281122742,0.0032090438263417,0.1551713928896806,0.0028261440867395,-0.0014071270660982,-0.0481121017433844,-0.0021812594617065,0.0011544735910839,0.0291530701570012,-0.0008296289665733,-0.0034265899638942,0.0465284607464945,-0.0003452576707178,-0.0080091700292545,0000070858-19-000012,2019-02-27,21.229850226833527,26.36837728020539,0.9378587256700958,1.696992243361484,BAC,2018,en,US,60,102473,2605,338,0.0254213304968137,0.0032984298302967,0.0213714832199701,0.0124423018746401,-0.7671416841621089,0.0262312999521825,0.066397978003962,0.0,0.0,0.4336283185840708,38239.0,0.0214440754203823,0.004445722953006,0.025079107717252,0.0070870054133214,-0.6565656565656566,55.83957816262925,24.86250930927603,39.71900440629688,0.130442853141576,11.537354628226725,0,-0.06415595361109137,0.528857415446996,2019Q1,1.3021532953475499,-0.3642289205684137,-1.7972789637188773,1.579661198579961,1.8282899181297252,1.2412513569286485,0.12103108156905132,T1 Tiêu cực
0.0012578012856764,1.3076158610908195,0.0099497518537499,0.0142857142857142,0.0027757045957808,0.1394861216933113,0.009032055923117,-0.0159433221550822,-1.1330565200228102,-0.0048804923919341,-0.0241222868416239,-1.3997342854567842,-0.0115021760392933,0.0001820766893058,0.007470789044295,0.0064153393947691,-0.0177754551455052,-0.5386567886497681,0.0055222654218546,0.0092875387988327,0.0718808960177536,0.0003635607112988,0.0336537084963966,0000070858-18-000009,2018-02-23,21.391972260056825,26.50592882599096,0.8229435562259225,1.8443754776052892,BAC,2017,en,US,60,109570,2708,389,0.0247147941954914,0.0035502418545222,0.020991147211828,0.0128319795564479,-0.7487891507910881,0.0260837820571324,0.0660673542027927,0.0,0.0,0.4338912548281667,42639.0,0.0211543422688149,0.0048312577687093,0.0245784375806186,0.0073641501911395,-0.628158844765343,55.92028649476541,26.217866791674712,41.27275905392463,0.1335145118273794,11.604318893399439,0,-0.1948676636145526,0.6121407256674096,2018Q1,1.1577791746032953,-0.4031546928096153,-1.664153406362047,1.4662643277314789,1.8337165360362813,1.1923714481958836,0.1416291004650626,T1 Tiêu cực
0.0030134794380383,1.3585112901617002,0.0134655238298673,0.0285714285714285,0.0101059987628243,0.3752545719910543,0.0270381170923131,-0.0096453492160422,-0.5065002983729489,-0.0027180439964066,-0.0216994147693826,-0.9303880871364424,-0.0116084186415564,0.0090903028367893,0.2756001652669931,0.0301291924137058,-0.005075494856293,-0.1136472147577425,0.0294510964380663,0.0269904362487671,0.0401595258752238,0.0017277882717228,0.0467019629718927,0000070858-17-000013,2017-02-24,21.387629389287103,26.230293077882056,1.082877648366263,2.451857131379748,BAC,2016,en,US,60,118049,3015,429,0.0255402417640132,0.0036340841514964,0.0206693830528001,0.0134689832188328,-0.7508710801393729,0.025489415412244,0.0657608281306914,0.0,0.0,0.441329372447085,48309.0,0.0233496863938396,0.0049473183050777,0.0239085884617773,0.0072657268831894,-0.6503291880029262,58.650778540384735,26.55496373150622,50.40386725826205,0.0842108820658177,11.67885507149091,0,0.07962198690566884,0.8968457502180854,2017Q1,1.3264517066484036,-0.5599911270526302,-1.679255299886218,1.3703306059595315,2.0173077048324406,1.5627405961090697,-0.1889926258889426,T1 Tiêu cực
-0.0012811384941635,1.3668771030427171,0.0112546575263601,0.05,0.0564924700201344,2.509737408171707,0.0606227491636667,0.0361142218465252,2.2689816287295086,0.0370292650631715,0.0288598612260729,1.4804758482097684,0.0301226220726262,0.0759356392044224,2.75446807847134,0.080289357330277,0.0683636278485456,1.8314559376463888,0.0656362313213597,0.0622284106585224,-0.20365070370241917,-0.0004385969192049,0.0139206083758391,0000070858-16-000137,2016-02-25,21.08858714321244,25.55357682176447,2.045550446886134,2.198335439512442,BAC,2015,en,US,60,134563,3673,484,0.0272957648090485,0.0035968282514509,0.020377072449336,0.0153311088486433,-0.7671397642530671,0.0263148116495619,0.0642227060930567,0.0,0.0,0.4186981859968809,57463.0,0.0236325983676452,0.0047856881819605,0.0237022083775646,0.0091189112994448,-0.6631965707287202,65.95472537190507,29.70440615031596,56.91555996818074,0.008766034268774,11.809787769845286,0,0.715666920457262,0.7877004555806678,2016Q1,1.6851765104538208,-0.34219256145033694,-1.7972650370878176,1.2831784377738773,2.508406053855346,1.6104697268081751,-0.6949128987736072,T1 Tiêu cực
0.0002190323569067,1.2613515909088409,0.010543703099785,0.0357142857142857,-0.0243907733324723,-1.1566511832531396,-0.024258438947153,-0.0364754772822274,-2.446204819045469,-0.0371958097909211,-0.0290131857660376,-1.5886990039023323,-0.0297146090112974,-0.0200817513493279,-0.7775579964927716,-0.0203456972102983,0.005835742990504,0.1668809050316493,0.0023528032456385,-0.0244129965560748,-0.0554723067316582,-0.0005297477828577,0.0127569101259549,0000070858-15-000008,2015-02-26,20.90548443737304,25.87925699014912,1.403552728939301,1.960461674443344,BAC,2014,en,US,60,147459,4114,524,0.0278992804779633,0.0035535301337999,0.0196664835649231,0.0165334092866491,-0.7671416841621089,0.0257020595555374,0.0640517025071375,0.0,0.0,0.427276161692482,62704.0,0.0243684613421791,0.0044335289614697,0.0221995406991579,0.0095049757591222,-0.6921373200442967,71.38266136752512,30.14656346623247,60.59608773426928,-0.0814317267388105,11.90130545002058,0,0.33900668571814224,0.6731799936906872,2015Q1,1.808499323297103,-0.503880392233284,-1.7972789637188773,1.0713169410258994,2.873366323629947,1.7346147024191927,-1.2997636897156364,T1 Tiêu cực
0.0003529539716852,0.942796316872586,0.0128666562719666,0.0071428571428571,0.0255922543495106,0.9945184595188916,0.0259201588120778,0.0088618182810349,0.4870147820623259,0.0082871025570914,0.0114735853188382,0.5148406417628558,0.0115953501034127,0.0357612110665761,1.1346734516142944,0.0367922665616577,0.0705569044154462,1.6533982621340608,0.0729527808429741,0.0266898032442144,-0.0131779064233786,-0.0004764405112771,0.0153845781326417,0000072971-24-000064,2024-02-21,20.54899488202407,25.94472511279977,1.0028657492136364,1.3195552674738562,WFC,2023,en,US,60,10833,96,44,0.0088618111326502,0.004061663435798,0.0093233637958091,0.0198467645158312,-0.3714285714285714,0.0177236222653004,0.0721868365180467,0.0,0.0,0.6057494866529775,,,,,,,6.618772961809028,4.897870368155601,,0.0750165242608636,9.290352309945568,0,0.002861650782542027,0.277294761248051,2024Q1,-2.0816304446728613,-2.609162823866415,1.0731437523755105,-2.012475788350371,-1.4811887417346883,,-0.25064842009499705,T3 Tích cực
0.0008414880737492,0.836853750888056,0.0121130313679687,0.0071428571428571,0.0114118033850923,0.4710548102463182,0.0153828118749742,-0.0045838571209263,-0.2675859044473678,-0.0035136376095986,-0.0149750160794062,-0.7137626661668632,-0.0097936562979988,0.014085901578848,0.4747403902885527,0.0210061077624271,-0.0600089495262267,-1.4937118966105618,-0.0505951499021232,0.0154556612311083,0.0651709770117684,-0.0001785039839847,0.0166525721682415,0000072971-23-000071,2023-02-22,20.440201021950188,25.890497055492347,1.0254266557148743,1.3841082074257132,WFC,2022,en,US,60,11437,94,48,0.0083251964614588,0.0041969047827227,0.0083938095654454,0.0186237649733321,-0.323943661971831,0.0173122322287313,0.0729212205998076,0.0,0.0,0.6057713383442073,,,,,,,6.382574880322748,5.50236705016972,,0.0800186919001862,9.344608992781216,0,0.025108775460516552,0.32505603869537586,2023Q1,-2.1912826609662526,-2.7177169410489426,1.4175896612683367,-2.2896216245338077,-1.4970700851420233,,-0.21710473764356134,T3 Tích cực
0.0016332749129758,1.0768115432726038,0.0176685678381523,0.0071428571428571,-0.0584321416203932,-1.6535619116287024,-0.0506335865841505,-0.046589375375393,-1.8645350070790447,-0.0435882299230903,-0.0435922454560188,-1.4244501806347063,-0.0397369203698615,-0.0844443919372527,-1.9511642914940912,-0.0731358568479497,-0.1218617948793621,-2.079552455145587,-0.1042489793018039,-0.0506217806420017,0.0943139952565572,0.0014718113550352,-0.0294940884569895,0000072971-22-000096,2022-02-23,21.0771146146132,26.074501487961214,0.8896816009448862,1.8412946529560856,WFC,2021,en,US,60,10147,86,44,0.0084754114516605,0.0043362570217798,0.008376860155711,0.0213856312210505,-0.3230769230769231,0.0196117078939588,0.0707598304917709,0.0,0.0,0.5659760087241004,,,,,,,5.117703287439761,5.176031838430598,,0.1022078152745962,9.224933374279082,0,-0.11689163201169325,0.6104689399363976,2022Q1,-2.160587625067334,-2.1109507857399055,1.4238768095401746,-2.2946750772321165,-1.5821167544729262,,-0.06830826339190436,T3 Tích cực
0.0012637835634897,1.0699395125531528,0.0231315478656229,0.0142857142857142,-0.0110553111183614,-0.2389660904359831,-0.0055865996577411,0.0234168024494551,0.7158267099939079,0.0250262600437291,0.0175878769422087,0.4389833981732444,0.0205489843768125,0.0252002199424064,0.4447582483699785,0.0317174825130935,0.0469106619613346,0.6114634803153516,0.0612088914127982,-0.0066151478068655,0.1147233399907348,-0.0016103109058058,-0.0193725453065051,0000072971-21-000197,2021-02-24,20.731910589628978,25.757231642153357,1.204156139489357,2.594666160812279,WFC,2020,en,US,60,11435,95,50,0.0083251964614588,0.0043725404459991,0.0087450808919982,0.0187144731088762,-0.3103448275862069,0.0188019239177962,0.0731088762571053,0.0,0.0,0.5908658420551856,,,,,,,6.0450247090966,5.818140227164977,,0.1402090379223227,9.344434106456882,0,0.18577902243965125,0.953457861256279,2021Q1,-2.1912826609662526,-2.3246297201496917,1.516232849671309,-2.1848903648130595,-1.519766078914346,,0.18652144987901345,T3 Tích cực
-0.0004899363804795,1.1224606812916775,0.01026464771925,0.0,-0.0417477678303448,-2.0335704143091227,-0.0479287636691191,-0.0161800102134545,-1.1146018114333571,-0.0235770165328389,-0.033168907947947,-1.8656342094000635,-0.0415185733046269,-0.0889833581892044,-3.53906971325954,-0.0951301894364105,-0.13035261024805533,-5.986125855997268,-0.13746111800534444,-0.0455187421338582,-0.0815107677897362,-0.0007896171527761,-0.0084840546267965,0000072971-20-000217,2020-02-27,20.561634839624084,25.92159169142568,1.034132805485533,1.2247885669038645,WFC,2019,en,US,60,10398,90,30,0.0086555106751298,0.0028851702250432,0.0087516830159646,0.0196191575302942,-0.5,0.0175995383727639,0.0708790151952298,0.0,0.0,0.6021739130434782,,,,,,,5.443608322786657,4.893198046396591,,-0.0288371299253776,9.24936875894366,0,0.033563206412726365,0.20276823065403954,2020Q1,-2.1237860240930595,-2.641905030078327,0.14051266855128833,-2.1829219469332988,-1.5602037492869623,,-0.9470732999929132,T2 Trung tính
-0.0008718212059439,0.7225596412754376,0.0103733768097328,0.0142857142857142,0.0039823874813684,0.1919523195972188,0.0007565288917475,0.0014088352536937,0.0960340089571238,-0.0014639373366051,0.0089252262339957,0.4967506592396201,0.0053315736950487,0.0120985464200667,0.4761430133778346,0.0111934956837407,0.0143260039752094,0.4163979387058458,0.0030776715638194,0.0007770293326724,-0.0446163676002727,-0.000595131196208,-0.0361644375384599,0000072971-19-000227,2019-02-28,20.64744292683458,26.14828702154457,0.8641059027670918,1.1388088224569255,WFC,2018,en,US,60,9279,83,30,0.0089449294104968,0.0032331070158422,0.0094837805798038,0.0223084384093113,-0.4690265486725664,0.0189675611596077,0.0685418687358551,0.0,0.0,0.5665024630541872,,,,,,,5.273176189213211,4.306479688458922,,-0.0343728916393593,9.13550906135318,0,-0.1460599450423976,0.12998282354393653,2019Q1,-2.0646459977882197,-2.280922768208535,0.36518780673903095,-1.9646476549442398,-1.5716631617592938,,-0.9841951732386015,T3 Tích cực
1.4585625581497015e-05,1.2660137289234343,0.0103830632137377,0.0,-0.0355585555508044,-1.712334540338594,-0.0306431712760235,-0.0155363560598937,-1.0580560378698476,-0.011223398335455,-0.017514328350819,-0.973884294053212,-0.0167312582086286,-0.0344980641223319,-1.3564181795234165,-0.0237432607431677,-0.0593453720335127,-1.7233163805280047,-0.0518270021421297,-0.0307368032339715,-0.047214872107357,-0.0005471990158128,0.0585887898212935,0000072971-18-000272,2018-03-02,20.81344388685527,26.35642583678407,0.7402624946953187,0.9714826943137664,WFC,2017,en,US,60,10681,93,32,0.0087070499016945,0.0029959741597228,0.0090815466716599,0.0192865836532159,-0.488,0.0173093110532538,0.0678775395562213,0.0,0.0,0.6057713383442073,,,,,,,5.667720942688664,4.064706776176364,,-0.0311293639754876,9.276221741089696,0,-0.3007504331218538,-0.028931823690500912,2018Q1,-2.1132544625792464,-2.7184877560831127,0.22755823637488243,-2.084573366831168,-1.5451350008187912,,-0.9624446303091581,T2 Trung tính
0.0009774447588578,1.1697963300108687,0.0128265389067282,0.0,-0.0144574251970347,-0.5635746830133204,-0.0125082194961577,-0.0097004140004453,-0.5347684648142892,-0.008654954174971,0.0052895251082626,0.2380929701572718,0.009634200030942,-0.0078017980150377,-0.2483187963132261,-0.0041497348521489,-0.0103149100241015,-0.2424708967228973,-0.0005863155151827,-0.0124342535938909,0.0407106448226282,1.1208965580068049e-05,0.0277220906421015,0000072971-17-000278,2017-03-02,20.60559191763193,26.423211502507115,0.6678274170100507,1.098531090549203,WFC,2016,en,US,60,10328,90,30,0.0087141750580945,0.0029047250193648,0.0088109992254066,0.0189775367931835,-0.5,0.0173093110532538,0.066711851278079,0.0,0.0,0.6057713383442073,,,,,,,5.448789108140429,4.062003072563904,,-0.0276621509855613,9.242613932526478,0,-0.4037254965949945,0.09397391517228437,2017Q1,-2.1117985031494335,-2.7184877560831127,0.14051266855128833,-2.1652368674316946,-1.5598554067822086,,-0.9391940917603678,T2 Trung tính
-0.0003023814828675,1.130269278956319,0.0075542653947028,0.0,-0.0032207954436728,-0.2131772763723179,-0.0011441516266662,-0.0004660476532884,-0.0436237593965701,0.0001639025643428,-0.015368859007177,-1.1745966578236853,-0.0144629224455675,0.0102831961923708,0.555725414278356,0.0127442181153089,-0.0115021040689327,-0.4590803581946038,-0.0107928158126101,-0.001843612159915,-0.0284407239229927,-5.514150049809493e-06,0.0004382776067814,0000072971-16-001045,2016-02-25,20.47206183684263,26.21097255911589,0.7984947421459236,0.8229279449568158,WFC,2015,en,US,60,11152,100,31,0.0089670014347202,0.0027797704447632,0.0085186513629842,0.0192790530846484,-0.5267175572519084,0.0173093110532538,0.0670731707317073,0.0,0.0,0.6057713383442073,,,,,,,6.334589869579085,4.477713542009632,,-0.02764869291801,9.319374133000306,0,-0.22502689601258907,-0.19488663383075236,2016Q1,-2.0601357849593316,-2.7184877560831127,-0.05329107660302402,-2.2524001443453985,-1.5002964722033805,,-0.9391038442563054,T2 Trung tính
0.0002797158243053,1.0689839268987864,0.0055815377328304,0.0071428571428571,0.0042137091740011,0.3774684841075469,0.0051362472732474,-0.0056018428858954,-0.70967917469395,-0.0053481709575119,-0.0057859287335034,-0.5984923280463422,-0.005305363604939,-0.0039295264491894,-0.2874158577802198,-0.0026677826105607,0.0268714710778412,1.4515808659334744,0.0283930697691831,0.0050452818831761,0.0274031649164991,0.0002827126354762,0.0008315976249899,0000072971-15-000449,2015-02-26,20.294140901580157,26.37602063406381,0.6468246608804462,0.7448944622620484,WFC,2014,en,US,60,10987,101,30,0.0091926822608537,0.0027797171027863,0.0087375989806134,0.0194775643942841,-0.5419847328244275,0.0173093110532538,0.0669882588513698,0.0,0.0,0.5947995666305526,,,,,,,6.193125524959954,4.487329237328344,,-0.0205718359025195,9.30446803470088,0,-0.4356800244852319,-0.2945127320307241,2015Q1,-2.014020007495552,-2.7184877560831127,-0.16403607383405985,-2.1871210905945766,-1.5098081660437919,,-0.8916476489429525,T2 Trung tính
0.0004032533527875,1.0662295143454124,0.0111666602317197,0.0,0.0160708912663365,0.7195925609290922,0.0174593462791531,0.0022229626271714,0.140764733177083,0.0028017190268798,-0.0150358704618404,-0.7774001965229448,-0.0126549023460507,-0.0117951919217843,-0.431227138449435,-0.0087235551788883,-0.0139627496806871,-0.3770086438439398,-0.0090384099488326,0.0174710169946279,-0.0333165927600175,-0.0006640934221995,0.0159654406335824,0000886982-24-000006,2024-02-23,20.505890161850388,25.56841691702724,0.919624871079511,1.7148896952881405,GS,2023,en,US,62,135326,3331,672,0.024614634290528,0.0049657863233968,0.0211415396893427,0.0157767169649586,-0.6642518111416438,0.0257969643675273,0.0562567429762203,0.0,0.0,0.3712175792507204,35539.0,0.0146036748360955,0.0039111961507076,0.0298613887113509,0.00647176341484,-0.5775075987841946,68.1036533938417,31.136421350453706,29.32723338638161,-0.0212665106821805,11.815441961255463,0,-0.08378944091782661,0.5393487609331921,2024Q1,1.1373124297441062,-0.4788377145645291,-1.0509366786885543,1.5111037223305452,2.6528943734016788,0.08723030532761263,-0.8963060194527269,T1 Tiêu cực
0.0010135665320961,0.8600050539502009,0.0112092136232279,0.0,-0.031825189044722,-1.4195995417008225,-0.0256393859639252,0.0098624705187812,0.6221506715360791,0.0129346024260998,0.0116081956930154,0.5979005426643212,0.0149478009488506,-0.023083342871681,-0.840713325868546,-0.0181924771714572,-0.072777857107931,-1.95761721470177,-0.0563566483971921,-0.0256098255643467,-0.0056413683583078,0.0006433088617845,-0.0262755758316569,0000886982-23-000003,2023-02-24,20.5584540930497,25.526793197126235,0.9610399072327384,1.8714135857155705,GS,2022,en,US,62,131319,3160,705,0.0240635399294846,0.0053686062184451,0.0206976903570694,0.0151387080315872,-0.6351875808538163,0.0257388496714108,0.0568691506941112,0.0,0.0,0.3768436578171091,34316.0,0.0150367175661499,0.0044294206784007,0.0292283482923417,0.0069646811982748,-0.5449101796407185,65.33306185407467,30.530879593020178,28.211396728037,-0.0286488595278933,11.785384756600243,0,-0.03973934409701426,0.62669407348683,2023Q1,1.0247014235242524,-0.4941725281756454,-0.8401106429585843,1.3787704056565802,2.466607019128428,0.1602874926323332,-0.9458107908401665,T1 Tiêu cực
-0.0001721188086812,1.0539145778987151,0.0133304121262263,0.0,-0.0274485570573963,-1.029546453533641,-0.0268916453158837,-0.0166904883230429,-0.8853407803738728,-0.015960204401616,-0.0352126738243845,-1.525087635617614,-0.0338481161300769,-0.0332511987684744,-1.018328985222951,-0.0337495883220327,-0.0095994213064411,-0.2171226514129427,-0.0124845660846735,-0.0281843503634223,-0.0541880322664845,-8.155386839492367e-05,0.0292815781845337,0001193125-22-052682,2022-02-25,20.779768314199,25.467832820298486,0.9562273587796148,2.019306056643619,GS,2021,en,US,62,129358,2947,725,0.0227817375036719,0.0056046011843102,0.0204548617016342,0.0147188422826574,-0.605119825708061,0.025379180259435,0.0572596978926699,0.0,0.0,0.3857811038353601,34097.0,0.0149866557175118,0.005015103968091,0.0298613887113509,0.0076253042789688,-0.4985337243401759,63.07236284413406,32.176685980747735,29.941187417112605,0.0959256256418302,11.770339033401724,0,-0.04475957121491149,0.7027539160759555,2022Q1,0.7627770215533725,-0.5890790451642598,-0.6220052413049957,1.306371239947274,2.3146035096521063,0.15184172597019624,-0.11043555486543459,T1 Tiêu cực
0.0013367110340309,0.8343048438872624,0.0161674500749756,0.0,0.0494505720797579,1.5293250280790631,0.0580456568495186,0.0140755247141038,0.6156134039657251,0.0178220749965586,0.0327439043679444,1.1693063478459846,0.038134513073526,0.0423637367211448,1.0697372197758042,0.0504773167641179,0.0659929061976698,1.2307203540434395,0.0841747875509569,0.0582683118117883,0.0414685379512352,0.0006487626562293,0.028745603970065,0001193125-21-049380,2021-02-22,20.40509088511343,25.41589376681601,0.8789842296291452,2.6167555115220638,GS,2020,en,US,62,126261,2824,663,0.0223663680788208,0.0052510276332359,0.0198240153333174,0.0140977815794267,-0.6197304273014053,0.024742398682095,0.0574603400891803,0.0,0.0,0.3980152230465362,34162.0,0.0152801358234295,0.0043908436274222,0.0284526667056963,0.0076400679117147,-0.5535714285714286,62.600085274015775,31.773773496027868,30.96161861999869,0.1287191119231283,11.746106472054992,0,-0.1289883227216775,0.9619351959977246,2021Q1,0.6779001434868228,-0.757107572405051,-0.7279875839664088,1.1182849093820986,2.2828487967118756,0.20135377081054096,0.10947196715522677,T1 Tiêu cực
1.5387661003182372e-05,1.372956549418037,0.0081589831277696,0.0,0.0324505260399775,1.9886378934606357,0.0033878005824538,0.0249930199289001,2.166046135566257,0.0086018732777036,0.010833826802384,0.7666289686788534,-0.0069649552730882,0.03965273367811,1.9840904782864055,-0.0089227300477374,-0.0099446119063221,-0.3674984076108585,-0.0550276032569737,0.0033096966593386,-0.0357194359011828,-0.0001157139019969,-0.0007517087153661,0001193125-20-043853,2020-02-21,20.084865570020284,25.110882096177487,1.1220232503888965,1.788139406491693,GS,2019,en,US,62,117695,2574,594,0.0218700879391647,0.0050469433705764,0.0198139258252262,0.0144186244105527,-0.625,0.0252347168528824,0.0571816984578784,0.0,0.0,0.3876288659793814,32344.0,0.0139438535740786,0.0042666336878555,0.028104130596092,0.00776032649023,-0.5314091680814941,59.277100718240725,30.13005176935658,25.708469328946496,-0.0556916042929515,11.675851811462428,0,0.11513352915754503,0.5811756415485059,2020Q1,0.5764899135077112,-0.6271988248611212,-0.7662119962778162,1.1152767307677955,2.059419975717836,-0.024085927878173763,-1.1271548217525686,T1 Tiêu cực
-0.0008617162330628,1.0915810393076668,0.0139891149518732,0.0,0.0022781663475574,0.081426393141919,-0.0009181964372927,0.0044384622821865,0.2243506317999468,0.0025928143252356,0.017475832696353,0.7212519695680398,0.0148812837607759,-0.0016261383301915,-0.0474560539135155,-0.0070049461129568,0.0051432281024716,0.110853447554143,-0.0044674292128784,-0.0009469986799521,0.0403802798355258,-0.0011029246198817,-0.045491201573293,0001193125-19-050198,2019-02-26,20.2659207542578,25.01587751379629,1.2327549225657135,2.242557171581272,GS,2018,en,US,62,116813,2469,507,0.0211363461258592,0.0043402703466223,0.0201090632035817,0.013859758759727,-0.6592741935483871,0.0249886570843998,0.0555075205670601,0.0,0.0,0.3791343188344145,33999.0,0.0146180770022647,0.0038530545016029,0.0297655813406276,0.0073825700755904,-0.5828025477707006,59.64428041927553,31.72369373977165,26.65063273326347,0.0688012857362628,11.668329644552589,0,0.20925143927227913,0.8076168091994215,2019Q1,0.4265565994642289,-0.6921269917280876,-1.0148300495374096,1.2032716995834598,2.084108181852461,0.08966004650184914,-0.29232674886395676,T1 Tiêu cực
0.0004569596787583,1.2628536785322702,0.0103244424287596,0.0,-0.0045316963535913,-0.2194644594543882,-0.0093724715709138,0.0048401277136631,0.3314936522486199,0.0055043694327011,0.0045675755359103,0.2554221192474245,0.0099018946183387,-0.0011923908315826,-0.0471494244766579,-0.0008863484981098,0.0063906436424898,0.1866300839643444,0.0149542844515432,-0.0094014068388963,0.046956032732887,-0.0004290277754298,0.0372223986826147,0001193125-18-056383,2018-02-26,20.436130276947388,25.34177132346131,0.8115354512762795,2.118417101353121,GS,2017,en,US,62,115776,2231,503,0.0192699695964621,0.0043445964621337,0.0199436843559977,0.0134138336097291,-0.6320409656181419,0.0255147871752349,0.0561256218905472,0.0,0.0,0.3749471011426153,33577.0,0.0135509426095243,0.0042886499687285,0.0286803466658724,0.007386008279477,-0.5191986644407346,49.29241107970656,28.380842479789973,24.99128473081728,0.1554387992527336,11.659412568754966,0,-0.2088272068741481,0.7506691594966235,2018Q1,0.04517991732471984,-0.5532962412070447,-0.8172857337992802,1.1539641309623287,1.3880754670435347,-0.09037261955849812,0.28864963004285116,T1 Tiêu cực
0.0024303363627093,1.4027091674898973,0.0114686363753703,0.0071428571428571,-0.0007653340047107,-0.0333663907225426,0.0114743857797671,0.002839714043894,0.1750845515845683,0.0070720020756951,-0.0169725887369878,-0.8544284041639899,-0.0097085728921825,0.0020736101470732,0.0738141632469219,0.0180571437201539,-0.0243640432184503,-0.6405325960043357,0.0034641504979386,0.0114932881187375,-0.0137835747772588,0.0010979174066659,0.0664986232233385,0001193125-17-056804,2017-02-27,20.50425415683056,25.313715756722434,0.881815487145375,2.1574343996977703,GS,2016,en,US,62,116652,2229,524,0.019108116448925,0.004491993279155,0.0196653293556904,0.0129959194870212,-0.6193243734108246,0.0250745808044439,0.0571700442341322,0.0,0.0,0.3902439024390244,34862.0,0.0143996328380471,0.0047616315759279,0.0280247834318168,0.0074292926395502,-0.5029940119760479,48.85579315921676,28.140389946025717,27.87131367994917,-0.0114309137267991,11.66695042260907,0,-0.12577244310822555,0.7689197378111069,2017Q1,0.01210673223624482,-0.6694541685060814,-0.7250421513436943,1.0709728144838662,1.3587184160062773,0.05280706384384751,-0.8303501849464889,T1 Tiêu cực
-0.0010921948460555,1.2614048423928863,0.0090646400959944,0.0,-0.0083828946181168,-0.4623953366786802,-0.0081018340761714,-0.0136180392311358,-1.062304491389093,-0.0152796649010819,-0.0180436202370181,-1.149244635272516,-0.0208042458903656,0.0194269080248581,0.8749384317697998,0.0149118593524643,0.0187950943743792,0.6251692418311438,0.0181388723705728,-0.0085656065568275,-0.0956533172600215,-0.0003941484848756,-0.0062641543386761,0001193125-16-470289,2016-02-22,20.195800912275548,24.85116400940614,1.3977707021931198,1.802925829139585,GS,2015,en,US,62,115207,2258,502,0.0195995035023913,0.0043573741178921,0.0199640646835695,0.0136189641254437,-0.636231884057971,0.0261616047635994,0.0582343086791601,0.0,0.0,0.3800267407178854,34641.0,0.0143182933518085,0.0047631419416298,0.0286077191766981,0.0072746167835801,-0.5007564296520424,48.94028058603858,28.452821486640268,27.948016579236587,-0.0069789164420217,11.654485789286767,0,0.3348786118992629,0.5894108059038993,2016Q1,0.11251710556955323,-0.3826194964112423,-0.8476858067407215,1.1600405090176131,1.364399130390223,0.03908455179369344,-0.8004958509930891,T1 Tiêu cực
6.447100372505968e-05,1.2025287244500154,0.0070364030306719,0.0,0.0063052351911471,0.4480439198595076,0.0066063955079455,0.000688504417953,0.0691896329259883,0.0013147418750761,0.0059479085662387,0.4880372253925971,0.0078794160678098,0.0003647682632927,0.0211636569502364,0.0014366060828452,0.0015054067899059,0.0645069964557867,-0.0007379157146877,0.0065452640956362,-0.023126275855966,3.469962666927191e-05,-0.007980242451673,0001193125-15-056785,2015-02-23,19.91521061211014,25.14722351552744,0.9924626992662976,1.6349740790941427,GS,2014,en,US,62,112798,2269,477,0.0201156048866114,0.00422879838295,0.0200003546162166,0.0139807443394386,-0.6525855790240349,0.0265696200287239,0.0573946346566428,0.0,0.0,0.3671206841938549,34048.0,0.0153312969924812,0.0050516917293233,0.028547932330827,0.0069313909774436,-0.5043227665706052,50.97582197924413,28.753961184894894,30.828749510486208,0.0134075101325288,11.633353887392454,0,-0.0075658497302619025,0.49162695045849414,2015Q1,0.21797762249164113,-0.2749558853234089,-0.9663121954352949,1.170860322859551,1.5012636285348444,0.20998500013442095,-0.6637879538085723,T1 Tiêu cực
0.0005166771472415,1.0934741127783445,0.0118661083404784,0.0,-0.0025124308606472,-0.1058658318530878,-0.0003730176669675,0.0017664345493669,0.1052626364550129,0.0014328973327893,0.0009362533276602,0.0455537818503116,0.0016561535376961,0.0080851371621496,0.2781656234634,0.0102475624230236,0.008636992614989,0.2194612742216509,0.0153134768294335,-0.0003382898672001,0.0835754356009043,-0.0002053011329397,0.0270285163833519,0000004962-24-000013,2024-02-12,20.215467874328667,25.758922889637542,0.1824244986679143,1.0587994053134864,AXP,2023,en,US,61,77573,1821,362,0.0234746625758962,0.0046665721320562,0.0200843076843747,0.0131489049024789,-0.668346312414109,0.0287600067033632,0.0624444072035373,0.0,0.0,0.3693286219081272,20733.0,0.0167366034823711,0.0054984806829691,0.0236338204794289,0.0068489847103651,-0.5054229934924078,55.04944937256237,26.553055347460955,32.522318270921126,0.3171689820475876,11.25897470748246,0,-1.7014188974887352,0.05713562970979609,2024Q1,0.90436981424754,0.3030247914495044,-1.0806373610399014,1.1958908617079813,1.7751637175606363,0.4470695470555267,1.373184632795755,T1 Tiêu cực
0.0011959491500368,1.1431519660793668,0.0132119944206039,0.0,-0.0121079303018338,-0.4582173560015911,-0.0073022845585173,-0.0052645692810339,-0.2817600825534771,-0.0012739219362398,-0.0096389334571845,-0.4212112606956394,-0.0041380809231039,-0.013568280243074,-0.4192574593530858,-0.0096358378708262,-0.0088387106622279,-0.2017084969356459,0.0001079639051916,-0.0072960524359877,0.1541148327172301,0.0002878197218012,-0.0126587358360216,0000004962-23-000006,2023-02-13,20.007273604783894,25.61659204680481,0.1852446822110519,1.14332792798605,AXP,2022,en,US,61,73267,1699,350,0.0231891574651616,0.0047770483300803,0.0195313033152715,0.0127888408151009,-0.6583699365544168,0.0285667490138807,0.0633846069854095,0.0,0.0,0.3786551877690366,20377.0,0.0154586052902782,0.0060362173038229,0.0235068950287088,0.0058399175541051,-0.4383561643835616,50.55707373418599,26.79549099088142,30.196285784447568,0.3175766826141625,11.201865581863736,0,-1.6860777212311815,0.133943244789569,2023Q1,0.8460295007305196,0.25202958980226214,-1.0082707525791925,1.03101305976604,1.4731080879007288,0.2314627562820235,1.375918603211491,T1 Tiêu cực
0.0002387820601421,1.1663017519163703,0.0171534203972708,0.0,0.0294484221999773,0.858383387043401,0.0290123022545569,0.0176982016466737,0.7295640233455174,0.0201591011556389,0.0206584916989701,0.6953240500856451,0.0202035197776788,0.0323970499515934,0.771043905675788,0.0295599593646297,-0.043245963689255,-0.7601486092874536,-0.0447226254066208,0.0290188990275037,0.2420380025527154,0.0010934696653943,-0.0533214860059162,0000004962-22-000008,2022-02-14,20.36291757081154,25.70448522480169,0.1522603077230516,1.168800372701572,AXP,2021,en,US,61,73193,1682,331,0.0229803396499665,0.0045222903829601,0.0193870998592761,0.0125285204869318,-0.6711376055638351,0.0284180181164865,0.0629568401349855,0.0,0.0,0.3779904306220095,20504.0,0.0158993367147873,0.0053648068669527,0.0228735856418259,0.0059988294966835,-0.4954128440366973,49.32204042025919,26.49561149912323,30.296901222932707,0.2860413332981988,11.200855066961413,0,-1.8821636720693888,0.15597790032970577,2022Q1,0.8033595226867785,0.21278374078014886,-1.1008848358049024,0.9880189168888143,1.3900676666807554,0.3058170774534997,1.1644479329496213,T1 Tiêu cực
0.0006485243254521,1.1317493450809404,0.0234301002434282,0.0,0.0219805198487207,0.4690658516257516,0.0236312382573559,-0.0083352767647432,-0.2515537988391571,-0.0071554421370076,-0.0041059174607614,-0.1011755189526304,-0.0016568829802314,0.0674871736804958,1.1759029196227182,0.0695816632951715,0.0842752747955019,1.0845003288186688,0.0893268198440691,0.0232706133335844,0.0323023330131384,-0.0005564321109422,-0.0223846169490816,0000004962-21-000013,2021-02-16,19.8936268558107,25.371691275359144,0.2201101630690782,1.661166715562569,AXP,2020,en,US,61,72909,1708,330,0.0234264631252657,0.004526190182282,0.0189002729429837,0.0123304393147622,-0.676153091265947,0.0294339519126582,0.0628043177111193,0.0,0.0,0.3617843866171004,20475.0,0.0175335775335775,0.0057142857142857,0.0225641025641025,0.0063003663003663,-0.5084033613445378,50.15377099381715,26.808814392783056,32.3560634601798,-0.1124012699071317,11.19696736716671,0,-1.5136271167357425,0.5075201961919396,2021Q1,0.8945207048781967,0.4808597430067824,-1.1372661525425234,0.8428718685668775,1.4459910627470385,0.581524367550201,-1.5074401605195766,T1 Tiêu cực
-0.0003345865446251,1.1625292709086252,0.0081070147996221,0.0,0.0173062502012362,1.0673626870671793,0.0159376503043304,0.0104196092256788,0.9088149612277516,0.0095754881150256,0.0218063160302654,1.5529615698610255,0.0203626132181284,0.007122276153137,0.3586593999884193,-0.0020719417577369,-0.0586397706947865,-2.18089599500186,-0.076076499141285,0.0159773020411077,0.0279265410921544,7.200711662175082e-05,-0.0110643472637889,0000004962-20-000030,2020-02-14,19.67104120445499,25.411389748924663,0.2123440389579622,0.9750029114871376,AXP,2019,en,US,61,68833,1505,283,0.0218645126610782,0.004111400055206,0.0196998532680545,0.0120436418578298,-0.6834451901565995,0.0294480844943559,0.0615693054203652,0.0,0.0,0.3529130087789305,17916.0,0.0150703281982585,0.0042978343380218,0.0242799732083054,0.0058606831882116,-0.5561959654178674,48.66298481626012,24.33293024472608,26.069870871646632,0.2346107211150229,11.139438560088378,0,-1.54954749439478,-0.025314821848094457,2020Q1,0.5753506572937883,0.48458892892119665,-1.1901615599227442,1.0812660908177583,1.345754485533068,0.16595782970294906,0.8195630254959768,T1 Tiêu cực
0.0005898524840293,1.023135635589682,0.0087116446791471,0.0,-0.0213059125698869,-1.2228409992940996,-0.0186803742243508,-0.0112083957788476,-0.909763076129236,-0.0098383513674995,-0.0096585427343401,-0.6401044180553803,-0.007628683800281,-0.0192435171990244,-0.9017967660938556,-0.0153715353132148,-0.0126709087290241,-0.4385420742715803,-0.0057578814614867,-0.0187555539571203,0.0292402584794553,0.0004269529858741,-7.511945162633118e-05,0000004962-19-000018,2019-02-14,19.770725953794848,25.23096356121397,0.2457207435047872,1.0628026992480015,AXP,2018,en,US,61,71858,1502,295,0.0209023351610119,0.0041053188232347,0.0185226418770352,0.0122881237997161,-0.6716750139120757,0.0304628573019009,0.0596454117843524,0.0,0.0,0.3238610038610038,19002.0,0.0137880223134406,0.004367961267235,0.0216819282180823,0.0063151247237132,-0.518840579710145,47.46108505087225,24.33315897600675,23.85501895301613,0.3178363330988213,11.182447228384843,0,-1.4035595768697804,0.06090947465189721,2019Q1,0.37873863564395,0.7523585793059596,-1.1047830870403814,0.7302814740288521,1.2649418777624637,-0.05037569746957396,1.377659775046135,T1 Tiêu cực
0.0002654190391439,0.9313067433641756,0.0066875803960685,0.0071428571428571,0.0143417260087197,1.0722656894824645,0.0150143211662959,0.0173505308621825,1.834546622728926,0.0186602057056952,0.0191192794989961,1.650600144103893,0.0206687185542193,0.0231727691434177,1.4145988276530437,0.0244414522559129,-0.0081399993110716,-0.3669940384695919,-0.0051542012792088,0.0152470765284342,-0.0431772297257989,0.0001780023165288,-0.0178075814707165,0000004962-18-000032,2018-02-20,19.61633708604235,25.145310817513025,0.2188998478929011,1.011827981289945,AXP,2017,en,US,61,74986,1521,312,0.0202837863067772,0.0041607766783132,0.0180033606273171,0.0123623076307577,-0.6595744680851063,0.0317125863494519,0.063931933961006,0.0,0.0,0.3368655883993307,21251.0,0.012893510893605,0.0050821137828808,0.0204696249588254,0.005976189355795,-0.4345549738219895,48.68910011546379,25.748245676486217,24.36139678547193,0.1492367026628926,11.22505670842739,0,-1.5191409693238167,0.011758577454707856,2018Q1,0.25234393122413584,1.0821264915423883,-1.017008180166717,0.5754581926467712,1.347510410188463,-0.2012857204525986,0.2470594288454096,T1 Tiêu cực
0.0011067422320113,1.062012347078818,0.0110832936056011,0.0,-0.0110892460706481,-0.500268533220309,-0.0062357427671463,-0.0056012320106478,-0.3573548873348158,-0.00307980253973,-0.0059750690243625,-0.311252939099166,-0.0022428060913808,-0.0078771805505915,-0.2901525131328298,-0.0009069564350159,-0.0211517455070906,-0.575414804926453,-0.0085158952839351,-0.0062547735130189,0.0208391272940078,0.0007167250520564,0.0054033644250035,0001193125-17-047588,2017-02-21,19.43394793524021,24.997711315707217,0.2853691101530217,1.2996236587096728,AXP,2016,en,US,61,75102,1556,317,0.0207184895209182,0.0042209262070251,0.0179755532475832,0.0128092460919815,-0.6615056059797116,0.0303587121514739,0.0646587307927884,0.0,0.0,0.3609865470852018,20675.0,0.0133010882708585,0.0046432889963724,0.0207980652962515,0.0054171704957678,-0.4824797843665768,48.6606471400567,26.545110734298397,22.897379143093584,0.0139041975978761,11.226602468556079,0,-1.2539718133183688,0.26207472925596503,2017Q1,0.34117148928286795,0.7248776394229013,-1.0310162630485153,0.5671674450425058,1.3455973062777242,-0.13252470745179099,-0.6604572524373814,T1 Tiêu cực
-0.0020094774388985,0.6195067756580855,0.0156546761485436,0.0071428571428571,0.0096843291614197,0.3093110668508048,-0.005121751259973,0.0102484018086499,0.4629105288706344,0.005468526947341,0.0226155094967151,0.8340683877388098,0.0158360625549055,0.0233238183526935,0.6082469467413822,0.0083003254158893,0.071473529425637,1.376590595318507,0.0328370203573513,-0.0052580431626234,-0.128718655871636,-0.0011809899526122,-0.0077083384865513,0001193125-16-469798,2016-02-22,19.900260240605608,24.688695492182465,0.391957777993543,1.7073032154089764,AXP,2015,en,US,61,88591,1733,437,0.0195618065040466,0.0049327809822668,0.0168414398753823,0.0127665338465532,-0.5972350230414747,0.0295402467519273,0.0653791017146211,0.0,0.0,0.377571649423237,22937.0,0.0135588786676548,0.0049701355887866,0.0210140820508348,0.0055369054366307,-0.4635294117647058,53.80024660252813,29.76164095522966,25.32424543381593,-0.0323148576496169,11.39178555129812,0,-0.9366011541928725,0.5349150586230826,2016Q1,0.10481407462757929,0.5089079245673923,-0.5648104808641629,0.22903246743882683,1.6911705790411764,-0.0890337537952323,-0.970394348555419,T1 Tiêu cực
-0.0008907144296209,1.1080319513421937,0.0079147798991429,0.0071428571428571,0.0173337681077914,1.095025277308625,0.0138710411899011,0.0336098132509061,3.0027021808531624,0.0315862035621841,0.0384169105590493,2.802353815941581,0.0358006218435686,0.0119162849463367,0.6146479144099795,0.0057077230094529,0.0327950494745275,1.2493183118875923,0.019117478401083,0.013567346549512,-0.1458286761131175,-0.0010515915635921,0.0191064555964836,0001193125-15-059931,2015-02-25,19.979294890053943,25.134978883480247,0.2508539089159371,1.0254495923303888,AXP,2014,en,US,61,57093,1210,329,0.0211934913211777,0.0057625278055103,0.0160089678244268,0.0188289282398893,-0.5724496426250812,0.0294957350288126,0.0607955441122379,0.0,0.0,0.3466537342386033,,,,,,,47.60705833742608,28.280479297481737,,0.1623478175047785,10.952436796185138,0,-1.3828845454906562,0.025131143085610718,2015Q1,0.4382336885443326,0.49716254821533806,-0.3850223548584332,-0.01916839607736854,1.2747567411071237,,0.33498032725418087,T2 Trung tính
3.498439391383455e-05,0.5100194341991335,0.0107267645055025,0.0,0.0133402208963332,0.6218194167257977,0.0190521319270412,0.0102843860719166,0.6779452581495847,0.0197880607653905,0.0089370138037367,0.4810199126392632,0.0183618858191203,0.0043989152586395,0.1674176433456506,0.0075533172139772,0.0137600443799413,0.3867717502623999,0.0102213143791036,0.0190858189963383,0.0686472856023864,0.0002606810925403,0.0005355577215085,0001403161-24-000058,2024-11-14,21.31438045947917,,,,V,2024,en,US,73,51692,1338,301,0.025884082643349,0.0058229513270912,0.0158631896618432,0.0234465681343341,-0.6327028676021964,0.0241430008511955,0.0639170471252805,0.0,0.0,0.4516695957820738,5905.0,0.0189669771380186,0.0047417442845046,0.0179508890770533,0.0186282811176968,-0.6,28.7577083481776,15.374341659207635,6.928548587508234,-0.043565151290968,10.853058309645082,0,,,2024Q4,1.3967123918207454,-0.915271593383931,-0.8220870366364122,-0.06263203644045812,0.0073755739925755,0.8233484096511061,-1.045836897586421,T1 Tiêu cực
0.0001109822008282,0.7829263964147439,0.0080680949024133,0.0,0.0099372665634356,0.6158372381355594,0.0086789424904362,0.0036791726689167,0.3224513314250958,0.003364427696942,0.0070557271730974,0.5049055609767079,0.0065052952357405,0.0142617810361719,0.7216508726546482,0.0122142918922399,0.0161389036037436,0.6031241060538469,0.0129667125055649,0.0087638684438728,0.0152190156516038,0.0003833545307866,0.006070799649767,0001403161-23-000099,2023-11-16,21.020973610269884,,,,V,2023,en,US,73,48181,1200,270,0.0249060833108486,0.0056038687449409,0.0156078122081318,0.0232249226873663,-0.6326530612244898,0.0252174093522342,0.0631161661235756,0.0,0.0,0.4290413533834586,5360.0,0.0175373134328358,0.0041044776119402,0.0203358208955223,0.0175373134328358,-0.6206896551724138,24.79123287144713,13.706406410696468,4.731222913406029,0.0112672543898224,10.782720031453678,0,,,2023Q4,1.1968673258928408,-0.6317657814874175,-0.8217257512673535,-0.13877261612837025,-0.2593198994267882,0.582154638590269,-0.6781401435340504,T1 Tiêu cực
0.0007504577511972,0.9112131936505578,0.0118445127307284,0.0,-0.0120304793742963,-0.5078503290002593,-0.0100377599935628,0.0001224624382688,0.007310897671281,0.0014751697585767,0.007605822240568,0.370739060173252,0.0104416601664768,-0.0022773485787696,-0.0784940406759847,0.0007162705347349,0.0019460859710615,0.0495391419755436,0.0076399127638793,-0.0104099808434678,0.0627883272672132,0.0005966579130463,0.0007020553253963,0001403161-22-000081,2022-11-17,21.001744480457354,,,,V,2022,en,US,73,49068,1138,252,0.0231923045569413,0.0051357300073367,0.0148976929974728,0.0213581152686068,-0.637410071942446,0.0257805494415912,0.0645227031874133,0.0,0.0,0.4290227939517039,6473.0,0.0146763479066893,0.0038621968175498,0.0171481538699212,0.0156032751429012,-0.5833333333333334,22.14973307928223,13.050058484736656,4.240351555329301,-0.0525031519448384,10.800962370152643,0,,,2022Q4,0.846672579660428,-0.4831691461384933,-0.8562321428579718,-0.3504940800294142,-0.43692746103694124,0.0994907354466297,-1.105773604490701,T1 Tiêu cực
-0.0013654380698156,1.0584172670831788,0.0107000156015784,0.0,0.0065695510404223,0.306987918758417,0.0010701302227135,-0.030839359406835,-2.038008258680045,-0.0338387097461162,-0.0414930908694947,-2.238879649808963,-0.0456601496687382,-0.0150516728305575,-0.5742813777570602,-0.0238383722394289,0.0395981862747606,1.1158210259789307,0.0232073613068919,0.0002613991232535,-0.1724246920291671,-0.0009818356926584,-0.0211698210924692,0001403161-21-000060,2021-11-19,21.42180510891493,,,,V,2021,en,US,73,48780,1111,258,0.0227757277572775,0.0052890528905289,0.015190651906519,0.0218122181221812,-0.623082542001461,0.0250717507175071,0.0649446494464944,0.0,0.0,0.4429514916875427,6284.0,0.0128898790579248,0.00493316359007,0.0183004455760662,0.0154360280076384,-0.4464285714285714,22.815674080404115,12.895747908328962,4.229869449729298,0.0480601602699607,10.795075671769911,0,,,2021Q4,0.7615489857822968,-0.670200947867916,-0.7523031445894226,-0.2631486200628353,-0.3921513237317982,-0.20189843527525583,-0.4314131962788299,T1 Tiêu cực
-0.0002614216121917,1.0598719348633838,0.0087087747225819,0.0,0.003109731590748,0.178540132786099,0.0028675634930124,0.0049640472028144,0.4030545686453964,0.0043719541648262,-0.0002080884581093,-0.0137952732883506,-0.0008253219619377,0.0034036133747013,0.1595539425332386,0.0025069694461571,-0.004595378339571,-0.159099155293893,-0.0056412769078362,0.0026550646381073,-0.0053690392076404,8.37194649836376e-05,0.0006038027482241,0001403161-20-000070,2020-11-20,21.169472348243453,,,,V,2020,en,US,73,53199,1216,284,0.0228575725107614,0.0053384462113949,0.0154514182597417,0.0217109344160604,-0.6213333333333333,0.0252448354292373,0.0646064775653677,0.0,0.0,0.4380753138075314,7479.0,0.0171145875116994,0.0054820163123412,0.0168471720818291,0.0191202032357267,-0.514792899408284,28.427693209534315,15.663321282548983,10.11159156049985,-0.0572262248164042,10.881794878160589,0,,,2020Q4,0.7782731998101593,-0.6245288206662933,-0.7396147394428289,-0.18540134437765668,-0.014813783827071719,0.5108379655332173,-1.1374457250636627,T1 Tiêu cực
0.0005810435262064,1.0942649144648822,0.0080479712045973,0.0071428571428571,0.004199839676401,0.2609253667559039,0.0068869207100165,-0.0106343200105562,-0.9343472536875592,-0.0086993887779299,-0.0085583502239835,-0.613964150718305,-0.0059634717029212,-0.0096888655204036,-0.4914857030029506,-0.0057838753092378,-0.0008691452977643,-0.0325618917737514,0.0060574840195268,0.0068057045004821,-0.0225134161641135,0.0005109441990057,0.0017604530091885,0001403161-19-000050,2019-11-15,20.92483396800407,,,,V,2019,en,US,73,51644,1076,271,0.0208349469444659,0.0052474634032995,0.0146967701959569,0.0211253969483386,-0.5976243504083147,0.0249593369994578,0.0633955541786073,0.0,0.0,0.4350208196362042,7717.0,0.0142542438771543,0.00453544123364,0.0158092523001166,0.0202151094985097,-0.5172413793103449,23.272674231552383,14.839011279789071,5.083413142720925,-0.0208457819093018,10.852129301294609,0,,,2019Q4,0.3649684804599296,-0.6998637273163861,-0.5676345826738176,-0.4103990495465291,-0.361423824626302,0.028278979636892628,-0.8934846841090887,T1 Tiêu cực
0.0009205999192576,1.360284859178291,0.0093903017432104,0.0142857142857142,-0.0042126794005803,-0.2243101188748413,-0.014331315894431,-0.0034899670563968,-0.2628008597785677,-0.0141846444992125,-0.0191384030399834,-1.1766993701755373,-0.0281114572820336,-0.0087346037476463,-0.3797414764050731,-0.0102408249584143,-0.0013529616559795,-0.0434419786724638,0.0044596951901819,-0.0142451181462264,0.0377453152193412,0.0007718779344954,0.0075475727714471,0001403161-18-000055,2018-11-19,20.94879983187096,,,,V,2018,en,US,73,52273,1096,285,0.0209668471294932,0.0054521454670671,0.0147303579285673,0.0211198898092705,-0.5872556118754526,0.0272224666653913,0.0631109750731735,0.0,0.0,0.3972892842016094,9596.0,0.0130262609420591,0.0050020842017507,0.013651521467278,0.0184451854939558,-0.4450867052023121,23.19781628837524,15.705064184124318,5.744532254392733,0.029795508547686,10.864235264358811,0,,,2018Q4,0.39192105629174673,-0.1026882463449714,-0.4924218549065373,-0.40038489444320274,-0.36645707762684354,-0.17888990479393674,-0.5538928334348963,T1 Tiêu cực
0.0009093616944857,0.9674589639457892,0.0061443336554117,0.0214285714285714,-0.0095689453015243,-0.7786804752290912,-0.0060760001822296,-0.0101373433665599,-1.1666332982092218,-0.0082746804606201,-0.0102075864488925,-0.9591524670626824,-0.0077022700694053,0.0010337736768692,0.0686870798327621,0.0062910388637634,-0.0612590102546605,-3.006068287505428,-0.0519298258321556,-0.006226080098435,0.0325066154123342,0.0006458326558011,0.0011663281532889,0001403161-17-000044,2017-11-17,20.290474727894782,,,,V,2017,en,US,73,53719,1186,265,0.0220778495504383,0.0049330776820119,0.0144827714588879,0.0213890802137046,-0.6347346657477602,0.0265269271579887,0.0637018559541316,0.0,0.0,0.4120074272746028,9257.0,0.0102625040509884,0.0045371070541212,0.0144755320298152,0.0165280328400129,-0.3868613138686131,25.701824505066064,16.224147467988576,4.3842567553760565,-0.0210467166732996,10.891522035422959,0,,,2017Q4,0.6189440661052468,-0.28622131832051784,-0.8368252885767058,-0.4742025985917332,-0.19809409121382698,-0.6451540649850114,-0.8948321183422022,T1 Tiêu cực
5.86635548936501e-05,1.1165954476193931,0.0073494590703205,0.0,0.0320512300213985,2.1805162607702475,0.0332383184522845,0.0301537467452977,2.901154846604507,0.0306318325509128,0.024166187193951,1.8984192643590063,0.0255751634779338,0.0025646349962639,0.1424605325195562,0.0042157420525277,-0.0435801895551049,-1.7878760088312815,-0.0423556003800099,0.0337387822543253,-0.0588176393426842,6.458254290465476e-05,0.0038475756769455,0001403161-16-000058,2016-11-16,20.327145635424586,,,,V,2016,en,US,73,56161,1209,273,0.0215273944552269,0.004861024554406,0.0143872082049821,0.0216164242089706,-0.631578947368421,0.0260322999946582,0.0638165274834849,0.0,0.0,0.4205311137534681,9318.0,0.0123417042283751,0.0047220433569435,0.0143807684052371,0.0177076625885383,-0.4465408805031446,26.16128019105112,15.806873187884142,4.420483853465182,-0.010361707471311,10.935977844808969,0,,,2016Q4,0.5064636879115038,-0.4167393432528538,-0.8139343470582951,-0.5026947048583795,-0.16720148834564863,-0.29437917313018963,-0.8231802702824458,T1 Tiêu cực
0.0015314980372822,1.0725769428802934,0.0103810628335932,0.0,-0.0174362410705202,-0.8398100151217842,-0.0110440222800524,-0.0063239169290285,-0.4307540196853504,-0.0030740109192863,-0.0105035675936582,-0.5841634594510026,-0.0058036753766594,-0.0230342028010515,-0.9058488582977126,-0.0138727343736281,-0.0220616347178836,-0.6407661001576047,-0.0053263196065843,-0.0110275247674225,0.0543506692847456,0.0010110434047654,-0.0141032688675074,0001403161-15-000013,2015-11-20,20.258949774638168,,,,V,2015,en,US,73,55543,1259,217,0.0226671227697459,0.0039068829555479,0.0170858614046774,0.0232072448373332,-0.7059620596205962,0.0249896476603712,0.0611418180508794,0.0,0.0,0.4197324414715719,10131.0,0.01085776330076,0.0036521567466192,0.0182607837330964,0.0149047478037706,-0.4965986394557823,27.79120983463481,17.729037243509037,4.26810968463129,0.0545937260286882,10.92491277452626,0,,,2015Q4,0.7393565668592061,-0.6918656069338077,-1.3534943672646889,0.30190654719124776,-0.05760926711902917,-0.5447298724348483,-0.3876002194078653,T1 Tiêu cực
0.000219300667717,0.8494177336246903,0.0073267910969249,0.0,-0.0230884841099678,-1.5756204731739945,-0.0229027886538494,0.0098432759648412,0.9499721080830342,0.0079627577137388,0.0250542642176072,1.974273047917863,0.0254521470415401,0.0008683078736857,0.0483820543453599,-0.0018784932021572,0.005057551642908,0.2081278387703293,0.0031304105875225,-0.023426204150066,0.0231404664098595,0.0002967090707558,0.0224599667290676,0001141391-24-000022,2024-02-14,20.77550007792859,26.79786269536864,0.0159406734767258,0.6759814618644068,MA,2023,en,US,73,58162,1216,437,0.0209071214882569,0.0075134967848423,0.0164884288710842,0.0181561844503283,-0.4712643678160919,0.0258760015130153,0.0650940476599841,0.0,0.0,0.4311094311094311,7043.0,0.0100809314212693,0.0048274882862416,0.0115007809172227,0.0126366605139855,-0.3523809523809524,28.83215353739877,13.451647887926416,2.906362915581784,0.0190586881060153,10.970987499511612,0,-4.138881355776984,-0.3915896265927027,2024Q1,0.37971667709249,-0.4579820622871172,0.3489551202361405,0.12378252421617876,0.012381074492858302,-0.675786574661672,-0.6258921188251512,T3 Tích cực
0.0005681917831675,1.0325258052684485,0.0088392698089425,0.0,-0.0056508148875867,-0.3196426294098386,-0.004478207288706,0.0037183905058617,0.2974565997673797,0.0044964839241087,0.0010937201615003,0.0714379856378519,0.002430884654453,-0.0118687174221786,-0.5481655953867496,-0.0094375634543636,-0.0066297313242766,-0.2261430241386777,-0.0016062333202044,-0.0042865733745467,-0.007844625566436,0.0004085542523429,-0.007453273106076,0001141391-23-000020,2023-02-15,20.665970655327715,26.60413751383003,0.0175862214763226,0.7980029958677686,MA,2022,en,US,73,57310,1168,443,0.0203803873669516,0.0077298900715407,0.0161751875763392,0.0185133484557668,-0.4500310366232154,0.0266620136101901,0.0630954458209736,0.0,0.0,0.4059097978227061,7794.0,0.0107775211701308,0.0052604567616114,0.0112907364639466,0.0123171670515781,-0.344,27.61589386011472,14.49007898505425,3.5913748759666437,0.002646258319728,10.956230407545783,0,-4.040639554204788,-0.22564292731911398,2023Q1,0.2720834592562278,-0.25057584988783804,0.5029774011086707,0.03038988748392608,-0.0693970563280911,-0.5582672532987895,-0.7359510718038359,T3 Tích cực
-0.0001930586054593,1.2690646624908148,0.0161643932056582,0.0,0.031491914457027,0.9741137219429786,0.0290616707202221,0.0288657082094817,1.2627221918563547,0.0223422123057847,0.0337462032193157,1.2053269964986817,0.0221553470973989,0.0337040335315633,0.8512298541575316,0.02326256851564,0.0023472069612545,0.0437820039321005,-0.0073558707237276,0.0292647164479846,0.1045084531068551,-2.5333811025678368e-05,-0.0572242630679158,0001141391-22-000023,2022-02-11,21.34933754167512,26.636491329683317,0.0197676471781672,1.0359367408906883,MA,2021,en,US,73,54875,1105,406,0.020136674259681,0.0073986332574031,0.016127562642369,0.0189521640091116,-0.4626075446724024,0.0264783599088838,0.0642369020501139,0.0,0.0,0.4162314182402571,6671.0,0.0095937640533653,0.0058461999700194,0.0136411332633788,0.0116923999400389,-0.2427184466019417,25.66317645414176,14.67202398972268,2.854858596852197,0.0971435632836073,10.912813150377472,0,-3.9237086585850554,0.03530608105667366,2022Q1,0.222282952884238,-0.29903683250879276,0.41174996074371395,0.016190552235688268,-0.2006926854314041,-0.7579749481767738,-0.10226827290945557,T3 Tích cực
-0.0010327376736224,1.421020120590455,0.01406117464069,0.0,-0.0078839546252792,-0.2803448085505162,-0.01226519207339,-0.0086581869740751,-0.4354019403494951,-0.0089798977340426,0.015923815373022,0.6538300908044871,0.0152692940128617,0.0146574295662498,0.425559792543926,0.0041740869607338,0.0753452992753318,1.6156162676750865,0.0627168451860165,-0.0122467594905951,-0.0787344925677424,-0.0003894793512562,0.000482184778266,0001141391-21-000018,2021-02-12,20.97640339954967,26.5626151919457,0.0186025129168683,1.1910622754491018,MA,2020,en,US,73,52500,1118,339,0.021295238095238,0.0064571428571428,0.0161904761904761,0.0193142857142857,-0.5346602608098833,0.0268,0.0628952380952381,0.0,0.0,0.4024208961562964,6730.0,0.0109955423476968,0.0057949479940564,0.012927191679049,0.0120356612184249,-0.3097345132743362,27.71196118993535,15.94210824561839,3.3433021509829963,-0.0169842888740822,10.868568448579715,0,-3.984458604331142,0.17484557737653644,2021Q1,0.45902469534189977,-0.21416517048991396,-0.11090583837455771,0.03494817532841166,-0.06293773944665502,-0.5214856313008075,-0.8675901708697488,T2 Trung tính
0.0003233167030224,1.3135653263887854,0.0094779388155267,0.0,0.0244273746148089,1.28864382278941,0.0256622733739744,0.0168334556627951,1.2558691168660057,0.0171425644301975,0.0236794385633008,1.4424370630441985,0.023800612784106,0.0235845175530321,1.0158684456442413,0.0116592260239178,0.023278386817491,0.7405299660138156,0.000295089177287,0.0258476391046013,0.070483641559054,0.0006953079557979,0.0173765861717076,0001141391-20-000032,2020-02-14,20.697211884828768,26.55675779918083,0.0172537329437766,0.8223908554572271,MA,2019,en,US,73,51070,1059,288,0.0207362443704719,0.0056393185823379,0.0168004699432151,0.019267671822988,-0.5723830734966593,0.0268846681026042,0.0610142941061288,0.0,0.0,0.3882824682557362,6024.0,0.0096281540504648,0.0061420982735723,0.0131142098273572,0.0132802124833997,-0.2210526315789473,27.17468676460445,14.57751232314843,2.4075965656503078,0.0034142391849309,10.84095251964169,0,-4.059726756378646,-0.19553950368008596,2020Q1,0.34479952762776916,-0.19182366895922554,-0.3845394758931823,0.21681731555423533,-0.09906267153317662,-0.752173127051197,-0.7308011231958293,T2 Trung tính
0.0006530576991199,1.5223645339452798,0.0114057119216991,0.0,-0.014265821138344,-0.6253805652939392,-0.0049935213882816,0.0022630645495045,0.140300605538981,0.0037636840084243,-0.0096765917287456,-0.4898232462631843,-0.0007895183298702,-0.0186926072133868,-0.6690704614991533,-0.0090279779451787,-0.0024952959648651,-0.0659634441629734,0.0122539914386654,-0.0050879786256043,0.0716405262227785,0.0009383655571584,-0.0301747028831212,0001141391-19-000013,2019-02-13,20.590608721878816,26.15210832975372,0.0236741890460071,0.9424349663784822,MA,2018,en,US,73,51790,1053,282,0.020332110446032,0.0054450666151766,0.0169723884919868,0.020158331724271,-0.5775280898876405,0.0295037652056381,0.0614983587565167,0.0,0.0,0.3515807341396138,7326.0,0.0096915096915096,0.0045045045045045,0.0133770133770133,0.0136500136500136,-0.3653846153846153,26.886247158341437,15.074011674722106,3.6198946890470554,0.025165609573014,10.854952359417938,0,-3.743369894097208,-0.059288363230602124,2019Q1,0.2622185195539607,0.49928148323715277,-0.42186038199440373,0.26807469075453205,-0.11845659891190272,-0.7414846092367099,-0.584940145757611,T2 Trung tính
0.000953963303452,1.2211734191394787,0.0081404082600893,0.0071428571428571,-0.0060787198975772,-0.373367016945565,-0.002018538719568,0.0009711763524784,0.0843600667957148,0.0056310713930043,-0.0022423125337301,-0.1590337614027885,0.006335813327877,-0.0088455919746579,-0.4436138442220256,0.0008828902318188,0.0072081111053595,0.266980131930018,0.0172169303513001,-0.0021597490521499,0.128609814018876,0.0012186017104185,-0.0038864294329572,0001141391-18-000009,2018-02-15,20.164952456563007,25.938630005810687,0.0297046627661543,0.7464645735707591,MA,2017,en,US,73,52899,1112,301,0.0210211913268681,0.0056900886595209,0.0181666950225902,0.0192442201175825,-0.5739561217268223,0.0311537080096032,0.0600578460840469,0.0,0.0,0.3168911917098445,8966.0,0.0105955833147445,0.0051304929734552,0.0133838947133615,0.0138300245371403,-0.3475177304964539,28.09151640801618,15.355536368534189,6.44728408641376,-0.0349095169315114,10.876139714076032,0,-3.516451250002575,-0.2924071198326016,2018Q1,0.4030257874978708,0.9346544105443302,-0.39595004892721897,0.6241562094776643,-0.03741743579957549,-0.5889613789734229,-0.9877936908600135,T2 Trung tính
0.0008189196159496,1.065483660321481,0.0082490846727295,0.0,-0.0041644278895475,-0.2524175744803891,-0.0001124528405509,-0.0021551859579886,-0.184741297498108,-0.0002470176765283,-0.0017028406322956,-0.1191811620861476,0.0012866622406153,0.0002467258044137,0.0122104926620779,0.0058931104427498,-0.0066008157224751,-0.24126565585791,0.0036474653125339,-0.0001359356553032,0.0113628785698286,0.0001143966847262,0.005042932896853,0001141391-17-000014,2017-02-15,19.692199712298667,25.50700251315119,0.047310654856711,0.8590571948998178,MA,2016,en,US,73,46121,1044,251,0.0226361093644977,0.0054422063702001,0.0178877301012553,0.0210533162767502,-0.6123552123552124,0.0277747663754038,0.0605580971791591,0.0,0.0,0.3711340206185567,7555.0,0.0109861019192587,0.0060886829913964,0.014692256783587,0.014427531436135,-0.2868217054263566,25.881454422128737,14.1927275445237,5.002813682400934,0.0522026809956878,10.739023656715148,0,-3.051019747610506,-0.15191977609474444,2017Q1,0.7330192659935405,0.04304792155199475,-0.6744892695653742,0.5409830455419168,-0.18601624375142453,-0.5230782943355904,-0.40363415931094887,T1 Tiêu cực
-8.882416417213003e-05,1.101375865689225,0.0071283843884478,0.0,-0.0047559428396065,-0.3335919179185902,-0.0002604621892738,0.0095435371456234,0.9466801261604512,0.0130189380985066,0.008776488366003,0.7108353933414594,0.0109160242290157,0.0001158075838914,0.0066323932002126,0.005896307546342,-0.0021402893146681,-0.0905284386875651,0.0025211900860654,-0.0006590762231661,-0.0578730450477367,0.0005225526785607,-0.0141648598571626,0001141391-16-000085,2016-02-12,19.866168047668424,25.25707686140601,0.064738723779279,0.9567975308641976,MA,2015,en,US,73,43235,979,231,0.0226436914536833,0.0053428934890713,0.0188042095524459,0.0201457152769746,-0.6181818181818182,0.0272927026714467,0.0613391927836243,0.0,0.0,0.3841336116910229,7332.0,0.0125477359519912,0.0065466448445171,0.0154118930714675,0.0144571740316421,-0.3142857142857143,25.40903264164732,12.620473140041163,5.798993075426615,0.1028118083393201,10.674405631394531,0,-2.737395743695349,-0.04416347640762213,2016Q1,0.7345685953875528,-0.08415496416984503,-0.7167542872871376,0.8142306469710187,-0.21778065302062422,-0.2596202517160257,-0.06425798898552487,T1 Tiêu cực
0.0003888117108508,1.273302252554565,0.0104934432663668,0.0142857142857142,0.0121492303499816,0.578896270822841,0.0148785690222279,-0.0079812607452126,-0.5378219000284183,-0.0056533814159599,0.0155793514801692,0.857177433808125,0.0209319078528541,0.0254167305381315,0.9888400335312848,0.0305151847872415,0.029129924813881,0.836999121749991,0.0371797296169147,0.0149008149039577,-0.0209676408393687,-9.816745752083396e-05,-0.0035534382707812,0001141391-15-000011,2015-02-13,19.761385288830265,25.34785422428156,0.0665942230782666,1.0758151931330473,MA,2014,en,US,73,44996,1005,231,0.0223353186949951,0.0051337896701929,0.0188238954573739,0.0218241621477464,-0.6262135922330098,0.0262467774913325,0.0617388212285536,0.0,0.0,0.4033846931043193,7248.0,0.012555187637969,0.0045529801324503,0.0149006622516556,0.0118653421633554,-0.4677419354838709,24.01087236546212,13.143655052133187,7.06728661360663,0.0845538860512897,10.714328875912717,0,-2.709137445764542,0.07307869339443288,2015Q1,0.6715554907335289,-0.3601448386771784,-0.775015148363536,0.820099983481018,-0.31178930603282523,-0.2583631027548882,-0.18669249970408572,T1 Tiêu cực
0.0014919294770711,0.3338637594760175,0.0114411045749571,0.0142857142857142,0.008549249225109,0.3736199231943969,0.0169972196629107,0.0009526680132945,0.0588787566800667,0.0032585462599277,-0.0006351924512336,-0.032053595026979,-0.0032188122206593,0.0052178627093783,0.1861868770644326,0.0023471929493779,-0.0150319936594139,-0.39614327360095,-0.0167702224751339,0.0169664733355181,0.0791397805460697,0.0002699673908262,0.0201821749836543,0000086312-24-000012,2024-02-15,19.45266229816186,24.62792659156287,0.502103034124184,1.4633543477531064,TRV,2023,en,US,63,101909,3306,509,0.0322341283652087,0.0049946520915718,0.0191641562570528,0.0224415900460214,-0.7331585845347314,0.0345406195723635,0.0668537616893503,0.0,0.0,0.318687699603213,29325.0,0.0390540599314201,0.0060358056265984,0.0213810741687979,0.0280017591074646,-0.7107922594334679,55.50887139788599,33.852362906477765,46.6844429258727,0.0802933602873235,11.531835537194869,0,-0.6889499330914143,0.38073129896718266,2024Q1,2.694285164887788,1.8283639367568953,-1.5507724467629735,0.9215484635880442,1.8060540571736678,4.21217281009449,-0.2152628583180557,T1 Tiêu cực
0.0007602789441438,0.4795832691286927,0.0131157947151773,0.0,0.0203025374254866,0.7739728268998047,0.0432084478223447,0.0094526211066987,0.5096155154669445,0.0195892750562006,0.0132819415346839,0.584663963330943,0.02273566740135,0.0170325217637217,0.5301621474969788,0.044169383910247,-0.0053032020035941,-0.1219122135863312,0.015725451659039,0.0426039345394806,-0.0916523808920566,0.0006422242158113,0.0149644116656547,0000086312-23-000011,2023-02-16,19.276053283556585,24.484198501946555,0.5015294653049042,1.415308092632756,TRV,2022,en,US,63,101048,3271,534,0.0322341283652087,0.0052846172116221,0.0189217005779431,0.0223458158498931,-0.7193166885676742,0.0345083524661547,0.06681972923759,0.0,0.0,0.3188787967574958,29351.0,0.0390540599314201,0.0067800074954856,0.0214984157268917,0.0280017591074646,-0.7082111436950147,53.570545220800895,32.86059579199322,47.151405855662304,-0.033604060257785,11.52335093045381,0,-0.6900929189593479,0.34734724070411227,2023Q1,2.694285164887788,1.8198495661665348,-1.4503661389123392,0.8492605004662046,1.675726056793601,4.21217281009449,-0.979039521212969,T1 Tiêu cực
0.000665433542628,0.6218493840162812,0.0122975740436717,0.0,0.0203432777950917,0.8271256478248369,0.0445196521417298,0.0067744125864937,0.3895266709884327,0.0188218032525009,0.009465431385788,0.4443859690678476,0.0218450263387219,0.0160862039349189,0.5340212006987801,0.0274772591951011,0.0211947489983629,0.5196518635131234,0.0406255319688957,0.0433920930302156,0.1462720217609884,0.0003623302566722,0.0323192194874811,0000086312-22-000013,2022-02-17,19.25389825750656,24.451446100367445,0.6943434219967073,1.329062638203515,TRV,2021,en,US,63,101936,3299,529,0.0322341283652087,0.0051895306859205,0.0189334484382357,0.0224846962800188,-0.7236154649947754,0.0336976141892952,0.0661297284570711,0.0,0.0,0.3248820754716981,29529.0,0.0390540599314201,0.0066375427545802,0.0212333638118459,0.0280017591074646,-0.7107922594334679,53.65763951214937,33.67121233160021,47.313724754653634,0.0370035478286445,11.532100444356269,0,-0.3647885964947757,0.28447391045152565,2022Q1,2.694285164887788,1.6059188189745468,-1.481548591832648,0.8527631154377755,1.681582049954172,4.21217281009449,-0.5055569522386618,T1 Tiêu cực
0.0007945969578112,0.7617673731078747,0.0161380865647977,0.0,0.0098464983998252,0.3050701940496338,0.0117184628523543,-0.0062312463900156,-0.2730284386524144,-0.0061604253290695,-0.0151209833248876,-0.5409627565190304,-0.0141733309929308,-0.0041376109912185,-0.1046699437995386,0.0008174403986119,0.0081635006160302,0.1525204389825085,0.0228934373396754,0.0117822242857599,0.0125408864670421,-0.0003229959539049,0.0069238187710296,0000086312-21-000011,2021-02-11,18.94009212477201,24.328916903476784,0.7933838621183052,1.7589002814689116,TRV,2020,en,US,63,103804,3346,498,0.0322338252861161,0.0047975029863974,0.0188335709606566,0.0222920118685214,-0.740894901144641,0.0334476513429154,0.0659608492928981,0.0,0.0,0.3270665762186258,30073.0,0.0390540599314201,0.0060186878595417,0.0210487812988394,0.027998536893559,-0.7107922594334679,55.20571837435234,33.85795303763268,50.72569117558663,-0.1448359645158052,11.550259784616918,0,-0.23144811126719655,0.5646887736816631,2021Q1,2.6942232334945557,1.5399607409824632,-1.6068901194440304,0.8229847268990867,1.7856708379645418,4.21217281009449,-1.7249416868198768,T1 Tiêu cực
-0.0013644473997008,0.7794551382679804,0.0107531712309626,0.0,-0.004779401567025,-0.2222321892012314,-0.0106780450888807,0.0176130465974747,1.158198304381885,0.0148371564264042,0.0017844492569965,0.0958091558995814,-0.0037811917850851,0.0139888247613623,0.5310911238891771,0.0085224932966101,-0.0045088718868236,-0.1264255907327691,0.009662152844301,-0.0108250198029992,-0.0329878833026139,-0.0001197860106861,0.010087818030384,0000086312-20-000011,2020-02-13,18.857120306193316,24.26741559742292,0.7495757218132043,1.2546373546374705,TRV,2019,en,US,63,105185,3305,526,0.0314208299662499,0.0050007130294243,0.0192422873983933,0.0228264486381138,-0.7253980683894544,0.0341968911917098,0.063887436421543,0.0,0.0,0.3027042744984007,29609.0,0.0384680333682326,0.0066533824175081,0.0211084467560539,0.0280017591074646,-0.7050898203592815,52.98095649893815,33.0694243708804,46.98365974178606,-0.016128770019859,11.56347598356813,0,-0.28824793677186195,0.22684657037840192,2020Q1,2.528095202627344,1.7376638040467667,-1.4944792355571568,0.9448431997007581,1.636083647752536,4.1133062331473305,-0.8618532074477939,T1 Tiêu cực
0.000324976262608,0.700726811027418,0.009673095378063,0.0,0.0039841720370257,0.2059409052277745,0.0018415480307504,-0.000823904236239,-0.0602276985518177,-0.0026361054720313,0.0028613276135239,0.1707817615087509,0.0004691021123836,0.0111729833240368,0.4715503324575597,0.0088170087685169,0.0220872405389824,0.6884614833865769,0.0201688801691666,0.001773558306648,-0.0300016132650742,-0.0003495590558581,0.0610934239010683,0000086312-19-000009,2019-02-14,18.985766510971523,24.241492969876383,0.678851916737147,1.4637848302763412,TRV,2018,en,US,63,107260,3326,574,0.0310087637516315,0.0053514823792653,0.0189725899683013,0.0221983964199142,-0.7056410256410256,0.0345142644042513,0.0632854745478277,0.0,0.0,0.294184938036225,31724.0,0.038109948304123,0.0073761190266044,0.0197642163661581,0.0268251166309418,-0.6756756756756757,52.53073277265372,32.48734473855691,45.464202946538336,0.0547355792578309,11.583011072536916,0,-0.3873522654336873,0.3810254308824462,2019Q1,2.443893304844308,1.8214095583001968,-1.3511656518444894,0.8644331307259475,1.6058117777938112,4.052894902384679,-0.3866489758638329,T1 Tiêu cực
0.0009406091635172,0.4808378206552746,0.0103660642690639,0.0071428571428571,-0.0189318389191268,-0.9131642650348192,-0.0157429152977855,-0.0038852000592094,-0.2650235650508332,-0.0084636997898226,0.0033062517696866,0.1841456216834417,-0.0072896882348176,-0.0202270860863542,-0.7966064170047076,-0.0239837018353848,-0.0281454727622511,-0.8186500793410091,-0.0166608507225055,-0.0156523460794106,0.0627633914956961,0.0004900096765135,-0.0101788934278974,0001047469-18-000812,2018-02-15,19.1544987852204,24.365126340532218,0.6218363689526784,1.4133179257336566,TRV,2017,en,US,63,111535,3496,619,0.0313444210337562,0.0055498274084368,0.0186219572331555,0.0224144887255121,-0.699149453219927,0.0352893710494463,0.0639530192316313,0.0,0.0,0.2888246454060891,33480.0,0.0390540599314201,0.0078255675029868,0.0197431302270011,0.0274492234169653,-0.6673015873015873,54.13149163250246,33.75590126016955,48.85354398826347,-0.0015334122162312,11.622093721970883,0,-0.47507829327592427,0.3459400789127889,2018Q1,2.5124817480530504,2.0259381324318677,-1.304077101222614,0.7598922665127362,1.713442631548516,4.21217281009449,-0.7639792290586422,T1 Tiêu cực
-0.0002388688533521,0.6529876969433739,0.0084903204626536,0.0071428571428571,0.0047894756381949,0.2820550566531881,0.0018281634451541,0.007955003868903,0.6625235413444545,0.0071946459852481,0.0110885846491433,0.7540348282818461,0.0083569652962722,0.007056539400136,0.3393064089121588,0.0029538802057739,0.0192004067629333,0.6818518199632971,0.0115584821997656,0.0018281889998461,-0.0398386648178068,-0.0001213935972379,0.0117190091781022,0001047469-17-000695,2017-02-16,18.83108239975584,24.244801546666608,0.6862737570842248,1.413874925774215,TRV,2016,en,US,63,110432,3521,632,0.0318838742393509,0.005722978846711,0.0186902347145754,0.0232994059692842,-0.6956417047917168,0.0352909035922118,0.0642567371776296,0.0,0.0,0.2890099909173478,33063.0,0.0389256873241992,0.0084081904243414,0.0198106644890058,0.0280017591074646,-0.6447284345047923,57.24771736820587,35.058226579733144,48.97472614505419,-0.1237038567382842,11.61215522589773,0,-0.37647866805564323,0.3463341093712827,2017Q1,2.622713992446785,2.026342526831743,-1.2786326050796242,0.7802491419509914,1.922969528346597,4.190515497871849,-1.5832333787563209,T1 Tiêu cực
0.0009066807780369,0.8050048778525546,0.0069222618716692,0.0142857142857142,-0.0028544737170074,-0.2061807086994162,-0.0070692807626587,0.0097807475140587,0.9991001525916876,0.0101868511572438,0.007137867571162,0.5953328319629922,0.0084874963748071,-0.010895872036819,-0.6425964828562214,-0.0123824498153013,-0.0246025909817615,-1.0716093127547195,-0.0246596529622695,-0.0077503194709125,0.0352238385717712,0.0004201559981578,0.0037044058835145,0001047469-16-010107,2016-02-11,18.952481275183803,24.16320322958793,0.7567098184867286,1.6584073375749269,TRV,2015,en,US,63,112862,3489,643,0.0309138594035193,0.0056972231574843,0.0186245148942956,0.0226471265793624,-0.6887705711519845,0.0343251049954812,0.0646098775495738,0.0,0.0,0.3061078273329751,36437.0,0.0354859071822597,0.0078217196805445,0.0185800148201004,0.0261547328265224,-0.6387832699619772,57.57380473884479,35.055419465898886,50.19723744333871,-0.0317102194018662,11.633921112436468,0,-0.27877542996379445,0.5058577066200733,2016Q1,2.424500484138759,1.7714957762430117,-1.2287907943077656,0.7606548310971283,1.9448947932823855,3.610201721249472,-0.9663397476617774,T1 Tiêu cực
0.0007301128891682,0.6976121936118612,0.0066898696748643,0.0,-0.0114363309165215,-0.8547499033868303,-0.0130524554999098,-0.0088958717161096,-0.9402770936870796,-0.0115841783154939,0.0021291096755828,0.1837467849262616,0.0001796953685579,-0.0179110949522158,-1.0930218748583214,-0.0195984296341777,-0.0230858654745068,-1.0404762242399104,-0.0202932994359181,-0.0131102238598574,0.0072743188090337,0.0008017248028759,-0.0080074311118188,0001047469-15-000743,2015-02-12,18.885589810722617,24.2680985421477,0.717101065894622,1.608660062536294,TRV,2014,en,US,63,114045,3539,688,0.0310316103292559,0.0060327063878293,0.0183874786268578,0.0222368363365338,-0.6744736219541045,0.034197027489149,0.0654127756587312,0.0,0.0,0.3133802816901408,36823.0,0.0353854927626755,0.0082013958667137,0.0187926024495559,0.0251201694593053,-0.6236760124610592,58.50861530051145,34.13795529859251,51.51833263278759,-0.0057720588892698,11.644348386330647,0,-0.3325384916986423,0.47540157318210147,2015Q1,2.4485617904555435,1.737699769060187,-1.1250836225515544,0.6899826611483708,2.0077490190966376,3.593261141139199,-0.7924028702230346,T1 Tiêu cực
-0.0001363836181365,0.2166668346273152,0.0106019665476054,0.0,0.0303006843473779,1.429012448366087,0.0166502134311681,0.0148621199781195,0.9912411789027988,0.0183032309067681,0.0148909023732449,0.8109124335627335,0.0219583469160341,0.0257179556989762,0.9903173530295498,0.0134243651568538,0.0201818166539195,0.5739545251366197,0.0070555903089576,0.0171634963331064,-0.0872983609806912,-0.0001081621414398,0.0104503925370079,0000200406-24-000013,2024-02-20,20.76340379805054,26.655756397190903,0.1888873335026994,1.141434036481337,JNJ,2023,en,US,28,50781,1533,385,0.0301884563124003,0.0075815757862192,0.0154585376420314,0.0229613438096926,-0.5985401459854015,0.0313503081861326,0.0717985073157283,0.0,0.0,0.3921344024436808,8022.0,0.018947893293443,0.0119670905011219,0.0144602343555223,0.0104712041884816,-0.2258064516129032,43.98745180322078,22.511504159645916,12.381454202359684,0.3406095850560814,10.835277547857206,0,-1.6666045607054256,0.13228539861746036,2024Q1,2.2762711104045765,0.986531599352946,-0.5742775781753053,-0.18327870635037732,1.0313838313551593,0.8201288382072474,1.530373315879068,T1 Tiêu cực
-0.0005419522724378,0.3223487255186915,0.0092497102369045,0.0071428571428571,0.0125761065392948,0.679810838242184,0.023319429161052,0.0144121205295755,1.1017543141060708,0.0287845200045412,0.012308396685316,0.7682679735422738,0.0354828021314466,0.0027281314983324,0.1204097200700579,0.0174459093078872,-0.0001512586015326,-0.0049305527588434,0.0005699125083599,0.0230372893326227,-0.1960200636788829,0.0001044341210367,0.0059623575364616,0000200406-23-000016,2023-02-17,20.83114915037078,26.74453740522613,0.1863712091241223,0.6868244854413766,JNJ,2023,en,US,28,55954,1808,337,0.0322341283652087,0.0060228044465096,0.0148336133252314,0.0245389687447951,-0.6857808857808858,0.0337062587125138,0.0697179826285877,0.0,0.0,0.348194228443062,8159.0,0.0192425542345875,0.0091923029783061,0.0138497364873146,0.0091923029783061,-0.3534482758620689,50.22209527686847,25.833035994932192,13.597935475728908,0.0281427100673317,10.932285203588544,0,-1.6800148461490467,-0.37567649910716283,2023Q1,2.694285164887788,1.6081998625172766,-1.2071042225793343,-0.369599382082372,1.450585009469087,0.8698400978002091,-0.5649762179551177,T1 Tiêu cực
0.0002678594512823,0.2216719458283295,0.008575518705346,0.0071428571428571,-0.0393846695817142,-2.296343284585301,-0.0221517374016096,-0.021007261767017,-1.7321841115404768,-0.0069993795575652,-0.0226818624764754,-1.5270655754445923,0.0080735266029645,-0.0032502351680671,-0.1547315091437828,-0.0009937199686215,0.0498892130130299,1.754082080901726,0.0842583104002896,-0.0214273183204868,0.0187252621865952,0.0001235637376436,0.005012725449619,0000200406-22-000022,2022-02-18,20.87854699591133,26.803103104322396,0.1694052658997345,0.6603055282579511,JNJ,2022,en,US,28,55000,1742,356,0.0316727272727272,0.0064727272727272,0.0146727272727272,0.0245389687447951,-0.6606291706387035,0.0327636363636363,0.0701090909090909,0.0,0.0,0.3630258041710852,8376.0,0.0154011461318051,0.0117000955109837,0.014087870105062,0.0095510983763132,-0.1365638766519823,48.51202935718432,24.762851115705683,11.42484919242731,0.3436786802997812,10.915088464214607,0,-1.7754614116526755,-0.4150526294738589,2022Q1,2.5795680739751345,1.359468663841952,-1.0246587787219557,-0.4175674275121504,1.3356046338928296,0.22176901427551654,1.5509541447698445,T1 Tiêu cực
8.935265975722423e-05,0.5942379404324202,0.0092372429330739,0.0071428571428571,-0.0112879893232294,-0.6110042468847937,-0.0041863710505328,-0.0031044386285284,-0.2376433771325961,-0.0080415537174667,0.0007839262397382,0.0489973067523347,-0.0009261433245969,-0.0172579974794662,-0.7627327784782137,-0.0163521600613117,-0.0265214993666074,-0.8656839483578512,-0.0259024935965224,-0.0042084343670667,-0.0095678021389535,0.0001522454074748,0.0036606542178884,0000200406-21-000008,2021-02-23,20.813473525271156,26.77654110282795,0.1487129191758168,0.7833608266778403,JNJ,2021,en,US,28,53155,1715,334,0.0322341283652087,0.0062835104881949,0.0145800018812905,0.0245389687447951,-0.6739873108833577,0.0331671526667293,0.0702850155206471,0.0,0.0,0.3587925077286779,8612.0,0.0197398978169995,0.0095215977705527,0.0140501625638643,0.0103344170924291,-0.3492063492063492,46.13702903883983,23.82284470120825,12.397293420527552,0.0885242237895727,10.880967452722706,0,-1.9057375484841843,-0.2441618632413538,2021Q1,2.694285164887788,1.4659451269481765,-1.1215560206105497,-0.44521342739653164,1.1759158023374834,0.9537452663513813,-0.1600680924629179,T1 Tiêu cực
0.0006654412844349,0.4742179698063926,0.009837091031174,0.0,0.0025358495407523,0.1288922473481312,0.0278806209855339,-0.0069214400434714,-0.4975248449775337,-0.0060586434012923,-0.0127961773488321,-0.7510224733647374,-0.0097326860545451,0.0020145679546708,0.0836064158511178,0.0465975882614061,-0.0023211118545612,-0.0711431411955339,0.0415235891191889,0.0274258725923143,-0.0044325045976201,0.0002008559692847,0.0241671883912032,0000200406-20-000010,2020-02-19,20.47894918792556,26.69692868654757,0.1513479102782583,0.6561648202468653,JNJ,2019,en,US,28,52788,1640,311,0.031067666893991,0.0058914904902629,0.0138289005076911,0.0245389687447951,-0.68118913377755,0.0335303478063196,0.0661892854436614,0.0,0.0,0.3275075987841945,8067.0,0.0190901202429651,0.0109086401388372,0.0142556092723441,0.0100409074005206,-0.2727272727272727,44.40321268588217,21.78838792139789,10.614996281579122,0.114735984117724,10.87403917113672,0,-1.8881740508230875,-0.4213432712198189,2020Q1,2.4559296140492437,1.5617819830665618,-1.17379658420971,-0.6691536897772278,1.0593385095275376,0.844123470075816,0.015703498642675947,T1 Tiêu cực
0.0007469058528671,0.6215337721200456,0.0123019169812474,0.0142857142857142,-0.0001383093794284,-0.0056214563811196,0.0015905084578224,-0.0013934864178272,-0.0800967602885814,-0.0009914232219743,0.0016191404426463,0.0759890651060846,0.0020955330878627,0.0043664085159578,0.1449025233078669,0.0088643018524005,0.0203097256761994,0.4977771111584495,0.0333738702769649,0.0015564979320492,-0.0197125952816,0.0001970194108673,-0.0280215405562232,0000200406-19-000009,2019-02-21,20.79803582492601,26.61799633515761,0.164552133970039,0.6934485176860187,JNJ,2018,en,US,28,48449,1290,326,0.026625936551838,0.0067287250510846,0.0130446448843113,0.0226423661995087,-0.5965346534653465,0.0314970381225618,0.066358438770666,0.0,0.0,0.3562539548618434,9279.0,0.0184287099903006,0.0126091173617846,0.0128246578295074,0.0096993210475266,-0.1875,36.816320493325854,17.348197611576925,12.657046329715136,0.2515707970689982,10.788266977271027,0,-1.804527835156435,-0.3660782774752441,2019Q1,1.5483033370536226,1.0252494517495594,-0.5597301419107922,-0.9029788647087805,0.5492156518555824,0.7325391635846229,0.9332944002064452,T1 Tiêu cực
-0.0005483656936494,0.8166136933739179,0.0087082485694207,0.0,0.0090827166002436,0.5215007660746983,0.0039455268683847,0.0034546892134456,0.2805195729365729,-0.0007599628506902,0.0011563648425939,0.0766661111968529,-0.0025986695071558,-0.003491606185683,-0.1636887423360479,-0.0052471991871776,0.018026828531636,0.6241545892629358,0.0093625600011061,0.0041381385617469,-0.0669790554037518,8.114828493051338e-05,0.0154969283013947,0000200406-18-000005,2018-02-22,20.536862013315687,26.577006646032824,0.1726078311929182,0.5653144813696412,JNJ,2017,en,US,28,44653,1145,280,0.0256421740980449,0.006270575325286,0.0131458132712247,0.0211855866347165,-0.6070175438596491,0.0306138445345217,0.0660649900342642,0.0,0.0,0.3666898309010887,8970.0,0.0180602006688963,0.0109253065774804,0.0123745819397993,0.0088071348940914,-0.2461538461538461,34.55291054478937,16.663985495452266,9.8538292709209,0.0867135529685765,10.706676773297268,0,-1.756733129444829,-0.570373098488299,2018Q1,1.3472806308999867,0.7921998109499614,-0.6357709041445064,-0.8728155926041793,0.3970298659334643,0.6703691913188666,-0.17221014195484613,T1 Tiêu cực
-0.000709743200447,0.5454400107743096,0.0070475437507302,0.0,0.0110946509760803,0.787128918137669,0.0056467424572749,0.0073165752039423,0.7340997267640846,0.0008535283148102,0.004782493673397,0.3917923900007583,-0.0028530307854751,0.0162145113306524,0.9392700159910248,0.0121611221241145,0.0462298186599461,1.9778259315243452,0.0391859331066434,0.0057141232995825,0.0338117961552872,0.0002104043127257,-0.0056780384469183,0000200406-17-000006,2017-02-28,20.235040751214328,26.52874300099734,0.2120298416428884,0.6368784948912325,JNJ,2017,en,US,28,44640,1215,285,0.0272177419354838,0.0063844086021505,0.0133736559139784,0.02168458781362,-0.62,0.0302867383512544,0.0657034050179211,0.0,0.0,0.3689614935822637,9803.0,0.0222380903804957,0.010302968479037,0.0126491890237682,0.0082627767010098,-0.3667711598746082,37.81199278025676,19.45766383968976,10.19872447893101,0.0034913478139787,10.706385597055192,0,-1.5510282517497762,-0.4511763874579159,2017Q1,1.669233262035075,0.7058858028479119,-0.729943009684652,-0.8048844943620557,0.6161620614555886,1.3752069590847404,-0.7302840458898407,T1 Tiêu cực
0.0009990439472892,0.792002691662764,0.0075933654949494,0.0,-0.0023704533867875,-0.1560871387242054,-0.0036212127760434,-0.001616097800226,-0.150493705901632,-0.0015894418561906,0.0023233748759787,0.1766543584615985,0.0024256110606138,-0.0157043913150874,-0.8443279743908422,-0.0165363966490305,-0.0146212100350077,-0.5805674308633344,-0.0100750717740012,-0.0036261436288917,0.0733367548157966,0.000476195396943,0.0033882416959711,0000200406-16-000071,2016-02-25,20.37436693065611,26.391843629379814,0.2456647523321926,0.7479048418137221,JNJ,2016,en,US,28,39718,1088,237,0.0273931215066216,0.0059670678281887,0.0120600231633012,0.0245228863487587,-0.6422641509433962,0.0303892441714084,0.0632458834785235,0.0,0.0,0.3509007797795106,9971.0,0.0223648580884565,0.0111322836225052,0.013840136395547,0.0090261759101394,-0.3353293413173652,31.552010588153667,18.138919901576102,12.492380213558704,-0.0210537671204656,10.58955976442411,0,-1.4037874678975428,-0.2904795259269814,2016Q1,1.7050704459591512,0.732934170148415,-0.8914426480994959,-1.1965430283476781,0.19525717395181416,1.3965935141332895,-0.8948793974375724,T1 Tiêu cực
-0.0001294740913089,0.925730714135548,0.0070703573532284,0.0142857142857142,0.0259202611967897,1.8330234174764977,0.025583528825952,0.0086693769603767,0.8670248095091962,0.008262406582152,0.008281463757412,0.6762466295204695,0.0077675480732914,0.0231113516717305,1.3344685903301488,0.0223978520235674,0.0244620303145085,1.0431692887293278,0.0253577046420666,0.0257041277278551,-0.0744311645810085,2.537294558565002e-05,0.0169994761793483,0000200406-15-000004,2015-02-24,20.337056698208183,26.35286111441931,0.2504116329549765,0.6789889829683854,JNJ,2014,en,US,28,7327,61,20,0.0083253719121059,0.0027797171027863,0.0083622448932925,0.0192438924525726,-0.5061728395061729,0.0173093110532538,0.0607342705063463,0.0,0.0,0.6057713383442073,,,,,,,4.997799066073256,4.631373114812814,,0.0341297973506152,8.899321434159964,0,-1.384649183347384,-0.387150376933004,2015Q1,-2.191246809258617,-2.7184877560831127,0.09573614189306073,-2.299032605810552,-1.5901788018169527,,-0.5248278324710425,T2 Trung tính
-0.0018975737989024,0.3554098552542235,0.0156520887623678,0.0214285714285714,-0.0095666951883483,-0.3056044255048378,-0.014971437131508,-0.0082533716769559,-0.3728585474457557,-0.0098319002330016,-0.0181999670760165,-0.6713325007358858,-0.0352916724261158,-0.0270980235326596,-0.706788847808977,-0.0448303036026118,0.0081813747240199,0.1576005177957228,-0.0174468617553813,-0.0151167383219944,-0.0906558612259429,-0.0016260513386107001,0.0064098101754163,0000078003-24-000039,2024-02-23,20.828873082594868,25.770353537125008,0.5721843556476517,1.3480816364775283,PFE,2023,en,US,28,81220,1887,715,0.0232331937946318,0.0088032504309283,0.0185791676926865,0.0165107116473774,-0.4504227517294389,0.0264220635311499,0.057153410490027,0.0,0.0,0.3677077195050088,12252.0,0.0180378713679399,0.0106921318968331,0.0166503428011753,0.0075089781260202,-0.2556818181818182,54.655660744143375,28.45136822721448,16.989948746357086,0.1184751035040244,11.304916801240289,0,-0.5582940394465467,0.2986825718414708,2024Q1,0.8550279150174658,-0.31389184367154177,0.5001359791214788,0.7471345998959684,1.7486863964982773,0.6666020898086986,0.040777395078312566,T3 Tích cực
-0.0009396337636296,0.5225166123256638,0.0136883094007489,0.0071428571428571,-0.0392844293824119,-1.434962793150429,-0.0357728913828019,-0.0304563240121166,-1.573304095376747,-0.0287713943893285,-0.0341889090235431,-1.4420316819374528,-0.0359883271763431,-0.0258058615005861,-0.7696493798558554,-0.0355042389895914,-0.0403679425678698,-0.8891815844555973,-0.0327226836393028,-0.0349326315338823,-0.1253232856025098,-8.302301689665414e-05,0.0284602589364171,0000078003-23-000024,2023-02-24,20.569433693973604,26.194219897125148,0.4024665189601583,0.9910349969705448,PFE,2022,en,US,28,76609,1752,653,0.0228693756608231,0.0085238026863684,0.0176219504235794,0.0164602070252842,-0.456964656964657,0.0255714080591053,0.0570298528893472,0.0,0.0,0.3808470290771176,12587.0,0.0173194565821879,0.0095336458250575,0.0167633272423929,0.007070787320251,-0.2899408284023668,49.28676068345626,26.593685311009956,17.57353999455352,0.1509545712545514,11.246469842299451,0,-0.9101433682910736,-0.009005430471923299,2023Q1,0.7806850637285182,-0.5383556021145046,0.4526823244675037,0.4617410512569455,1.3876955491260228,0.5454007396357687,0.2585791624262899,T3 Tích cực
0.0020490201876893,-0.2138706068786753,0.0215276580966,0.0071428571428571,0.0359644384262161,0.8353077298244553,0.0161210036402975,0.0221131345856202,0.7263375955070733,0.0020186436785534,0.0038474790698846,0.1031855423721246,-0.0323536796009388,0.0489152599445564,0.927623950564066,0.0491792517080286,0.0661820879105942,0.9269308451177296,0.1110522434549308,0.0150456111680927,-0.0726362806099271,0.0018427107232783,0.0399608634648565,0000078003-22-000027,2022-02-25,21.280109520304176,26.27796421417133,0.2987088377227947,1.457254010980893,PFE,2021,en,US,28,76690,1764,655,0.0230016951362628,0.0085408788629547,0.016768809492763,0.0165862563567609,-0.458453906572964,0.0259355848220106,0.0573216847046551,0.0,0.0,0.3769772905246671,13363.0,0.0170620369677467,0.0093541869340716,0.0156402005537678,0.0068098480880041,-0.291784702549575,45.38026232638743,26.37213018851584,16.33000940832094,0.1596424481226131,11.247526600758905,0,-1.2082859669102062,0.37655385037129563,2022Q1,0.8077233176557332,-0.44225972355295545,0.4418796096519915,0.20737777805564428,1.1250327809171996,0.5019723394273711,0.316838581912459,T3 Tích cực
-0.000770501007362,0.519990675732753,0.0151222986737525,0.0071428571428571,0.0213093428699516,0.7045669223204081,0.0192384901107647,-0.012145674533775,-0.5679221797029851,-0.0228263177693803,0.0034279580954081,0.1308751117705263,0.0037268697114446,0.0197201390972434,0.5323736323322766,0.0131904255949157,0.0259396008409095,0.5171888279741498,0.0029635648086024,0.0193657377757671,-0.1181057868122849,-0.0001722288835801,0.06750250594250334,0000078003-21-000038,2021-02-26,20.895254486458374,25.9630820351225,0.3352392537106856,1.5629001910338616,PFE,2020,en,US,28,77190,1766,642,0.0228786112190698,0.0083171395258453,0.0162197175799974,0.0171395258453167,-0.4667774086378737,0.0270112708900116,0.0574815390594636,0.0,0.0,0.3606255749770009,14172.0,0.0146062658763759,0.0097375105842506,0.0136889641546711,0.0064211120519333,-0.2,42.52946683529464,25.39636897284153,13.10488756974978,0.1540348384995013,11.2540251939439,0,-1.0929108118883637,0.4465431920963838,2021Q1,0.7825722641440588,-0.15841679811112924,0.3815026126919145,0.043666471782052026,0.9333527219885404,0.08766743104741254,0.2792349088506842,T3 Tích cực
-0.0011732764028138,0.6535309709062184,0.0117963773755229,0.0142857142857142,0.0391189096158616,1.658089952981323,0.0164455916737931,0.0013878521523232,0.0831916135735381,-0.0140555378121755,0.0135661282956228,0.6639672141712558,0.0122506577080492,0.0365474507683986,1.2648318905065103,0.0291891606648596,0.0346000446976753,0.8843652307100188,0.0482902188738807,0.0166356225793007,-0.0793806490718895,-0.0010462475489583,-0.0051680273527978,0000078003-20-000014,2020-02-28,20.246753704497188,25.96593560542886,0.3337818066384369,0.9999776470767736,PFE,2019,en,US,28,33791,783,328,0.0231718504927347,0.009706726643189,0.0193246722500073,0.0163357106921961,-0.4095409540954095,0.0241188482140214,0.0497765677251339,0.0,0.0,0.3472166599919903,,,,,,,33.67841170755711,17.257126957630398,,0.1041143074538558,10.427949773825027,0,-1.0972677730191855,-2.2353173056698838e-05,2020Q1,0.8424929819101815,-0.9216447866385131,0.7966842531800913,0.9694061760646833,0.33823084328260816,,-0.05552365222563607,T3 Tích cực
0.0010996918777126,0.7579985261664945,0.0111175581144366,0.0142857142857142,-0.0355328692205242,-1.5980518768048129,-0.0300110044808665,-0.0109422064252551,-0.6959539392372219,-0.00947239954151,-0.0001165044357696,-0.0060502375306704,0.0031367715022989,-0.0532651001501938,-1.9559498456289277,-0.0430615441868047,-0.0585328550532617,-1.587427710961736,-0.0497728514853215,-0.0296884896788286,-0.0518961518071359,0.0007186685227461,-0.0047386318228528,0000078003-19-000015,2019-03-01,20.488171477329445,26.206695599464812,0.2634595331769896,1.0047117664817895,PFE,2018,en,US,28,31457,741,331,0.0235559652859458,0.0105223002829258,0.0184060781384111,0.0163715548208665,-0.3824626865671642,0.0245096480910449,0.0517213974632037,0.0,0.0,0.3569641367806505,,,,,,,31.66577828335415,19.5794475179075,,0.0746664463263005,10.356376812879024,0,-1.3338554970753318,0.004700700855583946,2019Q1,0.9209832667418679,-0.8185238262984811,0.9931045175696999,0.6955280903591293,0.2029066172697728,,-0.2529959829751226,T3 Tích cực
-6.498791206125639e-05,0.995540321208943,0.0078923785545268,0.0142857142857142,0.0126011984128562,0.7983143690965372,0.0123234851367284,0.0099088933150356,0.8877736424714371,0.0096550035688727,0.0084448348861499,0.6177640442733328,0.0081216155028264,0.011200983802091,0.5793921892018601,0.0108300995246848,-0.000607766367436,-0.0232184066398697,-0.0014598079373933,0.0122987420078508,0.0118488684019822,-0.0001082018653291,0.0125659082699183,0000078003-18-000027,2018-02-23,20.09714003650076,26.083408864125364,0.3351642716909299,0.8101168098767343,PFE,2017,en,US,28,28635,659,310,0.0230137943076654,0.0108259123450323,0.0179151388161341,0.0162388685175484,-0.3601651186790505,0.0256678889470927,0.0507071765322158,0.0,0.0,0.3278463648834019,,,,,,,26.80850538742454,16.919342617090415,,0.0946880046650767,10.262385024827958,0,-1.093134504089336,-0.21057683198851201,2018Q1,0.8101956707814191,-0.5128970428654664,1.1548465557285328,0.5491549315445503,-0.12368375297368256,,-0.1187348299063401,T3 Tích cực
-0.0010836975555246,1.0492478171423036,0.0102284705403429,0.0071428571428571,0.0006390365016824,0.0312381259329999,-0.0030256472646117,0.0059884050542061,0.4139858257028297,0.0039446883134317,0.0206248362918067,1.164177453325027,0.0175180561769623,0.0113306455333668,0.452239330465327,0.005234795188263,0.0095045149168599,0.2801708291419451,-0.0022268221007898,-0.0030309337365628,-0.0251300658112948,-6.94208911697008e-05,0.0015238332702717,0000078003-17-000014,2017-02-24,20.106684630111456,26.03509534834657,0.2937242208032283,1.2161466817947593,PFE,2016,en,US,28,27239,615,297,0.0225779213627519,0.0109034839751826,0.017878776753919,0.0162267337273761,-0.3486842105263157,0.0245970850618598,0.0517640148316751,0.0,0.0,0.3557692307692308,,,,,,,25.523363009190312,15.479458764326228,,0.0925386135047301,10.212405048870064,0,-1.2251139763425454,0.19568740274514027,2017Q1,0.7211290891205434,-0.7954516992847008,1.23812673650231,0.5383136123307,-0.21009337708082126,,-0.13314828018333896,T3 Tích cực
-0.0001980500203304,0.8620137751156258,0.0108138201600594,0.0,-0.0277289453607384,-1.2821068295159277,-0.0333186137390877,-0.0132354647651329,-0.8654561245754717,-0.0174900874849427,-0.0245617817467724,-1.311354460623656,-0.0278938716191182,-0.0301483725130155,-1.1381751644220688,-0.0347052805399298,-0.0381769858129986,-1.0644521689863375,-0.0462776872352547,-0.033720099378611,-0.0329973503138442,-0.000102310047445,-0.0174634351548017,0000078003-16-000077,2016-03-01,20.38897023761498,25.935390188905654,0.3527294031902725,1.1983194125187402,PFE,2015,en,US,28,28680,702,275,0.0244769874476987,0.0095885634588563,0.0199442119944211,0.0168061366806136,-0.4370522006141248,0.0244421199442119,0.0512900976290097,0.0,0.0,0.3545119705340699,,,,,,,30.29873633066192,17.00497785105297,,0.0651413705619052,10.263955294713556,0,-1.042054079209007,0.18092008562413409,2016Q1,1.109185577847734,-0.8363425815254247,0.5971232469503874,1.1541214459282332,0.11099027922703557,,-0.31686951537237135,T3 Tích cực
0.0009829890633866,0.7875312941782754,0.0076609022503174,0.0214285714285714,0.0018120396776519,0.118265422168576,0.006085230529825,0.0038565111770704,0.3559587521058964,0.0054854338133777,-0.0026037687654353,-0.1962284008478711,0.0006362651357479,-0.004837053154736,-0.2577658109685458,0.0035755698468391,0.0014739659924495,0.0580111132767605,0.0145505258834094,0.0060145004175083,0.0246162814894745,3.9064664040246784e-05,0.0172985632876194,0000078003-15-000014,2015-03-02,20.140889590532943,26.072002077714664,0.3389760279204843,1.0775432898152368,PFE,2014,en,US,28,23341,513,237,0.0219784927809434,0.0101538066064007,0.0174799708667152,0.0149093869157276,-0.368,0.0247204489953301,0.0512831498222012,0.0,0.0,0.3494926719278466,,,,,,,22.09289556904077,12.245991499706976,,0.0848214154364541,10.057966749824187,0,-1.0818258882009129,0.07468371835135819,2015Q1,0.5986414345080173,-0.7628994697710357,1.0980139146108228,0.4194099620931783,-0.4407490670926828,,-0.18489849330737132,T3 Tích cực
0.000844003160072,0.3770248096207294,0.0107510884126974,0.0071428571428571,-0.0230276218131222,-1.070943746771052,-0.0279279082656468,-0.0067414700822673,-0.4433913132653189,-0.0050834878265104,-0.0108700351988367,-0.5837378977124859,-0.0060089976397038,-0.0531779099678482,-2.019310975917107,-0.0492967684710067,-0.065889442266972,-1.847851451759114,-0.0696224849180546,-0.0279166231033044,0.0269480305652144,0.0005137270725257,0.0505446771672518,0001628280-24-006850,2024-02-27,20.60991705521978,26.511100898779304,0.1151710967689701,0.7383669771633806,MRK,2023,en,US,28,72973,1401,628,0.0191988817781919,0.0086059227385471,0.0160470310936921,0.011977032601099,-0.3809758501724987,0.025324435065024,0.0732599728666767,0.0,0.0,0.4862385321100917,16520.0,0.0148910411622276,0.0079903147699757,0.0149515738498789,0.0073849878934624,-0.3015873015873015,41.89112366251693,25.165118479988305,16.030361193699786,0.2303497353568673,11.197844788700635,0,-2.161336458302729,-0.30331431894499455,2024Q1,0.03065378294326,-0.6035247432147854,1.0038897274225702,-0.007819863368008363,0.8904321907343551,0.13571091487546239,0.7909895822394817,T3 Tích cực
0.0013330257973779,0.2458738638442995,0.0119631233404142,0.0071428571428571,-0.0321615924141142,-1.3441971422907886,-0.0290118789670494,-0.0360278582851669,-2.129505997736145,-0.0333897114229863,-0.0410996329987258,-1.9835024265985264,-0.0291818173528215,-0.0006983079990362,-0.0238301519353837,-0.0075781840109347,-0.0444582990339183,-1.1205001518351636,-0.0082039718357841,-0.0290569139635505,-0.0141772187006958,0.0015949925129027,0.0009619491333902,0001628280-23-005061,2023-02-27,20.578913854412463,26.35435547743498,0.1648624291939396,0.9687340650254912,MRK,2022,en,US,28,73392,1427,613,0.0194435360802267,0.0083524089819053,0.016800196206671,0.0119495312840636,-0.3990196078431373,0.0255341181600174,0.0717925659472422,0.0,0.0,0.4752904941901162,17051.0,0.0150724297695149,0.0084452524778605,0.015365667702774,0.006744472464958,-0.2817955112219451,43.55185651502904,26.356730993855724,17.710829362982704,0.1634823176218196,11.203570216836953,0,-1.8026439153157696,-0.03176514745581125,2023Q1,0.08064661371001329,-0.5481953447321717,0.8730039664132314,0.21673570122671035,1.0020955394483857,0.1663123787445498,0.3425880914098614,T3 Tích cực
0.0001625412308254,0.1991401818841223,0.0172274860968259,0.0071428571428571,0.0111076698995072,0.322382204724396,0.0153841935846271,0.0035153471223721,0.1442883642153661,0.0181887198743394,0.037123514126828,1.244132240416551,0.034042049551589,0.0257698280796494,0.6106804091981164,0.0603653969982294,0.035818303442974,0.6268833868671767,0.0761998113660081,0.0157011307875239,-0.0030385257303769,0.000547229554621,-0.0255325346487,0000310158-22-000003,2022-02-28,20.61241457326372,25.98552395344641,0.1979300612302654,1.295606774078708,MRK,2021,en,US,28,75039,1520,585,0.0202561334772584,0.0077959461080238,0.0162315595890137,0.0126600834232865,-0.4441805225653206,0.0264395847492637,0.0712962592785085,0.0,0.0,0.4589582765203163,17907.0,0.0158038755793823,0.0069246663316021,0.013961020829843,0.006310381415089,-0.3906633906633907,39.76478257215838,28.17134715068688,16.46819157221412,0.1802949980506673,11.225763257365298,0,-1.6198415367964092,0.2589791368276946,2022Q1,0.2466933327476021,-0.30926849309123106,0.5454158442944519,0.047197157118861306,0.7474625576000888,0.28971214931227873,0.4553310568853458,T3 Tích cực
-0.0009409650438817,0.5890278900087116,0.0106437219923916,0.0285714285714285,-0.0124318690778026,-0.5840000841195014,-0.0153300065474345,-0.0394409182672228,-2.620224464986327,-0.0491479830913643,-0.0234106315302083,-1.2698691703453455,-0.0239985542195598,-0.0162447272491968,-0.623079232365983,-0.0235229932741001,0.0018267591769943,0.0517477453910431,-0.0209388470859874,-0.0151771982457924,-0.1396248172516064,-0.0007041265323109,0.0193499858327373,0000310158-21-000004,2021-02-26,20.30216986474688,25.964018516279143,0.1340856408320168,0.9959862858496408,MRK,2020,en,US,28,72095,1382,568,0.0191691518135793,0.0078784936542062,0.0163672931548651,0.0120674110548581,-0.4174358974358974,0.0262292808100423,0.0710867605243082,0.0,0.0,0.4609464082098061,18180.0,0.0164466446644664,0.007095709570957,0.014026402640264,0.0061606160616061,-0.397196261682243,38.783438956623165,25.399084448159677,16.43720755904775,0.1589046615222469,11.185739972740746,0,-2.009276572488792,-0.004021790719603798,2021Q1,0.024578741232495798,-0.3647617146883763,0.7394159343461024,0.08766600915273144,0.6814795705205953,0.39815156691149306,0.3118911108910839,T3 Tích cực
-0.0001073642859578,0.6342885757060849,0.010670815136674,0.0071428571428571,0.0148567889712629,0.6961412404288739,0.0270334961031443,-0.0092819832358718,-0.6150751563849629,0.0096671457567993,-0.0108891019312891,-0.5891607951913779,0.0093345182419488,0.0415940577599775,1.5913220083445885,0.0505277578507362,0.0737263395761726,2.0831892870123445,0.1507337421854505,0.0261335999743458,-0.0585624297131239,-0.0002723682197717,0.018098283286,0000310158-20-000005,2020-02-27,20.3261960416478,26.03523619299919,0.1277784781766703,0.927993845046659,MRK,2019,en,US,28,66962,1237,496,0.0184731638839939,0.0074071861652877,0.0158448075027627,0.011738000657089,-0.4275822273514137,0.0263283653415369,0.0689644873211672,0.0,0.0,0.4474220341639242,18081.0,0.0158177091975001,0.0076876278966871,0.013550135501355,0.0063049610087937,-0.3458823529411765,35.883885117959224,23.531720402139037,18.914846737947844,0.2836509136715904,11.111880573295556,0,-2.0574571535934463,-0.07473017871075585,2020Q1,-0.11763991787171513,-0.3386161280510739,0.6658165136109658,-0.06811266218859728,0.4865211273778093,0.2920459726506984,1.148418186915062,T3 Tích cực
0.0018882867158461,0.6933196372263811,0.0093903128077202,0.0071428571428571,0.0064658857808474,0.3442848983439339,0.0143080111212559,0.0061409417673481,0.4624235268279444,0.0086693836931355,0.0031434469469689,0.1932704456366726,0.0077270248521983,-0.0024977255261644,-0.1085897985492277,0.0136137841964839,-0.0071289911359236,-0.2289030990648277,0.0118090920704305,0.0143741103750472,0.0181213115372103,0.0015839871825733,0.0170395419530643,0000310158-19-000014,2019-02-28,20.48102642700392,26.061274891297572,0.128309747436438,1.0596185821046142,MRK,2018,en,US,28,71424,1415,561,0.0198112679211469,0.007854502688172,0.0150369623655913,0.0125308019713261,-0.4321862348178137,0.0280577956989247,0.0696124551971326,0.0,0.0,0.4254587155963302,20490.0,0.0170815031722791,0.0088823816495851,0.0126891166422645,0.0061005368472425,-0.3157894736842105,39.11028703382662,25.918884965432227,19.663347015956045,0.1757420694315806,11.176389226300929,0,-2.0533080364627914,0.057909015167079816,2019Q1,0.15578919464061594,0.11773130136306258,0.6324199765962281,-0.30897103143133653,0.7034559833831897,0.5052564175377615,0.4247998946303801,T3 Tích cực
-0.0009625998166858,0.5765370065408082,0.0120823405114395,0.0214285714285714,0.0029431924357816,0.1217972806260123,0.0026145480977283,-0.0027241110061259,-0.1594258466157955,0.0056917353485476,-0.0183380920180593,-0.8762790912097251,-0.0055039484620956,0.0049181968272887,0.1661801738665133,0.0017517969288097,0.0196365636911018,0.4900248189318412,0.0080662721656996,0.0026566733061468,-0.0412455986580347,-0.0008469951501983,0.0109449073514024,0000310158-18-000005,2018-02-28,20.18375841318269,25.71733497796705,0.2327303539949834,0.9320468259769578,MRK,2017,en,US,28,69830,1484,501,0.0212516110554203,0.007174566805098,0.0161535156809394,0.0135615065158241,-0.4952141057934509,0.0278963196333953,0.070915079478734,0.0,0.0,0.4353623188405797,20423.0,0.0190961171228516,0.0079322332664153,0.0139058904176663,0.0065122655829212,-0.4130434782608695,39.92069429459378,24.462397884566062,20.597486802942864,0.1005287262471392,11.153818995840082,0,-1.4578747745723508,-0.07037222309410926,2018Q1,0.4501099155880968,0.07512236536198953,0.17522857511401477,0.023928429533368854,0.7579456554713535,0.8451351835782152,-0.07956794783389459,T2 Trung tính
0.0002954671303129,1.211235811379901,0.0136771700233619,0.0071428571428571,0.0018251910173522,0.0667240011725602,0.0040718170043886,-0.0068575401952152,-0.3545333695503854,-0.0046160147635885,-0.0037259132751613,-0.1572808577152469,-0.001733566139481,-0.0025687135383456,-0.0766732378796014,-0.0008290702061796,-0.0249816611426958,-0.5507173068737502,-0.0197725332783201,0.004171234588117,0.0155903428339473,0.0004300476717671,-0.0244225737928876,0000310158-17-000010,2017-03-01,20.032971230754463,25.920938041632663,0.2216634214827879,0.9038394349154748,MRK,2016,en,US,28,70827,1568,466,0.0221384500261199,0.006579411806232,0.0154319680347889,0.01351179634885,-0.5417895771878073,0.0276024679853728,0.071173422564841,0.0,0.0,0.4411092052601486,22127.0,0.0206986939033759,0.007005016495684,0.0134225154788267,0.0065530799475753,-0.4942903752039151,37.818596754353685,23.64203538740602,21.229531355340956,0.0766278587188571,11.167995562916323,0,-1.50659516702883,-0.10110355060953745,2017Q1,0.6313272095854052,-0.0024167177420700726,-0.16262045440042816,-0.19120041309513283,0.616606095462243,1.1155005399259648,-0.23984308623191405,T2 Trung tính
-0.0001769638090037,1.0123987796865548,0.0105286649375437,0.0214285714285714,0.0060532506343234,0.2874652517784299,0.0056347936395201,0.0065907721192851,0.4426372846364894,0.0064320981957106,0.0016021401693054,0.0878550189900706,0.0012433152992727,0.0125330687892048,0.4859689179787473,0.0118126463028918,0.0214003232890561,0.6128450556227382,0.0199079431028421,0.0055510967163401,-0.0250326395684669,-0.0001642060013927,0.0085259169556317,0000310158-16-000063,2016-02-29,19.88802867059536,25.668751530327103,0.3178901968664364,1.0202629063737456,MRK,2015,en,US,28,75627,1769,506,0.023391116929139,0.0066907321459267,0.0155367791926163,0.0147698573260872,-0.5551648351648352,0.0270802755629603,0.0704113610218572,0.0,0.0,0.4444595144445951,25690.0,0.0213312572985597,0.0076294277929155,0.0138186064616582,0.006617360840794,-0.4731182795698925,43.57425417618997,25.403139246489687,26.589743595803547,0.1312935185479,11.233568641264437,0,-1.1460492487021121,0.020060345430817614,2016Q1,0.8872980385015423,-0.14020842968323435,-0.2596418648502154,-0.15995105181143066,1.00360149981089,1.222218189794484,0.1267354985977493,T2 Trung tính
-6.238239009833486e-05,0.8514139463265626,0.010489614024299,0.0,-0.0079536991845569,-0.379122585737296,-0.0079645926493866,-0.004639470434164,-0.3127475422367702,-0.0049999487280455,-0.0091838854417548,-0.50548272984317,-0.0091674804993779,-0.0113921937127236,-0.4433760476866933,-0.0100078871478074,-0.0061780021097853,-0.1775792434889057,-0.0052811455895189,-0.0079219005304189,-0.1080655368346871,-0.0001703611462372,0.0066825260866349,0000310158-15-000005,2015-03-02,19.93023324541442,25.836143699604637,0.2927934928891064,0.8765787812953012,MRK,2014,en,US,28,74960,1736,497,0.0231590181430096,0.0066302027748132,0.0161152614727854,0.0136739594450373,-0.554858934169279,0.0259338313767342,0.071064567769477,0.0,0.0,0.4652730023380553,25921.0,0.0206396358165194,0.0078700667412522,0.0144670344508313,0.0064426526754369,-0.4479025710419486,40.92015918666851,26.053531976501585,27.075490984921164,0.1219163164356723,11.224709916912303,0,-1.2282877208813223,-0.13172869697679124,2015Q1,0.8398708106145569,-0.4427224078357223,-0.257422921028883,0.012522968549960588,0.8251470699567448,1.1055370480719584,0.06385358167381075,T2 Trung tính
0.0001820849464801,0.0199406596397663,0.0110042387239361,0.0,-0.052147045776789,-2.369407238656132,-0.0532323652816462,-0.0182660108003553,-1.173731361721853,-0.0308748115643285,-0.0479034807843494,-2.5133122081225943,-0.058705106247102,-0.0409049826696842,-1.5175415278867368,-0.0567633753138017,-0.0163863107468104,-0.4489777721009507,-0.0301145062249367,-0.0521871715731683,-0.0728998008423078,0.0002488667836107,-0.0044278682080499,0000731766-24-000081,2024-02-29,21.320310276839532,26.85314647924232,0.1932076791980449,0.8792849641709047,UNH,2023,en,US,63,37788,726,252,0.0192124483963162,0.0066687837408701,0.0172541547581242,0.0170953741928654,-0.4846625766871165,0.022493913411665,0.0786757700857415,0.0,0.0,0.5553230447292702,4686.0,0.007255655142979,0.0076824583866837,0.0155783183952198,0.0089628681177976,0.0285714285714285,21.48552384875677,11.955843411337913,2.9469810083974237,0.2508689746679738,10.539746870889026,0,-1.6439896105917378,-0.12864624251490078,2024Q1,0.03342599515585668,-1.3504188143715254,0.2517672286530195,0.35208307336001005,-0.48158715860061163,-1.1524294644400308,0.9285880989677177,T2 Trung tính
-0.0004859735036252,0.4279082633926757,0.012473970594324,0.0,-0.0129432085760697,-0.5188086855824088,-0.016542697162687,-0.0163987368347506,-0.9295883721276452,-0.0173918528032042,-0.0263724499247419,-1.220633073334961,-0.0218230932678586,-0.0127359509638025,-0.4168223877944551,-0.026938495982932,-0.0220243352335467,-0.5323555061705613,-0.0109907446918802,-0.0165377327509814,-0.0124429799676373,0.0004189814417034,-0.0055639924868315,0000731766-23-000008,2023-02-27,21.21777607431737,26.836517796416697,0.1721359873814469,0.8341882773991174,UNH,2022,en,US,63,36569,698,255,0.0190872050097076,0.006973119308704,0.0169542508682217,0.0178566545434657,-0.4648478488982162,0.0221499083923541,0.0783450463507342,0.0,0.0,0.5591836734693878,4484.0,0.0071364852809991,0.0082515611061552,0.0151650312221231,0.0089206066012488,0.072463768115942,21.272051789863035,11.955727334100745,2.67110230554261,0.2449487892258912,10.506956165951394,0,-1.759470490236708,-0.181296149824482,2023Q1,0.007833674157192334,-1.4411919441465848,0.3954992479575841,0.2626669730113807,-0.49594046347857335,-1.172534212363289,0.8888883458123588,T3 Tích cực
0.000761536375665,0.7552183755873524,0.0109439503027703,0.0,-0.0077789053401781,-0.3553975084393892,0.0044712830929622,-0.0026196579398182,-0.1692604445732663,0.0038705064963866,-0.0072151271065506,-0.380635461781096,-0.0038228299145108,-0.0210563768647333,-0.7854777864090047,-0.006437329865526,0.0279366562985956,0.7696689559586314,0.0419953560140956,0.0043257916307989,0.0298946361875109,0.0014302079619178,0.0001582455081444,0000731766-22-000008,2022-02-16,21.10788662608369,26.832438325621524,0.1594786421204035,0.783436889207252,UNH,2021,en,US,63,38776,712,277,0.0183618733237053,0.007143593975655,0.0170982050753043,0.0172787291107901,-0.4398382204246714,0.0232102331338972,0.0797563253114015,0.0,0.0,0.5507861242825056,5238.0,0.0066819396716303,0.008209240168003,0.017373043146239,0.0080183276059564,0.1025641025641025,22.68012235108353,13.621296940335522,3.83681508357237,0.2194330545747652,10.565556777525211,0,-1.8358452709245716,-0.24406477026157702,2022Q1,-0.14038110860562564,-1.161402435375461,0.5769140239189866,0.3055868025283962,-0.4012654687293026,-1.2492190783533572,0.717784184103702,T3 Tích cực
-0.0004669620414812,0.8612168460243138,0.013704648058561,0.0071428571428571,0.0521626781081781,1.903101702622461,0.0523860588191518,0.0138269813077044,0.7134187032194444,0.0158279147911527,0.0011195160717549,0.0471630429784046,-0.0006482696812414,0.059535435883405,1.7735033995446587,0.0576042375943443,0.0537356265120476,1.182219414328923,0.0463659497768473,0.0525496529419161,-0.0569899106592609,5.83091104340363e-05,0.0144633840708964,0000731766-21-000013,2021-03-02,20.73042517533865,26.48011861330997,0.2070199636231015,1.013372936117156,UNH,2020,en,US,63,38971,699,276,0.017936414256755,0.0070821893202637,0.016653408945113,0.0168843499012085,-0.4338461538461538,0.0229144748659259,0.0787252059223525,0.0,0.0,0.5491037616763443,5558.0,0.0082763584023029,0.0080964375674703,0.0161928751349406,0.0079165167326376,-0.0109890109890109,22.489894560586805,13.977673026187889,5.228326359394836,0.1614753792854026,10.570573058768215,0,-1.5749400477433801,0.013284307680912906,2021Q1,-0.2273197111780078,-1.2394446211970056,0.6203792603993069,0.17297119882683257,-0.4140558895806782,-0.9802300392479775,0.3291299054572008,T3 Tích cực
-7.19746617509387e-05,0.816034919136444,0.0138888951198474,0.0,0.0195323861292947,0.7031655851941275,0.0215528407612166,0.0204241291036397,1.0398264271126445,0.0199516469832953,0.0076745106760804,0.3190232748177272,0.0067909081376167,-0.0585295612117398,-1.7204099462272613,-0.0449172570300435,-0.0305559540142938,-0.6633333105482644,-0.010267081258329,0.0214161547630864,0.0023670735921051,-0.0001085554030213,0.0133545733289996,0000731766-20-000006,2020-02-18,20.6196560640264,26.37017721270107,0.2032921709660397,1.1428118604197968,UNH,2019,en,US,63,37970,648,249,0.0170661048195944,0.0065578087964182,0.0160916513036607,0.0174611535422702,-0.4448160535117056,0.0220437187253094,0.076402422965499,0.0,0.0,0.5521669341894061,4688.0,0.0074658703071672,0.0089590443686006,0.0149317406143344,0.0104522184300341,0.0909090909090909,19.663424795863968,13.316382774718402,3.7743385002983727,0.2999282220611349,10.544551653225849,0,-1.5931110688481376,0.13349176970686735,2020Q1,-0.4051593487597302,-1.4692123737517335,0.5408058316196561,0.00548361586804411,-0.6041003500672031,-1.116964768791034,1.2575710388688424,T3 Tích cực
0.000879783366356,0.9772392373155284,0.0094053812199004,0.0071428571428571,0.0101635669456364,0.5403059540070378,0.0133925041227143,0.0048147982647001,0.3619817659077024,0.0065658899565574,0.0160716943978729,0.9865625719999852,0.0184091781097393,-0.0047540663238385,-0.2063541502552139,0.0002742535807399,-0.1058939147836109,-3.3946754397848315,-0.0965459526494006,0.0134612218747633,-0.0418655283620429,0.0007142541772129,-0.0040483858160627,0000731766-19-000005,2019-02-13,20.654616296717226,26.25601638128611,0.2044626143231813,0.8344241398168368,UNH,2018,en,US,63,37891,644,247,0.0169961204507666,0.0065186983716449,0.0160988097437386,0.0174711672956638,-0.4455667789001122,0.0227230740809163,0.0766672824681322,0.0,0.0,0.5427509293680297,5503.0,0.0094493912411411,0.0081773578048337,0.0159912774850081,0.0101762674904597,-0.0721649484536082,19.74729624125736,12.819217203048344,4.261085470872068,0.3061434125434607,10.542468895852291,0,-1.5873701352575562,-0.18101344496521474,2019Q1,-0.41946000351228224,-1.2899498386253088,0.5353602218102027,0.007617898943043146,-0.5984610526691023,-0.7823316013482694,1.2992490454745056,T3 Tích cực
0.0005686013057181,1.1565328776629586,0.009552553884012,0.0,-0.025024025943151,-1.3098081542902018,-0.019618391676058,-0.0332176967215405,-2.4588669053740357,-0.0280933557998183,-0.032598988216009,-1.970262073404546,-0.0264970365762445,-0.0189748230442162,-0.8109285918418822,-0.0131399768654645,-0.0220431185370953,-0.6957563798651111,-0.0148275466541757,-0.0199345207742787,0.0328597730871378,0.0008032911883701,-0.0019044784462824,0000731766-18-000005,2018-02-14,20.36014833523211,26.1137572132524,0.2178457675357414,0.8022345227429346,UNH,2017,en,US,63,38902,653,258,0.0167857693691841,0.0066320497660788,0.0163487738419618,0.0173512929926481,-0.433589462129528,0.0229037067502956,0.0759086936404297,0.0,0.0,0.536420395421436,5630.0,0.0094138543516873,0.0097690941385435,0.0172291296625222,0.0103019538188277,0.0185185185185185,19.453550452936348,12.575027943699702,4.515853396524733,0.298878936576657,10.568800942166638,0,-1.5239679549492071,-0.2203542914899749,2018Q1,-0.46244329027934555,-1.242286020312345,0.6222412500850827,0.08214449110410701,-0.6182117539001589,-0.7883269108382296,1.2505347094952441,T3 Tích cực
0.0004621954536099,0.8326869658566383,0.0103658067000203,0.0,0.0001812731856325,0.0087438050350763,-0.0010772453303287,-0.0059406841834216,-0.40524564971647,-0.0065754159393793,-0.0083508049277286,-0.4651195620852876,-0.0086393431020407,-0.0009649044537314,-0.0380019235450392,-0.0019897322047236,-0.0130609668497682,-0.3799057603834637,-0.0132064770623296,-0.0011089024147608,-0.0279755883648186,0.000977129008502,0.0308292075038515,0000731766-17-000009,2017-02-09,20.06315557189584,25.750307734367293,0.2510078456088672,0.8836949744056656,UNH,2016,en,US,63,42683,699,272,0.0163765433544971,0.0063725605041819,0.0158142586041281,0.0168919710423353,-0.4397528321318228,0.0213199634514912,0.0745027294238924,0.0,0.0,0.5550122249388753,6200.0,0.0111290322580645,0.0090322580645161,0.0177419354838709,0.01,-0.104,20.02544310049076,12.966541927437678,6.155606440141756,0.2477196460869163,10.661555993479634,0,-1.3822710829330103,-0.12364332746578806,2017Q1,-0.5460648196268656,-1.660190783099615,0.5775334132886943,-0.07722079141872985,-0.5797591827751511,-0.49896499601893046,0.9074692390103313,T3 Tích cực
0.0003742688936677,0.9231651955549904,0.0134510518137826,0.0071428571428571,0.0128047532288159,0.4759759090250309,0.0124927847107724,0.0061911455107229,0.3254616095864805,0.0078993586164465,0.0167914920687192,0.720729694612949,0.0189249632081827,0.0213196445574128,0.6470652677839455,0.0208484317030751,0.0350043147330496,0.784637376117355,0.0350397177262462,0.0124789515871643,0.0343606759684826,0.0007312141265251,0.0090506459083961,0000731766-16-000058,2016-02-10,19.777754838428216,25.383652400400614,0.3124617788511422,1.0876465562067472,UNH,2015,en,US,63,44996,725,303,0.0161125433371855,0.0067339319050582,0.0153124722197528,0.0168681660592052,-0.4105058365758754,0.0215352475775624,0.0753178060272024,0.0,0.0,0.5553005966039468,7209.0,0.011097239561659,0.0102649465945346,0.0162297128589263,0.0104036620890553,-0.0389610389610389,19.89893919002596,13.626522522168116,7.024103935098095,0.2229702379368245,10.714328875912717,0,-1.1632731249622197,0.08401623922884922,2016Q1,-0.6000107673502841,-1.6033834319931768,0.7896851912304921,-0.226827992957411,-0.5882649760136917,-0.5043286352513152,0.7415039320259221,T3 Tích cực
0.0019327558852038,1.1982614495764123,0.0093936583125016,0.0,-0.0187831458116775,-0.9997779984545484,-0.0080211436978946,-0.0074031577959267,-0.5572720345519767,-0.0016312684412832,0.0011609168210826,0.0713519288078429,0.0109821142636444,-0.0185395128071216,-0.8057270296352416,-0.0041848793504655,-0.0024058434011509,-0.077221147990786,0.0228695893906003,-0.0080991747865306,0.0607567435565628,0.0013081660593597,0.016983749625218,0000731766-15-000007,2015-02-11,19.684255404042883,25.36692726680464,0.3122854118559092,1.0762804950417484,UNH,2014,en,US,63,47472,779,320,0.0164096730704415,0.0067408156386922,0.0164518031681833,0.0166624536568924,-0.4176524112829845,0.0220129760701044,0.0743385574654533,0.0,0.0,0.5430695233930913,9803.0,0.0111190451902478,0.0092828725900234,0.0183617260022442,0.0113230643680505,-0.09,20.574774858809228,14.133236764156637,7.116101215109494,0.1821186712011694,10.767895342530602,0,-1.1638377277408845,0.07351111089195231,2015Q1,-0.539295070357043,-1.477324485127734,0.7378453867826548,0.112862600746728,-0.5428235470429981,-0.500649880750786,0.4675602977797865,T3 Tích cực
0.0021928705270948,0.62764043420381,0.0125655592280602,0.0,-0.0215144302678694,-0.8560872571363728,-0.0113565264355655,-0.0192583743726473,-1.083734266527376,-0.0152516137529521,-0.0288755205010981,-1.3267447338969824,-0.0262430058478239,-0.0192820227951972,-0.626462595094521,-0.0127332475014902,-0.0664862154409596,-1.5953407126301995,-0.0525098952993992,-0.0113847286187505,-0.063571391375693,0.000617660752946,-0.0237993312038318,0000318154-24-000011,2024-02-15,20.40573162883905,25.76961570189637,0.0400890296712263,1.153023897546767,AMGN,2023,en,US,28,76531,1791,509,0.0234022814284407,0.0066508996354418,0.0165423161855979,0.0175615110216774,-0.5573913043478261,0.0284590558074505,0.0535077288941736,0.0,0.0,0.3055954088952654,9506.0,0.0133599831685251,0.0047338523038081,0.0200925731117189,0.0110456553755522,-0.4767441860465116,57.48658176111469,32.389922583999024,10.243054789741503,0.0325058430479839,11.245451166489799,0,-3.2166525563815176,0.1423879674786959,2024Q1,0.8895794000780337,0.22361241896340864,-0.27579222103981393,0.13984898311953453,1.9390301475849034,-0.12258874669895553,-0.5357177928583924,T2 Trung tính
0.000252110114357,0.418854907880867,0.012728942759608,0.0,0.0013795455235284,0.054189320730786,-0.0069897386701357,0.0089808916611439,0.4988984171449089,0.0015560431518581,0.0115946983391967,0.5259040231173041,0.0095533526573711,0.0103825337853854,0.3329932225021175,0.0121389935766341,-0.0062835521544136,-0.1488389330191398,0.0105356006250386,-0.0070822658746634,-0.1647316251659635,0.0003669264398535,0.0145360877145316,0000318154-23-000017,2023-02-10,20.257500813237456,25.576500821149047,0.0285671263646504,1.3539875907362005,AMGN,2022,en,US,28,74212,1684,471,0.0226917479652886,0.0063466824772274,0.0165202393143965,0.0189591979733735,-0.562877030162413,0.027758314019296,0.0536031908586212,0.0,0.0,0.3176548526001987,9815.0,0.0129393785022924,0.0045848191543555,0.0211920529801324,0.0104941416199694,-0.4767441860465116,56.41526189477414,31.0472353263195,10.289933891789907,0.0814346963632851,11.214681141146768,0,-3.55549865006454,0.3030540095560621,2023Q1,0.744388496496762,0.038706613221464056,-0.3155845642444189,0.13326678196379166,1.8669973919020735,-0.19354754995225534,-0.20760925338857203,T2 Trung tính
-0.0005694270924447,0.5570798587163741,0.0110936223955754,0.0,0.0265130471230738,1.194967981497563,0.0494350001149105,0.0084196655296416,0.5366689417612351,0.019832857904581,0.0027825937260346,0.1448157490390327,0.013236054344788,0.0344186302775119,1.2666148594084332,0.039667726733846,0.0700640840068821,1.9042577277508512,0.0779857708762026,0.0483007402175008,0.0635706461998247,-0.0001325857509689,-0.0038336579630172,0000318154-22-000010,2022-02-17,20.19190862355881,25.54377448615394,0.0540199896177384,1.2086964103885582,AMGN,2021,en,US,28,74620,1712,480,0.0229429107477887,0.0064325917984454,0.0165505226480836,0.0206378986866791,-0.5620437956204379,0.026990083087644,0.0535513267220584,0.0,0.0,0.329783693843594,9488.0,0.0110666104553119,0.0053752107925801,0.0219224283305227,0.010539629005059,-0.3461538461538461,55.59897717771488,30.36571163760524,10.31557696124358,0.0606809297157451,11.220163846775149,0,-2.9184011228106073,0.18954243206713126,2022Q1,0.7957112747025923,-0.16400765587772512,-0.30954044975804806,0.14229573322126582,1.8121125349709628,-0.509495969105633,-0.3467804704073108,T2 Trung tính
-0.0009632390673152,0.8472717291938717,0.0135457794208696,0.0,0.0056841053645485,0.2098109377076971,0.0010805234961284,0.0069382587051311,0.3621858608199514,0.0052345668148784,0.0069216472188666,0.2950154997276413,0.0031246265811265,0.0018384344052301,0.055407494817818,-0.0045557471609162,-0.0161458891036742,-0.3593863875822473,-0.0271431123461544,0.0009953154445363,0.0072709641663101,-6.252487772371966e-06,-0.025764254881122,0000318154-21-000010,2021-02-09,20.02173651058653,25.64479629039201,0.0685724947772862,1.207545522953333,AMGN,2020,en,US,28,74324,1765,482,0.0237473763521877,0.0064851192077929,0.0159571605403369,0.0213659114148861,-0.570983533600356,0.0269899359560841,0.0526209568914482,0.0,0.0,0.3219536927497042,9184.0,0.0123040069686411,0.0066419860627177,0.0185104529616724,0.0105618466898954,-0.2988505747126437,57.274757884918095,29.80798882592672,12.976720602031955,0.1476088861189782,11.216189193352646,0,-2.679863775420972,0.1885898060023489,2021Q1,0.960096337560275,-0.1640464797071205,-0.37438749714605807,-0.034614695605121655,1.9247876622159172,-0.3007389514479449,0.2361435689271978,T2 Trung tính
0.0013903869013817,0.5546736310156264,0.0129070391833798,0.0,-0.0174486449101025,-0.6759352265921257,-0.0127772739120178,-0.011396562285164,-0.6243559316400993,-0.0087106820022948,-0.0249321156168105,-1.115249086821404,-0.023733835317381,-0.0130309019288853,-0.4121660560634208,0.0008043830637596,-0.0601088020405059,-1.4041551642245638,0.0141058900808076,-0.0128076185538963,-0.0866899430294946,0.0003978697057262,0.0264142350213467,0000318154-20-000017,2020-02-13,19.881503974058635,25.620255633306304,0.0722479520904998,1.1286870184523927,AMGN,2019,en,US,28,65759,1614,380,0.0245441688590154,0.0057786766830395,0.0156784622637205,0.0236621603126568,-0.6188565697091274,0.0284067580103103,0.0526619930351738,0.0,0.0,0.2991933971112361,8062.0,0.0106673282064003,0.005581741503349,0.0209625403125775,0.012031753907219,-0.3129770992366412,48.82449019771396,25.957891592613155,9.309683876868045,0.0471246656542643,11.093751822801785,0,-2.6276512971594848,0.12105502658646018,2020Q1,1.1229134743069167,0.20981251936814496,-0.7216487981066767,-0.11770835963536756,1.356613686458246,-0.5768575388115151,-0.4376864635074743,T1 Tiêu cực
8.66900487431362e-06,0.8863126422792312,0.011520960831668,0.0071428571428571,-0.0134118231078468,-0.5820618307711528,-0.014684888799786,-0.0029495047054175,-0.1810278507856383,-0.003867485213015,-0.0027196636536286,-0.1362905894282413,-0.0039727651200048,-0.0128010562906044,-0.4536088112031455,-0.0143847339832338,0.0031129817253225,0.0814688392193871,0.0011216321681849,-0.0147565060199553,-0.1209555974859725,0.0004137879720648,0.0572176282275557,0000318154-19-000008,2019-02-14,20.01964246107308,25.490538717575188,0.1062942341588264,1.355438170584694,AMGN,2018,en,US,28,63129,1407,371,0.0222876966212042,0.0058768553279792,0.0153812035672987,0.0202917834909471,-0.5826771653543307,0.0280695084667902,0.0526382486654311,0.0,0.0,0.3044160942100098,8412.0,0.0101046124583927,0.0066571564431764,0.019852591535901,0.0106990014265335,-0.2056737588652482,43.90144735076913,24.606740095551068,8.037037770616559,0.0965213626669719,11.052935530906733,0,-2.2415442363205225,0.3041247751830796,2019Q1,0.6618243629504102,0.12082196730628059,-0.4592107318081191,-0.20633579770359556,1.025601116121616,-0.6717914262741748,-0.10644064405140558,T1 Tiêu cực
-0.0006960440929881,1.4209239527315476,0.0086188099066871,0.0,0.0217705089610029,1.2629649102779053,0.0274063484085955,0.0159870707743301,1.311615672955855,0.0253165769441832,0.0190895518171817,1.2787563479974131,0.0288228586110814,0.0266932941157437,1.2643847361277023,0.0290332265228364,0.0485193560789542,1.6973499181206344,0.0434469290749036,0.027851907041934,0.0147195474290876,-0.0003581295924012,-0.0051108479806502,0000318154-18-000004,2018-02-14,19.93220600991813,25.56568540415589,0.1990996331072272,1.0759343891575468,AMGN,2017,en,US,28,61157,1352,384,0.0221070359893389,0.0062789214644276,0.015697303661069,0.0198505485880602,-0.5576036866359447,0.0281406870840623,0.0535179946694573,0.0,0.0,0.3107729275130156,8806.0,0.0105609811492164,0.0069270951623892,0.0181694299341358,0.0094253917783329,-0.2077922077922078,44.61469877444088,24.04208684132901,9.395095593188696,0.2219290108792483,11.02119960717217,0,-1.6139499106699515,0.07318948326106274,2018Q1,0.624908043392817,0.13960397774261737,-0.2773327991118937,-0.11209081237191065,1.0735582829361123,-0.5947989943233395,0.7345216410877663,T2 Trung tính
-0.0005598024750979,1.2442673518562375,0.0135000788490674,0.0,0.0175971686743841,0.6517431813222212,0.0182537026922527,0.020101081587769,1.0528539320996164,0.0199898588926565,0.0180008026877568,0.7698301908898588,0.0183086386691433,0.0245916965918203,0.7436636634096532,0.0239666242727649,0.0409107770655106,0.9137030634154653,0.03937901811861,0.0183960665941933,0.1079270620160078,-0.0002917675855374,-0.0297890425203342,0000318154-17-000004,2017-02-15,19.83305328477565,25.54161726502601,0.2413928914759393,1.1199824484065266,AMGN,2016,en,US,28,56306,1226,336,0.0217738784498987,0.0059673924626149,0.0169964124604837,0.0217383582566689,-0.5697823303457106,0.0276347103328242,0.0542215749653678,0.0,0.0,0.3247993057062269,8048.0,0.0109343936381709,0.0080765407554671,0.0200049701789264,0.0099403578528827,-0.1503267973856209,37.90636586594587,22.21839467320423,6.315428626533412,0.231529966131784,10.938556380385453,0,-1.4213294178279245,0.1133130141186095,2017Q1,0.5568303993482311,0.006091119717165734,-0.36567421219837787,0.27523741738201724,0.6225074617772492,-0.531801825097005,0.7989040083818607,T2 Trung tính
0.0007658855653461,1.28948824904694,0.0141748809483961,0.0071428571428571,-0.0023568051982624,-0.0831331567031299,0.0089008023129585,-0.000650640472426,-0.0324568715491703,0.0104334014307732,-0.0035392103875055,-0.1441538787792268,0.0139609630746706,-0.0256096606107412,-0.7375793984977218,-0.0122413560390096,-0.0584660024507113,-1.2436198282847253,-0.0326803802211295,0.0088915859784064,-0.0129904302373317,0.0005085779184734,0.010660283794516,0000318154-16-000031,2016-02-16,19.86618288442233,25.413168785278984,0.258014746872139,1.193774762145218,AMGN,2015,en,US,28,58388,1220,360,0.0208947043913132,0.0061656504761252,0.0168013975474412,0.0203295197643351,-0.5443037974683544,0.0259642392272384,0.0548400356237583,0.0,0.0,0.3573548113607461,9227.0,0.0110545139265199,0.0084534518261623,0.0190744554026227,0.0096456052888262,-0.1333333333333333,37.3199203984547,19.68199703209764,5.849765699379044,0.2269748045317828,10.97486566825047,0,-1.3547385372748564,0.17712035575596435,2016Q1,0.37717935883992776,-0.43469864188740176,-0.18085809872991337,0.21709387999823607,0.5830763969680147,-0.5115367339271164,0.768357872137993,T2 Trung tính
0.0016857681613416,1.2600518508642673,0.0127566294207807,0.0,-0.0035704177780554,-0.1399436191286998,0.0052052829821521,0.00442836532266,0.2454666547045181,0.0093142341351688,0.0058143616520486,0.2631512725068009,0.0121098086506792,-0.0035902884433175,-0.1148994041379671,0.0074043122974661,-0.0097533709867445,-0.2305273519656025,0.0055664541789044,0.0051849025578574,-0.0214101458039432,0.00037499327661,-0.0070801667440617,0000318154-15-000005,2015-02-20,19.81646715085732,25.49750607439253,0.2176822556213406,1.1712333900445306,AMGN,2014,en,US,28,60030,1285,355,0.0214059636848242,0.0059137098117607,0.0168582375478927,0.0196734965850408,-0.5670731707317073,0.0259536898217557,0.0549391970681326,0.0,0.0,0.35831960461285,9503.0,0.0107334525939177,0.0064190255708723,0.0184152372934862,0.0094706934652215,-0.2515337423312883,39.62810516817224,21.58544694115948,7.450889161032972,0.1908414041763171,11.00259971624589,0,-1.5247188224635309,0.15805737307786172,2015Q1,0.48165043956831677,-0.4374823296221008,-0.34602251745457224,0.2340406798074683,0.7382727251718646,-0.5657019150612634,0.5260534563710576,T2 Trung tính
0.0010592263863588,0.1209517272935171,0.0080178780860527,0.0,0.0068226918544479,0.4254674230028569,-0.0156052123882023,0.0092252848321469,0.8135895050008095,0.0090411251365521,-8.58829949536271e-05,-0.0061842509605553,0.0271332041544329,-0.0163328025612458,-0.8316213657215865,-0.051489918856554,-0.0066124489935441,-0.2486603519780988,-0.0625675285247264,-0.0156753637494067,0.0403653751994476,0.0002824724724626,-0.0009093654241354,0000080424-24-000083,2024-08-06,20.72645128837877,26.70372454925113,0.1271087680264347,0.6588429089110465,PG,2024,en,US,28,37260,720,286,0.0193236714975845,0.0076757917337627,0.016988727858293,0.0071926999463231,-0.4314115308151093,0.0334406870638754,0.0737251744498121,0.0,0.0,0.375907838717756,11961.0,0.0204832371875261,0.0114538918150656,0.0180586907449209,0.0040966474375052,-0.2827225130890052,16.391718098651154,12.944853458956583,11.208727078509732,0.2230779180629178,10.52567564415558,0,-2.062712117906978,-0.4172701508763792,2024Q3,0.05615340126649461,1.53812306603704,0.6380395224137794,0.2729462595019174,-0.8240813814945569,1.079151559667316,0.7422260165733512,T3 Tích cực
-0.0002839492301975,0.3803350653451449,0.0089107474495484,0.0,0.0072901075737853,0.409062629990416,0.0073826146391261,0.0103851441700667,0.8241066092189906,0.0068392539345357,0.0017293059642184,0.1120461857555349,0.0011837366034451,0.0040732541343243,0.1866172334451076,0.0006973454109276,-0.0128932426978981,-0.436266313664596,-0.0052406123066259,0.0073998728649727,0.025850281260528,0.0002695676649525,0.0080700837734584,0000080424-23-000073,2023-08-07,20.603634062704536,26.62601528885109,0.1277911711478618,0.6793689800806517,PG,2023,en,US,28,36893,630,287,0.0170764101591087,0.0077792535169273,0.0173745697015694,0.0073997777356138,-0.3740458015267175,0.033719133711002,0.0706096007372672,0.0,0.0,0.3535983372304495,12820.0,0.0156786271450858,0.0105304212168486,0.0189547581903276,0.0041341653666146,-0.1964285714285714,15.857481318548414,12.442063049462478,12.000364173750825,0.2628947405703365,10.515777110135918,0,-2.0573578227751312,-0.38659088211276377,2023Q3,-0.4030535484936106,1.611597208029746,1.054158895707333,0.38798469060835894,-0.8600020702328067,0.2685819058305953,1.009230832628436,T3 Tích cực
-0.00016371511695,0.4346191800261539,0.0129138410854583,0.0,-0.0021032396957027,-0.0814335441246501,-0.01129473997085,0.0041717191337478,0.2284255218225084,0.0069461058148569,0.0055259428880109,0.2470531109068849,0.0090557800924926,0.0115631733762907,0.3655493150309587,-0.0099937950486692,0.0338659146194709,0.7906987072785406,0.0326314408380701,-0.011245025101604,-0.065377330413584,0.0001541754357767,-0.0033661998644397,0000080424-22-000064,2022-08-08,20.6779934686381,26.56917337515605,0.1347218392158407,0.7756362445667436,PG,2022,en,US,28,39964,676,325,0.0169152237013311,0.0081323190871784,0.0176408767891102,0.007156440796717,-0.3506493506493506,0.034105695125613,0.070688619757782,0.0,0.0,0.3490926456542502,14803.0,0.0166182530568128,0.0114841586164966,0.0198608390191177,0.0034452475849489,-0.1826923076923076,17.309892185607787,13.035852863000915,17.079373212213827,0.2539134191768244,10.59573432785291,0,-2.004543076444725,-0.25407162570144654,2022Q3,-0.4359905017314966,1.7135997588204426,1.223872008347102,0.46738393171470466,-0.7623457488809556,0.42710304350397194,0.9490036242378246,T3 Tích cực
-0.0002723477470483,0.4052416676388634,0.0090327402370366,0.0071428571428571,0.0097223792217573,0.5381744059179843,0.0053767487365896,0.0066012977829137,0.5167670390642609,0.0060252162611906,-0.0014543445887026,-0.092958085558475,-0.0032991524136869,0.0203424587814345,0.9194080426779552,0.0129374009829512,0.0197953194016853,0.660764420599183,0.0109613861356149,0.0054103147187698,0.0379900027441244,-8.908512748962314e-05,0.002380512723338,0000080424-21-000100,2021-08-09,20.719119340602983,26.561760307978872,0.1351095616147057,0.760272797633036,PG,2021,en,US,28,40549,677,323,0.016695849466078,0.0079656711632839,0.0167205109867074,0.0069298872968507,-0.354,0.0332683913290093,0.0708772102887864,0.0,0.0,0.3611176888467914,15550.0,0.0157556270096463,0.0109324758842443,0.0187781350482315,0.0035369774919614,-0.180722891566265,16.54054416201541,12.77993406724754,15.22793776663764,0.2637678576400503,10.61026639832702,0,-2.001669262170217,-0.27407796585284283,2021Q3,-0.48081758601483016,1.4926591273653922,1.1995670770716824,0.19297761783911513,-0.8140747048722201,0.2815722948550865,1.01508580667992,T3 Tích cực
0.0003860867034406,0.7360206141419924,0.0166035057535177,0.0,0.0122330102252039,0.3683863639042646,0.0112952472595535,0.0071914573668547,0.3062683475530201,0.0070726349209906,-0.0033958597654982,-0.1180835287948308,-0.0048253746342441,0.0104485087740503,0.2569087461543464,0.010868704512268,0.0204719093069039,0.3717596146760075,0.0209196230818092,0.011408770218579,0.0557852741668047,0.0003469235957659,-0.0078703410544259,0000080424-20-000053,2020-08-07,20.4458438190494,26.52214204855025,0.1410032431148815,0.8141982765579279,PG,2020,en,US,28,41098,668,280,0.0162538323032751,0.0068129836001751,0.0166918098204292,0.0061098590982957,-0.4092827004219409,0.0326293250279818,0.0708550294418219,0.0,0.0,0.3693863155419704,15913.0,0.0163388424558537,0.0096147803682523,0.0184754603154653,0.0032049267894174,-0.2590799031476997,15.784517853713105,12.57110061760964,16.37813979255904,0.2252586837066337,10.623714737499816,0,-1.958972388053721,-0.2055513596461205,2020Q3,-0.5711396814458874,1.3240277265961815,0.7985575729842249,0.184420388505115,-0.864907943447132,0.3799646176801989,0.7568498587810293,T3 Tích cực
0.0010843115312812,0.4859764405225997,0.00895026344626,0.0,0.0108024951239499,0.6034735842587926,0.0148337681545864,0.0158118885359732,1.2492027384763222,0.0079420531646774,0.0190132921617544,1.2264811436759406,0.0055367148222726,0.013578473284631,0.6193547864645541,0.0270574902041458,0.0232432600961124,0.7830056227985089,0.027068382517343,0.0149907732780913,0.0494349811851529,0.0016330200602165,0.01252154262596,0000080424-19-000050,2019-08-07,20.375935236864542,26.379111594459477,0.1650380886123992,0.8585928660702051,PG,2019,en,US,28,40420,627,255,0.0155121227115289,0.0063087580405739,0.0161306284017812,0.0061108362196932,-0.4217687074829932,0.0338198911429985,0.0697921820880752,0.0,0.0,0.3471824259789876,14251.0,0.0144551259560732,0.0087011437793839,0.0168409234439688,0.0035085257174935,-0.2484848484848484,12.32562370704528,10.451778123490564,9.64012722783778,0.2103984825825318,10.607079990957612,0,-1.8015789916458804,-0.1524604320193407,2019Q3,-0.7227011368948539,1.6381842254771692,0.7079866084443331,0.017104605905799493,-1.0974749711181127,0.062169121757269956,0.6571998862865359,T3 Tích cực
-0.0009451359802558,0.5493078675124273,0.0093110571789305,0.0,-0.0027468053466056,-0.1475023347950912,-0.0007477028678427,-0.0122188404704973,-0.927931682610256,-0.0133411085059993,-0.0113708945123974,-0.7050745024437252,-0.0147111352518702,0.0094097393974495,0.4125750652044104,0.0100652189364733,0.0190303403842591,0.6162418946383846,0.0080461050798031,-0.0007767035135202,0.020770844339247,-0.0005930512670923,0.0159875883163631,0000080424-18-000055,2018-08-08,20.07909523820737,26.049243407212856,0.2543319306889139,0.8261159929818489,PG,2018,en,US,28,40079,664,305,0.016567279622745,0.0076099703086404,0.0149454826717233,0.0061098590982957,-0.370485036119711,0.0352909035922118,0.0693630080590833,0.0,0.0,0.3147316150390163,15862.0,0.0154457193292144,0.010339175387719,0.0154457193292144,0.0028369688563863,-0.1980440097799511,11.864934956538107,10.024256065341117,9.37762693587032,0.2239569049049168,10.598607785347687,0,-1.3691150513656085,-0.19102008798135464,2018Q3,-0.5070896375013415,2.026342526831743,1.0799879662689573,-0.33624562760087023,-1.1284504820310806,0.22928880898836726,0.7481203523159649,T3 Tích cực
0.0002344252879025,0.4143486318190519,0.0064958429644799,0.0,0.0046075518254204,0.354653880228871,0.0149021540548686,0.005925938865068,0.6450697129378721,0.0080217532218764,0.013501382937287,1.200002388588998,0.0148669377713592,0.009578828787733,0.6020066215611093,0.0147522705201834,0.0167827911482912,0.7789908026654758,0.0259094921617877,0.0148641321382192,0.0063551514765595,9.05299943898168e-05,0.0092174633473978,0000080424-17-000047,2017-08-08,19.885778588759912,26.17504782267943,0.2366651681161475,1.1256918750606344,PG,2017,en,US,28,39493,693,278,0.0175474134656774,0.0070392221406325,0.0144329374825918,0.0061098590982957,-0.427394438722966,0.0352909035922118,0.0690755323728255,0.0,0.0,0.3210653753026634,15132.0,0.0178429817605075,0.0097145122918318,0.014406555643669,0.0025773195876288,-0.2949640287769784,11.93021363267044,9.79484374995445,10.22317986271589,0.1997206106036901,10.583878719994873,0,-1.4411089295385344,0.11839784667524794,2017Q3,-0.30680840422256894,2.026342526831743,0.6671786942604696,-0.48906055800903847,-1.124061313980645,0.6337229174643351,0.5855958992270671,T3 Tích cực
0.0005250424542989,0.5290205269080726,0.0072497973100936,0.0071428571428571,0.0077860179497116,0.5369817676744918,0.0080650208907263,0.0065480415175586,0.6386612428612781,0.0067174409605591,0.0084988594777238,0.6768215161597849,0.0090097164322072,0.0079783237442082,0.4492728403324419,0.0110078770338151,0.0110570428755695,0.4598506305583731,0.018168305238268,0.0081231637777263,-0.0242796981968552,0.0006212673916886,-0.0134012351414725,0000080424-16-000212,2016-08-10,19.93728476500144,26.159107442066816,0.2498671993183423,0.8350279196603617,PG,2016,en,US,28,38155,672,266,0.0176123705936312,0.006971563359979,0.0149652732276241,0.0061098590982957,-0.4328358208955223,0.034359847988468,0.0704494823745249,0.0,0.0,0.3443360840210052,13965.0,0.0185463659147869,0.0093805943430003,0.0153956319369853,0.0025778732545649,-0.3282051282051282,11.739508142251978,9.625947659626636,10.990958797377235,0.1748620391869917,10.549412089723733,0,-1.386825704984674,-0.18029011797128014,2016Q3,-0.2935350193775862,1.7806634628584057,0.6277080108475241,-0.3303450894886224,-1.1368838541297517,0.7523885001884864,0.41889856200807973,T3 Tích cực
-0.0007324218145378,0.8166217185565973,0.0057555577000156,0.0,0.0046141702162181,0.4008447536027335,0.0011479352470693,0.0086387535069014,1.0613256793016803,0.0065777353544582,0.0082861226210395,0.8311957546325135,0.0060198736560707,-0.0046727901427682,-0.3314463492349903,-0.0112769000072729,-0.0038612898419038,-0.2022779985393492,0.00480542499913,0.0011731896100763,-0.0292298906408782,-0.0003026704304536,0.0067049795043656,0000080424-15-000070,2015-08-10,19.991060220468285,26.04502707923852,0.3048633833746846,0.7179582961402781,PG,2015,en,US,28,38909,656,286,0.0168598524762908,0.0073504844637487,0.0149579788737824,0.0061098590982957,-0.3927813163481953,0.0340281168881235,0.0714230640725796,0.0,0.0,0.3546185717767487,14950.0,0.0175919732441471,0.0096321070234113,0.0151839464882943,0.0024654595270689,-0.2923832923832923,12.940197383556107,10.70624827001918,11.912322273492926,0.1548412608914077,10.568980865314236,0,-1.1878915260840508,-0.3313437949909034,2015Q3,-0.44730509648729955,1.6931290708244924,0.9182552685320916,-0.332519895141526,-1.056152638843607,0.5913761121213188,0.2846426397758114,T3 Tích cực
-0.0002388190420171,0.4314584432830896,0.0085774295934383,0.0142857142857142,-0.0069824625791856,-0.4070253508421227,-0.0187106235468293,-0.0017547936241314,-0.1446618077932647,-0.014960419375699,0.0231326377147398,1.5570672386385007,0.0131024680402839,-0.0116258038466967,-0.5533376280130559,-0.0238590035534398,-0.0275448208186622,-0.968247640008816,-0.0449471672103662,-0.0187318680488368,-0.0683178479669126,-0.0001340190501239,0.011160995283478,0000021344-24-000009,2024-02-21,20.50992282685174,26.29071716594468,0.0990999244158969,0.789992817847001,KO,2023,en,US,20,78512,1480,485,0.0188506215610352,0.006177399633177,0.0151059710617485,0.0136412268188302,-0.5063613231552163,0.0279575096800489,0.0663592826574281,0.0,0.0,0.4071573261309926,15191.0,0.0133631755644789,0.0073069580672766,0.0130340333091962,0.0067145020077677,-0.2929936305732484,36.84919582766494,20.349476162507862,10.864098989147012,0.1337860946450382,11.271006758329685,0,-2.311626600351865,-0.23573142489530638,2024Q1,-0.040509952802662945,0.09126867641569333,0.09436891970502324,-0.2883961449151051,0.5514261036551257,-0.1220501682794118,0.14345028848827074,T2 Trung tính
-0.0003675779025409,0.5476294661657698,0.008010664744548,0.0071428571428571,0.0038505981614354,0.2403419868529745,0.0040579812293265,0.0035223310390329,0.3109185370638769,0.0010881288377025,0.0095424330370256,0.6877489519706025,0.0158067167719336,-0.0072687119734983,-0.370436078862808,-0.0042855163622027,0.0089179117113985,0.335658979207634,0.0053110776041916,0.0041119641306064,-0.099210089664416,0.000151384746769,0.0083212777663179,0000021344-23-000011,2023-02-22,20.395586267339528,26.2790747127435,0.0931644015438048,0.8647606965443972,KO,2022,en,US,20,79364,1486,486,0.0187238546444231,0.0061236832820926,0.0150068040925356,0.0126253717050551,-0.5070993914807302,0.0279975807670984,0.0663903029081195,0.0,0.0,0.4067547723935389,16849.0,0.0144815716066235,0.0076562407264526,0.0140661166834827,0.0048667576710784,-0.3083109919571045,35.28005975769885,20.45326183407421,10.56738376293706,0.1209318738430738,11.281800143914362,0,-2.373389587939506,-0.14530246171907438,2023Q1,-0.0664135929851697,0.10184229534793485,0.08901512166444248,-0.31796269596348564,0.44592148387516,0.06663067880824666,0.05725207766618737,T2 Trung tính
0.0007209486182838,0.4280931130287005,0.0081610277144851,0.0071428571428571,-0.0095851814603446,-0.5872533335067475,-0.0161234428218395,-0.0285770123248836,-2.476036095933249,-0.0251590242215639,-0.0291132957346267,-2.059614268868393,-0.0191735387618923,-0.0092989149483339,-0.4651701064668777,-0.0162077595605526,-0.0586034082307766,-2.1651185402959814,-0.0480431297217377,-0.0167128493717181,0.1074200740704843,0.0006734343001122,-0.0271947216043456,0000021344-22-000009,2022-02-23,20.753134412766386,26.32173695151409,0.085177294440174,0.8996816086498669,KO,2021,en,US,20,80011,1449,500,0.0181100098736423,0.0062491407431478,0.0153103948207121,0.0121608278861656,-0.4869163673678809,0.0282336178775418,0.0661284073439902,0.0,0.0,0.4015894039735099,17467.0,0.0141409515085589,0.0083586191103223,0.0139691990610866,0.0048663193450506,-0.2569974554707379,34.77617408818502,19.99084787533444,11.647998272342749,0.1468070070864632,11.28991940420376,0,-2.4630203778446074,-0.10571434641536095,2022Q1,-0.19184706171009663,0.16412576813251264,0.23541868785613085,-0.2274473677882867,0.41204152471025557,0.009165803919499,0.2307663049947177,T2 Trung tính
-0.0005836716871689,0.7201648799693752,0.011203234462942,0.0,0.000519742755471,0.0231961027500698,-0.0012254645335827,-0.0174896029960991,-1.1038791448763972,-0.0239851607795767,-0.0099260814902867,-0.5115331504818168,-0.0101552809189331,0.0135294255455948,0.4930151973715589,0.0089158259520696,-0.002280138994474,-0.0613651152550748,-0.0171540219650412,-0.0012748947265437,-0.0200586779483779,-0.0010714638188154,0.0036332482202027,0000021344-21-000008,2021-02-26,20.466497767923016,26.09946122636288,0.0892653300041849,1.0425733244178554,KO,2020,en,US,20,84622,1534,535,0.0181276736546051,0.0063222329890572,0.014440689182482,0.0114981919595377,-0.4828419526341228,0.0285150433693365,0.066401172271986,0.0,0.0,0.3991533864541832,19473.0,0.0153032403841216,0.0087813896163919,0.0131977610024135,0.0043136650747188,-0.2707889125799573,34.84802712339468,22.097129075210145,12.245081111001827,0.2701507669733837,11.345949559069204,0,-2.4161421083194927,0.04169200739041998,2021Q1,-0.18823763238459637,0.23838594241677993,0.26497366652686377,-0.4867493950045175,0.4168727355306117,0.20525166379182708,1.0578885072752633,T2 Trung tính
0.0007978975429791,0.4931902407915158,0.0094913881516248,0.0285714285714285,-0.0510762491186341,-2.6906627514696058,-0.0040658267544272,-0.002755096991026,-0.2052542509124572,0.016101896610435,-0.0116379859651956,-0.7079253553317699,0.0250019382426901,-0.0135831089008218,-0.584243410906725,0.0259353340475919,-0.0390245393944109,-1.2396860350003067,0.0223974587197159,-0.0037639833251994,0.0640707274735205,0.0009636481075163,0.018575891235919,0000021344-20-000006,2020-02-25,20.094779139752323,26.25120452021411,0.0754337716457166,0.7059794411127344,KO,2019,en,US,20,86683,1517,573,0.0175005479736511,0.0066102926756111,0.013566673972982,0.0097020176966648,-0.4516746411483253,0.0274909728551157,0.0654338220873758,0.0,0.0,0.4083178150217256,21513.0,0.0142239576070283,0.0096220889694603,0.0115743968763073,0.0033003300330033,-0.1929824561403508,29.447386462687845,19.424866155167265,10.251418050797112,0.2841984722530469,11.370013065111372,0,-2.58450020443484,-0.34816916214981747,2020Q1,-0.3163849315600619,-0.03183710802703869,0.49105502701153597,-0.7473363173825087,0.0537477329370444,0.02316948453215172,1.1520900213085257,T3 Tích cực
0.0008189787721971,0.3710786081522045,0.0085884943649672,0.0071428571428571,-0.0257417920182654,-1.4986207665960063,-0.0264334014173011,-0.0246301624606445,-2.027847275383817,-0.027799029079818,-0.0072890072297493,-0.4899939509056134,-0.0074210435419419,-0.0191070798775953,-0.9082421626313196,-0.0207203237348139,-0.0270073610448902,-0.9481319304763854,-0.0108192520745592,-0.0263676775116596,-0.1259872823352059,0.0006288366042266,0.00331566942421,0000021344-19-000014,2019-02-22,20.20835273560158,26.001722766326026,0.0866081066588626,0.7168614140108848,KO,2018,en,US,20,91273,1564,524,0.0171354069659154,0.0057410187021353,0.0131035465033471,0.0099262651605622,-0.4980842911877394,0.0275875669694214,0.0643673375477961,0.0,0.0,0.3999761706183724,24232.0,0.0133294816771211,0.0073456586332122,0.0122565203037306,0.004374380983823,-0.2894211576846307,30.511275442861194,20.41255355194066,13.541133040659275,0.2604586591012776,11.421610294478786,0,-2.44636185741545,-0.3328727429629909,2019Q1,-0.3909980998301873,-0.006348671576482004,0.1544088319969456,-0.8854173949988875,0.12528085520075616,-0.12773455106402484,0.9928948860716738,T2 Trung tính
-0.0003233405433826,0.5741076796873333,0.0065832657842041,0.0,0.0020078566169603,0.1524970039777194,0.01151940870896,-0.0083471656399421,-0.8965667832905219,-0.0085893030681379,-0.0052772134303096,-0.4628099023239947,-0.0126690537966528,0.003974978338252,0.2465004701945942,0.0059814373050894,0.0071847515116695,0.3290591873015936,-0.0021030044566132,0.0114933851047882,-0.0408079176560863,0.0001389714879058,0.003580174065685,0000021344-18-000008,2018-02-26,19.910118385256723,25.959018879647044,0.0908710920034957,0.6497015531305829,KO,2017,en,US,20,89721,1464,515,0.0163172501421072,0.0057400162726674,0.0127617837518529,0.0092286086869294,-0.4795351187468418,0.028120506904738,0.0653916028577479,0.0,0.0,0.398569725864124,24998.0,0.0135210816865349,0.0076006080486438,0.0116009280742459,0.004000320025602,-0.2803030303030303,30.44201757475679,19.045723275484477,13.366765192588366,0.2693833508761599,11.404460134358922,0,-2.398313348141236,-0.4312421705635193,2018Q1,-0.5581808360139543,0.13427900300719608,0.2889607693115867,-0.987313680815534,0.12062413665289681,-0.09541035577370834,1.0527423459049337,T2 Trung tính
-0.0009527782204668,0.84276034901998,0.0071837395552509,0.0142857142857142,0.0149864791245907,1.0430834114549974,0.0101920553741706,0.0075472382243905,0.7428865268084534,0.0058870374840025,0.0101218096430314,0.8134801487644168,0.0072740146179282,0.0124028939355489,0.7048501977345938,0.0061389964649175,0.0230674116713288,0.9681707215940673,0.0121595011249117,0.0103559787618521,-0.0228117313585891,-0.0006218170974348,-0.0196551929861524,0000021344-17-000009,2017-02-27,19.901368668283027,25.912776894952703,0.1285644663671093,0.7588246562167658,KO,2016,en,US,20,90009,1432,482,0.0159095201590952,0.0053550200535502,0.012443200124432,0.0105878301058783,-0.496342737722048,0.0272083902720839,0.0660711706607117,0.0,0.0,0.4166269652215341,25007.0,0.0135961930659415,0.0070380293517815,0.0113568200903746,0.0039189027072419,-0.3178294573643411,29.777165556945757,19.44930155332948,12.75062734770778,0.2721012294432148,11.407664944312735,0,-2.0513248166573685,-0.27598454775286907,2017Q1,-0.6414966652052625,-0.1064026057430315,0.16704170785663347,-1.0822991296810311,0.07592121974741027,-0.08273856674879007,1.0709679757055373,T2 Trung tính
0.0009551704691852,0.5766817611954984,0.0068668254138448,0.0071428571428571,-0.0226984001427182,-1.6527579175781677,-0.0264855977653423,-0.019477889682138,-2.0057227390220698,-0.0133381377723392,-0.0212841202884922,-1.7895303633684256,-0.0189931298483515,-0.0207804105736475,-1.235442374102626,-0.0255377925105245,0.0002927851678109,0.012855729438107,-0.0044504837873616,-0.0266355588576933,0.0444701987717507,0.000535528883001,-0.0060016333538244,0000021344-16-000050,2016-02-26,19.933813670662943,25.97653678414226,0.1336571837964267,0.8319169762142329,KO,2015,en,US,20,89104,1373,495,0.0154089603160351,0.0055553061590949,0.0123339019572634,0.0110320524331118,-0.4700214132762312,0.0262053330939127,0.0676063925300772,0.0,0.0,0.4413207321449934,24542.0,0.0136500692690082,0.0080270556596854,0.0120202102518132,0.003585689837829,-0.2593984962406015,28.374607358754183,19.191096748972445,13.567162964858548,0.2880120817525312,11.39755950582945,0,-2.012477087026718,-0.18402263134414956,2016Q1,-0.7437814127637852,-0.37108083511401124,0.35797126054456435,-1.1148862891428375,-0.018383138078404967,-0.073649293137808,1.177663435729679,T3 Tích cực
0.0001222962576701,0.503359931418303,0.0098768246110355,0.0214285714285714,0.0223807325289111,1.13299230320972,0.0242833331792859,0.0315200167728382,2.2565974876464767,0.0339658833421465,0.0298839685931805,1.746868856256649,0.0328324204649721,0.0109130738792809,0.4510805780578899,0.0146457524700724,-0.0165717997867483,-0.5058898818749136,-0.0040295548697842,0.0242796546048031,-0.053855370608508,0.0002975094098251,-0.0122451859599757,0000021344-15-000005,2015-02-26,19.879080146991686,25.93602826023533,0.1651411258421722,0.8498782079868262,KO,2014,en,US,20,83196,1234,487,0.0148324438674936,0.0058536468099427,0.0131256310399538,0.0087263810760132,-0.4340499709471238,0.025830568777345,0.0675272849656233,0.0,0.0,0.4466331917085103,24683.0,0.0128023335899201,0.0081027427784304,0.0128023335899201,0.0033626382530486,-0.2248062015503876,25.24153522627573,18.04239893581964,13.216657319497696,0.285957682300359,11.32895454873049,0,-1.800954862514748,-0.1626622244853922,2015Q1,-0.8615871860793313,-0.4699704676286943,0.6189008124587995,-0.8788329084088018,-0.22904274268967909,-0.21666793770494766,1.1638869836351229,T3 Tích cực
-0.0010625906218293,0.5321479509767723,0.0095691680078505,0.0,-0.0323280385274413,-1.6891770789748584,-0.0369053807279234,-0.0184391131094395,-1.3625449890788566,-0.0228068907153046,-0.0038000887628771,-0.2292761782833811,-0.0094974055382869,-0.0378891585058744,-1.6164607178437491,-0.0450678528050296,-0.0277002539211304,-0.8727969660532205,-0.0462472909070024,-0.0369528236268948,-0.0294584949289973,-0.0001009194344208,0.0001600263901023,0000077476-24-000008,2024-02-09,20.49731132415302,26.199497299822657,0.0774363800927331,0.8908884770106151,PEP,2023,en,US,20,53971,1255,312,0.0232532285857219,0.0057808823256934,0.0150080598840117,0.0110614959885864,-0.6017868538608807,0.0294973226362305,0.0536955031405754,0.0,0.0,0.2908685968819599,31311.0,0.0199610360576155,0.0061959055922838,0.0164478937114752,0.0056849030692089,-0.5262515262515263,26.034603946939168,20.46840339183384,21.242290933803268,0.1053680303739383,10.896202144253335,0,-2.558298581776667,-0.11553602543884264,2024Q1,0.8591218382065707,0.4975814726091315,-0.5978285390568405,-0.3175882827583737,-0.17571886884947863,0.9910527576072445,-0.0471164003009427,T1 Tiêu cực
2.5407298047827277e-06,0.4938925296194551,0.0087921128864492,0.0,0.024669122864762,1.4029120862849114,0.0223847663829499,0.0325305478787589,2.61627339160266,0.0358934167617376,0.0356693411243845,2.3422929125170504,0.0446427881717834,0.0286291444781458,1.3293504578017443,0.0319249295971006,0.0458042047120496,1.5707813955995082,0.0640885746205851,0.0224968842551815,-0.1406048303063152,0.0002928555571339,-0.0230840876149263,0000077476-23-000007,2023-02-09,20.420563961652903,26.185954362788404,0.0727483784178483,0.8994320685041916,PEP,2022,en,US,20,52443,1119,292,0.0213374520908414,0.0055679499647236,0.0147207444272829,0.0108689434242892,-0.5861091424521616,0.0293080106019869,0.0538108041111301,0.0,0.0,0.2947923835742143,31345.0,0.0183123305152336,0.0056787366406125,0.0166533737438187,0.0057425426702823,-0.526595744680851,22.84096800415443,18.549734957223052,19.51028859103988,0.0290117050381377,10.867482144479293,0,-2.620748662967983,-0.10599174983955183,2023Q1,0.46765073265510876,0.44762741703518116,-0.4841055980779745,-0.4032511520160111,-0.39045062622117493,0.7129051724832671,-0.5591488859953758,T1 Tiêu cực
0.0009836349086924,0.356732282863147,0.007863518288409,0.0,-0.0300665660457675,-1.9117756799832348,-0.0099480181700677,-0.0082537471053497,-0.7421971100384432,0.0175692217986218,-0.0148808593326562,-1.0925730476326374,0.0025872933030109,-0.0200404029849046,-1.0404325339783165,0.0150985584505077,-0.0151932632130636,-0.582556185651287,0.0238293025840212,-0.0094678281164357,0.0539602194790341,0.0008534325848434,-0.000106229870721,0000077476-22-000010,2022-02-10,20.40987694180656,26.19499282122192,0.0674442217670164,0.8623029330846027,PEP,2021,en,US,20,50889,914,277,0.0179606594745426,0.0054432195562891,0.0144825011299101,0.0110436440095108,-0.5348446683459278,0.0272357483935624,0.0519562184362042,0.0,0.0,0.3121588089330024,29564.0,0.0128872953592206,0.0054119875524286,0.0163036125016912,0.0060208361520768,-0.4085027726432532,21.99064967594157,16.922710283197983,18.1053969977221,0.0066380184749141,10.837402069163833,0,-2.6964543669065697,-0.14814863956309715,2022Q1,-0.22236542646003,-0.09918357644995822,-0.11224349326505328,-0.4742831969561424,-0.44762381446607497,-0.20233432242234647,-0.7091830094911565,T2 Trung tính
-0.0004993121738902,0.6825716621242952,0.0079089735564298,0.0,-0.0253165301535326,-1.6004940447013412,-0.0290544967645096,-0.031327407294592,-2.800846655630803,-0.034349157432585,-0.0442027878171092,-3.2267766813295644,-0.0476142786496539,-0.03439720942537,-1.77552774003378,-0.0371432922617853,-0.0404661877920655,-1.5426799197226777,-0.037978204209518,-0.0290155731619859,-0.0966749232954587,-0.000507763885793,-0.0067331036832762,0000077476-21-000007,2021-02-11,20.0022362311723,25.97014308598927,0.0708209237012934,0.9192005343492192,PEP,2020,en,US,20,50985,848,253,0.016632342845935,0.0049622437971952,0.0141414141414141,0.0109247817985682,-0.5404178019981835,0.0272236932431107,0.0536432284005099,0.0,0.0,0.3267038564152316,30812.0,0.0129170453070232,0.0048033233805011,0.0157081656497468,0.0063936128780994,-0.4578754578754578,18.86793812715446,15.169384397308503,16.840489872186065,0.0028004220873117,10.839286750798326,0,-2.6476007894394473,-0.08425097112789584,2021Q1,-0.49379457308177294,-0.1023645874090485,-0.15266987520816772,-0.5759780045856312,-0.6575868004322385,-0.1973153084588809,-0.7349172758901019,T2 Trung tính
0.0001130522726089,0.6017986138418044,0.0074512456778626,0.0,-0.005372420123597,-0.3605048307263783,-0.0057161880596678,0.0058655228942077,0.5566251863123348,0.0060067756682504,0.0018632589364915,0.1443722425834598,-0.0004558707979471,0.0052380341187899,0.2869880509698572,0.0108280391918826,-0.0210333923583395,-0.8511068732891006,0.0328955859858397,-0.0057476636630389,0.0241350602557929,0.0006797576189878,-0.0022012146954415,0000077476-20-000015,2020-02-13,19.898952506889856,26.036396346843784,0.0728429356102357,0.7530795243596848,PEP,2019,en,US,20,58799,1086,344,0.0184697018656779,0.005850439633327,0.0121770778414598,0.0116498579907821,-0.5188811188811189,0.0287419854079151,0.0512593751594414,0.0,0.0,0.2814625850340136,30192.0,0.0134472708002119,0.0053987811340752,0.013579756226815,0.0056306306306306,-0.4270650263620387,24.837696916022512,18.39374506917643,12.867137188651014,0.0888794953702017,10.98188012693938,0,-2.6194497227624667,-0.283584446719169,2020Q1,-0.11834734910976712,0.298269484699324,0.003552859038640412,-1.1616432714558662,-0.25619577816656425,-0.10786274297011607,-0.15768570187869252,T2 Trung tính
0.0002985409808767,0.4140236088978084,0.0108544572201363,0.0,0.0035811875726071,0.1649639175860233,0.00116543240711,-0.0026431862081534,-0.1721887012698192,-0.0039656773951731,0.0220417285673015,1.1724029736031645,0.0146430861678853,-0.0039694595313218,-0.1492958178250842,-0.0060467859211533,0.0038260390966713,0.106278385832541,0.0041123709777746,0.0011835554995089,-0.0754749896231038,0.0003311401418446,-0.0156941708208531,0000077476-19-000017,2019-02-19,19.98048699854694,25.81589376359116,0.0891674989104952,0.9027117110209224,PEP,2018,en,US,20,57608,1103,336,0.0191466462991251,0.0058325232606582,0.0148069712539925,0.0113873073184279,-0.5330090340514246,0.0299611165115956,0.0533606443549507,0.0,0.0,0.2808333333333333,30436.0,0.014226573794191,0.0054869233802076,0.0134708897358391,0.0049612301222236,-0.4433333333333333,25.1094400787468,17.94876451697562,13.86041194785376,0.0372720397217199,10.961416725928702,0,-2.417238667782096,-0.10235203343668782,2019Q1,0.01997994870741064,0.6199634707605749,-0.09892817414159569,-0.3775426939085952,-0.2379244761362369,0.023610852698165315,-0.5037564914281709,T2 Trung tính
0.0001360152882454,0.3314244448991033,0.0066403128292408,0.0142857142857142,-0.0305616367568822,-2.301219652054876,-0.0433915276301013,-0.0186864349413062,-1.9898618036508224,-0.0354440740984995,-0.0178127156945937,-1.5487487511108315,-0.0361812805191332,-0.0311863603376121,-1.9173461583850944,-0.0407202854574164,-0.0317404305753302,-1.4412122058621606,-0.034348657065787,-0.0437429419983216,-0.0630771138961825,0.0001192200826367,0.0044957526001663,0000077476-18-000012,2018-02-14,19.672413532420943,25.793606191021404,0.0693657175323722,0.6386559055085774,PEP,2017,en,US,20,58337,1106,337,0.018958808303478,0.0057767797452731,0.0147247887275656,0.0111764403380358,-0.532917532917533,0.030015256183897,0.0531909422836278,0.0,0.0,0.2785331685208075,31073.0,0.0150613072442313,0.0054709876741865,0.0133878286615389,0.0045698838219676,-0.4670846394984326,24.8730340641321,17.012366479583573,15.2328280458425,0.0226439422415569,10.97399181940497,0,-2.6683625172029113,-0.4483894586738509,2018Q1,-0.01840299837281619,0.6342493887673487,-0.09826444346192043,-0.4020453471828841,-0.2538198004252006,0.16443593478983107,-0.6018500165003698,T2 Trung tính
-0.0006333151984903,0.6320616760584159,0.0068927714606024,0.0071428571428571,0.023826359212868,1.728358422229299,0.0191663028664219,0.0140531210612744,1.4416635247607776,0.0124868275304412,0.0097537533181906,0.8169909790356437,0.0057172828122811,0.0277199452066276,1.641809873871624,0.0210896312734363,0.0401641963617081,1.7569073511463054,0.0278809786244518,0.0193340021338748,-0.0129151418432077,-4.40955948088182e-06,-0.0067896631266135,0000077476-17-000010,2017-02-16,19.59797576276105,25.74929260409185,0.0738282184028655,0.7512689237252506,PEP,2016,en,US,20,56116,1095,336,0.0195131513293891,0.0059875971202509,0.0143096443082186,0.0111732839118967,-0.5303983228511531,0.0282628840259462,0.0543517000498966,0.0,0.0,0.3157894736842105,30561.0,0.0161971139687837,0.0060207453944569,0.0128922482903046,0.0047446091423709,-0.4580265095729013,23.421926559477114,16.208775958483933,14.6069965794585,0.0955269644642248,10.935176255838662,0,-2.6060142572754237,-0.28599160379905775,2017Q1,0.09487184229261171,0.17184827140426812,-0.07999060423734108,-0.5258203174627728,-0.35138848708587195,0.3560540797409361,-0.11310890868152576,T2 Trung tính
0.0007311694419748,0.7116014400007997,0.0064779418348551,0.0,-0.0091105486681156,-0.7031977825962749,-0.0199855773758215,-0.0095789985980555,-1.0456060023905611,-0.0185090163677279,-0.0089325548879121,-0.7961190607390588,-0.013583765868334,-0.01832965834142,-1.155158825664062,-0.0319034099563513,-0.037650335303867,-1.7524089457228582,-0.0456482549858981,-0.0204512125176541,0.0759244395524225,0.0002262398854417,0.0062138642600208,0000077476-16-000066,2016-02-12,19.63121091401268,25.665340287662595,0.0861627672205697,0.8051830216914034,PEP,2015,en,US,20,52891,1030,324,0.0194740125919343,0.0061258059027055,0.0143313607229963,0.0116087803217938,-0.5214180206794683,0.0272447108203664,0.0543192603656576,0.0,0.0,0.3319425127491887,28240.0,0.0172096317280453,0.0063385269121813,0.0132790368271954,0.004284702549575,-0.4616541353383459,20.693608633771447,14.926350013441278,14.657909916915669,0.1328643970517441,10.875988471047103,0,-2.4515171294193694,-0.21668567126667443,2016Q1,0.08687420537501576,-0.09681864720267888,-0.01484931242386145,-0.5193455860959787,-0.5348334737253425,0.5268725566576097,0.13726954173706893,T2 Trung tính
0.0004044893570153,0.6207460679899223,0.0069251175100415,0.0071428571428571,-0.0197008492060045,-1.4224198490089195,-0.0197121463430537,-0.0234668568489255,-2.3961432548903794,-0.0248091251263303,-0.0311530367018616,-2.597243165883295,-0.0357485326087985,-0.0167435642010582,-0.9870636059882528,-0.0181543520090404,-0.0255782830708608,-1.1136478925452422,-0.0263644151766648,-0.0197531498666524,0.0516476679939185,0.0005021659355349,-0.002809709936553,0000077476-15-000012,2015-02-13,19.62344101046269,25.724773506885477,0.1182611990197202,0.8061842846184468,PEP,2014,en,US,20,51928,1004,341,0.0193344631027576,0.0065667847789246,0.0154444615621629,0.011881836388846,-0.4929368029739777,0.0274996148513326,0.0546911107687567,0.0,0.0,0.3308341143392689,28593.0,0.015633196936313,0.0073094813415871,0.014059385164201,0.0041618577973629,-0.3628048780487805,18.15597716183477,15.82594286660704,13.804925616115916,0.2904388576932251,10.857613422713305,0,-2.134859549796608,-0.21544292164405596,2015Q1,0.058358565396589394,-0.029556731288107038,0.1917476681996244,-0.18747547809097184,-0.7054572001904026,0.260917527603555,1.1939369810014333,T2 Trung tính
0.0004174695813339,0.343339977917988,0.0107772105811252,0.0,0.0026915650248227,0.1248729903049618,-0.0114692629243344,-0.0018130224279386,-0.1189547558330152,-0.0088364710933031,-0.0055765613468978,-0.2987442038501735,-0.0079254676924259,-0.0109800026899142,-0.4159301976799734,-0.0213790577476664,-0.0356793402451658,-0.9981920432925502,-0.0424772314451743,-0.0116291363603775,0.039412422105915,0.0007896585068971,0.0101105828118068,0000104169-24-000056,2024-03-18,20.87479616068288,26.915551423663608,0.1715080764624665,0.5988752110136485,WMT,2024,en,US,53,48258,1203,318,0.0249285092627129,0.0065895810021136,0.0160180695428737,0.0176551038169837,-0.5818540433925049,0.0297360023208587,0.0619793609349745,0.0,0.0,0.3515589697243561,7986.0,0.0107688454795892,0.0075131480090157,0.0125219133483596,0.0080140245429501,-0.1780821917808219,32.35462840457993,17.755342847975548,7.193837196301719,0.2389337615994736,10.784316896132124,0,-1.7631249204093802,-0.5127020314288424,2024Q1,1.2014498605427975,0.5605622454793242,-0.45323997192851956,-0.016454726140451157,0.24922310410375356,-0.5597308999666732,0.8485525971559047,T2 Trung tính
0.0007966251477734,0.5696912656051929,0.0111647836587452,0.0,0.0010591987901088,0.0474348103144477,0.0006216811434928,-0.0067160857624182,-0.4253543938503946,-0.0145468539095432,0.0068645624705498,0.3549783955855311,0.004572188200011,0.0202046823674941,0.738798644739872,0.0182248578721982,0.0264659467899496,0.7147279737848553,0.0127569188799105,0.0007762889743274,0.0199274402864068,0.0001550331401871,0.0016574728581454,0000104169-23-000020,2023-03-20,20.527246432603977,26.65225490983385,0.2040931782388072,0.6820460198545673,WMT,2023,en,US,53,45483,1005,299,0.0220961677989578,0.0065738847481476,0.0156761867071213,0.0164676912252929,-0.5414110429447853,0.0292416946991183,0.0609018754259833,0.0,0.0,0.3512195121951219,8590.0,0.0109429569266589,0.0080325960419091,0.0129220023282887,0.0071012805587892,-0.1533742331288343,26.710205837365187,15.30683139957457,6.092950717050699,0.1427570758806541,10.725093908749692,0,-1.5891786333466384,-0.38265814562257816,2023Q1,0.6226872297878884,0.43012853847433885,-0.15987464372338422,-0.11838681498080915,-0.130293158526241,-0.5303571414027802,0.20360815754482195,T2 Trung tính
-0.000202371032342,0.2240563347056715,0.0105583048963499,0.0,-0.0200565286199684,-0.949798704283584,-0.0309072416197332,-0.013331307782677,-0.8928192761770671,-0.022170133233024,-0.0127766485777588,-0.6986539570627928,-0.0308671288549896,-0.0002706630837616,-0.0104654811849163,-0.021001263893002,0.0345852401984767,0.98764360161569,0.011437187254003,-0.0307257704495758,0.046128359419172,0.0002998472324688,0.0119503309136766,0000104169-22-000012,2022-03-21,20.802425252138736,26.715277298126537,0.208018700528982,0.7275899490278551,WMT,2022,en,US,53,43953,973,294,0.0221372830068482,0.0066889632107023,0.0158578481559848,0.0155393260983323,-0.5359116022099447,0.0287579914909107,0.0599959047164016,0.0,0.0,0.3519610356318892,8978.0,0.0113611049231454,0.009356204054355,0.0134773891735353,0.0054577856983738,-0.0967741935483871,24.655752123663056,15.20028532286338,5.8039242869267245,0.1931270133377984,10.690876160169422,0,-1.5701272969328197,-0.3180176463040398,2022Q1,0.6310887400532272,0.3024930342622363,-0.11998281526701769,-0.06422460205874006,-0.2684292718107732,-0.45981279466690417,0.5413803613148517,T2 Trung tính
-0.0006019382081989,0.5810002395141667,0.012432864254748,0.0,0.0200988284594525,0.80829437399258,0.0180400212576631,0.0181986313752045,1.0350290480173991,0.0172485582424016,0.032457248735423,1.5072312309204812,0.0311577702154658,0.031898753634424,1.0474345550912216,0.022031297215563,0.0451554766010391,1.0950725581862293,0.0214871731837628,0.018145655614953,-0.0965263298110696,-6.668689678107135e-05,-0.0116905485372486,0000104169-21-000033,2021-03-22,20.899843730187087,26.6397940723043,0.2180555492572851,0.8108608325639366,WMT,2021,en,US,53,43576,881,246,0.0202175509454745,0.0056453093445933,0.015880301083165,0.0140903249495134,-0.5634427684117125,0.0281118046631173,0.0588397282908022,0.0,0.0,0.3533913961467406,9463.0,0.0119412448483567,0.0086653281200464,0.0138433900454401,0.0058121103244214,-0.1589743589743589,22.13419839889383,13.649885858408329,5.6677911911915535,0.1605552815040573,10.68226181906351,0,-1.5230054355455815,-0.20965883938951269,2021Q1,0.23880935128484868,0.1319827292215637,-0.3196883148402357,-0.05753028011940837,-0.4379719724589601,-0.3619393326790208,0.322959886771882,T2 Trung tính
0.0001361350829783,0.6505656304732899,0.0085041523287909,0.0,-0.11553649700486363,-7.435127126320291,-0.10236576686179999,-0.0329730449316925,-2.7416564010305304,-0.0552511276203717,-0.0507778402703486,-3.447327683642452,-0.0577684840295564,-0.07760914267397,-3.725685829232868,-0.1251231951266291,0.0026961609749215,0.0955913169610727,-0.0503810451385502,-0.10207065576247856,0.24841723260071913,0.0008025442081567,-1.2292309525698268e-05,0000104169-20-000011,2020-03-23,20.6007408099373,26.50028219645465,0.2313204392499253,0.5246476896777781,WMT,2020,en,US,53,42047,764,208,0.0181701429352867,0.0049468451970414,0.0161010297999857,0.0125335933598116,-0.5720164609053497,0.0284919257021904,0.0584108259804504,0.0,0.0,0.3442802408319649,9362.0,0.0111087374492629,0.0075838496047853,0.0147404400769066,0.0067293313394573,-0.1885714285714285,21.58338180380775,14.698230053866077,6.011099816547421,0.1529601707728579,10.646543319217491,0,-1.4639513468095835,-0.6450283089373684,2020Q1,-0.17955942994040253,0.23228584828398796,-0.38188014246136415,0.008279806903738982,-0.4750074447455081,-0.5023888651778603,0.27202837049320233,T2 Trung tính
0.0003436877139439,0.5637711208102182,0.0098913379427997,0.0,-0.0122398215722356,-0.6187141538898426,-0.0197941143293743,-0.0039146382206242,-0.279847604813704,-0.0112115076828684,-0.0071047598209596,-0.4146997118973799,-0.0156237770736986,8.808103624889218e-05,0.0036353962101832,-0.0097107601881315,0.0229054638970515,0.6982126440038138,0.0125979887507806,-0.0199685731617507,-0.0204140126546703,0.0005189539116905,0.000742315377567,0000104169-19-000016,2019-03-29,20.3238538834191,26.35351813468557,0.2600917280966295,0.7287677083551454,WMT,2019,en,US,53,43861,779,207,0.0177606529718884,0.004719454640797,0.0153667267048174,0.0130411983310914,-0.5801217038539553,0.028088734866966,0.0580698114498073,0.0,0.0,0.347975654935168,8845.0,0.0113058224985867,0.0083663086489542,0.0146975692481628,0.0068965517241379,-0.1494252873563218,22.64371585115269,13.28348191476744,7.352875901801007,0.1146255231508985,10.68878082152957,0,-1.3467209098143749,-0.31640024198296407,2019Q1,-0.2632348947517393,0.12589526688127245,-0.4406739320288271,-0.21065206245355317,-0.40371334690012645,-0.4691393071917461,0.014962766251912858,T2 Trung tính
0.0003915513084086,0.8416336085636295,0.0153903050504466,0.0071428571428571,0.0042145056331405,0.136920795894759,0.0043357816970148,-0.0016849948597324,-0.0774170029558124,-0.0047314051589599,-0.021716414075451,-0.8146672513116376,-0.0208337759030607,-0.0162140937566358,-0.4301003804583612,-0.0184870995948835,-0.0170222949742269,-0.3334836462731131,-0.0202846324623866,0.0045760718854586,-0.1028146694696712,0.0006147050409433,-0.0053724710033209,0000104169-18-000028,2018-04-03,20.73766454803203,26.254408180316744,0.3084750186373285,0.7999717170535817,WMT,2018,en,US,53,44663,762,208,0.0170611020307637,0.0046570987170588,0.0149564516490159,0.0126726820858428,-0.5711340206185567,0.0279649822000313,0.0584600228376956,0.0,0.0,0.3528497409326425,9465.0,0.0102482831484416,0.0080295826730058,0.0139461172741679,0.0060221870047543,-0.1213872832369942,21.54764889532481,12.42385307300192,8.00441182461887,0.0865320421522483,10.706900697343169,0,-1.176114415779911,-0.22317890562218878,2018Q2,-0.40618162211971204,0.09324046167472173,-0.37547909947517094,-0.33297523596094875,-0.47741003238292473,-0.64755322578116,-0.1734273225100421,T2 Trung tính
-0.000363681264526,0.5751897864693299,0.0093888616919398,0.0,-0.0063075572185451,-0.3359063870309267,-0.006824320532791,0.0003875607805819,0.0291885070909833,0.0001200990601415,0.0088928490586187,0.5468489116485696,0.0092196732792797,0.0172744193363435,0.7511296251037924,0.0160895306087636,0.0340583143088782,1.0937394199914174,0.033730709960279,-0.0068042512595907,0.0380007357101808,-5.620997609786052e-05,-0.0115037460907633,0000104169-17-000021,2017-04-03,20.132224441863,26.110597671295864,0.3558606311065392,0.7145082799140543,WMT,2017,en,US,53,20013,425,77,0.021236196472293,0.0038474991255683,0.0157397691500524,0.0157897366711637,-0.6932270916334662,0.0252835656823065,0.0483685604357167,0.0,0.0,0.3134328358208955,,,,,,,14.595988142034622,8.439705753946699,,0.0579529876029118,9.904137341377625,0,-1.0332161104364104,-0.3361606932762049,2017Q2,0.4469600889175091,-0.6143090096440181,-1.26111749062677,-0.09942976144146912,-0.9448215836520507,,-0.36507358462832284,T1 Tiêu cực
0.0003930777769014,0.5478198069679854,0.0137776039598195,0.0,0.0011308285586454,0.0410386509128649,0.0068006423018112,0.0006798153018762,0.0348901021769061,-0.0004744048519188,0.0092219496722578,0.3864456505832813,0.0064936809010581,-0.0049009605122801,-0.1452218220674899,0.00221888493803,-0.009025404742493,-0.1975134375471815,-0.0089484998603206,0.0067736621689903,-0.0410347914008134,-0.00057464457443,0.06750250594250334,0000104169-16-000079,2016-03-31,20.30082670057916,26.100071997202267,0.3723288869991502,0.8069139312703485,WMT,2016,en,US,53,19714,449,78,0.0227756924013391,0.0039565790808562,0.0157248655777619,0.0155726894592675,-0.7039848197343453,0.0252105102972506,0.0483105162830731,0.0,0.0,0.3048951048951049,,,,,,,17.41210125270227,9.238441466969546,,0.032717872983776,9.889084322225385,0,-0.9879777104630478,-0.21453826910092322,2016Q1,0.7615417611251774,-0.633586245661475,-1.3391518698795084,-0.10387324937326496,-0.7554734775921428,,-0.5342959562968789,T1 Tiêu cực
0.000510962313076,0.6370233711583707,0.0098370450055251,0.0071428571428571,-0.0048956433746761,-0.2488370934526796,-0.0067571000177634,-0.0040121144348203,-0.2883989370958902,-0.0066702218565046,-0.0207203531915692,-1.2161072238804893,-0.0214281612040798,-0.0167666156027775,-0.6958331646194649,-0.0211126274644641,-0.0477756432904096,-1.4643521950411154,-0.0459759102968738,-0.0068184698625461,-0.0256559771892185,0.0001083436192361,0.0338488899742814,0000104169-15-000011,2015-04-02,20.030478355372693,26.28539073304057,0.3126023523609452,0.5024133672652554,WMT,2015,en,US,53,18701,397,76,0.0212288112935137,0.004063953799262,0.0149724613657023,0.0149189882893962,-0.678646934460888,0.0235816266509812,0.0490882840489813,0.0,0.0,0.3509933774834437,,,,,,,14.879769127778737,9.390836182325716,,0.0419459812017157,9.83633227734872,0,-1.162823335876097,-0.6883320573643178,2015Q2,0.44545099633329943,-1.0634022608680842,-1.1553559856230768,-0.3282019519790386,-0.9257408897754746,,-0.47241383758164696,T1 Tiêu cực
0.0005045872238096,0.9193349097620408,0.0109802855731586,0.0,-0.0196686854068814,-0.8956363327635894,-0.0191670663622699,-0.0016835829008673,-0.108419118788965,-0.0010812258274272,0.0081692240874488,0.4295429016426026,0.0084945762946205,-0.0206146851782937,-0.7664563846191678,-0.0188675171285177,-0.0028024823646232,-0.076954303263168,0.0020878197505384,-0.0196452456015141,-0.0344468994092489,0.0010316777733311,0.0021535913095023,0000909832-24-000049,2024-10-09,21.20224159296963,26.700939554306945,0.0598750591014549,1.1051388970675535,COST,2024,en,US,53,26679,607,132,0.0227519772105401,0.0049477116833464,0.0180666441770681,0.0117320739158139,-0.6427604871447903,0.0286367555005809,0.0604970201281907,0.0,0.0,0.3574432296047098,3679.0,0.0078825767871704,0.0086980157651535,0.0125033976624082,0.0040771948899157,0.0491803278688524,17.819130595955343,10.973635400510943,2.255778662008811,0.2059350773412734,10.19163201806775,0,-2.8154952361708787,0.0999710257739644,2024Q4,0.7566957824918357,0.2705023083546327,-0.8950429703063089,0.5943261314280669,-0.7281058853729846,-1.046663615468681,0.6272690525240112,T1 Tiêu cực
0.0006514880192247,0.6951848375917401,0.0082596514127203,0.0071428571428571,0.0128556098651359,0.7782174587499865,0.014357495721754,0.0030806646363472,0.2637349624183813,0.0049790745916077,0.0043904754478134,0.306894571574984,0.0053528988664478,0.0251283908583308,1.2420164117607189,0.0320476677991448,-0.0008503581529529,-0.0310415799963,0.0184182447890752,0.014526469367575,0.0644411036680751,0.0003290587052658,0.0057907704656511,0000909832-23-000042,2023-10-11,20.6175435126474,26.240156567415323,0.1006911273727397,1.0625396219617298,COST,2023,en,US,53,25620,612,119,0.023887587822014,0.0046448087431693,0.0176814988290398,0.0129586260733801,-0.6744186046511628,0.0301327088212334,0.0592505854800936,0.0,0.0,0.325764192139738,3638.0,0.0087960417811984,0.0074216602528862,0.0123694337548103,0.0041231445849367,-0.0847457627118644,17.10265527264152,11.023422770111004,2.7842450803716474,0.1266522993333637,10.151128575450725,0,-2.2956975926455514,0.0606619123792318,2023Q4,0.9887472471264878,0.6652417955430313,-1.124684538186997,0.4794953598121924,-0.776279818797118,-0.892555998521444,0.09561227467857047,T1 Tiêu cực
0.0005718985577528,0.9674606430348373,0.0150603710745899,0.0,0.002832639245252,0.0940428104733524,0.0066742842382253,0.0032865613350887,0.1543089340439791,0.0048293895483444,-0.0092906493233684,-0.3561637931248155,-0.0081710965060874,0.0114760859807287,0.3110874532669102,0.0167807375191134,-0.0122272563578894,-0.244791877086245,-0.0051544333688686,0.0063257169841628,-0.0133068114231319,0.0010932398281762,0.0431613971819633,0000909832-22-000021,2022-10-05,20.78579465552837,26.094662438540286,0.0959364998328384,1.3823404206935297,COST,2022,en,US,53,25843,609,126,0.0235653755368958,0.0048755949386681,0.0177224006500793,0.012343768138374,-0.6571428571428571,0.030259644778083,0.0584297488681654,0.0,0.0,0.3176265270506108,3764.0,0.0100956429330499,0.0087672688629117,0.0130180658873538,0.0037194473963868,-0.0704225352112676,15.092033232534876,10.297167247363593,3.190262101368479,-0.0442920994665473,10.15979505022877,0,-2.344068766450133,0.32377801968224085,2022Q4,0.9229061639862793,0.6987365803206238,-0.9993697672338716,0.49169020441957173,-0.9114688045854916,-0.673304644826351,-1.0507116879810077,T1 Tiêu cực
0.0017145096875971,0.7784588173620894,0.0083363927544135,0.0,-0.0018849489618621,-0.113055431611244,0.0041707592172828,0.0017203269741933,0.1459210122587152,0.0024019978578717,0.0056722647364863,0.3928418044832851,0.0057368318831605,-0.0155917967320987,-0.7635585976643642,-0.0062412641879235,-0.0006175772492543,-0.0223365851740512,0.0086752669959305,0.0041938745248859,0.0087180976921747,0.000442181586282,0.0166324390689875,0000909832-21-000014,2021-10-06,20.404665678206744,26.007278644920717,0.0890852542107683,1.2610886650470725,COST,2021,en,US,53,26857,636,128,0.0236809770264735,0.0047659827977808,0.0178352012510704,0.012250065159921,-0.6649214659685864,0.0303831403358528,0.057080090851547,0.0,0.0,0.3052362707535121,3879.0,0.0069605568445475,0.0082495488527971,0.0139211136890951,0.0036091776230987,0.0847457627118644,16.570479203018856,10.86799083700271,2.012978201284667,0.0482708381675183,10.19828177359369,0,-2.418161455274833,0.23197536779170672,2021Q4,0.9465282530187475,0.7313235417392016,-1.05579421907664,0.5253216116710249,-0.8120619507334191,-1.2022145091147356,-0.4300004262549597,T1 Tiêu cực
0.0003069909723632,0.5469556150131847,0.0129785318354474,0.0,0.020791440365494,0.8009935418391367,-0.0009119920874913,0.0042233150717797,0.2300980391469597,-0.0066731466332674,0.010917998521802,0.4856874002002281,0.0066591506120065,0.0322587271604792,1.014719567881835,0.0170271680714531,0.0379058644977047,0.8806117916103623,0.0310914862376673,-0.0009548760202795,0.0473367450771775,0.000484539348699,-0.0083263776175987,0000909832-20-000017,2020-10-07,20.341220432243688,25.786582547276925,0.1156380355212413,1.5031760437103874,COST,2020,en,US,53,27082,615,132,0.0227088102798907,0.0048740861088545,0.0178347241710361,0.0113728675873273,-0.6465863453815262,0.0313123107599143,0.0572335868842773,0.0,0.0,0.292743953294412,4350.0,0.0103448275862068,0.0082758620689655,0.0133333333333333,0.0034482758620689,-0.1111111111111111,15.767318983054388,11.058915028385591,3.0870415661635784,0.0459774033632129,10.206624579542769,0,-2.157290349861016,0.40758023212902067,2020Q4,0.7478750217664895,0.9765051604709164,-0.9227949705254129,0.5251793706476259,-0.8660643506856273,-0.631265537330288,-0.4453798086239018,T1 Tiêu cực
0.0012915773800455,0.7788083001795496,0.0086667498793172,0.0,-0.0132909827361716,-0.7667801033401233,-0.0119972958645308,-0.0087429030778343,-0.7133200034244513,-0.0082725401976659,-0.0142229412743127,-0.94748539968707,-0.0138800995809518,-0.0013363994372525,-0.0629512554570441,0.0027962533539441,-0.0384094139131995,-1.336241866290599,-0.0305048592997925,-0.0120290789405383,0.0002138726052349,0.0010810417038842,-0.0138895004006421,0000909832-19-000019,2019-10-11,20.16905469646494,25.59570877920076,0.1166797168189138,1.2190734162168937,COST,2019,en,US,53,25366,554,120,0.0218402586138926,0.0047307419380272,0.0180950879129543,0.01040763226366,-0.6439169139465876,0.0298036742095718,0.0580698572892848,0.0,0.0,0.3216689098250336,3850.0,0.0085714285714285,0.008051948051948,0.0158441558441558,0.0038961038961038,-0.03125,15.295361584445033,10.212385164292051,3.594556808847958,0.1056252686120569,10.141164973627374,0,-2.1483225609746444,0.19809107527860792,2019Q4,0.5703945683704637,0.5784189300956779,-0.9034314559403812,0.6028066081005016,-0.8977975361280457,-0.9304497401741734,-0.04539140457989052,T1 Tiêu cực
0.0012841317089315,0.6741070169705711,0.0096111810093289,0.0,0.0040562720892155,0.2110184006147835,0.0083352935307273,-0.0033423919863215,-0.245904019143699,0.0070104326698204,-0.0053832835594247,-0.3233775546565222,0.0001839029437954,0.0053107774521674,0.2255826639595031,0.0107758989030951,0.0196227017226367,0.615581703736294,0.024547231971061,0.0075692729158194,0.0153831949758036,0.0012150747260389,0.0145606372061233,0000909832-18-000013,2018-10-26,19.955371447027066,25.32050841887256,0.1290086865807231,1.3283833260183964,COST,2018,en,US,53,25222,487,138,0.0193085401633494,0.0054714138450559,0.0180794544445325,0.0092776147807469,-0.5584,0.0287447466497502,0.0568947744032987,0.0,0.0,0.3287037037037037,4677.0,0.0066281804575582,0.0096215522771007,0.0134701731879409,0.0057729313662604,0.1842105263157894,13.067805065372887,8.773318860521014,2.665866879987712,0.1410353588219732,10.13547190851582,0,-2.0478755390524923,0.2839626585133408,2018Q4,0.053061453872154864,0.2989980977990399,-0.28310909485686936,0.5981455022320333,-1.047572630896066,-1.2582886151432406,0.19206261680092315,T2 Trung tính
0.0001019577355836,0.5153551279062137,0.0113327608491985,0.0,0.021463424032923,0.946963600420496,0.020797916096788,-0.0002202401620476,-0.0137418687419423,-0.0005350559939139,-0.0033764056116933,-0.1720118084855175,-0.0039152256642865,0.023694165210676,0.8535521546729634,0.0247083849469011,0.0220000952133742,0.5853188271499065,0.0193134765196038,0.0209130937544523,-0.0390050030277608,3.945123463220676e-05,0.0132716786239225,0000909832-17-000014,2017-10-18,20.003633332534985,24.960417207491968,0.1557280050243687,1.6714463913359074,COST,2017,en,US,53,26671,459,128,0.0172097034231937,0.0047992201267294,0.0181095571969554,0.0091485133665779,-0.5638841567291312,0.0259082899028907,0.0587904465524352,0.0,0.0,0.3882248782647189,5472.0,0.0078581871345029,0.0074926900584795,0.0131578947368421,0.0040204678362573,-0.0238095238095238,12.52654766276894,8.009129947982776,3.192843317281315,0.1953614050336182,10.191332111786215,0,-1.8596443510342533,0.5136893541745855,2017Q4,-0.37581630991522785,-0.4494620755431487,-0.32289005623360323,0.6071206133327638,-1.0839653679937835,-1.0507783120091423,0.5563638106753883,T2 Trung tính
-0.0003556652976407,0.5338496209085661,0.0097854115116445,0.0,-0.0113806190526374,-0.5815094765863765,-0.0105708561172628,-0.0034833678914877,-0.2517127720696668,-0.003284458430283,0.0083743533158316,0.4940962508762062,0.0140195249324699,-0.0100911373896423,-0.4210032029061907,-0.0138861675131565,0.0033542665969317,0.1033527747412237,-0.0011711068405608,-0.0105089983343562,-0.0782821620861853,-0.000118021342818,-0.0011981095752898,0000909832-16-000032,2016-10-12,19.44608433504184,24.91307936611522,0.1829860933693207,1.344807983977748,COST,2016,en,US,53,27191,435,134,0.0159979404950167,0.0049281012099591,0.0169909161119488,0.008826449928285,-0.5289982425307557,0.0249714979221065,0.0579971314037733,0.0,0.0,0.3980496453900709,5338.0,0.0089921318846009,0.0078681153990258,0.0129261895841139,0.0035593855376545,-0.0666666666666666,11.887697505262516,7.379099364004431,2.3532074118131625,0.1345598448393866,10.210641315177503,0,-1.6983451215456669,0.2962512400203949,2016Q4,-0.6234287920744875,-0.6966548060861486,-0.06983470536337182,0.2735986855459367,-1.1269199875797973,-0.8594742945263697,0.14863892523285488,T2 Trung tính
0.0003535595542174,0.8096865885100643,0.0065251354852627,0.0142857142857142,-0.0071449011336976,-0.5474906344730015,-0.008581085697338,-0.0120573103099047,-1.3066097864572974,-0.0132793029868321,-0.0156716570903161,-1.3866433057484857,-0.0152411204966419,0.010966763599993,0.6861409240820038,0.0116168052984224,-0.0025330855929896,-0.1170479976696014,-0.0067820638863833,-0.0087848347444474,0.0691905485340536,0.0006414071679373,0.0188008528945103,0000909832-15-000014,2015-10-14,19.263527162525087,24.922094761057743,0.1593945930119597,1.1979239839424842,COST,2015,en,US,53,26734,428,132,0.0160095758210518,0.0049375327298571,0.0172439590035161,0.00893992668512,-0.5285714285714286,0.0246876636492855,0.0589137427994314,0.0,0.0,0.4093959731543624,5276.0,0.008150113722517,0.0077710386656558,0.0121304018195602,0.00303260045489,-0.0238095238095238,11.85761680871028,7.498953606366019,2.981799699023061,0.1258942055050283,10.193691442531419,0,-1.8363724340798948,0.18059004521135355,2015Q4,-0.6210512214348097,-0.7715505890982716,-0.06673868340964992,0.3490432174332857,-1.128942535218084,-1.0015283559664787,0.09052862685234146,T2 Trung tính
0.0002687750598522,1.0243444352891264,0.0087828301371156,0.0,-0.0023740868948588,-0.1351550045825295,-0.0012353697745113,-0.0062074296507119,-0.4997609575992931,-0.005897597598936,0.007376483096183,0.4849022962719647,0.007908238618694,0.0258993972615666,1.2038698791858218,0.0278712232138862,-0.0073731519859067,-0.2531176095108954,-0.0039968290856463,-0.0014472419573279,0.0043812317131169,0.0001895250737869,-0.0045514549878732,0000354950-24-000062,2024-03-14,20.820498835399448,26.65175080215637,0.0027796632943656,0.8841223559415538,HD,2024,en,US,52,38065,723,298,0.018993826349665,0.0078287140417706,0.0156836989360304,0.0077761723367923,-0.4162585700293829,0.0272691448837514,0.0645474845658741,0.0,0.0,0.4060085836909871,3014.0,0.0059721300597213,0.0039814200398142,0.010948905109489,0.0029860650298606,-0.2,21.19193828500845,13.4962881363492,1.7669929571341756,-0.0299493122659623,10.547050503740312,0,-5.88542547574954,-0.12315981422391876,2024Q1,-0.011247386383781886,-0.09037119358406173,0.7479560287306302,-0.11614705005413169,-0.5013270867489861,-1.3689686784942314,-0.9545314049487318,T3 Tích cực
0.0001621669032687,1.1111940229941473,0.0118937609832335,0.0,-0.0271666898099465,-1.1420563204625993,-0.0233553143083455,-0.0061107667278422,-0.3632967399965064,-0.0050589405876884,0.0098884109228222,0.4800060061907301,0.01032617143855,-0.0314771414338642,-1.080439500775194,-0.0288401824521945,-0.0556222865256916,-1.4100460251801286,-0.0493206476861823,-0.023435249615145,-0.0764420418824808,6.680374885475673e-06,-0.0243040658956023,0000354950-23-000059,2023-03-16,20.740529227392027,26.400966924308666,0.0053442501414095,0.9764522623319803,HD,2023,en,US,52,36419,690,277,0.0189461544798044,0.00760591998682,0.0150196326093522,0.0074411708174304,-0.4270941054808687,0.0268541146105055,0.0640599686976578,0.0,0.0,0.4092419208698278,3125.0,0.0044939045652025,0.00512,0.00928,0.0024654595270689,0.1034482758620689,18.510633960734964,12.353063800386217,1.7202720088466472,0.1259500844078138,10.50284589546367,0,-5.231734035944764,-0.02382941636117553,2023Q1,-0.02098868953052414,-0.19988586557749669,0.6693572507266915,-0.3141378841300339,-0.6816110013574656,-1.6183551462409753,0.09090334123736857,T3 Tích cực
0.0002529277281202,0.7942282838132093,0.0134416501546413,0.0,-0.0294920281929573,-1.0970389741461115,-0.0364666439791631,-0.0360782549158352,-1.897920151980376,-0.0395664456502525,-0.0650394087718197,-2.793594516323443,-0.065749297486028,-0.0712809318904874,-2.164936466294974,-0.0732337765691059,-0.0555815958759,-1.246757765119623,-0.0549293863293836,-0.0372700587687717,-0.0798406246420612,0.0002473367305843,0.025590590427658,0000354950-22-000070,2022-03-24,21.127580802828763,26.51513117547805,,0.9209107869560388,HD,2022,en,US,52,36634,685,270,0.0186984768248075,0.0073702025440847,0.0156412076213353,0.0073974995905443,-0.4345549738219895,0.0265054321122454,0.0634383359720478,0.0,0.0,0.4106221547799696,3680.0,0.0067934782608695,0.0057065217391304,0.0116847826086956,0.0029891304347826,-0.0869565217391304,16.783693547244116,12.110257049479063,1.9436340133603016,0.1590250282594934,10.508732049920162,0,,-0.08239211283005428,2022Q1,-0.07159931435086828,-0.2918932488658513,0.6152376239591968,-0.1288158008994686,-0.7977259739180962,-1.2304017768719793,0.3126982696876371,T3 Tích cực
-0.0010117590158074,0.7034154566200388,0.0118418924590111,0.0,0.0323064754516066,1.3640756983493385,0.0229667034892753,0.0240805801217542,1.4379071215125991,0.0155703226064081,0.0384906564229252,1.8766080610832567,0.0305901672482683,0.0330642918239815,1.1398888023397906,0.0171194525376898,0.0563000215236301,1.4334782424433796,0.0273240476365971,0.0233824050981423,0.0549841996120352,9.001102354458016e-05,-0.0294824950538311,0000354950-21-000089,2021-03-25,20.796234403027142,26.476828657993277,0.0104626508113924,0.9913456986642428,HD,2021,en,US,52,38201,687,279,0.0179838224130258,0.0073034737310541,0.0154969765189392,0.0071725871050496,-0.422360248447205,0.0258893746237009,0.0641606240674328,0.0,0.0,0.425,4309.0,0.0081225342306799,0.0067300997911348,0.0122998375493153,0.0025527964724994,-0.09375,17.34145776364473,13.861123575077215,3.5609096961265,0.1927456556633114,10.5506169722625,0,-4.559943428800429,-0.008691967273934797,2021Q1,-0.21763229545019117,-0.45445327914845285,0.7036956901842724,-0.1718181865285309,-0.7602233616816132,-1.006181199579992,0.5388230418374217,T3 Tích cực
0.0004539957768124,1.0234547968276249,0.0093198289938712,0.0,-0.0177607203480462,-0.9528458279505896,-0.0148604196775961,0.0198182730453683,1.5036365228377,0.0214000461084437,-0.0084653265830818,-0.524415049324879,-0.0061590063932716,-0.0251284911313934,-1.1007351693978364,-0.0218200929411238,-0.0230306175734662,-0.7450772407517874,-0.0150566847365706,-0.0168086139877807,0.0829684691703512,0.0001804542646831,-0.0035929519659178,0000354950-20-000015,2020-03-26,20.845923980549102,25.99803319540608,,1.0171436633113944,HD,2020,en,US,52,33600,534,233,0.0158928571428571,0.0069345238095238,0.0136904761904761,0.006845238095238,-0.3924380704041721,0.0271428571428571,0.0622619047619047,0.0,0.0,0.3928095872170439,3755.0,0.0125166444740346,0.003462050599201,0.0127829560585885,0.0047936085219707,-0.5666666666666667,12.400616453068752,10.667110457087698,2.418561951008262,0.0629903129907324,10.422281345951296,0,,0.016998368949684067,2020Q1,-0.6449015975687098,-0.1236949326276394,0.9207451050404786,-0.7104247871371552,-1.0924326543255138,-0.26486559073458077,-0.3312941403159584,T3 Tích cực
-0.0003886564368483,0.9469435008895396,0.0100559346898742,0.0,0.0266740957129227,1.3262862446681318,0.0240334717267477,0.0126163967002017,0.8871517105053648,0.0108679970825513,0.0138860270155521,0.7972507462161821,0.0115585256374823,0.0383832613885165,1.558273927541325,0.0346087281982442,0.0445724728389815,1.3364353122111583,0.0385837889472583,0.024399126789421,-0.0062642670550785,0.0001421558291335,0.0162168657290953,0000354950-19-000010,2019-03-29,20.373485960086327,26.06945817683945,,1.07773966878067,HD,2019,en,US,52,31097,448,207,0.0144065343923851,0.00665659066791,0.0127986622503778,0.0065922757822297,-0.3679389312977099,0.028330707142168,0.061517188153198,0.0,0.0,0.3693629205440229,4063.0,0.0091065714988924,0.0044302239724341,0.0088604479448683,0.0039379768643859,-0.3454545454545454,11.06990626624515,8.631636971699725,1.8559577884734384,0.0954188131680712,10.34486663049196,0,,0.07486594868468249,2019Q1,-0.9486178253689983,0.18974486065428256,1.098456894599747,-0.976318386536819,-1.1819061391209944,-0.8401675708334818,-0.11383415281496287,T3 Tích cực
0.000422604913369,1.1410635809352685,0.0082397586799166,0.0,0.0118559004231032,0.7194325030416537,0.0115710644575572,-0.0011600222285555,-0.0995489814693302,0.0005584240700179,0.0117947346556035,0.8264432846838927,0.0103862187223414,0.0107406849431793,0.5321595494236321,0.010092467674992,-0.0071607606795657,-0.26202837541321,-0.003938228886744,0.0116109905976343,-0.0761948042531891,0.0002036679210229,0.006919505043749,0000354950-18-000019,2018-03-23,20.50604542314507,26.03577091396857,0.0071675835899934,1.0160768754782776,HD,2018,en,US,52,29063,412,201,0.0141761001961256,0.0069160100471389,0.0137632040739084,0.00750094622028,-0.3442088091353997,0.0278360802394797,0.0617279702714792,0.0,0.0,0.3784095274683058,3715.0,0.0080753701211305,0.0067294751009421,0.0099596231493943,0.0040376850605652,-0.0909090909090909,10.012566364378468,7.3783604836930365,1.8830781847125813,0.1040114039927721,10.277221166482795,0,-4.938186697910833,0.01594901113467491,2018Q1,-0.9957049098006275,0.05922690449800163,1.2705903911115424,-0.6887410279660419,-1.2529989184279167,-1.0141380983945225,-0.056213705272761205,T3 Tích cực
0.0001430697054627,0.9360144448875872,0.0083578800830164,0.0,-0.0130499544879133,-0.7806976385334422,-0.012891867972038,-0.0061206142018693,-0.517826023367221,-0.0057152323788738,-0.0009961885328909,-0.0688152631905976,-0.0003798950615837,-0.0154012220097611,-0.7522867634001962,-0.0150005102561517,-0.0112209939544633,-0.4047984585928817,-0.0099107320758059,-0.0128854995357508,0.0497255524352757,0.0001094981400896,0.0033589850048935,0000354950-17-000005,2017-03-24,19.926643167726432,25.90516098771973,0.0243399801241395,0.9461459907822192,HD,2017,en,US,52,30729,437,208,0.0142210940805102,0.0067688502717302,0.0137004132903771,0.0076149565556965,-0.3550387596899225,0.0237560610498226,0.0652803540629372,0.0,0.0,0.4663742690058479,5595.0,0.0091152815013404,0.0084003574620196,0.0110813226094727,0.0042895442359249,-0.0408163265306122,10.075471650976947,7.865450489245591,2.327839203083232,0.2278993557021021,10.332962113104644,0,-3.7156350080155502,-0.05535839754292706,2017Q1,-0.9865108280744124,-1.0173739896673246,1.1920321248182189,-0.7074620489005452,-1.2487693309040853,-0.8386981355188927,0.7745577544896955,T3 Tích cực
0.000621106117574,0.916500600337186,0.010127066027787,0.0,0.0094207140176803,0.4651255354626623,0.010930494809156,0.0055339867291258,0.3864020963647628,0.0059944853279374,0.0071026328372706,0.4049254709411031,0.0082158061961341,0.0159590167989951,0.6433493479549829,0.018450275202909,0.009816963883612,0.2922787283204875,0.0163794958711657,0.0110755874762698,0.0409792363132434,0.0007320449429117,0.000984553805034,0000354950-16-000060,2016-03-28,20.19992165330074,25.819834129368218,0.038639423248572,1.0560118413313186,HD,2016,en,US,52,32590,536,222,0.0164467628106781,0.0068119054924823,0.0138386007977907,0.0094200675053697,-0.4142480211081794,0.0238109849647131,0.0637618901503528,0.0,0.0,0.4562018220042046,6774.0,0.0183052849129022,0.007971656333038,0.0122527310304103,0.010776498376144,-0.3932584269662921,11.401712402053308,7.340896861726634,10.114314226586076,0.153533238354139,10.391760771831608,0,-3.2534821960284104,0.05449939860313077,2016Q1,-0.5317161269605459,-1.0028811323709488,0.7625401431042363,-0.6662615561899026,-1.1595963593197718,0.7117165325328053,0.2758712638857775,T3 Tích cực
0.001706834011624,1.1063871902342337,0.0091023511948091,0.0071428571428571,-0.0019684608290315,-0.1081292507233776,0.0050550596023516,0.0004497509387015,0.0349384386291608,0.0054172258482023,-0.010150246691876,-0.6438169143855612,-0.0037288733151865,-0.0005561402101068,-0.0249433673976252,0.0109596528665097,-0.0196830996033259,-0.6519939408887285,0.0009732380178618,0.0050415213095198,0.0406687473195707,0.0011746938735308,-0.0057495046689676,0000354950-15-000008,2015-03-27,19.914774267807847,25.713098774132117,0.063453004148585,1.154910448907076,HD,2015,en,US,52,30566,550,199,0.0179938493751226,0.0065105018648171,0.0141660668716874,0.0101747039193875,-0.4686248331108144,0.0252568213047176,0.0646469933913498,0.0,0.0,0.438136826783115,6712.0,0.0195172824791418,0.0071513706793802,0.0135578069129916,0.0110250297973778,-0.4636871508379888,13.181257277017655,9.326555115136356,9.971323265671847,0.140828296453692,10.327643559087782,0,-2.757455739235153,0.1440228075540994,2015Q1,-0.21558337901978006,-0.6213660893996955,0.36810177000372074,-0.5686278131469614,-1.039944399870164,0.9161885789715226,0.1906740918993051,T3 Tích cực
-0.0004269700402841,1.1013986123752773,0.0114998373652768,0.0,-0.0221554451458507,-0.9632938467785658,-0.0233630517012249,-0.0081286870022989,-0.4998200860495558,-0.0083913888800019,-0.0217450500620659,-1.0917120049700333,-0.0227444911363924,-0.0492465566924232,-1.7482701661172184,-0.0519314955795766,-0.0506869152846557,-1.3289474880854435,-0.0564822868504355,-0.0234846485855195,0.1125685326935677,-7.0407592861253815e-06,-0.0271787538270077,0000060667-24-000033,2024-03-26,20.14612057727161,25.70230586764538,,1.1791347074896643,LOW,2024,en,US,52,36347,694,262,0.0190937353839381,0.0072082977962417,0.0149943599196632,0.0084463642116268,-0.4518828451882845,0.0288607037719756,0.0712576003521611,0.0,0.0,0.42346798571036,5203.0,0.0155679415721699,0.004997117047857,0.0172977128579665,0.0038439361906592,-0.514018691588785,21.011765349003632,13.635956764919214,6.10409227803317,-0.0546110144117847,10.500866948606694,0,,0.164780870744971,2024Q1,0.009168095383525844,0.3295958807185843,0.4895447571047514,-0.3216729159632191,-0.5134414453898141,0.24990851387356716,-1.1199085704376082,T3 Tích cực
0.0004482316185215,1.130071055627467,0.0139948543178484,0.0,0.0102380925898718,0.3657806061194429,0.0162993316130227,-0.0077880759127745,-0.3935018661319746,-0.0052444675681592,-0.0044499441560488,-0.1835800786505512,-0.0012438831077931,0.0269624498084809,0.7865300910629487,0.0336472466561611,0.0112927271976022,0.2432955201939107,0.0199464250824342,0.0164148251626081,-0.0642698831211807,0.0003126120697414,-0.0172115081312664,0000060667-23-000034,2023-03-28,20.188879606710312,25.456158455878064,,1.521553405808881,LOW,2023,en,US,52,36766,675,254,0.0183593537507479,0.0069085568187999,0.0146602839580046,0.0083501060762661,-0.4531754574811625,0.0300549420660392,0.0697111461676549,0.0,0.0,0.3974918211559433,5598.0,0.0160771704180064,0.0066095033940693,0.0158985351911396,0.0039299749910682,-0.4173228346456692,18.04752764613716,12.729952525453738,6.619262212675492,0.0640264135412871,10.512328784042817,0,,0.41973179050054155,2023Q1,-0.1408959599015814,0.6447213630924558,0.480168409520641,-0.4212773916552206,-0.7127490629791059,0.33581880537429354,-0.32434622685892944,T3 Tích cực
0.0015018517013406,0.7868200451534512,0.0150045410620935,0.0,-0.0861791163942925,-2.8717678214100606,-0.0841030673637215,-0.0314650454639292,-1.4828275603907737,-0.0282548591144966,-0.066867520572752,-2.5729531375173296,-0.0620628216456119,-0.073325212015998,-1.9950555188293584,-0.0723814710531647,-0.1302836704485761,-2.618007741184151,-0.1169282141044336,-0.0828530369017644,0.0366523535762621,0.0008346318305557,0.0109750383745897,0000060667-22-000038,2022-03-22,20.486670038134672,25.737702929938536,,1.3543840972305246,LOW,2022,en,US,52,35024,640,245,0.0182731841023298,0.0069952032891731,0.0145899954317039,0.0083942439470077,-0.4463276836158192,0.0322350388305162,0.0678391959798995,0.0,0.0,0.3557774607703281,5470.0,0.0157221206581352,0.0071297989031078,0.0155393053016453,0.0049360146252285,-0.376,17.48421725186897,14.540717312781911,5.857205361980039,0.2607822101237252,10.463788819762645,0,,0.3033468102074044,2022Q1,-0.15850392597766533,1.2199868255571384,0.5298407732236722,-0.44223385848565755,-0.7506245857606656,0.27591955061449674,0.995064564006596,T3 Tích cực
-0.000197209883593,0.8752425730385556,0.0175118021445667,0.0,0.0460998123831699,1.316249806918729,0.0442164412284079,0.0052185626340093,0.2107196618652774,0.0064582393743083,0.012638365571213,0.4166769190525966,0.0128043967724932,0.0418354446706684,0.9752993225140442,0.0400599078894911,0.0353549033316942,0.6087268661988247,0.0288022346939545,0.0448233933899537,0.0220479752634275,0.0019254408874089,-0.0369065513509977,0000060667-21-000026,2021-03-23,20.235624302749617,25.594346671330666,0.0110147144006193,1.6624725113117498,LOW,2021,en,US,52,36155,619,263,0.017120730189462,0.0072742359286405,0.0132208546535748,0.0081316553727008,-0.4036281179138322,0.0298990457751348,0.0678744295394827,0.0,0.0,0.3884016973125884,7009.0,0.0134113282921957,0.0098444856612926,0.0134113282921957,0.0047082322727921,-0.1533742331288343,16.998012302230837,13.504448762329574,6.122493076564336,0.2744123355159536,10.495570530609053,0,-4.508523227287368,0.5083059588618516,2021Q1,-0.39399716257028133,0.6035847707425455,0.8395747684195323,-0.8504420656162569,-0.7833157394015459,-0.11392648300798952,1.0864658585845752,T3 Tích cực
0.0005980036142579,1.1364465324282635,0.0132706262641167,0.0,0.108004810292163,4.0693185137842445,0.1286928805123867,0.1022359347920425,5.44749896000562,0.1178083240703327,0.15253973120362158,6.814265634576441,0.15316755423535375,0.0768218485467557,2.363293767400383,0.1010941888903997,0.0986956603147916,2.2423856005927347,0.1303622477691203,0.1365231279113076,-0.1933569621115195,-0.000371306238277,-0.0053463343026603,0000060667-20-000036,2020-03-24,20.03492783008509,24.6587225289636,0.038526520301205,1.481801978139313,LOW,2020,en,US,52,37637,715,241,0.0189972633312963,0.0064032733746047,0.0129925339426628,0.0085554108988495,-0.4958158995815899,0.0305284693253978,0.0680713128038897,0.0,0.0,0.3807599029911075,6905.0,0.0172338884866039,0.0079652425778421,0.014047791455467,0.0060825488776249,-0.367816091954023,18.36528850236528,12.811700154454734,7.586160485822389,0.0374516070913523,10.5357428880787,0,-3.2564084358367444,0.39325889995654895,2020Q1,-0.010545071159349176,0.769671724142099,0.1708632849472421,-0.9185156994901457,-0.6913836511713021,0.5309648330784569,-0.5025523432948219,T2 Trung tính
-0.000158773518079,1.044053328696584,0.0114031554323587,0.0,0.0457992774756352,2.0081843901588248,0.0455556809494457,0.0254317602245952,1.5770170124394944,0.0252096253233791,0.0085793274130766,0.4343777492806794,0.0087080543376155,0.0355163456468557,1.271532908576103,0.0347340528572578,0.0598352559074985,1.582106686946444,0.0586998626378659,0.04662912321523,0.0294988565516444,0.0006980319382175,0.0052222229593312,0000060667-19-000042,2019-04-02,19.85746371610861,25.185718126795148,0.0420300554592136,1.5752748014604037,LOW,2019,en,US,52,40669,767,305,0.0188595736310211,0.0074995696968206,0.0131549829108165,0.0088027736113501,-0.4309701492537313,0.027490225970641,0.0693894612604194,0.0,0.0,0.43248730964467,9665.0,0.017382307294361,0.0110708742886704,0.0159337816864976,0.0060010346611484,-0.2218181818181818,18.8761065074971,11.369208294856012,8.666340093127042,0.0450100107956677,10.613221410450464,0,-3.1693703104510265,0.45442973417595095,2019Q2,-0.038680680576116636,-0.03203418957394322,0.6412412148001972,-0.8700816720332668,-0.65703757982686,0.5560040725929772,-0.4518669780735066,T3 Tích cực
0.0005589329037362,1.0320118187000675,0.0136395912953344,0.0,0.0311480878737333,1.1418262908063732,0.0336758941529884,0.014637453820957,0.7588381962474241,0.0165294085753715,0.0011196842545513,0.0473951155701947,0.0028555103594674,-0.0023838203060385,-0.0713504197919902,0.001904120990956,-0.0356212893060662,-0.7874299604519176,-0.0279429658508187,0.0343997319458648,-0.0560406762830659,-0.0001472790228593,0.0136843527661577,0000060667-18-000051,2018-04-03,20.20814103442853,24.96963835168552,0.0840782859806444,1.8943106978232256,LOW,2018,en,US,52,36161,643,287,0.0177815878985647,0.0079367274135117,0.0134398938082464,0.0086557340781504,-0.3827956989247312,0.0274328696662149,0.0665081164790796,0.0,0.0,0.4159552546364439,8566.0,0.0128414662619659,0.0114405790333878,0.014942797104833,0.0060705113238384,-0.0576923076923076,16.068388019455416,9.75925921049914,5.736001820054241,0.2930968688102439,10.49573646899098,0,-2.476006938198723,0.6388550245115525,2018Q2,-0.258957037228949,-0.04716888521157525,0.9906889134233088,-0.7851357201708475,-0.8458212533399028,-0.2100659957879801,1.2117611498998868,T3 Tích cực
-0.0002238568817595,1.3095222277547076,0.0126201814376431,0.0142857142857142,0.0039644696866135,0.1570686485848962,0.0026378902488554,-0.00140186329477,-0.0785461799361821,-0.0026219398360389,-0.0010958575806016,-0.0501334843940274,-0.0030480653596448,0.0086766987521694,0.2806811811656998,0.0066714422870666,0.0134390568810435,0.3210752658416002,0.008277541880452,0.0026182054156905,0.0690545626998799,-8.995426424394068e-05,0.0041083300190705,0000060667-17-000076,2017-04-04,19.67963299646461,24.97654381456936,0.0914757335657333,1.5679043365508567,LOW,2017,en,US,52,36147,624,290,0.0172628433894929,0.0080227958060143,0.0127811436633745,0.0080781254322627,-0.3654266958424507,0.0250643206905137,0.0676128032755138,0.0,0.0,0.4591044776119403,8941.0,0.0140923834023039,0.0123028743988368,0.0148752935913208,0.0060395928867017,-0.0677966101694915,14.603248997428416,8.66056435234552,5.857322721256514,0.3744245599070563,10.495349236591386,0,-2.3916815488061154,0.4497399102142694,2017Q2,-0.36495765212727266,-0.6721615204370462,1.1166801414088807,-0.9815415389739636,-0.9443333826589934,0.0009720415273641908,1.75713076590687,T3 Tích cực
5.489135646028463e-05,0.9511316445007092,0.0110798731415251,0.0,0.0032182008360016,0.1452273322489807,0.0025846165031879,0.0010600045082412,0.0676484618814464,0.0005263391950072,0.0034285880389073,0.1786569396525617,0.002923168343214,0.0075563202341201,0.2784196875157004,0.0076850487114796,-0.0023112507492534,-0.0628949729083141,-0.0023107778121411,0.0025961831726308,0.0590595997499067,0.0002245346944068,0.000201140285113,0000060667-16-000276,2016-03-29,19.648651686831805,24.93241003887083,0.1137313927307399,1.4336061079002205,LOW,2016,en,US,52,33821,558,270,0.0164986251145737,0.0079832057006002,0.0129801011206055,0.0078945034150379,-0.3478260869565217,0.0254279885278377,0.0677094113124981,0.0,0.0,0.4539682539682539,8154.0,0.0128771155261221,0.0117733627667402,0.0158204562178072,0.0056414029923963,-0.044776119402985,13.359698249222795,8.48591375389099,5.104409546742313,0.3748361126612872,10.428837190318218,0,-2.173915814920908,0.3601930237625308,2016Q1,-0.5211185475995346,-0.5761999328458138,1.2443513909519377,-0.9222225352536085,-1.0279464939612917,-0.2040517279386899,1.7598905684355601,T3 Tích cực
0.0023005717921847,1.0524940041633757,0.0092837821981394,0.0,-0.0171973346441773,-0.926203042959365,-0.0077792337710087,0.0019063588651031,0.1451993650992498,0.0064846305854798,0.0033819670897985,0.2103215659321423,0.0097990851502189,-0.0273533910798155,-1.2028476011600302,-0.0129593386899626,-0.0478979417595093,-1.5555915158491536,-0.0216534625991603,-0.0078457813668276,0.0394277765390238,0.0014638818045585,0.0178693800829686,0000060667-15-000057,2015-04-01,19.50414642726359,24.98308680851516,0.1407963147116543,1.3787383657181709,LOW,2015,en,US,52,29579,461,243,0.0155853815206734,0.0082152878731532,0.0126102978464451,0.0084857500253558,-0.3096590909090909,0.0239697082389533,0.0674126914364921,0.0,0.0,0.4753977062523122,6990.0,0.0130185979971387,0.0111587982832618,0.017310443490701,0.0061516452074391,-0.0769230769230769,12.21432023063186,7.596591343099728,6.108388095932896,0.3545966384373605,10.294819929067236,0,-1.960441009523648,0.3211688532675943,2015Q2,-0.7077313807234953,-0.9609985796111398,1.5212070445410613,-1.0324790800497703,-1.104958726787205,-0.18018269454308034,1.624168108633443,T3 Tích cực
-0.000399199561084,0.5354411066338123,0.0087106494763588,0.0,0.0010397046004697,0.0596800848944468,0.0010180439976676,0.0067078054270633,0.5445213605747246,0.0075069331945751,0.0026360501818091,0.1747199547169742,-0.006776845328507,-0.0147772141817331,-0.6925743532539301,-0.0217466045072788,-0.0051705006771679,-0.1789722586753457,-0.01298859055221,0.0009278733808655,-0.0346949356723439,-9.29310090430462e-05,0.0055643242655642,0000063908-24-000072,2024-02-23,20.5701351527865,26.087696200234262,,0.9470022725027608,MCD,2023,en,US,58,33603,531,332,0.015802160521382,0.0098800702318245,0.0155045680445198,0.0083028301044549,-0.2305909617612977,0.0265750081837931,0.0741898044817427,0.0,0.0,0.4725339633786178,28822.0,0.0177295121781972,0.0087086253556311,0.0165845534661022,0.0083963638886961,-0.3412073490813648,14.233713978905724,9.466767546402432,41.85413131219494,0.486914367871359,10.422370627679848,0,,-0.05445378611281259,2024Q1,-0.6634346084776129,-0.27353410461705674,2.0947512277426386,-0.1695547793638726,-0.9691799542029524,0.6145798446151712,2.5114682190771793,T3 Tích cực
0.0002447454834227,0.4097092161536203,0.0102938333745332,0.0071428571428571,0.0184275862768252,0.8950789082332907,0.0176983068335874,0.0061360052563054,0.4214961296016355,0.0066036538473531,-0.0014113186344119,-0.0791566332816255,0.0055212949662901,0.0224818273338551,0.8916180436975707,0.0123045502203034,0.0129547312342904,0.3794503263242864,0.0325472793021742,0.0177626868700309,-0.0179551939543416,0.0004639398870136,-0.0089307479092853,0000063908-23-000012,2023-02-27,20.328562284007056,25.985339829212307,,0.9842411496257898,MCD,2022,en,US,58,32799,501,298,0.0152748559407299,0.009085642854965,0.0149699685966035,0.009085642854965,-0.2540675844806007,0.0275618159090216,0.0735998048720997,0.0,0.0,0.4550934297769741,27921.0,0.0172271766770531,0.0077719279395437,0.0159736399126105,0.0093478027291286,-0.3782234957020057,14.77951802721009,9.893292332554328,40.41871123264099,0.2822385123418644,10.398153306102595,0,,-0.01588434119689998,2023Q1,-0.7711843943747947,-0.013143643208578845,1.9244565648108036,-0.32894516905420473,-0.932481512498045,0.529832506189042,1.1389468646575118,T3 Tích cực
0.0005162109286794,0.5423003829898432,0.0077807571431265,0.0,-0.0253881593165147,-1.631471002725135,-0.0338958391060008,-0.0071044786653007,-0.645647325654826,-0.0151940441431112,-0.0268701984047717,-1.993831191078644,-0.0412893002475953,-0.0406232283455445,-2.1314588310781897,-0.0420620192284738,-0.0650136256795013,-2.5193365290701184,-0.0509152484635172,-0.0340350982916811,0.0516440037618864,0.0004806805394165,0.0196553608538566,0000063908-22-000011,2022-02-25,20.335564066088747,25.92837390927488,,0.8915222219507745,MCD,2021,en,US,58,32697,496,303,0.0151695874239226,0.0092669052206624,0.0160871027923051,0.0092057375294369,-0.2415519399249061,0.0264550264550264,0.0728201364039514,0.0,0.0,0.4670363524337646,27624.0,0.0173037938024905,0.0078192875760208,0.0171227917752678,0.009774109470026,-0.377521613832853,15.482779223989915,9.265900361255696,42.19265837922859,0.463277106275782,10.395038609557421,0,,-0.1148249155164948,2022Q1,-0.7926950365423129,-0.3051938666106234,2.015242513729863,0.00412748091447129,-0.8851960625027094,0.5427583245791258,2.352960777073312,T3 Tích cực
0.0001648491110224,0.5258728360977122,0.0094466435582927,0.0071428571428571,-0.0119730010549597,-0.6337172023628035,-0.0141172871200943,0.0049231052435293,0.3685077224215456,0.0114767626125945,0.0006080256105617,0.0371606854610145,0.0067308775440272,-0.0128230436472778,-0.5541635624590824,-0.0046112294771712,0.0114862725560731,0.3666107926267711,0.0106109509951449,-0.013733129640764,-0.0304693593558349,-0.0004915204946953,-0.0160622296418527,0000063908-21-000013,2021-02-24,20.189162888648184,25.78303606841945,,1.285373664274971,MCD,2020,en,US,58,32767,521,267,0.0159001434369945,0.0081484420300912,0.0153813287759025,0.0085757011627552,-0.3223350253807107,0.0283516953032013,0.0719016083254493,0.0,0.0,0.4343987823439878,28055.0,0.0179647121725182,0.006843699875245,0.016004277312422,0.0090536446266262,-0.4482758620689655,15.517777475582042,9.941815742588693,42.59859612474797,0.1753918092604726,10.397177190355384,0,,0.25104946539520706,2021Q1,-0.6434127111412148,0.1952830387571254,1.42925838505966,-0.20629846686041955,-0.8828428712799299,0.654259647199595,0.42245110970308736,T3 Tích cực
-0.000257775757535,0.5396012275742327,0.009736172105472,0.0,-0.023466841429933,-1.205136945799461,-0.0086278836088397,-0.0424560761925575,-3.083447894420157,-0.0188460032081665,-0.0495889172153419,-2.9405986657742536,-0.0244969845322348,-0.0318024341586023,-1.333510668997096,-0.021291366207822,-0.0716754276280099,-2.219656177314419,0.0239214244603176,-0.0081958430860628,0.0755724418967834,0.0004254457209574,0.0029127593576153,0000063908-20-000022,2020-02-27,20.151163292396543,25.777077770507614,,1.0659052457616836,MCD,2019,en,US,58,30742,485,265,0.0157764621690195,0.0086201288140003,0.0152234727734044,0.0085225424500683,-0.2933333333333333,0.0293084379676013,0.0697417214234597,0.0,0.0,0.4082101806239737,27853.0,0.0171974293612896,0.0082935410907263,0.0154740961476322,0.0086884716188561,-0.3492957746478873,13.605767519002857,8.358196307035579,40.052389529815535,0.4903238189779222,10.333385076784877,0,,0.06382443413970632,2020Q1,-0.6686858277284398,0.4477401866524824,1.6396307810687416,-0.25336310535041195,-1.0114014375798905,0.5248139362680694,2.534331416294564,T3 Tích cực
0.0009048952160133,0.3609826934149826,0.0110312206993313,0.0,-0.0028803740158257,-0.1305555429600072,-0.0032920072985365,-0.0056570473292864,-0.3626195719458476,-0.0087312437834525,0.0075645587779189,0.3959126705711713,0.0076487116797168,0.009423613939607,0.3487532690801126,0.0082210906085884,-0.0173230660056342,-0.4734834943411792,-7.462799918611651e-05,-0.0032979535611123,-0.0787852007852443,0.0005479165491103,0.0090145380212264,0000063908-19-000010,2019-02-22,20.217376039649192,25.664248467615657,,1.2867561713603004,MCD,2018,en,US,58,30699,463,278,0.0150819244926544,0.0090556695657839,0.0155379654060392,0.0086322030033551,-0.2496626180836707,0.0288934492980227,0.0683084139548519,0.0,0.0,0.4054959785522788,9697.0,0.0070124780860059,0.012738104091278,0.0109312158399505,0.0024749922656491,0.2040245758412716,12.670137292737664,8.17996435275074,4.172251467577762,0.4453160245204344,10.331985359754865,0,,0.2521244556226144,2019Q1,-0.8106081410778108,0.3382364926822706,1.9564092982495218,-0.15959738324617348,-1.0743107755054955,-1.193455050523101,2.2325168283040853,T3 Tích cực
8.291597545782609e-05,0.8025385336044011,0.0086122965621839,0.0142857142857142,-0.0195287942307142,-1.1337739062809258,-0.0141875208257484,-0.0140651450608396,-1.1548092171561428,-0.0137117497747046,-0.0120730206293044,-0.8093499405103199,-0.0148016960658244,-0.0617241504882408,-2.925907013909005,-0.0593968913837613,-0.0366159482974366,-1.2819024199220488,-0.0383610081455544,-0.0137507144387309,-0.0604164059483089,0.000621194239747,0.0160532041864706,0000063908-18-000010,2018-02-26,20.13346562433784,25.587339091854936,,1.0991603904594434,MCD,2017,en,US,58,31264,457,287,0.0146174513817809,0.0091798874104401,0.0154490788126919,0.0081563459570112,-0.2284946236559139,0.0288510747185261,0.0693129477993858,0.0,0.0,0.4121863799283154,10027.0,0.006283035803331,0.012738104091278,0.010072803430737,0.0024654595270689,0.2040245758412716,12.763190669971893,8.243426287995547,4.382399912599653,0.4719078303035349,10.350222554842508,0,,0.09454660695625687,2018Q1,-0.9055189006045464,0.3270550476803536,2.1099576394704194,-0.18609884860887313,-1.0680541089408482,-1.3165168127345777,2.41083693936685,T3 Tích cực
0.0001039379670833,0.4968917357884863,0.0072492905722492,0.0,-0.0022768438272593,-0.1570390788289856,0.0039481069038763,-0.0064739365780411,-0.6314775783479404,-0.0035714111549438,-0.0024049228864883,-0.1915336214014559,-0.0062778887793135,-0.0012007311581219,-0.0676199191802948,0.0059788690685571,-0.0064435859883485,-0.2680006072161919,-0.0022682263782923,0.0039132121595046,0.0052360878292022,6.298287669766253e-05,0.0009602049218379,0000063908-17-000017,2017-03-02,19.700003639586583,25.383786266808865,,1.4404716985788046,MCD,2016,en,US,58,30741,477,285,0.0155167366058358,0.0092710061481409,0.0151589082983637,0.008685468917732,-0.2519685039370078,0.0284961452132331,0.0707524153410754,0.0,0.0,0.4257620452310718,9794.0,0.0090871962425975,0.012738104091278,0.0100061261997141,0.0036757198284664,0.2040245758412716,13.423302429572436,8.278461941150955,5.704685114255705,0.4566102599119767,10.333352547467827,0,,0.36497062840657857,2017Q1,-0.7217583305131876,0.23339925710643283,1.9396828696295119,-0.27261295096286,-1.0236699146431258,-0.8434363053716085,2.308254043212173,T3 Tích cực
0.0022630557685693,0.8298597713000254,0.0091244093563427,0.0,-0.0153792404624044,-0.8427526572837178,-0.0093847792308469,0.0013006592189661,0.1007961083096761,0.0075266572338933,0.0008112283062081,0.05133076155093,0.0073694839246122,-0.0364610598428482,-1.631356591755296,-0.0270982288871233,-0.0202965177219164,-0.6706878340927833,-0.0015322480326825,-0.0092930006241984,0.0012367180466138,0.0011432425134617,0.0046635574268217,0000063908-16-000103,2016-02-26,20.309750136146697,25.3935056047116,0.0664137833868765,1.830651463865631,MCD,2015,en,US,58,30992,491,243,0.0158427981414558,0.0078407330924109,0.0141649457924625,0.0086796592669075,-0.3378746594005449,0.0298786783686112,0.0702439339184305,0.0,0.0,0.4031582339671286,10867.0,0.010674519186528,0.0102144106009018,0.0095702585810251,0.0038649121192601,-0.0220264317180616,13.872587701850769,8.035605889414924,7.476645366359401,0.2258939855545759,10.341484385646778,0,-2.711850662914072,0.6046718946869074,2016Q1,-0.6551306888399188,0.5982103920801306,1.316537029474051,-0.5689620620041707,-0.993461143885923,-0.5756443726603874,0.7611100845440885,T3 Tích cực
-0.0003965216490268,0.7005707213111205,0.0080529854379349,0.0071428571428571,0.0620547554202412,3.8529037397684505,0.0601911389542776,0.0584894165852546,5.135767773806363,0.0583676194341282,0.0640572994880496,4.592520300455125,0.0627129239093775,0.0716153085277599,3.630557574309636,0.0716316675992794,0.0394295192358419,1.4762782638164085,0.0458210763516379,0.0611000919726896,-0.0183043174581495,-0.0002196387328576,-0.0085946311196912,0000063908-15-000016,2015-02-25,20.02196035996237,25.23727482268704,0.140802001810118,1.4695531837598714,MCD,2014,en,US,58,29501,485,240,0.0164401206738754,0.0081353174468662,0.0145418799362733,0.008847157723467,-0.3379310344827586,0.0312870750144062,0.0695230670146774,0.0,0.0,0.3792871553463349,10654.0,0.0124835742444152,0.0101370377323071,0.0113572367186033,0.0032851511169513,-0.1037344398340249,15.739891950925667,9.09921170348576,10.976828532451725,0.1919602637179195,10.292179440058462,0,-1.960400617957855,0.38495839796052894,2015Q1,-0.5330733858288567,0.9698461657662296,1.3161280960538517,-0.45657945423349916,-0.8679084728441957,-0.2704447583128266,0.5335563374972792,T3 Tích cực
-0.0042430885440075,0.7756665927038093,0.0236684390157933,0.0071428571428571,0.0468189333949837,0.9890583270773105,0.0247459092780143,0.0290008004214141,0.8664138190159514,0.0178442080682847,0.0417343640478278,1.0180369859369722,0.0274883446710764,0.0688598412095554,1.1877383395100862,0.0454962156700327,0.0952149127319254,1.2129391525356177,0.0505539789303495,0.0255166509182491,-0.20365070370241917,-0.0016260513386107001,-0.0193683705886257,0000320187-24-000044,2024-07-26,20.83550575372463,25.40883394342896,0.1331526940545898,1.6457250263574064,NKE,2024,en,US,30,48309,1051,275,0.0217557804963878,0.0056925210623279,0.0239081138973847,0.0102051377590097,-0.5852187028657617,0.0333064232337659,0.0577739137634809,0.0,0.0,0.2686363636363636,8716.0,0.0135383203304268,0.0052776502983019,0.0217989903625516,0.0067691601652134,-0.4390243902439024,28.828143063374693,15.17322139525306,5.920003199963734,0.072313995710574,10.785373157686106,0,-2.01625873369677,0.4981810326235866,2024Q3,0.5531322509013409,1.5026946641519738,-0.47764652979374245,2.3359555676621837,0.012111420671786619,-0.0925020819515574,-0.2687711153030148,T1 Tiêu cực
-0.0011085888243608,1.1646166548163932,0.0158855168429188,0.0071428571428571,0.0127436608387918,0.40110941824573,0.009464500093974,0.0087108881948911,0.3877448983040857,0.0072111508184803,-0.0036982180269676,-0.1344096760908019,-0.0074188418802367,0.0048494025204603,0.1246267470127419,-7.848547125310912e-05,0.0391699152119428,0.7434554329791548,0.0249320014907821,0.009430492438305,-0.0262599270690235,-0.0005471388488627,-0.0167826715658526,0000320187-23-000039,2023-07-21,20.555315787362048,25.840322360580316,0.0839349218285405,1.196217517401392,NKE,2023,en,US,30,47381,1026,283,0.021654249593719,0.0059728583187353,0.0239081138973847,0.0096030054241151,-0.5676088617265088,0.0333678056604968,0.0573014499482915,0.0,0.0,0.2639664804469274,9127.0,0.0128191081406814,0.0062452065300756,0.02235126547606,0.005587816369015,-0.3448275862068966,27.87650023866012,14.696455757991616,7.493715619035077,0.1558716021012514,10.765976583441928,0,-2.477713520541481,0.17916450972891235,2023Q3,0.5323853554145205,1.5188917388304597,-0.34990831135627953,2.3359555676621837,-0.051874562640682305,-0.21383795947908785,0.29155193207699964,T2 Trung tính
-0.0012961253344024,1.2554959451798235,0.0158686524794687,0.0,-0.0360777271261943,-1.136760892989264,-0.0395770356687862,-0.008273281698247,-0.368657237850918,-0.0129139199900429,-0.0147681459056713,-0.5373104631979756,-0.0181853687907629,-0.0020725185249357,-0.0533190922073835,-0.001434033806522,-0.0089512195611373,-0.1700770906024448,-0.0138352743926524,-0.0398523864515887,-0.033436341955823,-0.0009664222064046,0.0248628210142341,0000320187-22-000038,2022-07-22,20.468864097069144,25.895031171719797,0.0867126840145652,1.0403432353686344,NKE,2022,en,US,30,50793,1067,297,0.0210068316500305,0.0058472624180497,0.0239081138973847,0.0098635638769121,-0.5645161290322581,0.0322682259366448,0.0572126080365404,0.0,0.0,0.2787678767876788,10902.0,0.0127499541368556,0.0068794716565767,0.0217391304347826,0.0072463768115942,-0.2990654205607476,29.279320913037413,15.240167350685477,7.788989460098628,0.1223202847363427,10.83551382879634,0,-2.4451551081502623,0.039550692712340005,2022Q3,0.40009152111450114,1.2287439579312673,-0.32747425523147566,2.3359555676621837,0.04244744339978142,-0.22550469964059136,0.0665625241513901,T2 Trung tính
-1.5030998527015436e-05,1.043520942992524,0.0184722807504261,0.0071428571428571,0.0095512855233507,0.258530217583728,0.0104828359089594,0.0138545322429829,0.530342399595401,0.0142709294021958,0.0098924848647707,0.3091891508577203,0.0109537420864194,0.0169513087039392,0.3746339119141402,0.0176396007579124,0.0549062568042839,0.896200070714588,0.0555423876318464,0.0105359534271955,0.1685230257621732,0.0014075269455946,0.0178860031905722,0000320187-21-000028,2021-07-21,20.64606629643781,26.24979798889995,0.0508096777772718,1.0194117609663065,NKE,2021,en,US,30,50669,1034,302,0.0204069549428644,0.0059602518305078,0.0239081138973847,0.0090982652114705,-0.5479041916167665,0.0342023722591722,0.0565829205233969,0.0,0.0,0.2465217391304348,11684.0,0.0137795275590551,0.0076172543649435,0.0221670660732625,0.0074460801095515,-0.288,28.089471570425182,16.53845531817675,10.254031304826606,0.2429436606634408,10.833069562731493,0,-2.979668435115326,0.019225756002932217,2021Q3,0.27751229625375773,1.7391101016881987,-0.2069746281496862,2.3359555676621837,-0.03755492534983138,-0.051808819005111785,0.8754422958950377,T2 Trung tính
7.192483291370785e-06,0.9940540034558402,0.0166311866932431,0.0071428571428571,-0.0259116139883505,-0.7790067680160738,-0.0259399248869857,-0.0229950907115883,-0.97768035895899,-0.0229861864473579,-0.0155262095732756,-0.5389910799490397,-0.0154733047284216,-0.0251535681658055,-0.6174484955381063,-0.025255801234575,0.0260386205661639,0.4720612931994773,0.0258543538907125,-0.0258697530594924,-0.037018908516759,0.0002569334634346,0.0117113867201876,0000320187-20-000047,2020-07-27,20.21880023677467,25.756527770170383,0.0524985926403138,1.179480241211188,NKE,2020,en,US,30,50665,1089,266,0.0214941280963189,0.0052501727030494,0.0238034145860061,0.0091976709760189,-0.607380073800738,0.0339879601302674,0.0549886509424652,0.0,0.0,0.2360248447204969,12454.0,0.0182270756383491,0.0065039344788822,0.0198329853862212,0.0073871848402119,-0.474025974025974,27.8468248639811,14.697798958485809,14.875719901281562,-0.0049497619224712,10.832990615882418,0,-2.9469689165950346,0.1650738678907628,2020Q3,0.4996660169231669,1.682532845805684,-0.638400622859101,2.3047395533060353,-0.05386985749258487,0.6985221080027497,-0.7868886871080508,T1 Tiêu cực
0.0003828236552711,1.158841881984625,0.0127409807182248,0.0,0.0030285566302792,0.1188510012399257,0.0053854038441011,0.0065895461100094,0.3657106813342941,0.0072639779412656,0.0067626264778351,0.306444558998674,0.0089075489991189,-0.0003452247327253,-0.0110617392866282,0.0006385939378453,-0.0199883864691361,-0.4730189467776602,-0.0222171443935216,0.0054542480155086,0.0085454648868384,0.0003330336762736,-0.0268460970061572,0000320187-19-000051,2019-07-24,20.02589307626893,25.64295464112677,0.0660046800397652,1.0989680952079508,NKE,2019,en,US,30,44379,827,245,0.018634939949075,0.0055206291263886,0.0239077040942788,0.0095315351855607,-0.542910447761194,0.0330561752180085,0.0541472317988237,0.0,0.0,0.241860465116279,10014.0,0.0106850409426802,0.0070900738965448,0.0208707809067305,0.0082883962452566,-0.2022471910112359,18.53282711769655,10.99116764893959,5.302560401631445,0.292794486861676,10.700521663560345,0,-2.718029629776273,0.09437164425208654,2019Q3,-0.08458248386607788,1.4366613380807414,-0.1707510223601952,2.3358333852001545,-0.6801187913243358,-0.5738692824518778,1.2097334281614003,T2 Trung tính
0.00114642674818,0.9894906336088308,0.0147113779365136,0.0071428571428571,0.0077891433784782,0.2647319446244944,0.0124405031182098,0.0261127089163435,1.2551151652537005,0.0283417778203313,0.0063957716569937,0.2510030334191663,0.0097210229622454,0.0223899674441843,0.6213330914395627,0.0292937787109819,0.0388466652052395,0.7961667703011722,0.0513179215310944,0.0120043689099579,0.0242308937305942,0.000768206334914,-0.0303721451164876,0000320187-18-000142,2018-07-25,19.83975269188479,25.532564830556144,0.0800028622187817,1.2597225027712773,NKE,2018,en,US,30,46477,841,265,0.0180949717064354,0.0057017449491146,0.0237536846181982,0.0088861157131484,-0.5207956600361664,0.0352909035922118,0.0543279471566581,0.0,0.0,0.2140440833939834,12354.0,0.0127893799579083,0.0070422535211267,0.0204791970212077,0.0071231989638983,-0.2897959183673469,19.55373426675914,12.61468089473597,7.237546095297371,0.2027469896525144,10.746712845552901,0,-2.525692867213492,0.2308914608120887,2018Q3,-0.1949199712888938,2.026342526831743,-0.010334834458255518,2.289912603934719,-0.6114756553630136,-0.21885330153738894,0.6058902806055344,T2 Trung tính
0.0004488278486608,0.7968496227181427,0.0147167645534569,0.0,-0.0153863678133551,-0.5227496763118682,-0.0139514917400345,-0.002055206278629,-0.0987479476944145,-0.0008667191856264,0.0206407703670422,0.8097536849493081,0.0223093012497783,-0.0090964720251223,-0.2523393739173636,-0.0062938901300169,0.0056854793880384,0.1164818889797332,0.010342341255178,-0.0142920684080922,0.0727848422571675,-0.0002343775171727,-0.0063249371818025,0000320187-17-000090,2017-07-21,20.0313381121027,25.30798815771516,0.1266330821118738,1.4225251538183137,NKE,2017,en,US,30,47393,837,284,0.0176608359884371,0.0059924461418352,0.0239081138973847,0.0081446627139028,-0.4933095450490633,0.0345198658029666,0.0547338214504251,0.0,0.0,0.2264775413711584,14073.0,0.0126483336886236,0.0082427343139344,0.0207489518936971,0.0061820507354508,-0.2108843537414966,20.473146836143567,12.316717182410365,8.95332469964415,0.351908003333956,10.766229817452608,0,-2.0664614913080124,0.3524335696868347,2017Q3,-0.2836315667898993,1.822887607933089,0.18904387273482656,2.3359555676621837,-0.5496567504187653,-0.2426487448010823,1.6061385805089925,T2 Trung tính
-0.001033216283603,0.8372470321637151,0.0134283858393945,0.0,-0.0175253358645661,-0.6525481198623464,-0.0217667135638787,0.0034399462268428,0.1811393664889901,0.0011224689012405,-0.0058331825228713,-0.2507963012152936,-0.0085959263295548,-0.0233619836525183,-0.7102484246472406,-0.0301967096274472,-0.0152946615835016,-0.3434153616121704,-0.0279983347330483,-0.0217077782145215,0.0408807437262203,0.0001369868142174,0.0056768067491436,0000320187-16-000336,2016-07-22,20.065591182193597,25.30304618143872,0.1257321335239691,1.4150858144954004,NKE,2016,en,US,30,48315,827,293,0.0171168374210907,0.0060643692435061,0.0236158542895581,0.0076787747076477,-0.4767857142857143,0.0330953120149022,0.0560695436199937,0.0,0.0,0.2576601671309192,15221.0,0.0125484527954799,0.0086722291570856,0.0200381052493265,0.0059128835161947,-0.1826625386996904,20.18688019206438,13.056105370118336,10.125794098831811,0.3755037935636938,10.78549735043341,0,-2.073601559428767,0.3471901755427913,2016Q3,-0.3947926135751561,1.446988424442819,0.3089043920195504,2.2488186037842883,-0.5689045734835387,-0.2594993154541109,1.764367922611609,T3 Tích cực
0.0009398863500398,0.9993843545605092,0.0080043040203031,0.0,0.001356939827429,0.0847631364317984,0.0051144987818607,-0.0054221820611314,-0.4790000098108345,-0.003532264544193,-0.0014784733319249,-0.1066422482218775,0.001354824963365,0.0043283761112553,0.2207627475696121,0.009967088752484,0.0061467851993594,0.2315411140791954,0.0164926373365504,0.005016309602525,0.095898267877211,0.0013564729954824,0.0049320831598493,0000320187-15-000113,2015-07-24,19.397721311358616,25.303221605974407,0.1303147310581564,0.998072852121632,NKE,2015,en,US,30,48774,858,272,0.0175913396481732,0.0055767417066469,0.0235166277114856,0.0072579653093861,-0.5185840707964602,0.0323122975355722,0.0553573625292163,0.0,0.0,0.2628624883068288,15365.0,0.0129515131793036,0.0072892938496583,0.0195248942401561,0.0055320533680442,-0.2797427652733119,21.237358137615765,12.38268802170662,11.180733635843415,0.3810979652777314,10.794952662974627,0,-2.0378027463055988,-0.0019290072170383003,2015Q3,-0.2978324974452189,1.2403731980419057,0.005707585638642643,2.2192342804030014,-0.49827317423526746,-0.19150034927259468,1.8018814833486279,T2 Trung tính
-0.0018876557630221,0.7922960664353537,0.0135005053010675,0.0071428571428571,0.1102383154236177,4.082747755185896,0.10504966524374,0.12302846976403675,7.120754239245294,0.13578549364142023,0.15253973120362158,6.619512249997769,0.1530755378034243,0.130158009954816,3.9359108321693896,0.1200802540994294,0.1523996622572423,3.40359312897308,0.1299722431036081,0.105859438087023,0.0242248111303885,-0.0002392704724774,0.0223740666523725,0001744489-24-000276,2024-11-14,20.45637709163966,25.949118353030904,0.5413190465623093,1.481802228881546,DIS,2024,en,US,79,55122,906,304,0.0164362686404702,0.0055150393672217,0.0129893690359566,0.0115561844635535,-0.4975206611570248,0.0236203330793512,0.0706795834693951,0.0,0.0,0.4990380915736822,10049.0,0.0156234451189173,0.0050751318539158,0.0091551398149069,0.0047765946860384,-0.5096153846153846,24.93768406101866,14.78237201472595,6.559267644479808,-0.0117325028311461,10.917304189499522,0,-0.6137464390952877,0.3932590691709349,2024Q4,-0.5338605130223385,-1.0531887365055703,0.15849729000244397,-0.919459313845157,-0.24947290312875384,0.25927233118159976,-0.8323725900069476,T2 Trung tính
-0.0014563599165577,1.088093934628368,0.0144083042415365,0.0071428571428571,-0.0185253763957726,-0.6428715026146994,-0.0240262811817958,0.014821995490409,0.7274092319462976,0.012319617459281,0.0123740564191419,0.4958366151072711,0.008237286699679,-0.0166464807793848,-0.4716653123434252,-0.0248101102972952,-0.0171648853933789,-0.3591961682458877,-0.0322616079095663,-0.0243256821890021,0.0730803397031372,-0.0005100836034302,-0.0449940226806983,0001744489-23-000216,2023-11-22,20.873514444735488,25.875824984963053,0.5742759637327544,1.837508192663533,DIS,2023,en,US,79,55648,899,329,0.0161551178838412,0.0059121621621621,0.0128486198964922,0.0087154974123059,-0.4641693811074918,0.0256073893041978,0.0688793847038527,0.0,0.0,0.4579688094332446,13984.0,0.0195938215102974,0.0060068649885583,0.0080806636155606,0.0052202517162471,-0.5307262569832403,21.14352777732855,14.104846990346322,9.18520312194891,0.0525396766047924,10.92680141715401,0,-0.554645225143327,0.6084104106873142,2023Q4,-0.5913110547835005,-0.5288611760250473,0.40042071579871946,-0.9614235550639804,-0.5045820831153837,0.9291012223371186,-0.40137432427254066,T3 Tích cực
-0.0008758979957369,1.1627322264885531,0.0151511732976119,0.0,0.0049830853797129,0.1644455278093329,0.0032681429244432,0.0077164960649415,0.360129647212169,0.0108597243684297,-7.220723531448786e-06,-0.0002751527286195,0.0020010617935336,-0.0138185459389664,-0.3723406527974019,-0.0199315652052671,-0.0060495530606695,-0.1203873021308851,-0.0139890475778696,0.0026825635174823,-0.0780032288180189,-0.0008075018552265,-0.0014980043553114,0001744489-22-000213,2022-11-30,20.9489429975669,25.87468243656512,0.5502098648741951,1.689481430206854,DIS,2022,en,US,79,51960,784,287,0.0150885296381832,0.005523479599692,0.014203233256351,0.0085835257890685,-0.4640522875816993,0.0225943033102386,0.0679561200923787,0.0,0.0,0.5009564293304994,10024.0,0.0169592976855546,0.0050877893056664,0.00987629688747,0.0052873104549082,-0.5384615384615384,18.43622652311332,14.038919514479868,9.115071180856187,0.0818974141776561,10.858229470784536,0,-0.5974555010373563,0.5244216358166587,2022Q4,-0.8092584410322169,-1.3239287785296636,0.4012700885021422,-0.5575466858506247,-0.6866139635385865,0.48463953954012223,-0.20450634669910625,T3 Tích cực
-0.0010599374368537,1.0276899845662704,0.0109279967975541,0.0,-0.0163772749450388,-0.7493264890370557,-0.021732962106875,-0.0114598817436269,-0.7415229197658791,-0.013843493283988,-0.0107050314744785,-0.5655705174489914,-0.0140850637629929,0.0087059658838398,0.325237621748739,0.0013895069664076,0.0190368454209458,0.5252403496927359,0.0074699069328151,-0.0206471550947687,-0.2036355716199787,-0.0006898482993417,0.0190510664736051,0001744489-21-000220,2021-11-26,21.307726995998294,26.34034250433585,0.3219125273386645,1.396541244669038,DIS,2021,en,US,79,55393,904,300,0.0163197515931615,0.0054158467676421,0.0143700467568104,0.0079793475709927,-0.5016611295681063,0.0229451374722437,0.0674092394345856,0.0,0.0,0.4921078921078921,11226.0,0.0193301264920719,0.0053447354355959,0.0131836807411366,0.0052556565116693,-0.5667870036101083,21.016523675130223,15.461292586006282,11.774454830125851,-0.2204205249249935,10.922208510961449,0,-1.1334754245701721,0.3339986402806336,2021Q4,-0.5576696877603211,-1.2313536324431131,0.12846317134425736,-0.507811376643955,-0.5131215079424606,0.884614119793215,-2.2317988486363314,T2 Trung tính
0.0005015619418957,1.1448606083303825,0.0186468424599972,0.0,0.0159566377313344,0.4278643358940239,0.0195366199314565,-0.0056511100242152,-0.2142957033034559,-0.0049664722472507,-0.0201815600062245,-0.6248687480068948,-0.0192248800771018,0.0090164436631305,0.1974032718640412,0.0147891621441121,0.1570815957222035,2.5399411850143983,0.1595892107721702,0.0194732493074565,0.1486227497843243,-0.0005443365107711,0.0659675480387048,0001744489-20-000197,2020-11-27,20.97429682224236,26.32141074844525,0.3096524432191479,1.9308218121440348,DIS,2020,en,US,79,61865,972,306,0.0157116301624504,0.0049462539400307,0.0138527438777984,0.0077911581669764,-0.5211267605633803,0.0224036207871979,0.0670815485330962,0.0,0.0,0.4992774566473988,12709.0,0.0188842552521834,0.0049571170036981,0.0125108191045715,0.0054292233850027,-0.5841584158415841,21.48363762391839,15.151763695810352,12.80262827579484,-0.2528168031899258,11.032709870648077,0,-1.1723047613687465,0.6579457216867522,2020Q4,-0.6819336451823795,-1.374244467075376,-0.01273657057475731,-0.6620448084124114,-0.4817139834427664,0.8093926775992077,-2.449042761492158,T2 Trung tính
-0.0003208934625355,0.839410570677711,0.0098862687944795,0.0,0.0243676103650829,1.232396714657895,0.0214307610780549,0.0094026885623076,0.6725191254667832,0.0086658032300478,0.0031043728429157,0.1812929158393066,0.0026497975325742,0.0244776093090668,1.0107900526282358,0.0208727641549072,-0.0014060860429919,-0.0428828006023132,-0.0068868632406672,0.0217421545805673,0.0752084419855952,0.0006806625025776,-0.0004237522108692,0001744489-19-000225,2019-11-21,20.946179714099657,26.30234023083152,0.3356047997487257,1.3854631993605937,DIS,2019,en,US,79,56007,743,281,0.0132661988679986,0.0050172299891085,0.0128019711821736,0.0078740157480314,-0.451171875,0.0237470316210473,0.0670451907797239,0.0,0.0,0.4768928220255654,12487.0,0.0166573236165612,0.0063265796428285,0.0097701609674061,0.0063265796428285,-0.4494773519163763,15.977826266930132,14.125651619801538,7.0433664577012784,0.0947677024174481,10.933231961905438,0,-1.0918210024987312,0.32603452369826824,2019Q4,-1.1816347820046602,-1.0197565988270887,0.49470199075015725,-0.9753318312187265,-0.8519103895529234,0.43369450666346315,-0.11820039038123821,T3 Tích cực
0.0009238747188081,0.8244446431384822,0.0096436811905486,0.0071428571428571,-0.005628345020405,-0.2918151745788309,-0.0081147116450397,-0.0134606166676307,-0.9869771860524216,-0.0131889200065982,-0.006524481305182,-0.3906092459341467,-0.0058631759183196,-0.0176244761333448,-0.7461012148359748,-0.0193142555026941,-0.0092788294828836,-0.2901041934312298,0.0014636223990055,-0.0082588698408341,0.0451997575813252,0.0005121872128919,-0.0161374022233709,0001001039-18-000187,2018-11-23,20.539596675443857,25.84880284779443,0.2898591598116271,1.3469672268021746,DIS,2018,en,US,79,49238,693,246,0.0140744953085015,0.0049961411917624,0.0126731386327633,0.0087534018441041,-0.476038338658147,0.0271538242820585,0.0703927860595475,0.0,0.0,0.4432646262752446,11694.0,0.0153069950401915,0.0051308363263211,0.0090644775098341,0.0063280314691294,-0.497907949790795,17.77224428128834,13.43237121945066,7.131373382193232,-0.0205871866550296,10.80442096208924,0,-1.2383601297925781,0.29785556662160023,2018Q4,-1.0164669234248316,-0.1208010168586657,0.3143257033428098,-1.013743150825105,-0.7312583989736265,0.2058850992307017,-0.8917505884693171,T3 Tích cực
-0.0012378772781955,0.6385567223254699,0.0094692723273049,0.0,0.0220472766073743,1.1641484078877111,0.0130652685327952,0.0018963499214651,0.1416077014813444,-0.0011836790274283,0.0010890844108646,0.0664024812096495,-0.0029576449791262,0.0206968140026637,0.8923007642595541,0.0070102404488607,0.0245018801133829,0.780164997089259,0.0033489336804408,0.0131707797659907,0.0281389235526847,-4.424155154756828e-05,-0.0092231496773298,0001001039-17-000198,2017-11-24,20.427823087408758,25.767783721643116,0.2662572706985011,1.1954142376473456,DIS,2017,en,US,79,44528,596,221,0.0133848365073661,0.0049631692418253,0.0116106719367588,0.0078826805605461,-0.4589963280293758,0.0270167085878548,0.0714381961911606,0.0,0.0,0.4511861313868613,10820.0,0.0171903881700554,0.0058225508317929,0.0090573012939001,0.0061922365988909,-0.4939759036144578,14.725691849510197,12.709174154061262,7.037287473601949,-0.1260498747974634,10.703873483765673,0,-1.3232922545435555,0.17849276769959987,2017Q4,-1.1573922840059008,-0.15698194447734465,0.4379449943459026,-1.330516730313856,-0.9361006444019843,0.5236260404990294,-1.5989653754578743,T3 Tích cực
-0.0007473094119428,0.7224308543723936,0.0062958945717467,0.0071428571428571,0.0136814551888297,1.0865378249999862,0.0114300684189242,0.009679863794081,1.0871683526075728,0.0085572289109243,0.0154724715530546,1.4188667733212326,0.0133782446064678,0.0111657880398736,0.7240295762601396,0.0082853880629873,0.0636672861478135,3.049035976267743,0.0485862114218753,0.0114329568063495,0.0380799260139549,-0.0007464758370651,-0.0128093620270102,0001001039-16-000516,2016-11-25,20.32970882355354,25.775535336373107,0.2766711933830438,1.2969251670915298,DIS,2016,en,US,79,44182,589,240,0.0133312208591734,0.0054320764112081,0.011950568104658,0.007763342537685,-0.4209891435464415,0.0270245801457607,0.0714318048073876,0.0,0.0,0.4510344827586207,11557.0,0.0151423379769836,0.0067491563554555,0.0091719304317729,0.0057108246084624,-0.383399209486166,15.815017178758596,12.444814140013156,7.162666170293465,0.0841114463005214,10.69607274530213,0,-1.2849255053679935,0.25999620674728485,2016Q4,-1.1683481429638443,-0.1549048644720714,0.7136414072369948,-1.2291769648747681,-0.8628572483200104,0.17810635807434147,-0.18965942515996145,T3 Tích cực
0.0006684888078772,0.8897798432499389,0.0113449036906458,0.0071428571428571,-0.0381667148211619,-1.682108366095307,-0.0350119242221906,-0.0419847389935509,-2.61683082185751,-0.0402016585645184,-0.0364340969755683,-1.8541572736196343,-0.0339682947588816,-0.0424837180526775,-1.528783825803194,-0.03867003993665,-0.0606532500074047,-1.6119698731177787,-0.0492658014092991,-0.0348718689251099,0.0637809569538909,0.001126815102108,0.0142285628150622,0001001039-15-000255,2015-11-27,20.5287163939544,26.00231178088255,0.2269569074008171,1.1839301235463475,DIS,2015,en,US,79,44489,610,233,0.0137112544673964,0.0052372496572186,0.0123176515543167,0.0084065724111578,-0.4472123368920522,0.026703230011913,0.0706466767066016,0.0,0.0,0.4513969060263219,12095.0,0.0147995039272426,0.0066143034311699,0.0094253823894171,0.0064489458453906,-0.3822393822393822,15.82868507766944,12.873732736329869,7.608721431525806,0.170634228545241,10.702997246586362,0,-1.4829951147604152,0.16883951744518172,2015Q4,-1.090691810319963,-0.23970001502371852,0.5234236776606136,-1.1197313335370935,-0.8619382544192388,0.1202679748200659,0.3905475854200798,T3 Tích cực
0.0005436544558892,1.24522236652485,0.0213536079460692,0.0,-0.0111322889188576,-0.2606652924174079,-0.0081376306887909,-0.0228085868187654,-0.7552871837660572,-0.0200154804820508,-0.0075584343330785,-0.204361909606863,-0.0043815058622096,-0.0311828406724773,-0.596168171135187,-0.0252621696073344,-0.0611260815322393,-0.8630956922175819,-0.0485842182436014,-0.0082133117051106,0.1500745139881476,0.0003830724855947,-0.0146534304861429,0001065280-24-000030,2024-01-29,21.55306207820401,26.23206582690033,0.0834025491073596,3.4162744273272985,NFLX,2023,en,US,78,29754,651,153,0.0218794111716071,0.0051421657592256,0.0219466290246689,0.0102507225919204,-0.6194029850746269,0.0323317873227129,0.066680110237279,0.0,0.0,0.3469110658520027,4075.0,0.0061349693251533,0.0034355828220858,0.0144785276073619,0.0029447852760736,-0.282051282051282,21.40393000065132,13.154301250399485,3.63343516034168,0.0113719312520697,10.30071885571719,0,-2.484076405248085,1.2285506085682174,2024Q1,0.5783950293295688,1.245515997937543,-0.7256123844197967,1.7511404514991555,-0.48707331629306444,-1.3414966119068663,-0.677438198361395,T1 Tiêu cực
0.0041355109157446,1.5768623052429729,0.0260945345462818,0.0,-0.0469671713849771,-0.8999426930124972,-0.021990896516878,-0.0242243307311317,-0.6564282071905967,-0.0219953070064495,-0.0541154146858529,-1.1973215763159577,-0.0414008643174174,-0.0512513893819016,-0.8018266070984736,-0.0154977629402566,-0.1055022950349709,-1.2190345367385182,-0.0554069146028987,-0.0223694797689404,0.1611763396206226,0.0008827797829456,-0.016096844130947,0001065280-23-000035,2023-01-27,21.80402779135465,25.81390492094092,0.1278659053905107,6.005068508680526,NFLX,2022,en,US,78,27314,570,136,0.020868419125723,0.0049791315808742,0.0220765907593175,0.0104708208244856,-0.6147308781869688,0.0313392399502086,0.0673281101266749,0.0,0.0,0.3647495361781076,4146.0,0.0045827303424987,0.0045827303424987,0.0159189580318379,0.0033767486734201,0.0,19.28244312664344,12.46437764730073,3.081569329313748,-0.0302269146451726,10.21515467023837,0,-2.0567731783303964,1.7926038640731183,2023Q1,0.37180820933067815,0.983611007037394,-0.6917218680057365,1.789888436764032,-0.6297165645712245,-1.6033696471226766,-0.9563929591243242,T1 Tiêu cực
-0.0001876363480147,0.7492597639277959,0.0147283985830609,0.0,0.0711311526867274,2.4147619405321907,0.0554567696903175,0.0732328415917642,3.515890651863044,0.0620171661712904,0.1525170237489956,5.978636728283268,0.1424637196666491,0.0415828512801615,1.1526119321121049,0.0303559714542636,0.0101299520674423,0.2073745798728972,0.0024452367852715,0.0498704863163266,-0.20365070370241917,-0.0007027937660284,-0.057228760253621065,0001065280-22-000036,2022-01-28,21.754313019938387,25.868901175864263,0.092318263634746,2.0656768221058512,NFLX,2021,en,US,78,27047,575,138,0.0212592893851443,0.0051022294524346,0.0217769068658261,0.0104632676452101,-0.6129032258064516,0.0307612674233741,0.0665138462676082,0.0,0.0,0.3675408589889776,4212.0,0.0064102564102564,0.0045109211775878,0.015432098765432,0.0033238366571699,-0.1739130434782608,20.44641907747655,13.192552486915613,3.71634591955429,0.0089533485751599,10.205331372394003,0,-2.3825132845150585,0.7254579316008172,2022Q1,0.45167891084087025,0.8311005137606928,-0.6784644480685481,1.7005379281660717,-0.551453855252252,-1.2950538506199578,-0.6936568010045866,T1 Tiêu cực
-0.0006603730746224,1.0811976102545473,0.0252938773829413,0.0,-0.0079611426715319,-0.1573729197584608,-0.0096569032615251,0.0058060619409532,0.1623122350235621,0.0042206353278144,0.0251901675882625,0.5749830212992021,0.023736907404311,-0.0015090959052821,-0.0243571127569766,-0.0033278715227411,-0.0008623661679172,-0.0102796885930376,-0.0049831294970386,-0.0097199097919695,-0.0077919807873556,0.0019941096400294,0.0304142971335399,0001065280-21-000040,2021-01-29,21.693144862019604,26.1978170606136,0.0463866971418195,3.8298063884679943,NFLX,2020,en,US,78,28049,617,135,0.0219972191521979,0.0048130058112588,0.02135548504403,0.0101964419408891,-0.6409574468085106,0.0310528004563442,0.0656707904025099,0.0,0.0,0.3579063767047549,4489.0,0.0071285364223657,0.0037870349743818,0.0171530407663176,0.0055691690799732,-0.3061224489795918,23.516792491148745,14.17966891166768,5.226433416843495,0.0267327999183908,10.241708259691459,0,-3.0707425603858467,1.3428142506009544,2021Q1,0.6024679942750654,0.9080277803701218,-0.8819640811496168,1.574891355462153,-0.3450099490848279,-1.1738752376564883,-0.574430834779502,T1 Tiêu cực
-0.0013355775727958,1.2828336591553358,0.0188628038170753,0.0,0.0694018292668346,1.8396477517305587,0.0662270335235352,0.0270897349129616,1.0155083752798688,0.020297279968631,0.0141580702807539,0.4333483912078502,0.0057848565641969,0.0478046768027097,1.0346382102122549,0.0460813853481816,0.0825117788704816,1.3189045293585262,0.0764994741294211,0.0679393348617891,0.1287258382778946,-0.0011453603234649,-0.0045433797368266,0001065280-20-000040,2020-01-30,21.47586632980845,25.73776630478171,0.0503527147336879,4.084492803571899,NFLX,2019,en,US,78,26089,563,117,0.0215799762351949,0.0044846487025183,0.0203150753191,0.010924144275365,-0.6558823529411765,0.0318908352179079,0.0640883130821419,0.0,0.0,0.3354632587859425,4065.0,0.0044939045652025,0.0034440344403444,0.0154981549815498,0.0056580565805658,0.0769230769230769,19.839480384746885,12.579583597687108,1.7202720088466472,0.1877663815068081,10.169269048534572,0,-2.9887027440180614,1.4071975599110758,2020Q1,0.5172082855151091,1.1291612926654233,-0.990226325235595,1.264694043922529,-0.5922628311160063,-1.6183551462409753,0.5054328791744597,T1 Tiêu cực
-0.0001549968121187,2.0588421706215976,0.022289624901851,0.0071428571428571,0.0022948765614948,0.0514785818873133,0.0353688392350697,-0.0170537239248989,-0.5410052383060893,0.0082037810227288,-0.0340400454666546,-0.8817119848332678,-0.0104794726182719,3.957507536886482e-05,0.0007248420256267,0.0354336894374073,-0.0153647259832063,-0.207838364739854,0.027664134854985,0.0360796385795969,0.2150316908324937,0.0016766116628587,0.0598286560420825,0001065280-19-000043,2019-01-30,22.097202134667533,25.6902785232449,0.036482342492815,6.685730142188249,NFLX,2018,en,US,78,27632,542,130,0.0196149392009264,0.0047046902142443,0.0187463810075275,0.0105674580196873,-0.6130952380952381,0.0337651997683844,0.0617038216560509,0.0,0.0,0.2926459438968916,6123.0,0.0044939045652025,0.0042462845010615,0.0125755348685284,0.005389514943655,0.0833333333333333,19.216293320333488,11.977657137806151,1.7202720088466472,0.3001080532884225,10.22672980038646,0,-3.3109269027669908,1.899975425560299,2019Q1,0.11567124697730195,1.62375272893864,-0.6798572662940923,0.796989113434658,-0.6341643051444181,-1.6183551462409753,1.2587769563865934,T1 Tiêu cực
0.0005543490297267,2.1265279350461346,0.0179700036173396,0.0,0.005119733552452,0.1424522126281589,-0.0290119461196266,-0.0298047289906837,-1.1727947544987638,-0.0404229955037898,0.0203368640400086,0.6533940770408194,0.0026891894126183,0.0498913552225743,1.1334477673052752,-0.0096481836283864,0.0443609393398488,0.7443140664804486,-0.0248824792310805,-0.0282667030159547,0.24841723260071913,0.0004927356381327,0.0009730086424299,0001065280-18-000069,2018-01-30,21.170999912853155,25.539485866692686,0.0290043050555006,3.7102682569486056,NFLX,2017,en,US,78,27913,529,129,0.0189517429154874,0.0046215025257048,0.0183785332998961,0.0096012610611543,-0.60790273556231,0.0342134489306058,0.0625514993014007,0.0,0.0,0.2928544983339504,6235.0,0.0044939045652025,0.004009623095429,0.0123496391339214,0.0046511627906976,0.0204081632653061,18.38498805039416,12.05488867851147,2.105411007242218,0.3245157081075012,10.236847809109337,0,-3.5403110098236263,1.311104180460508,2018Q1,-0.019846744684153785,1.7420329198945497,-0.6421919053437439,0.6873156192053045,-0.6900591049038334,-1.6183551462409753,1.4224505238614933,T1 Tiêu cực
0.0021508585633873,1.283874385719992,0.0251500661481735,0.0142857142857142,-0.0238323650307203,-0.4738032276000819,-0.0169409136186403,-0.0076896714204671,-0.2161989862958506,-0.0053465311190379,0.0163870403805717,0.3761843853293979,0.0206350723400352,-0.0220684699441179,-0.3582262994760983,-0.0094135183275519,-0.0366842700157679,-0.4397890451716045,-0.0088793461932876,-0.016783761769835,0.1076781935517192,0.0008914740327395,0.0026799149745411,0001628280-17-000496,2017-01-30,20.65488547093546,24.83924355476817,0.043707500609417,6.736587599302884,NFLX,2016,en,US,78,26249,505,127,0.0192388281458341,0.0048382795535068,0.0193531182140272,0.0088003352508667,-0.5981012658227848,0.0326107661244237,0.0634690845365537,0.0,0.0,0.3211736716891356,6122.0,0.0045736687357072,0.0042469781117281,0.0145377327670695,0.0040836327997386,-0.037037037037037,16.320879056351885,11.248569723106,1.950474651424401,0.2593636213522404,10.175383172056032,0,-3.130235552949394,1.9075535058110833,2017Q1,0.03881645157681206,1.3191305603730354,-0.571094030428515,0.9778873170533642,-0.82884441407434,-1.6048984004273796,0.9855517498206439,T1 Tiêu cực
0.0023454058268477,1.4681948288363973,0.0315309078862049,0.0,-0.0634477211581176,-1.0061194778643936,-0.0491191845626698,-0.0431153961718883,-0.9668985465535916,-0.0270394998415292,-0.017812583967313,-0.3261593413550382,0.0031971694484663,-0.1317345690170333,-1.705641105872725,-0.1206532364296968,-0.076544230313983,-0.7319470116411176,-0.0573829276991485,-0.0489978418916723,-0.1941865299769156,0.0026862802096243336,0.0167060033851866,0001065280-16-000047,2016-01-29,21.466494879627813,24.42247050236206,0.0550146692395859,10.820172604581504,NFLX,2015,en,US,78,27381,569,122,0.0207808334246375,0.0044556444249662,0.0189182279682991,0.0105547642525839,-0.6468885672937771,0.0323582045944267,0.0631094554618166,0.0,0.0,0.3221117061973986,6439.0,0.0059015375058238,0.0037272868457835,0.0147538437645597,0.004503804938655,-0.2258064516129032,19.524716450477957,11.625863281722769,2.3354755942458727,0.1728221949329599,10.217604621184988,0,-2.900155415864358,2.3814122256553776,2016Q1,0.3539108860645947,1.2524867637664345,-0.9249872270221308,0.8482251447310708,-0.6134267377020087,-1.3808781116159015,0.4052197145880651,T1 Tiêu cực
-0.0021892844573723,1.2368831435470178,0.022926604536076,0.0,0.0078825275809686,0.1719078716729533,0.0015543770792615,-0.0017438123995459,-0.0537830000467736,-0.0061293697321428,-0.0083192579131759,-0.2095000935734785,-0.0126354934796054,-0.0059302295516414,-0.1055981086386497,-0.0150087956035679,0.0284156946656916,0.3736992232008143,0.013156458325599,0.0010400191942474,0.24841723260071913,-0.0003532861545314,-0.0363734729286462,0001065280-15-000006,2015-01-30,20.52293415963249,24.01349625458518,0.0691908294297127,10.95760192860329,NFLX,2014,en,US,78,27031,556,120,0.020568976360475,0.0044393474159298,0.0188672265177019,0.0104694609892345,-0.6449704142011834,0.0302245569901224,0.0649624505197735,0.0,0.0,0.3649436455499417,6173.0,0.0056698525838328,0.0038878989146282,0.0132836546249797,0.0045358820670662,-0.1864406779661017,17.470318233978738,10.802364050943629,1.828292614507094,0.165619378760457,10.204739634516608,0,-2.6708869478324337,2.394033455444454,2015Q1,0.3106198657664494,0.6894779121289579,-0.9110733332623474,0.8330191038024002,-0.7515591194992569,-1.419964898131056,0.3569188586656872,T1 Tiêu cực
-9.377039803657452e-05,0.8850824342411588,0.0122168740726027,0.0142857142857142,-0.0652852479785368,-2.671929316392954,-0.0682232449779071,-0.0513396669237978,-2.971515169096106,-0.0541907824912086,-0.0393488261774298,-1.8595636863264204,-0.0404428791773788,-0.13187302792442288,-4.864826588792444,-0.12536914973414567,-0.13035261024805533,-3.38553197579576,-0.13746111800534444,-0.0679601604894757,0.012819828823947,-0.0001205207877463,-0.0404519117962206,0001166691-24-000011,2024-02-01,20.37672248172981,25.9799164558957,0.4311088183901718,1.1041280729229903,CMCSA,2023,en,US,48,50869,693,171,0.0136232282922801,0.0033615758123808,0.0114411527649452,0.0094360022803672,-0.6041666666666666,0.0218404136114332,0.0541194047455228,0.0,0.0,0.4249482401656315,11230.0,0.0095280498664292,0.0023152270703472,0.0070775719126234,0.0036509349955476,-0.6090225563909775,18.465630358904164,15.247020281876422,3.642563331718149,0.0104539204575121,10.83700897967195,0,-0.8413947418823061,0.09905594920890509,2024Q1,-1.1086791403568075,-1.5228588046171474,-0.6150912188062985,-1.381058733229621,-0.684636926253826,-0.7690613683620635,-0.6835942220695088,T1 Tiêu cực
1.839623946611521e-05,0.9141651347427324,0.0160290617541933,0.0071428571428571,-0.0406126817483812,-1.2668452580437717,-0.0394079243299454,-0.0136500975790743,-0.6021610441108003,-0.0141911494971003,-0.0319329538276874,-1.150192055602509,-0.0315668228927671,-0.0219545741197752,-0.5591666867161235,-0.0218841440614478,-0.0226353656399692,-0.425777854859845,-0.019545588886659,-0.038497645113096,0.0979010562847153,-0.0003441328127386,0.046337153586166,0001166691-23-000010,2023-02-06,20.40863844320498,25.894362312736348,0.4596218133499498,1.3646219719977997,CMCSA,2022,en,US,48,51908,682,189,0.0131386298836402,0.0036410572551437,0.011038760884642,0.0096324266009093,-0.56601607347876,0.0215766355860368,0.0536911458734684,0.0,0.0,0.4266700793447658,10545.0,0.0094831673779042,0.0025604551920341,0.0070775719126234,0.0041725936462778,-0.5748031496062992,19.26467175496513,12.163020039710888,3.3732328921806203,-0.0351492877164855,10.85722819985712,0,-0.7773512725368708,0.3108774466896093,2023Q1,-1.2077023172700279,-1.5924623149934785,-0.33835454823560956,-1.5010315443870954,-0.6309114652861951,-0.776633342542212,-0.9894015528215112,T2 Trung tính
-0.0010531181224587,0.6849706251767198,0.0140012736692708,0.0142857142857142,-0.0014424735452414,-0.0515122259343916,-0.0010761019204047,0.0020345522010817,0.1027510562285752,0.0059876389030879,-0.002365182540773,-0.0975296111520869,-0.0024335831118627,-0.0025702980080249,-0.0749445937951958,-0.0031765238212813,-0.0226777233924761,-0.4883549192410126,-0.0199381298562082,-0.0008212472301142,0.0413432975350805,-0.0004362624443814,0.0105248258342293,0001166691-22-000009,2022-02-03,20.6792609614606,26.15766077187112,0.4193334429295117,0.9435025542165324,CMCSA,2021,en,US,48,52750,681,193,0.012909952606635,0.0036587677725118,0.0107488151658767,0.0095545023696682,-0.5583524027459954,0.0206255924170616,0.05260663507109,0.0,0.0,0.4367072223660367,11944.0,0.0097119892833221,0.0024279973208305,0.0070775719126234,0.0038513060951105,-0.6,20.878527777130746,12.52470476481826,5.091265106690711,-0.0016739822924137,10.873319051338314,0,-0.8690888690317591,-0.05815620700546108,2022Q1,-1.2544303915954766,-1.8434155283274036,-0.2827638340233965,-1.5874786241272156,-0.5223999924718135,-0.7380295659554568,-0.7649218679979238,T2 Trung tính
0.0002952976380142,0.9666368591188906,0.0119006236632266,0.0071428571428571,0.0225511458366935,0.9474774799566796,0.0230304879793,-0.0020401235765734,-0.1212192954148517,-0.0019416618994074,-0.0171833756946054,-0.8336392161969354,-0.0168232720843896,0.0303557136547207,1.0413461139557016,0.0313817028010543,0.0098923586303753,0.2506304237572404,0.0124765547628045,0.0234176415110087,-0.0161770434330299,7.887348370611968e-05,0.0577107812422703,0001166691-21-000008,2021-02-04,20.455900636902356,26.16503300750313,0.391263107523199,1.136832620217201,CMCSA,2020,en,US,48,55352,710,203,0.0128269981211157,0.0036674374909669,0.0110384448619742,0.0098280098280098,-0.5553121577217963,0.0207580575227634,0.0519945078768608,0.0,0.0,0.4293518748447976,13871.0,0.0117511354624756,0.0037488284910965,0.007281378415399,0.0046139427582726,-0.5162790697674419,20.05873909134253,12.845648673143728,11.017327214077412,-0.3582062262110412,10.921468071178648,0,-0.9383750360322034,0.12824599216141103,2021Q1,-1.2713813690416838,-1.8084617585986273,-0.2607105128188743,-1.5011257662879374,-0.5775204471280322,-0.3940120498701306,-3.155766245081575,T2 Trung tính
-3.815694075744625e-05,0.987178571898819,0.0090604681524523,0.0,-0.0042432768061427,-0.2341643243342905,-0.0045982241862083,-0.0234004990465141,-1.8262468650100476,-0.0233428135355344,-0.0075273539823154,-0.4796573173538632,-0.0075480123679958,0.001244926790094,0.0560941471518781,0.0008402723098857,0.0160510366262473,0.5341412335009271,0.0152544214859711,-0.0053459882351423,-0.0238163158119589,0.0003469044350969,-0.0096276372545455,0001166691-20-000008,2020-01-31,20.429411387259258,26.02531976690862,0.4120873292134922,0.9675745854486436,CMCSA,2019,en,US,48,68492,776,246,0.0113297903404777,0.0035916603398937,0.0107895812649652,0.0092127547742802,-0.5185909980430529,0.0200169362845295,0.0526338842492553,0.0,0.0,0.4489549839228295,12268.0,0.0082328007825236,0.0039941310727094,0.0083143136615585,0.0053798500163025,-0.3466666666666667,17.319164017474925,12.69408814750852,3.1967170142168477,0.0243861611653119,11.134472229108862,0,-0.8865199879834108,-0.032962766146560324,2020Q1,-1.577321851500296,-2.0040225514964143,0.005657336795883148,-1.5753242449089113,-0.7617223350709428,-0.9875784992633769,-0.5901669937484108,T2 Trung tính
0.001055563567092,0.8502856049888904,0.0132423936593934,0.0142857142857142,0.0034852696264226,0.1315951525104531,0.0061866009409788,-0.003164524334755,-0.1689767480026422,-0.0022024322326436,0.0206454013957234,0.9001112910499887,0.0213759031317924,0.0203529229035479,0.6274580106159475,0.0264650428913328,-0.0012663952558588,-0.0288341025181695,0.0064030749404607,0.0062337764391138,-0.0664889807097252,-0.0002210188782763,-0.0159980772717139,0001166691-19-000005,2019-02-01,20.292253718713404,25.84506599271311,0.4271912242491567,1.3431183254660275,CMCSA,2018,en,US,48,72038,784,256,0.0108831450068019,0.003553680002221,0.0106055137566284,0.0096615675060384,-0.5076923076923077,0.0214331325133957,0.0519448069074655,0.0,0.0,0.4158153613318199,12586.0,0.007230255839822,0.0037343079612267,0.0079453360877165,0.0050055617352614,-0.3188405797101449,20.021874548705355,13.733897218790178,3.8881980267403233,0.0859255960024893,11.184949036550263,0,-0.8505235340350809,0.2949940189958892,2019Q1,-1.6685896705964758,-1.6303286899145881,0.08471422763872824,-1.6302038225019742,-0.5799991228966553,-1.156714495729939,-0.17749404688599016,T2 Trung tính
-0.0005241690150095,1.0814540841998823,0.0142210472067218,0.0071428571428571,-0.0169501479546914,-0.5959528756320992,-0.0227444273113369,-0.0089831742498456,-0.4466663626321248,-0.0118118245632723,-0.0045002221453401,-0.182701346058196,-0.0078132116180247,-0.0066163730486702,-0.1899384023501483,-0.0169238849349186,-0.0169488883041188,-0.3593463988543481,-0.0252396426676977,-0.0216805487467323,0.0175269349982192,-0.0002236614450138,0.0263663596318547,0001166691-18-000004,2018-02-01,20.434685084493328,26.022738781892222,0.3426338308885296,1.0653641706592858,CMCSA,2017,en,US,48,66301,747,240,0.0112667983891645,0.0036198549041492,0.0103467519343599,0.0096529464110646,-0.513677811550152,0.0228352513536749,0.0529705434307174,0.0,0.0,0.3975328292877039,12540.0,0.0053429027113237,0.0047846889952153,0.0073365231259968,0.0053429027113237,-0.0551181102362204,21.91933969070178,14.959421198832452,3.089365731654041,0.0448198014870286,11.101960259016467,0,-1.0710929504818374,0.06331668499278625,2018Q1,-1.590193670779486,-1.2603494503567712,0.04129659580403037,-1.7073534489168782,-0.4524185120217825,-1.475123515092831,-0.4531424892335366,T2 Trung tính
0.0005756210023028,0.8064610791270042,0.0075721004823846,0.0071428571428571,-0.0089702745979662,-0.5923240598057414,-0.0075498134547444,-0.0049020361945324,-0.4577677016885223,-0.0033852905574395,-0.0090726982779299,-0.6917664134575046,-0.0083863450813498,-0.0081770603592645,-0.4408645818231744,-0.0073108018994532,-0.0227988507053979,-0.907821039486173,-0.022124430385831,-0.0076046150243829,0.0562109947390343,0.0007164218251149,0.066587278742056,0001193125-17-030512,2017-02-06,20.19127194671337,25.92384140002641,0.2974088077485049,1.0050102077799858,CMCSA,2016,en,US,48,64117,711,202,0.0110891027340642,0.0031504905095372,0.0109955238080384,0.0094202785532698,-0.5575027382256298,0.0215387494736185,0.05302805808132,0.0,0.0,0.4222965906714077,11636.0,0.005156411137848,0.00429700928154,0.0079924372636644,0.005156411137848,-0.0909090909090909,20.64409828657112,14.916616581412836,2.149992734172314,0.1174084937479347,11.06846481835507,0,-1.2126476295623934,0.004997698454467937,2017Q1,-1.626504124916332,-1.6024593813331138,-0.2766005398038309,-1.5139226435376458,-0.5381624204346344,-1.506585883280965,0.033624892096081195,T2 Trung tính
-0.0001704691618347,0.9608967384572188,0.0085391761578325,0.0,-0.0303889113985625,-1.779381923787135,-0.0300029691588618,-0.0056228750874103,-0.4656155383825677,-0.0053843986430085,0.032921134515563,2.225861783768693,0.0337118188062606,-0.0391407110544963,-1.8712728347782523,-0.0405047815813942,-0.0503579824796522,-1.7780992834696827,-0.05311357483663,-0.0296131795037402,0.0916298478475815,0.0002559583504484,0.0060119020866987,0001193125-16-452423,2016-02-08,20.11040293087473,25.718403437798827,0.3539023895009409,1.3702404266139678,CMCSA,2015,en,US,48,66524,782,203,0.0117551560339125,0.003051530274788,0.0098761349287475,0.010417293007035,-0.5878172588832488,0.0210300042090072,0.0548674162708195,0.0,0.0,0.4458308575955634,11778.0,0.0057734759721514,0.0042452029206996,0.0073017490236033,0.0048395313295975,-0.1525423728813559,23.128934506763965,17.447003751727635,2.1963988033661126,0.0290367005625739,11.10531806379003,0,-1.0387341397435363,0.31498621832159285,2016Q1,-1.4904023289372148,-1.7367027712101444,-0.49649592846570717,-1.8476675255808734,-0.3710885090990811,-1.4024829436629813,-0.5589812702745822,T1 Tiêu cực
0.0001850739998243,0.9650702684315604,0.0093679988337605,0.0142857142857142,0.0167484828195979,0.8939199885059445,0.017544877588292,0.0078538204238893,0.5928149414301568,0.0081685566970906,0.0144102908223901,0.8881069941452924,0.0150133640197384,0.0302265233174335,1.3172425285256706,0.0317503806620249,0.0153936999677748,0.4954500163454094,0.0178016616721,0.0176426121177465,0.0112945330200079,0.0001453611416128,-0.0154412885853897,0001193125-15-068526,2015-03-02,20.19763969660873,25.75617483131689,0.3436660658286009,1.3933317085507178,CMCSA,2014,en,US,48,68255,858,206,0.0125705076551168,0.0030180939125338,0.0107098381070983,0.0113398285839865,-0.6127819548872181,0.0223133836348985,0.0555856713793861,0.0,0.0,0.4271205567049088,13493.0,0.0058548877195582,0.0036315126361817,0.0082264878084932,0.0050396501889868,-0.234375,28.26820378129532,19.588294269131197,4.724445866105203,0.0935895908577367,11.131005970437078,0,-1.0680848319512044,0.33169779175595027,2015Q1,-1.323792809810646,-1.3980554822536233,-0.6775847733997837,-1.5990996024351558,-0.025537437312166178,-1.3887482406733802,-0.1261006054281446,T1 Tiêu cực
-0.0004173896156439,0.4000417243604147,0.0136563905426428,0.0,-0.0141921505943258,-0.5196157267914254,-0.0238322257148417,-0.0128283902443387,-0.664234206333982,-0.0136920842481177,-0.0122540790232797,-0.5180648430249375,-0.0112632698323664,-0.0297515998439418,-0.8894033703069232,-0.0333951115118391,-0.0198404312580443,-0.438045110597572,-0.0369678556091631,-0.0239429609962971,0.0125147179275088,-0.0004610892161564,-0.0011267928434961,0000093410-24-000013,2024-02-27,20.97652256392861,26.3822434518766,0.5611088485391866,1.1475829383825014,CVX,2023,en,US,29,53061,778,266,0.0146623697254103,0.0050130981323382,0.0136258268784983,0.0101958123668984,-0.4904214559386973,0.0253104916982341,0.0613256440700326,0.0,0.0,0.4157058951490102,11840.0,0.014527027027027,0.0047297297297297,0.0179898648648648,0.0087837837837837,-0.5087719298245614,24.96978655610917,21.8674606139651,14.469630525541142,0.0290271130111068,10.879197474102904,0,-0.5778403663634808,0.1376579377981911,2024Q1,-0.8963402549289515,-0.6072040007025283,0.2099934857795724,-0.7296999268132565,-0.24731441502607096,0.07429931040498576,-0.5590455627583789,T2 Trung tính
0.0011138579311542,0.7085748252118912,0.0175458065581095,0.0,0.0071931893712955,0.2049831493203968,0.0160858064833272,0.0085504460274098,0.3445882267154393,0.0129535187801246,0.0135134296171828,0.4446636409284663,0.0174772304019514,0.0060619158230301,0.1410460535679447,0.0102667494358453,0.0008695117806133,0.0149418988081669,0.0240965364679326,0.0159270110567942,-0.0994966354438209,0.0013712811587911,-0.0215106271572647,0000093410-23-000009,2023-02-24,20.96437780362777,26.455790320747894,0.5158969371682748,1.4035845866898475,CVX,2022,en,US,29,50432,692,238,0.0137214467005076,0.0047192258883248,0.0131265862944162,0.0097953680203045,-0.4881720430107527,0.0254798540609137,0.0612507931472081,0.0,0.0,0.4124371284865112,12018.0,0.0122316525212181,0.0048260941920452,0.0176402063571309,0.0079048094524879,-0.4341463414634146,23.59316457175047,19.2431494042366,12.858174022838824,0.1256558179529383,10.82838117321755,0,-0.6618482676201102,0.33902938339692734,2023Q1,-1.0886091222951637,-0.5625140954292802,0.22631027124479508,-0.8785481000693824,-0.3398748894300817,-0.3129456277199323,0.08893004061448288,T2 Trung tính
0.0024335897601515,0.5497525150794369,0.0128004313338457,0.0,0.1136064751343819,4.437603396769673,0.1129404494245555,0.0509719607239397,2.815734730982966,0.0468656744546788,0.0351513919709077,1.5854673243027564,0.0267444086351644,0.13030446755318004,4.625777328716618,0.1213844228327632,0.157088504320193,5.300945267581875,0.1595892107721702,0.1202344696827995,0.1781445117883718,0.0009828650647273,0.0243742139422322,0000093410-22-000019,2022-02-25,21.02775096538943,26.29400282222236,0.5295216887918732,1.3904414508397245,CVX,2021,en,US,29,48608,688,242,0.0141540487162606,0.0049786043449637,0.0132282751810401,0.0099160631994733,-0.4795698924731182,0.0245638578011849,0.0623148452929558,0.0,0.0,0.4345252190385981,11130.0,0.0141060197663971,0.0049415992812219,0.017340521114106,0.0084456424079065,-0.4811320754716981,22.49932259664557,18.823192031334123,11.847828501918649,0.1094010639749467,10.7915434053955,0,-0.6357811538883827,0.3296212872535785,2022Q1,-1.0002109245809874,-0.8042194273002807,0.288708527749164,-0.8482296414003098,-0.4134219730079279,0.0032725868005456,-0.02007156530486568,T2 Trung tính
-0.0008250544292166,1.070071928193672,0.0204607871169885,0.0,0.0181414785700824,0.4433230859193023,0.0146936526389154,-0.0211851509364364,-0.7321401567770945,-0.0215010517889665,-0.0034582515850482,-0.0975828775372606,-0.0063144841099623,0.0651336524938402,1.299593321128856,0.0604616677367918,0.0645757619168947,0.951592169517777,0.0576169548739042,0.0146273158580193,0.0880927791623108,-0.0006981984871713,-0.0163171877119111,0000093410-21-000009,2021-02-26,20.432961493496308,26.00730504832781,0.6679087457361751,1.4938505560171924,CVX,2020,en,US,29,49934,740,228,0.0148195618216045,0.0045660271558457,0.0137581607722193,0.0092522129210557,-0.5289256198347108,0.0252733608363039,0.0628830055673489,0.0,0.0,0.4266242616992276,11393.0,0.0171157728429737,0.0046519792855262,0.0172913192311068,0.0071974019134556,-0.5725806451612904,26.622383104242527,19.08731037052053,17.505590522561764,-0.0809444210259243,10.818457412442868,0,-0.4036037229566171,0.4013570522677173,2021Q1,-0.8642195123237794,-0.6170017779425278,-0.06930791504552936,-0.6902446842542863,-0.13619813021320495,0.5110379387989359,-1.2964959007752326,T2 Trung tính
-0.0014519121938553,0.9255135808697588,0.0095176720547272,0.0071428571428571,-0.0348200203087553,-1.8292298846050823,-0.0323048988439521,-0.015700964269903,-1.166488847543547,-0.013853030173886,-0.0117994077610409,-0.7157623427182045,-0.0106199300283459,-0.0404748952281355,-1.7361185265238597,-0.043679250979949,-0.0942202185266561,-2.984812316607715,-0.096278273437143,-0.0289469205908226,-0.0927089151676683,-0.0007707240250597,-0.0202098744348079,0000093410-20-000010,2020-02-24,20.127586213759542,26.04561802245588,0.7039409443872757,0.8415901974239136,CVX,2019,en,US,29,46147,706,177,0.0152989360088413,0.0038355689427265,0.0131752876676707,0.0112033284937265,-0.5990939977349944,0.0253754306888855,0.0619541898714976,0.0,0.0,0.4188585607940446,9945.0,0.0165912518853695,0.0039215686274509,0.0173956762192056,0.0076420311714429,-0.6176470588235294,22.9103826135085,17.97841601657164,14.024605249444782,-0.0412149672955274,10.739587232400936,0,-0.3510608121562351,-0.17246208461415602,2020Q1,-0.7662638564568722,-0.5900684500711185,-0.5782951065114224,-0.8640278253258432,-0.38578336880019537,0.4225477663854017,-1.0300769648273138,T1 Tiêu cực
0.0002457975533287,0.8734399124819532,0.0114440593295492,0.0,0.0031794353964083,0.1389120461914638,0.00453321281221,0.0037244266026884,0.2301252755648114,0.0041601573940507,-2.2808522931809e-05,-0.0011506849514923,-0.0001526698584374,0.0212805245010983,0.7591482617811587,0.022744348468219,0.0353639699997052,0.9317181812127848,0.0384677218334719,0.0045205990350644,-0.0093130785534887,0.0004759480439579,0.0167228300654844,0000093410-19-000008,2019-02-25,20.19182254881393,26.14754819439727,0.6813093567567857,0.8508788414967935,CVX,2018,en,US,29,46822,706,186,0.0150783819571996,0.0039724915637947,0.0124941266925804,0.0138610055102302,-0.5829596412556054,0.0266541369441715,0.0617871940540771,0.0,0.0,0.3972470417773485,10430.0,0.0160115052732502,0.0037392138063279,0.0162032598274209,0.0070949185043144,-0.6213592233009708,24.833525645077824,18.95591670127612,13.899164968215704,-0.0542826680513098,10.754108456920264,0,-0.38373880761593754,-0.16148553246376823,2019Q1,-0.8113320252441799,-0.2526542777786101,-0.4612597547433641,-1.0671154148934399,-0.25647624355350046,0.32474065893077136,-1.1177067357843125,T1 Tiêu cực
0.0002713350173788,1.0960686197843024,0.0096869589766905,0.0071428571428571,0.0134575114643222,0.6946200297071871,0.0149254654295387,0.011424941158251,0.8339720842315931,0.0146369154232486,0.0176969836579042,1.054753953570065,0.021273820648737,0.0194625823682823,0.8202332640184143,0.0206803715705743,0.0291658371271607,0.907800971296214,0.0351054814272204,0.0148227397503002,-0.1275553844716144,-0.0002201267947126,0.0130134943347965,0000093410-18-000010,2018-02-23,20.13653032438292,26.069981524884067,0.7056288223473264,0.7459291041773782,CVX,2017,en,US,29,47060,738,208,0.0156821079473013,0.0044198895027624,0.012558436039099,0.0133021674458138,-0.5602536997885835,0.0271355716107097,0.0620696982575435,0.0,0.0,0.3916150547879943,10462.0,0.0172051233033836,0.0047792009176065,0.016058115083158,0.006595297266297,-0.5652173913043478,24.52077219721857,19.105711151641994,14.634619687803273,0.0041187923261895,10.759178662281354,0,-0.3486659271259007,-0.29312471790922584,2018Q1,-0.6879662352228306,-0.1256173771210983,-0.2965554574128467,-1.0479416356419227,-0.27750497027315135,0.5261119554464595,-0.7260765100791565,T2 Trung tính
0.0001965078400628,0.9836205198487464,0.0090935102396201,0.0142857142857142,0.0115036930020513,0.6325221338581718,0.0120668516335409,0.0038322733983146,0.297995651393504,0.0041841545159642,0.0090215381113391,0.5727807326143906,0.00956306428436,0.0134885001778019,0.6055590188392594,0.0145324030380382,-0.0090967403117456,-0.3016184433068528,-0.0069981259337505,0.0121604625073399,-0.0706953775716074,0.0005401901261663,0.0291094392212022,0000093410-17-000013,2017-02-24,20.022552695586395,26.07119343785904,0.6925556323504867,0.9155121657222904,CVX,2016,en,US,29,47469,738,200,0.0155469885609555,0.0042132760327792,0.0123027660157155,0.0136510143462048,-0.5735607675906184,0.0271124312709347,0.0605869093513661,0.0,0.0,0.381695892385299,10567.0,0.0162770890508185,0.0046370776947099,0.0158985520961483,0.006719030945396,-0.5565610859728507,25.628442800314023,20.575332671594392,13.95931397508874,-0.0359963520430028,10.767832145387093,0,-0.3673667086232004,-0.0882716263460442,2017Q1,-0.7155766248980234,-0.13172345391510126,-0.39308223015411237,-1.1241694447391226,-0.2030280857901145,0.369546407731739,-0.9950818216236348,T2 Trung tính
0.0007486864418704,1.3268787509429307,0.0165007923074138,0.0,-0.0048017656606737,-0.1455010635615454,0.0040676481936355,-0.0101661402655274,-0.435648578948429,-0.0119346426709522,-0.0256209226221507,-0.8964567456642126,-0.0229312285106876,-0.0062829605707287,-0.155447560593765,0.0063081160993979,0.0497793965049168,0.909595884418438,0.0697908351100992,0.0037659326622718,0.063195268363585,-0.0001493738692981,0.0102292011921236,0000093410-16-000049,2016-02-26,20.36651293285759,25.80238957663765,0.9507123318730036,1.2903847686205994,CVX,2015,en,US,29,45460,661,197,0.0145402551693796,0.0043334799824021,0.0122965244170699,0.0131544214694236,-0.5407925407925408,0.0248130224373075,0.0601187857457105,0.0,0.0,0.4156954156954157,9998.0,0.0153030606121224,0.0043008601720344,0.0164032806561312,0.007001400280056,-0.5612244897959183,25.4339370298126,19.450032446031862,14.171894600402924,-0.0214570757141336,10.724588097406535,0,-0.050543752340173505,0.2549404441483801,2016Q1,-0.9212932285044235,-0.7384719742677099,-0.1553881544698647,-1.1260303722883191,-0.21610614686751056,0.20522133506048906,-0.8975839160325881,T2 Trung tính
-0.0015134485654036,1.2620768758642056,0.0109229706063642,0.0,-0.0083584330523613,-0.3826080538700438,-0.0143562267736514,-0.0059587217038084,-0.3857423658644149,-0.0083421069664314,-0.0098700523410442,-0.5216966685507153,-0.0121612633762989,-0.0201920302484987,-0.7546813158264195,-0.0283863004568223,-0.008438363500626,-0.2329276912662633,-0.0289069059192338,-0.01438860508392,-0.0177419048689809,-0.00052305399724,-0.057228760253621065,0000093410-15-000010,2015-02-23,20.269942770000146,26.04230497178185,0.759243004292866,0.9042539641974848,CVX,2014,en,US,29,46502,627,187,0.0134832910412455,0.00402133241581,0.0123650595673304,0.0124510773730162,-0.5405405405405406,0.0236333921121672,0.0604920218485226,0.0,0.0,0.4381390593047035,10139.0,0.0157806489791892,0.0039451622447973,0.016076536147549,0.0071012920406351,-0.6,24.51519285310991,17.51069381593417,16.908551931140074,-0.0552086113672703,10.7472506014032,0,-0.27543338906926984,-0.1006450241977092,2015Q1,-1.137274015863809,-1.0497428295739855,-0.15356019571761065,-1.1055966730952425,-0.27788011082983904,0.28579366745588985,-1.1239159536270826,T2 Trung tính
-0.0001466215746485,0.2182427446091535,0.0138739291574272,0.0,0.0130108620911738,0.468896083565796,0.0109776865453231,0.0119507524977834,0.6090890356709718,0.0013094482491424,0.0152468700311987,0.634483888228549,0.0057552189569639,0.0262496007389774,0.77240949592925,0.0118487605473686,0.0650280695088696,1.4132046120777084,0.0508670890089562,0.0108998584714068,0.0099534585304492,-0.0004612321571482,-0.0308952989407372,0000034088-24-000018,2024-02-29,21.34956516909145,26.748951883705026,0.4947798375324097,1.1146103167903356,XOM,2023,en,US,29,45823,638,366,0.0139231390349824,0.0079872553084695,0.0125919298169041,0.0066123998865198,-0.2709163346613545,0.023634419396373,0.0523099753398948,0.0,0.0,0.3775862068965517,15524.0,0.0136562741561453,0.012738104091278,0.0130765266683844,0.0040582324143262,-0.0119331742243436,25.60834347813355,12.11616651875977,19.67278865969096,0.3533793215826153,10.732541427456502,0,-0.7036423880159441,0.10850485215777549,2024Q1,-1.0473951699530717,-1.0494717585218365,1.802239145927337,-1.0379554930872221,-0.20437951182962413,-0.07260248742945964,1.6160049895693482,T3 Tích cực
0.0018605854055588,0.6908901841996785,0.0172190668215876,0.0,-0.0021700202173344,-0.0630121318367221,0.0068707651486341,0.0091717441166434,0.376640762672204,0.0145027965813249,-0.0045547471897295,-0.1527193397486674,0.0031232923309173,0.0056504016531012,0.1339658437483258,0.0175292529587122,-0.0130603900760627,-0.2286915901625322,0.0129238973440862,0.0068771830598581,0.0088717861564031,0.002093594586122,-0.0410700244051634,0000034088-23-000020,2023-02-23,21.240410783618145,26.82517365250977,0.4366352910846865,1.4243873699098986,XOM,2022,en,US,29,45004,640,341,0.0142209581370544,0.0075771042573993,0.0122655763932094,0.006332770420407,-0.3047910295616717,0.0242645098213492,0.0522842414007643,0.0,0.0,0.3660377358490566,14934.0,0.0138609883487344,0.012387839828579,0.0132583366813981,0.0043524842640953,-0.0561224489795918,23.764889642721144,11.846542094187564,19.37103184703861,0.3783304467797279,10.714506653690963,0,-0.8286570065143796,0.35374180542759553,2023Q1,-0.9865386068550147,-0.8832088358733283,1.5565189748899106,-1.135257500379262,-0.3283285432168817,-0.03806584225812093,1.7833229766433076,T3 Tích cực
0.0024770585169911,0.7563405416317495,0.0160854760904067,0.0,0.0067014575577843,0.2083077156100166,0.0118794266148646,-0.018910089438289,-0.8312748966524492,-0.0230516663723758,-0.0034068042023732,-0.1222792109019139,-0.0005850347395277,0.0151325968611985,0.3840642803570841,0.0220025639524071,0.0757945289817286,1.42071706280106,0.1007220639268179,0.0121497383746058,0.2057454361540733,0.0012605475905087,0.0026345673850846,0000034088-22-000011,2022-02-24,21.21139441357971,26.507130638683417,0.5186779114199589,1.4103708375655732,XOM,2021,en,US,29,42437,565,329,0.0133138534769187,0.0077526686617809,0.0120178146428823,0.0061267290336263,-0.2639821029082774,0.0234936494097132,0.0527134340316233,0.0,0.0,0.383426097711812,13486.0,0.0145335903900341,0.012738104091278,0.0135696277621236,0.0041524543971526,-0.0594594594594594,19.429637000051432,10.473135944366144,15.745286941992267,0.3524952679220587,10.655775902199244,0,-0.6564721830313182,0.3438526751758835,2022Q1,-1.171897005970542,-1.0866169498713705,1.8525386576245864,-1.2091274643100478,-0.619819632147648,0.07540659337564849,1.6100766766062593,T3 Tích cực
0.0003188799433648,0.9810968794291732,0.0238578754307879,0.0,0.001966840240749,0.0412199369230265,0.0034979133782631,-0.0134682709064007,-0.3991766038179427,-0.0122779912984026,0.0050486116830761,0.1221742196916838,0.0063431903107472,0.0740851086376247,1.2677205494630672,0.0767545612419652,0.073259782217089,0.9258433553242492,0.0766783402965556,0.0029355663033916,0.1643426553793321,-0.00046660883189,-0.0226971760189683,0000034088-21-000012,2021-02-25,20.789703272784767,26.204065157431973,0.6546866483762414,1.7769112845603006,XOM,2020,en,US,29,43527,578,284,0.0132791141130792,0.0065246858271877,0.0122682472947825,0.0064787373354469,-0.3410672853828306,0.0232499368208238,0.0530934822064465,0.0,0.0,0.3909118266626542,13460.0,0.0150074294205052,0.0108469539375928,0.013670133729569,0.0040118870728083,-0.160919540229885,21.80731530994697,9.875926268384353,16.53473193174514,0.4425739328656345,10.681136714183795,0,-0.4235985572419856,0.5748766236495542,2021Q1,-1.1789956718142587,-1.1509257628747045,1.2933783676843496,-1.1344611732520635,-0.4599507394199315,0.15534638776283455,2.214128829669598,T3 Tích cực
-0.002080391515965,1.0659914946233682,0.0102119182430799,0.0,0.0169562587710494,0.8302190816372764,0.0063599493801843,0.0323599380730638,2.240708464910217,0.0247410962564563,0.0165124756777369,0.9335642971866636,0.006563890803124,-0.0099449468643673,-0.3975754074297614,-0.0241555958100287,-0.0803494285720042,-2.3723519585771142,-0.1173425917918383,0.0040084447097394,-0.1854136055632443,-0.0015850343970662,0.0170662547148705,0000034088-20-000016,2020-02-27,20.529784288945493,26.136466145656858,0.8542515983911086,0.7173164877561105,XOM,2019,en,US,29,40961,463,262,0.011303434974732,0.0063963282146431,0.0121090793681794,0.0071775591416225,-0.2772413793103448,0.0229242450135494,0.0548814726202973,0.0,0.0,0.410731095073737,12530.0,0.0117318435754189,0.0106145251396648,0.0145251396648044,0.0046288906624102,-0.05,19.771102612788734,10.057493827305487,12.609539007860263,0.4153182384651154,10.620375673477872,0,-0.15752951688388156,-0.3322381302556862,2020Q1,-1.5827073253242276,-1.2368665574236166,1.7563585540122582,-1.1819169608447253,-0.5968603742927442,-0.397266719463558,2.0313567948466718,T3 Tích cực
-0.0001489284529684,0.8439038294418941,0.0097848366621411,0.0,0.0105089670648264,0.5370026821953552,0.0100603394022878,0.0036003656547223,0.2601824697856776,0.0026672266372649,0.0145055691166632,0.8558951491400452,0.0135084256722565,0.0229215309087261,0.9563446106881078,0.0244618265503669,0.009150163331047,0.2819544305450322,0.0065789420884514,0.0100378108062606,0.0270238957691947,0.0002068342817841,0.0256434102802567,0000034088-19-000010,2019-02-28,20.48269858442874,26.54198211979906,0.5698999821407795,0.7788343975284735,XOM,2018,en,US,29,40700,483,248,0.0118673218673218,0.006093366093366,0.0124078624078624,0.0073464373464373,-0.3214774281805745,0.0238574938574938,0.0549631449631449,0.0,0.0,0.3946384039900249,12297.0,0.0111409286817923,0.0096771570301699,0.0153696023420346,0.004635276896804,-0.0703125,20.57358526716799,10.45155424636896,11.03124443421826,0.409195394157432,10.613983371430686,0,-0.5622944034786472,-0.24995683911420016,2019Q1,-1.4674822842831654,-0.9906087598092536,1.4354792213304748,-1.0928350410755314,-0.542903532084579,-0.4969579902520194,1.9902980459271082,T3 Tích cực
-0.0005611042392604,0.8315852376723534,0.0073322988376873,0.0,0.0036138101896874,0.2464309127113578,0.0004569071723319,0.0055102186821035,0.531390370494655,0.0057779030147476,-0.0074115163655415,-0.5835879119867368,-0.005836241665648,-0.0256617625450768,-1.4287975601143827,-0.0306110306505119,-0.02126318706942,-0.8743631793015463,-0.0295627673677235,0.0005440179170352,-0.0915740786000736,-0.0005722438562175,-0.0091901269710473,0000034088-18-000015,2018-03-01,20.45966330259016,26.49453677385247,0.5847973352965506,0.6575109807369963,XOM,2017,en,US,29,42121,467,234,0.0110871061940599,0.0055554236604069,0.0124640915457847,0.0078345718287789,-0.3323823109843081,0.0231475985850288,0.0541535101255905,0.0,0.0,0.4011056511056511,12643.0,0.0109151309024756,0.0097287036304674,0.0148698884758364,0.0050620896939017,-0.057471264367816,20.62728537038835,9.910604041140711,11.441908856055583,0.4400158089026809,10.64830170765649,0,-0.5364899271633952,-0.41929381432899443,2018Q1,-1.626912099293745,-1.1779299094344802,1.3563774116887468,-1.0760703694315195,-0.5392928771000616,-0.5350515766619744,2.1969744869782075,T3 Tích cực
-0.001200544995243,0.942209045072592,0.0090968669138463,0.0071428571428571,0.0093891371131825,0.5160643330337905,0.0045666171666319,0.0025428574127586,0.1976583517359436,3.125083684651919e-05,-0.0069601166346766,-0.4417372762159831,-0.0106097268260061,0.0287060037143573,1.288265185522055,0.0210308167490518,0.0219676007250632,0.7281057197483766,0.0087041110241061,0.0044718818836715,-0.0927479835209611,-0.0004195204610778,0.0071618910407115,0000034088-17-000017,2017-02-23,20.309495272938427,26.539118361818677,0.4986182550809282,0.669426009695399,XOM,2016,en,US,29,40278,431,218,0.0107006306172103,0.0054123839316748,0.0119668305278315,0.0068275485376632,-0.3281972265023112,0.0224440141019911,0.0525845374646208,0.0,0.0,0.4017207147584381,12110.0,0.011478117258464,0.009496284062758,0.0146160198183319,0.0046242774566473,-0.0944881889763779,19.48897986166541,9.943131348348563,12.080085942503477,0.2942547628702596,10.603560693166807,0,-0.6959144958855542,-0.40133463572312766,2017Q1,-1.70588478830118,-1.3635858214163301,1.3867351662825078,-1.2243283366596878,-0.6158295727951961,-0.4400720358340292,1.219525789844427,T3 Tích cực
0.0012703300130807,1.1298554708088715,0.0132681026632736,0.0071428571428571,-0.0362158931886177,-1.3647728732482585,-0.0278588421023538,-0.0104093424628759,-0.5547527653344678,-0.006637891393542,-0.0131258040740107,-0.5711582663915413,-0.0075074923847064,-0.0334925753286031,-1.0305381988776925,-0.0216088652102207,-0.0398495466061364,-0.9055620598481222,-0.0218532508522095,-0.0281020787328544,0.1121140157021265,0.0002496685674321,-0.0158401361456833,0000034088-16-000065,2016-02-25,20.640801342810946,26.547886541544926,0.5045627721204126,0.8785079511025107,XOM,2015,en,US,29,38053,386,212,0.0101437468793524,0.0055711770425459,0.01229863611279,0.0068325756182166,-0.2909698996655518,0.0229416865950122,0.051769899876488,0.0,0.0,0.3858600070348223,11269.0,0.0105599432070281,0.0100275090957494,0.0154405892270831,0.0045256899458691,-0.0258620689655172,18.547815505173897,9.662102197657315,10.510669018485071,0.3575452265655622,10.546735203808643,0,-0.6840630225075138,-0.12953032062473008,2016Q1,-1.819678799818406,-1.232264220688018,1.6567746498708613,-1.1254007719304329,-0.679111011213879,-0.5949741020704493,1.6439408373750701,T3 Tích cực
-0.0010393800133164,1.1412268360188411,0.008535758030194,0.0071428571428571,-0.0148560582784687,-0.8702248954291701,-0.0194155036466191,-0.0047065658871306,-0.3898944467637003,-0.0074112902479342,-0.0007802596838273,-0.0527759968009904,-0.0046325047859498,-0.0192027558043723,-0.9184295292344132,-0.0262918170690353,-0.024489324076093,-0.8650443234056276,-0.0391065302757022,-0.0192221413212182,-0.0428487659005686,-0.0005986921052595,0.0087869682824991,0000034088-15-000013,2015-02-26,20.644394632961557,26.652440643002496,0.4640193483743567,0.7113960771281415,XOM,2014,en,US,29,36554,388,202,0.0106144334409366,0.0055260710182196,0.0117907752913497,0.0073863325491054,-0.3152542372881356,0.021037369371341,0.0533730918640914,0.0,0.0,0.4345588235294118,10350.0,0.0119806763285024,0.0101449275362318,0.0145893719806763,0.0042512077294685,-0.0829694323144104,18.190578259052103,8.786024409740056,10.81885112825328,0.3375113271828741,10.506545898314387,0,-0.767829028542599,-0.3405259337813534,2015Q1,-1.7234983794384826,-1.734759314577797,1.4806209867393885,-1.276819061929294,-0.7031307125926997,-0.355286979849209,1.5095969273721044,T3 Tích cực
0.0007976790960388,1.233144302286857,0.0148835630772425,0.0,-0.0199935078709418,-0.6716640285387246,-0.0141033786063357,-0.017236910975103,-0.8189125529921388,-0.0181615610147244,-0.0051315165611063,-0.1990573394643534,-0.0039012960753607,-0.0071595179468281,-0.1963818036829549,-0.0004757680037242,0.01409414629364,0.2855193328114293,0.0275854390973244,-0.0144256403733985,0.0540815704133507,0.0003342771451255,-0.0362283943076428,0000018230-24-000009,2024-02-16,20.506639490176283,25.80674145883368,0.1208302155573687,1.4722071780964463,CAT,2023,en,US,35,52395,942,253,0.0179788147724019,0.0048287050291058,0.0159938925469987,0.0099436969176448,-0.5765690376569038,0.0270445653211184,0.0606355568279416,0.0,0.0,0.3831084022638223,11420.0,0.0154991243432574,0.008231173380035,0.014185639229422,0.0044658493870402,-0.3062730627306273,23.395657442123504,12.753420600765978,8.173918601563184,0.384008101420477,10.866566445909042,0,-2.113368895972247,0.3867627563923306,2024Q1,-0.2186555602289804,-0.14963134573110784,-0.4149036114946572,-0.023663077755998154,-0.3531547540727802,0.23829858987872068,1.8213963596385243,T2 Trung tính
0.0024280555875299,0.9488457986462135,0.0148352804999925,0.0,0.0079559735505649,0.2681436845959502,0.0193984461388657,0.0145909429711184,0.6954607106208228,0.0200105466170675,-0.0028440014799129,-0.1106810902567194,0.0050180021349979,-0.0119270542297411,-0.3282175554121836,0.0041794008360971,0.0422318555153065,0.8583176799683899,0.0708695917700485,0.0186185066243653,-0.033091108426131,0.0012890178513726,0.0045543474454115,0000018230-23-000011,2023-02-15,20.417888254478036,25.560929203937278,0.1257705773501346,1.547220640970448,CAT,2022,en,US,35,52955,952,240,0.0179775280898876,0.0045321499386271,0.0154093097913322,0.0104050609007648,-0.5973154362416108,0.0263620054763478,0.0600132187706543,0.0,0.0,0.3895933537385221,11877.0,0.0164182874463248,0.0079144565125873,0.0133872189946956,0.0050517807527153,-0.3494809688581315,23.722835492967484,12.534503071378492,10.668230183966315,0.3352563259378076,10.87719777527777,0,-2.073295846410157,0.4364601864826408,2023Q1,-0.21891848183163712,-0.32973945430672785,-0.5653937819196926,-0.19795594991496723,-0.3311561546425916,0.39336751570030815,1.4944752738918252,T1 Tiêu cực
-0.0002146152732425,0.7847608166687469,0.0150514123580167,0.0,-0.0303894207710812,-1.009520570170782,-0.0231546653554353,-0.0262203135948616,-1.231815400890893,-0.0222819256146326,-0.0207691840869131,-0.7966756699109024,-0.0204390275685241,-0.0615992980816632,-1.670793912055612,-0.0540500644129801,-0.019118196732141,-0.3829775615402513,-0.0164828956698358,-0.0227803419579002,0.0583863535274987,-0.0002337527622732,0.0354528564914504,0000018230-22-000050,2022-02-16,20.32251919323788,25.414659501764127,0.1512224342851863,1.6002648284464174,CAT,2021,en,US,35,54151,903,247,0.0166755923251648,0.0045613192738822,0.0151243744344518,0.0095843105390482,-0.5704347826086956,0.0263891710217724,0.0594448855976805,0.0,0.0,0.3851118760757315,12699.0,0.013859359004646,0.0081108748720371,0.0122844318450271,0.0039373178990471,-0.2616487455197133,23.99447679628799,13.276770543788738,9.49428632636937,0.1080136355385184,10.899531719479302,0,-1.8890034513411456,0.47016913332819016,2022Q1,-0.48495694432191544,-0.32257124035107937,-0.37040696867415474,-0.28290919434261824,-0.3128917013731032,-0.03834072343724868,-0.029375423602174846,T2 Trung tính
0.0017787163924055,0.7652666899414216,0.0175648953233153,0.0,0.0804831055247093,2.2910214960938937,0.090960284863352,-0.0120929686309711,-0.4868244282836903,-0.0074237831085012,0.0087367651323935,0.28717357024829,0.0153182942463536,0.0873997419858969,2.0313696492892266,0.0984748525250452,0.0649786669738953,1.1153955026514744,0.091187822396012,0.0917410562552633,0.0458462335601912,0.0011581667263243,0.0210399374757462,0000018230-21-000063,2021-02-17,19.998428530213243,25.42700085713217,0.1389198545854021,1.7733533429482664,CAT,2020,en,US,35,55394,969,222,0.0174928692638191,0.0040076542585839,0.0148391522547568,0.0087915658735603,-0.6272040302267002,0.0302198794093223,0.0585081416759937,0.0,0.0,0.3188199389623601,13637.0,0.0151792916330571,0.0057197330791229,0.0114394661582459,0.0041064750311652,-0.4526315789473684,24.4067591381775,13.14455841793024,10.019429142769631,-0.4437956635653972,10.922226563621058,0,-1.9738580978574445,0.5728722982392273,2021Q1,-0.3179540044843694,0.6882436317401096,-0.7821995848264401,-0.3679479547586777,-0.28517091121627103,0.1843406855113055,-3.7297144041241523,T1 Tiêu cực
-0.000919036081515,1.3149583342834732,0.0124208255927273,0.0,0.0482504687981832,1.9423213230863932,0.0199674975162529,0.0232424985561352,1.3231751962111669,0.0168899324346826,0.0200237767688638,0.9307539842170826,0.0142343010485225,0.068485362832283,2.250980185604363,0.0232646552114095,0.0407831135720009,0.9899963023682968,-0.0033718688924541,0.0187442534815768,-0.110108761424402,-0.0008374070040136,0.0197733104012883,0000018230-20-000056,2020-02-20,19.70588362290549,25.04453753489593,0.1937721247513507,1.7292709907699135,CAT,2019,en,US,35,58639,1082,242,0.0184518835587237,0.0041269462303245,0.0143078838315796,0.0089360323334299,-0.6344410876132931,0.0296560309691502,0.0584593870973243,0.0,0.0,0.326882136636346,16176.0,0.0201533135509396,0.0071092977250247,0.0108184965380811,0.0056256181998021,-0.4784580498866213,25.71157882040673,12.925691059625208,20.694550765941017,-0.2474411597987637,10.979155283209122,0,-1.6410724250030853,0.5476999270803207,2020Q1,-0.12198835438415852,0.5394600827798842,-0.8346957322920994,-0.5263452021378776,-0.19743823647252787,1.023491248936948,-2.4129946143913306,T1 Tiêu cực
0.0004030732933822,1.5533554726275691,0.0153792956217558,0.0,0.0289549894331139,0.9413626652755728,0.0364484385809081,0.0040247316522323,0.185048464750476,0.0116800333493076,0.0041342300828715,0.1552020918215001,0.0107253047073672,0.0345216392761651,0.9163878870088042,0.047050511501151,0.0129254810802984,0.2534042699798427,0.0268359879237043,0.0365862613962071,-0.0257712115886964,-0.0005814300262282,0.0124941137263842,0000018230-19-000034,2019-02-15,20.19102193254664,25.058311904872088,0.1839287367001829,2.2799318162885065,CAT,2018,en,US,35,60639,1162,323,0.0191625851349791,0.0053266049901878,0.0144461485182803,0.0088886690083939,-0.564983164983165,0.0287933508138326,0.0608684180148089,0.0,0.0,0.35773404450984,17436.0,0.0201881165404909,0.0104955264969029,0.0111837577426015,0.0053337921541637,-0.3158878504672897,24.81567915792373,12.340196595221927,19.775206913912506,0.1785872251074761,11.012693529415108,0,-1.6932068969358618,0.8241455373825619,2019Q1,0.023236901545929587,0.3118233527988011,-0.3308620393598694,-0.48512169848568826,-0.2576761948372929,1.0293627446345999,0.44387902300002874,T2 Trung tính
0.0021850617894931,0.8596443996918298,0.0104266628606352,0.0,-0.0066245159283201,-0.317671915591051,0.0035180060859321,-0.0274059016577813,-1.8585907270399848,-0.0222683248725323,-0.0278188813740367,-1.540400688555099,-0.0221902103662341,-0.004652029296861,-0.1821467743818096,0.005960780965323,-0.0751645575271666,-2.1735589907841266,-0.0506756797444906,0.0029727928066137,0.0181376386313947,0.0012729209715888,-0.0097416020944911,0000018230-18-000042,2018-02-16,20.36487464152438,25.28352409740413,0.1432618177074198,1.8930520620185036,CAT,2017,en,US,35,61912,1298,343,0.0209652409872076,0.0055401214627212,0.0148113451350303,0.0087705129861739,-0.5819622181596588,0.032093939785502,0.0607313606409096,0.0,0.0,0.3085087871933182,19582.0,0.0235930957001327,0.0094474517413951,0.0117454805433561,0.0061280768052292,-0.4281298299845441,27.02817586599591,13.330925075136395,23.75907807850812,0.2926450537424535,11.033469300950294,0,-1.9430814297050305,0.6381903742359559,2018Q1,0.39159285605654315,1.182754805077125,-0.45402464976444395,-0.3762386248419483,-0.10891368251124248,1.6038053641963508,1.2087313551681795,T2 Trung tính
0.0009714511842552,1.354244619231156,0.0115776769657591,0.0,-0.019952106384305,-0.8616627689351305,-0.0140186598778658,-0.0047163343309112,-0.2880501846435446,-0.0024849215087681,-0.0029676784815883,-0.1479908253858345,0.0020036840972237,-0.0522032266349884,-1.8407732478165724,-0.0436494377389813,-0.0685788880727987,-1.7859638694040572,-0.0527740500798724,-0.0140572265549244,0.0181361900927509,0.000512676003034,0.0230704778951722,0000018230-17-000041,2017-02-16,19.65680203461069,24.78498121230857,0.2262119926333108,2.115886226131111,CAT,2016,en,US,35,63037,1493,332,0.0236845027523517,0.005266748100322,0.0146263305677617,0.0079953043450671,-0.6361643835616438,0.0341228167584117,0.0601392832780747,0.0,0.0,0.276001346348031,20076.0,0.0318788603307431,0.007670850767085,0.0116058975891611,0.0053297469615461,-0.6120906801007556,27.32091729475936,12.477363611956678,26.539648090294204,-0.4135509429778903,11.05147713456689,0,-1.486282698874784,0.7494737441814422,2017Q1,0.9472487023045069,1.7181176702134535,-0.8471961718214568,-0.4314005672836606,-0.08923051179922169,3.001668938780067,-3.5268984698390873,T1 Tiêu cực
-0.0011553807137543,1.0154007498779565,0.0144254518357667,0.0071428571428571,0.010765578767731,0.3731452882827075,0.0065482160937767,0.0048019954691683,0.2353842082822742,0.002673189674015,0.0218068774707747,0.8727772773619872,0.0187770598208232,4.038486816217591e-06,0.0001142914175273,-0.0066475162344513,0.02812362770903,0.5878216434045848,0.0161467237957451,0.0058685927617065,0.0367062498178247,-0.0003604638431116,0.0099099932212423,0000018230-16-000410,2016-02-17,19.6944247002491,24.36014674577258,0.3899854669549684,2.667283553431248,CAT,2015,en,US,35,60443,1383,355,0.0228810614959548,0.0058733021193521,0.0147742501199477,0.0081729894280561,-0.5914844649021864,0.0329566699204208,0.0604536505467961,0.0,0.0,0.2943676939426142,19616.0,0.0290069331158238,0.0090742251223491,0.0105016313213703,0.005505709624796,-0.5234270414993306,25.49980979456791,12.670625779096424,23.929814459537347,-0.4088349359622225,11.009456051157498,0,-0.941645804770803,0.9810605587951987,2016Q1,0.783072955432234,1.4104047232519017,-0.5230970976527514,-0.3872984733558771,-0.21167703384641093,2.5171557258702766,-3.4952737316898226,T1 Tiêu cực
-0.0021150306597717,1.236983500942256,0.0113146509422923,0.0071428571428571,-0.0190877223326248,-0.8434958546214651,-0.0264940201325114,-0.0185494177548891,-1.1592420436513162,-0.0231056552382503,-0.0154740745941027,-0.7895922886115635,-0.0217667439481267,0.0024666371305155,0.0889996869424994,-0.0086974026751661,-0.0187238286989913,-0.4989501483934284,-0.0421774692613069,-0.0265738616731427,-0.0816896190221537,-0.0008428628783778,0.0310766505957787,0000018230-15-000061,2015-02-18,19.90944624517008,24.669777205265174,0.3235660720796638,2.076675925634492,CAT,2014,en,US,35,18867,445,83,0.0235861557216303,0.0043992155615625,0.0225791063762124,0.0156357661525414,-0.6856060606060606,0.0253882440239571,0.0483105162830731,0.0,0.0,0.3088023088023088,,,,,,,14.716086447592454,7.543861989054379,,0.1142065478954464,9.845169643211612,0,-1.1283519445365242,0.7307685026932992,2015Q1,0.927152401432723,-0.586687375778553,-1.2058360761949574,1.939713058384097,-0.936746486592832,,0.012153189696858155,T1 Tiêu cực
-0.0005608669587148,0.8353230801666993,0.0186713468925297,0.0071428571428571,-0.0279606494816763,-0.7487582348133435,-0.0338767761678437,-0.0261171939973915,-0.989090132994579,-0.0310558316770369,0.0407807827955414,1.2610121840856392,0.0379335225714408,-0.030927436681354,-0.6762272280766075,-0.0394164370911991,-0.0520026513583642,-0.8397567365074388,-0.0643697041598932,-0.0340642609716287,-0.20365070370241917,-0.0005920456244225,-0.009483277611936,0000012927-24-000010,2024-02-01,21.43504101197913,25.581238795268188,,2.48966046796136,BA,2023,en,US,37,47233,952,306,0.0201553998263925,0.006478521372769,0.015878728854826,0.012533609976076,-0.5135135135135135,0.02860288357716,0.0571634238773738,0.0,0.0,0.3330041964946926,10901.0,0.0224750022933675,0.0092652050270617,0.0132097972663058,0.0096321438400146,-0.4161849710982659,25.525004328816056,14.48350830194536,18.00589536928498,0.0720690120523795,10.76284807982274,0,,0.9121463429305353,2024Q1,0.2261093482504085,0.261564472195802,0.042488380461655595,-0.0579990387172931,-0.20998301902687935,1.415175573709031,-0.2704139339026289,T2 Trung tính
0.0032308741033134,1.0541626760935556,0.0213830305874741,0.0,-0.0493991495981975,-1.1551016914116667,-0.0350227173821625,0.0005526963720963,0.0182768925596306,0.0071050982367123,-0.0126413739537564,-0.3413220883387488,-0.0027229707224125,-0.0504962309489923,-0.9640822368682628,-0.0305514678607737,-0.0309028791333325,-0.4357459341742379,0.0055540455845054,-0.0354927157581553,0.1214475171794097,0.000988558268192,0.06750250594250334,0000012927-23-000007,2023-01-30,21.034509302052054,25.562165363108463,,3.593292309468288,BA,2022,en,US,37,47980,957,305,0.019945810754481,0.0063568153397248,0.015423092955398,0.0126927886619424,-0.5166402535657686,0.0278032513547311,0.0561900791996665,0.0,0.0,0.3379652605459057,12373.0,0.0220641719873919,0.0083245777095288,0.0126080982785096,0.009779358280126,-0.4521276595744681,26.455928212806025,13.29373310734525,20.43283414307756,0.003458843124099,10.778539536393685,0,,1.2790688600875397,2023Q1,0.183281771071152,0.0505642965464535,0.019807641854545612,-0.19384651078221782,-0.14739012328994497,1.3458657700082628,-0.7305020167924822,T2 Trung tính
-0.0014698569465685,1.363746355597912,0.0192764978675153,0.0071428571428571,0.0729905034710819,1.8932511489570167,0.0710324027719839,0.059018579129713,2.164938766649213,0.0654449538839783,0.0316059355904147,0.9466291826725858,0.045418821221034,0.1007318959024293,2.133355580457997,0.0963634112740938,0.1244104696128069,1.9459534729968764,0.1061425880738163,0.0727272057001313,0.0621945529477508,-0.0005826619660013,0.0358772317954187,0000012927-22-000010,2022-01-31,21.49595145246924,25.433716960800712,,5.049592944518597,BA,2021,en,US,37,54082,1090,308,0.0201545800820975,0.0056950556562257,0.0155874412928515,0.0121297289301431,-0.5593705293276109,0.0273843422950334,0.0562294293850079,0.0,0.0,0.3449800973020787,14503.0,0.0203406191822381,0.0068261738950561,0.0133075915327863,0.0089636626904778,-0.4974619289340101,29.829046554976323,17.951854085690712,18.65051990743736,-0.0717575626354664,10.89825669228154,0,,1.619307634992685,2022Q1,0.22594184112925392,-0.05997387675130582,-0.2901491178911477,-0.14484618791661516,0.07940956284001296,1.055090954091413,-1.2348903963628377,T2 Trung tính
-0.0008188096493998,1.603406051155637,0.0288083348504732,0.0,0.0166679170868228,0.2892898387452103,0.0312883804833625,0.0358764740268749,0.8805957790042007,0.0432338242465517,0.0194545838126863,0.3898909555004049,0.0356788580932601,0.042516609116445,0.6025108038420294,0.0592923570710676,0.0408126094454368,0.4271494625944568,0.0565949889362098,0.0317991919494022,-0.1504116431428434,-0.0016260513386107001,0.06750250594250334,0000012927-21-000011,2021-02-02,22.134663303881613,25.46099033898991,,12.365020456542425,BA,2020,en,US,37,57604,1243,320,0.0215783626137073,0.0055551697798763,0.0157107145337129,0.012221373515728,-0.5905310300703774,0.0277064092771335,0.0545448232761613,0.0,0.0,0.3262980160405234,15748.0,0.0209550419100838,0.0064770129540259,0.0138430276860553,0.0090805181610363,-0.5277777777777778,31.64820513011255,17.61962102205317,22.1439872126048,-0.128562961355783,10.961347288717274,0,,2.514871555362826,2021Q1,0.5168785569745514,0.02501042964339989,-0.5161810746262842,-0.10809237162317778,0.20172504424587942,1.1587481527860128,-1.6158177050004843,T1 Tiêu cực
-0.0010048946046414,0.6196107815522555,0.0166339010927378,0.0071428571428571,0.0527833803501525,1.5866206025836376,0.0347611814999669,-0.0127602960282001,-0.5424399123923729,-0.0232280501820335,-0.0163429719677971,-0.5672523368006375,-0.0210805175516494,0.0634120120130495,1.5563303734265788,0.0426475677260619,0.0541548809765937,0.9816284759460496,0.0262950243512828,0.0354845599888995,-0.0364458314896242,-0.0011370040081721,0.0068984177293926,0000012927-20-000014,2020-02-03,21.49566833419354,25.91196054587332,,2.5016295416886654,BA,2019,en,US,37,47751,893,270,0.0187011790328998,0.0056543318464534,0.0154970576532428,0.0138007580993068,-0.5356835769561479,0.0268894892253565,0.0543234696655567,0.0,0.0,0.3378029912325941,11686.0,0.0162587711791887,0.0081293855895943,0.0136915967824747,0.0119801471846654,-0.3333333333333333,22.798949541455872,13.608923671781149,14.505924222397708,0.0553868171246722,10.773755288097965,0,,0.9169423362093982,2020Q1,-0.07104714326402707,-0.19055151193624761,-0.11832876629244561,-0.17179399640203805,-0.3932758381423092,0.36645606101580636,-0.3822818858778937,T2 Trung tính
0.001068528015727,1.3230312789593286,0.0131568393401986,0.0,-0.0105623507982351,-0.4014015268075644,-0.0017749487668131,-0.0057407908347625,-0.3085355094541201,0.0007892734626754,-0.0083456495470135,-0.3662249639097437,-0.0005286231318953,-0.0132796718428482,-0.4120597042786449,0.0016431045606211,-0.000173306933105,-0.0039716230527726,0.0217405969025927,-0.0018515753852967,0.1732232367926651,0.0005745069518147,-0.057228760253621065,0000012927-19-000010,2019-02-11,21.163952071586568,26.15597476224474,0.0014818498146289,1.85427187957975,BA,2018,en,US,37,43557,707,262,0.0162316045641343,0.0060151066418715,0.0148770576485983,0.0144178892026539,-0.4592363261093911,0.0267006451316665,0.0563629267396744,0.0,0.0,0.3571033720287451,10757.0,0.0125499674630473,0.0086455331412103,0.0132007065166868,0.0117133029655108,-0.1842105263157894,19.47784354664181,11.683213513110063,10.29163892626383,0.1974059282336384,10.681825704151798,0,-6.514464096900064,0.6174921012573777,2019Q1,-0.5756817131696358,-0.24038209132172897,0.43620409691661066,-0.35664649247825286,-0.6165783495933359,-0.25924378096641265,0.5700740343086285,T3 Tích cực
0.002718598252315,0.9697699459501818,0.0132901203198366,0.0,-0.0057255835501657,-0.2154075137160292,0.0042885234836708,-0.017905068994768,-0.9526471844589806,-0.0129520185351148,-0.0011579966541857,-0.0503057657812867,0.006093013408587,-0.0077010725671604,-0.2365629230300331,0.0080929760770384,0.0017023659316053,0.0386213690056343,0.0309395776576744,0.0039961822641501,0.1532996125458025,0.0022921912244,0.000531726169288,0000012927-18-000007,2018-02-13,21.10162966169241,26.033131081478903,0.00175462041354,1.4826232152439864,BA,2017,en,US,37,41784,690,232,0.0165134979896611,0.0055523645414512,0.0151732720658625,0.0138809113536281,-0.4967462039045553,0.0269241815048822,0.0564570170400153,0.0,0.0,0.3541905855338691,10137.0,0.0118378218407812,0.0072013416198086,0.0133175495708789,0.0105553911413633,-0.2435233160621761,19.776654500432898,11.32207917502959,9.084053222988269,0.0542767478339374,10.640268770116135,0,-6.345502734039253,0.39381296158543766,2018Q1,-0.5180794139277558,-0.18139720715927873,0.16411504594380297,-0.26833040538976144,-0.5964870798371708,-0.37938748158366037,-0.3897258210820607,T2 Trung tính
0.00144869118437,1.0482934115412763,0.0085633518406827,0.0,0.0031013524399472,0.1810828573697841,0.0097930116387987,0.0020731420187458,0.1711867977739252,0.0054205512057889,-0.007795833091374,-0.5256033405610172,-0.0029662498166651,0.0095432821007447,0.4549653775212354,0.0193316880895968,0.0316490440158629,1.1143470446337278,0.0490941417086043,0.009930951861635,0.0423042873504468,0.0005065297390468,-0.0158559427963916,0000012927-17-000006,2017-02-09,20.008420662277064,25.33173183591645,0.0081431175320648,1.6335986755378178,BA,2016,en,US,37,43850,735,241,0.0167616875712656,0.0054960091220068,0.0152337514253135,0.0135917901938426,-0.5061475409836066,0.0273204104903078,0.0551425313568985,0.0,0.0,0.3373893805309734,11402.0,0.0135064023855463,0.0070163129275565,0.0140326258551131,0.0113138045956849,-0.3162393162393162,20.546051307507007,12.113702515341537,11.33750482298651,-0.0796199457766488,10.688529997800329,0,-4.810582183092181,0.49078535766509124,2017Q1,-0.4673641816672572,-0.07684365969440195,0.09591965224821736,-0.25029853366095656,-0.5447548437717366,-0.09788685143429063,-1.2876141958065241,T2 Trung tính
2.810012958992666e-06,1.0667775707727765,0.0091135286908699,0.0071428571428571,-0.067034796758989,-3.6777629737505264,-0.065451306074059,-0.0668861923619333,-5.189612255706451,-0.0677146316787239,-0.0711196621772977,-4.505494797407461,-0.0719896064362385,-0.0358565359291664,-1.6062241083086988,-0.0334784665498503,-0.0606918098086175,-2.007923582726706,-0.057113596865347,-0.0674767524337229,-0.0697754885888041,-0.0004470078536392,0.0205016906598022,0000012927-16-000099,2016-02-10,20.18068450616276,25.089651442730244,0.0804358109601451,1.5067888921552517,BA,2015,en,US,37,44028,763,250,0.0173298809848278,0.0056782047787771,0.0154447169982738,0.0146724811483601,-0.506416584402764,0.0268465521940583,0.0565776324157354,0.0,0.0,0.3563844268989926,11203.0,0.0134785325359278,0.0081228242435062,0.013121485316433,0.0132107471213067,-0.2479338842975206,22.280164403764616,11.757002065079416,10.530920578829432,0.0099145829165354,10.692581074143282,0,-2.5202957920107303,0.4099808249976212,2016Q1,-0.3512591431261469,-0.2018813719539726,0.09396806581573719,-0.18739932002269089,-0.4281575987156902,-0.10258868033574199,-0.6872109275686294,T2 Trung tính
0.0010687948048163,0.8420072940072927,0.0114608483810255,0.0,0.0298557210838372,1.302509207488777,0.0334521721060644,0.0054298120787129,0.3350063462826306,0.0066712176154892,-0.0026106386307711,-0.1315132061888136,-0.0018241999582988,0.0299229168756369,1.0658879041097598,0.0347369352617598,0.0156654555381809,0.4121259095059637,0.0252411447025648,0.0339251905653432,0.1298003645053528,0.0002468002844646,0.0175563272164171,0000012927-15-000011,2015-02-13,20.130901272504957,25.37065952157329,0.0830674989388314,1.4824593458601891,BA,2014,en,US,37,44225,784,248,0.017727529677784,0.005607687959299,0.0154437535330695,0.014855850763143,-0.5193798449612403,0.0267721876766534,0.0571622385528547,0.0,0.0,0.3620689655172414,11074.0,0.01300343146108,0.0082174462705436,0.01300343146108,0.0135452411052916,-0.225531914893617,23.584278197538755,12.086004200424629,12.031938809656223,0.1334383308980614,10.697045519027986,0,-2.488101761459316,0.3937024288224625,2015Q1,-0.2700033317782958,-0.22150405072353435,-6.479886407697161e-05,-0.18768657638811556,-0.3404723860719439,-0.1827413899989884,0.14111824415512814,T2 Trung tính
-0.0007147199386816,0.7521317334290589,0.0093516947362329,0.0071428571428571,0.0077374489459736,0.4136923394213815,0.0007318050512812,0.0169382074447857,1.2807434035402596,0.0166839412785428,0.0173252497070528,1.069617632340915,0.017546891344179,-0.0015163884891507,-0.0661979486965431,-0.0094358067102536,0.0033157354553387,0.1069038162173863,-0.0082249737094671,0.0009209015202871,-0.1038592048962431,-0.0006420836694586,0.0077325102998057,0000773840-24-000014,2024-02-20,20.178876231149832,25.57990023014128,0.1233059744248666,1.059465148877813,HON,2023,en,US,37,49678,918,328,0.018479004790853,0.006602520230283,0.0151374854060147,0.0157816337211642,-0.4735152487961476,0.0273964330287048,0.0661862393816176,0.0,0.0,0.4144977414497741,42709.0,0.020581142148025,0.0052916247161019,0.0159685312229272,0.017279730267625,-0.5909502262443439,25.911682771839427,14.197065775001644,70.48014636221038,-0.0760969692841172,10.813317458148045,0,-2.093086415607234,0.05776420425203573,2024Q1,-0.11644638288907704,-0.05678347639369406,0.3326276858184507,-0.2790001688567621,-0.18398376829958493,1.09566877734773,-1.2639897167266196,T3 Tích cực
0.0011302295627321,0.8375266406679754,0.0094834890881688,0.0142857142857142,-0.0099544375725383,-0.5248299164996709,-0.0054583174699441,-0.0088017065704194,-0.6562717944941014,-0.0083557815735367,-0.0054961153015793,-0.334600864656738,-0.0042766322972748,-0.0059147764341962,-0.2546211995697877,0.0045475991695614,-0.0276775852724617,-0.8799615703229517,-0.0104682317727897,-0.0055247577759144,-0.1373788297601258,0.0005468749280628,8.860708034600252e-05,0000773840-23-000013,2023-02-13,20.17333454543467,25.620673239687424,0.1246583678905641,1.1480161369638238,HON,2022,en,US,37,47189,906,338,0.0191993896882748,0.007162686219246,0.0144737120939201,0.015935917268855,-0.4565916398713826,0.0281845345313526,0.064824429422111,0.0,0.0,0.3939393939393939,40235.0,0.0213495712687958,0.0053684602957623,0.0153349074189138,0.0176711818068845,-0.598139534883721,23.570253556864536,14.289947019709462,63.73431528404564,-0.1085434491559863,10.76191609356562,0,-2.082178340174192,0.13803535438727843,2023Q1,0.030757569643955113,0.151174070618473,0.45538811485850156,-0.4769036408733754,-0.3414153663591258,1.2253078783193638,-1.4815702729904765,T3 Tích cực
-0.0007714184495566,0.7978247974635264,0.0094174968762397,0.0071428571428571,-0.0027549599172928,-0.1462681619913038,-0.0041492752028189,0.0056360090564196,0.4231761661294433,0.001682005532279,-0.0032821017890372,-0.2012129524767102,-0.004172370488616,0.0016317219109489,0.0707351103389308,0.0021940418712177,0.0174794161059586,0.5596224051678292,0.0139822050286961,-0.0041488942310957,-0.0150662258555568,-0.0006422119999331,-0.0068730863195848,0000773840-22-000018,2022-02-14,20.289500626347422,25.57717908789757,0.1447974040051154,1.0096845260929292,HON,2021,en,US,37,45552,897,321,0.0196917808219178,0.0070468914646996,0.0143133122585177,0.0174086757990867,-0.4729064039408867,0.0282314717246224,0.0662539515279241,0.0,0.0,0.4024163568773234,39709.0,0.0217079251555063,0.0057417713868392,0.0148832758316754,0.0190133219169457,-0.581651376146789,25.56771930673488,11.925327952678709,67.42083940997121,0.1491919707600027,10.726609809517818,0,-1.9324197273327004,0.009637931658580288,2022Q1,0.1313731174210913,0.1635594594842847,0.3370441229970057,-0.524726721070526,-0.20711097523762884,1.2857645612418436,0.246759464339184,T3 Tích cực
0.0012888386437151,1.0274047979236671,0.0130506945799995,0.0,0.0022132095769268,0.0847927887423939,0.0071723346531361,-0.0098718566243115,-0.5348724329699461,-0.0073185606847868,-0.0091256496960118,-0.4037100306214385,-0.0051544102022881,0.0135579573673886,0.4241163474855118,0.0209172719724748,0.022237307594071,0.5137504729252428,0.0359814156247525,0.0070973560322036,-0.0898025484213905,0.000116711259777,-0.0100512297435155,0000773840-21-000015,2021-02-16,20.057537458341358,25.676153174703472,0.1239483453994377,1.2501950418956569,HON,2020,en,US,37,44946,934,282,0.0207804921461309,0.0062741957015084,0.0147287856538957,0.0174876518488853,-0.5361842105263158,0.0294798202287189,0.0634094246429048,0.0,0.0,0.3652694610778443,39906.0,0.02255299954894,0.0051370721194807,0.0151856863629529,0.0188442840675587,-0.6289592760180995,26.42525252958328,12.66027943653624,70.17420420518673,0.0110725387185812,10.713217048175938,0,-2.0878903695255926,0.22329957265877226,2021Q1,0.35384114897645474,0.4929630856111482,-0.12196026074134741,-0.4008536668551152,-0.14945267628127126,1.4283342292276173,-0.6794458735925731,T2 Trung tính
-0.0006920338289611,1.2445842445490312,0.0075018076984388,0.0071428571428571,0.0133004819847371,0.8864851326104372,0.0074633574877497,-0.0005002503804937,-0.0471526931318014,-0.0014475289176322,0.0017280983858736,0.1329970199686596,0.0005396852242532,0.0258331032630039,1.4058371886408765,0.0030089962063875,0.0476055835617226,1.913355298629032,0.0119662557701085,0.0074031117781389,-0.0376635790679286,-0.0001859853869255,-0.0137836733517212,0000773840-20-000009,2020-02-18,19.79937437441722,25.581877276696297,0.1435366200152492,0.9173207700072276,HON,2019,en,US,37,38951,815,205,0.0209237246797258,0.0052630227722009,0.0149418500166876,0.0181253369618238,-0.5980392156862745,0.0313727503786809,0.0610510641575312,0.0,0.0,0.3211111111111111,6446.0,0.0155134967421656,0.0082221532733478,0.0218740304064536,0.0111697176543592,-0.3071895424836601,20.085874452257688,10.838328224124812,5.75193516812761,0.1811395915877074,10.570059724910275,0,-1.941165084594439,-0.08629806417710366,2020Q1,0.38310938482086127,0.9924534549720992,-0.570643931314676,-0.33732870073910004,-0.5756959361816949,0.24072330911814227,0.4609947569949337,T1 Tiêu cực
0.0004097171283117,0.8839502644573403,0.0078546836857211,0.0,-0.0010911430179245,-0.0694581132470136,-0.0010736843847384,-0.0010538173416972,-0.0948684145996468,-0.0018125814847659,0.0010436807111404,0.076714653782983,0.0006161607390685,0.0054895144602689,0.2853182869674914,0.0048900022207176,0.008503024512235,0.3263986757763747,0.0093598750123421,-0.0011255212518785,0.0419431292516675,6.341305279720251e-05,0.0047295596998446,0000930413-19-000366,2019-02-11,19.794078330453985,25.408627504942263,0.16779041985037,1.0322916663439476,HON,2018,en,US,37,38051,736,200,0.0193424614333394,0.0052561036503639,0.0141651993377309,0.0169772147906756,-0.5726495726495726,0.0313000972379175,0.0639667814249297,0.0,0.0,0.3428965517241379,7480.0,0.013903743315508,0.0086898395721925,0.0171122994652406,0.0094919786096256,-0.2307692307692307,18.253226556329345,10.148092627398269,5.48358912777639,0.3673566358815878,10.546682644153423,0,-1.7850395792465197,0.03178124955548219,2019Q1,0.05999294984790227,0.9732823597703707,-0.3864726067340029,-0.5688864676890399,-0.6989184043610494,-0.030852795140591496,1.7097344736999789,T2 Trung tính
0.0005031440032521,0.8786626160143349,0.0056953525893277,0.0,-0.0019147275719251,-0.1680956132121742,-0.0049982107256936,-0.0114028237915825,-1.4157181493577975,-0.0124019411583384,-0.0121547028829804,-1.2321486459957582,-0.0144629823593569,0.0078721954925404,0.5642864601656329,0.0064584634644881,-0.0015481194649755,-0.0819572755383847,-0.0017269144460707,-0.0052994756797017,-0.0139777711165401,0.0004892092594322,0.0029432813433237,0000930413-18-000292,2018-02-12,19.85439026389436,25.434785975186617,0.1553302345237129,0.9053362485336056,HON,2017,en,US,37,35956,712,173,0.0198019801980198,0.0048114361997997,0.0147124262988096,0.0157414617866281,-0.6090395480225989,0.0337634887084214,0.0630492824563355,0.0,0.0,0.3024992818155702,7899.0,0.0159513862514242,0.0079756931257121,0.017470565894417,0.009874667679453,-0.3333333333333333,16.943337633809204,9.961362295652236,6.58511452694234,0.2461540509015321,10.49005124769329,0,-1.8622018831417506,-0.09944885894708845,2018Q1,0.15389133481702072,1.623301228933246,-0.6504381125199756,-0.40573119524093615,-0.7869919216102339,0.31459818029461706,0.896970624902881,T1 Tiêu cực
-0.0003548556079121,0.9042717812237846,0.0084878607409254,0.0,0.0082182322902461,0.4841168193665557,0.005517835032841,0.0068681931177167,0.5721754958372203,0.0052726914361871,0.0138609396262267,0.942830881500844,0.0115692107123728,0.0063669471212634,0.306236795945146,0.0022171828208041,0.0125034926828989,0.4441572506676227,0.0066493551613893,0.0055211756830075,0.0162740051969305,-6.695452906213814e-05,-0.008647195264824,0000930413-17-000391,2017-02-13,19.54363397777524,25.25318989714636,0.2088267725141902,1.0648408256699344,HON,2016,en,US,37,33719,642,157,0.0190397105489486,0.0046561285921883,0.0151843174471366,0.0150953468370948,-0.6070087609511889,0.0325335864052907,0.0657789376909161,0.0,0.0,0.3381598793363499,7913.0,0.0173132819411095,0.0073297106028055,0.0173132819411095,0.0090989510931378,-0.4051282051282051,15.733041772946269,9.82610176376257,7.470081653101591,0.0813385688094422,10.425816755685535,0,-1.566250210339843,0.06282532852635932,2017Q1,-0.0018713770899551772,1.2987650300243903,-0.6357071947066681,-0.2650372339650263,-0.8683690609582381,0.5443590366385901,-0.20825386835820872,T1 Tiêu cực
0.0006975383285508,1.0948611344413464,0.007599725076745,0.0,0.0023857775903289,0.1569647300551301,0.0078610082016072,-0.012073231311966,-1.123338495184269,-0.0075480129480622,-0.0150344863777635,-1.1421682586769644,-0.0079602253614095,-0.0297163766470514,-1.59632879379565,-0.0226563636802851,-0.043190460440282,-1.713537485734892,-0.0298286278842235,0.0082036356499457,0.093112665066036,0.0005235437171853,0.0122216382125995,0000930413-16-005457,2016-02-16,19.489475496895057,25.10039973315645,0.2296584141504494,1.0123837306819776,HON,2015,en,US,37,29983,587,137,0.0195777607310809,0.0045692559116832,0.0162091852049494,0.0160757762732214,-0.6215469613259669,0.0330520628356068,0.0630357202414701,0.0,0.0,0.3120444290177022,7118.0,0.0165776903624613,0.0068839561674627,0.0193874683899971,0.0092722674908682,-0.4131736526946107,15.51091931240961,9.087573411159031,6.992292267615724,0.3260366878705099,10.30838583336139,0,-1.4711622298636764,0.012307679510297612,2016Q1,0.10807417251061856,1.4355761974563923,-0.7411643536029792,0.04052625274552149,-0.8833039962975404,0.42025984731765226,1.4326499545611675,T1 Tiêu cực
0.00023510214217,1.1086021344652268,0.0071490656823311,0.0071428571428571,0.0014117092177042,0.0987338262392322,0.003041496066465,0.0004281925982862,0.0423520923371023,0.0010377622272792,0.0041780301393381,0.3374128778241564,0.0054652272080908,-0.0068644975375338,-0.3919979909427541,-0.0044978412810485,-0.0063062873495153,-0.265967227402241,-0.0031563564651885,0.0030413973997405,0.02172177764097,-0.0001162927849988,0.0108750520752902,0000930413-15-000621,2015-02-17,19.1652959914169,25.12625090453635,0.2161348496262554,0.9000240982267812,HON,2014,en,US,37,30250,547,152,0.0180826446280991,0.0050247933884297,0.0157024793388429,0.0152396694214876,-0.5650929899856938,0.0311074380165289,0.0626446280991735,0.0,0.0,0.3363892806770098,7399.0,0.0128395729152588,0.0081092039464792,0.0191917826733342,0.0089201243411271,-0.2258064516129032,13.002846735402164,8.785256067797368,5.223115419277296,0.4676285706926137,10.317251463458987,0,-1.5318527622692781,-0.10533374020875717,2015Q1,-0.19743889507641665,0.9224450768129858,-0.33165868766873136,-0.1105476882618713,-1.051940259705498,-0.21038541596389668,2.382140954772572,T2 Trung tính
-0.00063112709052,0.996003124668771,0.0167856069554237,0.0,-0.0015900869507157,-0.0473645950050659,-0.0041689745169309,-0.0134812536119386,-0.5679083200990387,-0.0147787284231656,-0.0040440537203177,-0.1390974726289721,-0.005981890046104,-0.0196575486796757,-0.4780977336416599,-0.0234823252513491,-0.0191755984183714,-0.3444415490938339,-0.0262255542467839,-0.0043678412967826,-0.1619224044376414,-0.0012618316922931,0.0008736919240286,0000066740-24-000016,2024-02-07,19.742707108280435,24.6710642025974,0.0927613533648818,1.6380419715195638,MMM,2023,en,US,38,62759,1906,265,0.0303701461145015,0.0042225019519112,0.0145158463327968,0.0245389687447951,-0.7558728696453247,0.0311031087174747,0.0663968514476011,0.0,0.0,0.3619872528190881,10808.0,0.024241302738712,0.0050888230940044,0.010640266469282,0.0076794966691339,-0.6529968454258676,42.9037311431831,22.175947516951588,8.331374153748824,-0.058650120915845,11.047057273004283,0,-2.3777251767391667,0.4935016087409152,2024Q1,2.3133977313261993,0.9213026980602881,-1.7155372671928575,-0.4643413518922726,0.9585172786237321,1.7131622007001697,-1.1469941292850672,T1 Tiêu cực
-0.0010076283023889,0.8814351314144602,0.0152607411432804,0.0071428571428571,-0.008671775637546,-0.2841203961238939,-0.0132398216976753,-0.0038546660540631,-0.1786060375735936,-0.0050832999593368,-0.0071946073734763,-0.2721891725173035,-0.00811708493979,-0.0032552234247604,-0.0870822318365266,-0.008532466978357,-0.0097008765868914,-0.1916633219733549,-0.0165078894522601,-0.0134608323571844,-0.1017474784230134,-0.0008302921721392,-0.0016701641476374,0000066740-23-000014,2023-02-09,19.640954934126885,24.87344120262363,0.2320430435363213,2.182958408136112,MMM,2022,en,US,38,63882,1805,267,0.0282552205629128,0.004179581102658,0.0138849754234369,0.0237312545004852,-0.7422779922779923,0.0309633386556463,0.0670611439842209,0.0,0.0,0.3682529543276908,10641.0,0.0187012498825298,0.0062964007142185,0.0113711117376186,0.0052626632835259,-0.4962406015037593,43.657308509628464,21.922711015088066,10.309977184421834,-0.1364909460069611,11.06479291054266,0,-1.4608323920407065,0.7806810247688559,2023Q1,1.8812323685858512,0.8844213584030003,-1.6169227821985592,-0.6524349993494467,1.0091858567307437,0.77851845517115,-1.6689814169737573,T1 Tiêu cực
-0.0010077395497688,0.6005707133871446,0.0095111683417662,0.0,-0.0197744783304228,-1.039539918749392,-0.0137561729118809,-0.0007972457956219,-0.059271152407346,0.0120001821013514,-0.0009347095729789,-0.0567390676078903,0.0050563807841087,-0.0521222314388369,-2.23724479637541,-0.0400142138376409,-0.0342744540074833,-1.0865265276700988,-0.0278475379609725,-0.0131873006045148,-0.0318308681087953,-0.0004802830339129,-0.0179930162205505,0000066740-22-000010,2022-02-10,19.763278307468404,25.260743748722465,0.1609976135725904,1.0332481279160266,MMM,2021,en,US,38,63103,1727,293,0.0273679539800009,0.0046432023834049,0.013406652615565,0.0241985325578815,-0.7099009900990099,0.0303155159025719,0.0665103085431754,0.0,0.0,0.3738134206219312,10978.0,0.0132082346511204,0.0078338495172162,0.0119329568227363,0.0038258334851521,-0.2554112554112554,43.27405491270496,23.07061732466419,6.9197417034243545,-0.0032550808228552,11.05252359098076,0,-1.8263657366380233,0.03270736256777935,2022Q1,1.699927696010747,0.7134793792602112,-1.382066570607287,-0.7950465546767771,0.9834168837291911,-0.14818973036598584,-0.7755244448913171,T1 Tiêu cực
-1.9042803909170988e-05,0.581037019690793,0.0127887141524606,0.0,0.0166901701994237,0.6525351180913086,0.0124921852098451,0.0140351441487355,0.7760237256215565,0.0092640993095969,0.0169798010794146,0.7665581236015121,0.0076425732084535,0.0081260422549654,0.2594039415751948,0.001219716014105,0.0026454058388996,0.0623690436686341,0.0018835843751858,0.0126222647560765,-0.0337004111954243,0.0003238724724833,0.0184314610109766,0001558370-21-000737,2021-02-05,19.82045540577081,25.353700253204877,0.125459971678403,1.4299944845796355,MMM,2020,en,US,38,67746,1720,329,0.0253889528533049,0.0048563752841496,0.0131077849614737,0.0195878723467068,-0.6788677403611518,0.0305405485194697,0.0679744929589939,0.0,0.0,0.3799820197782439,15683.0,0.0177262003443218,0.0070777274756105,0.0115411592169865,0.003762035324874,-0.429305912596401,40.50248569784594,22.001056562809243,13.077845244378343,-0.1009850002685561,11.123520696408578,0,-2.0757685220556104,0.3576705873270601,2021Q1,1.295537225083919,0.7728590795279681,-1.1569576668703492,-0.8841537021628437,0.7970637931308227,0.6140211162242647,-1.4308846047789048,T1 Tiêu cực
-0.0005749629702361,1.222779795099859,0.0112108530610657,0.0142857142857142,-0.0041634000968816,-0.1856861415542374,-0.0042183750256241,-0.0180181968077009,-1.1364691944564558,-0.0187391504209548,-0.0180601451872657,-0.9300835207343572,-0.0186151690486964,-0.0112818719040046,-0.4108344737866292,-0.0124393011649998,-0.0055034987888327,-0.1480143670302726,-0.0197972935401993,-0.0044766817030164,-0.1257647111543824,-0.0015068324542661,-0.0062933314508397,0001558370-20-000581,2020-02-07,19.78319410663969,25.26399863012027,0.1073278122361317,1.2105335308103686,MMM,2019,en,US,38,65639,1503,330,0.0228979722421121,0.0050274988954737,0.0132543152698852,0.016910678102957,-0.6399345335515548,0.0308505614040433,0.0679017047791709,0.0,0.0,0.3751928417155199,15407.0,0.0167456351009281,0.0070747063023301,0.0110988511715454,0.0036996170571818,-0.4059945504087193,32.96930861726604,22.33552600167104,10.007549585989612,-0.0656520505947992,11.091925310474938,0,-2.2318674622226626,0.19106119697959945,2020Q1,0.786528509100206,0.8546626528005635,-0.8745440757091167,-0.8404658101341744,0.2905525995930249,0.4485932411457166,-1.1939478746677248,T1 Tiêu cực
0.0002198156415651,1.042870149478733,0.0095315688002596,0.0,0.0298552437549701,1.5661243380080818,0.0314761394838016,0.0034701537064292,0.2574360285275316,0.0039691731870692,-0.000467942731581,-0.0283444276283533,-0.00015024960604,0.0239290477264022,1.0249092286325248,0.0263422722190052,0.0233771660306071,0.7394880013995181,0.0272063812630645,0.0320784040449115,-0.0229468917930751,-0.0004811736890121,0.0186685113380537,0001558370-19-000470,2019-02-08,19.740821392077933,25.46878798557382,0.0851323640545038,1.1105123277661677,MMM,2018,en,US,38,61048,1256,319,0.0205739745773817,0.0052253964093827,0.0128914952168785,0.0143002227755209,-0.594920634920635,0.0312704756912593,0.0662101952561918,0.0,0.0,0.3584271550999832,15686.0,0.0142164987887288,0.0073951294147647,0.0091801606528114,0.0033788091291597,-0.3156342182890855,29.79696241409053,22.590113925994288,9.385277322227443,-0.0164086811849847,11.01941571896947,0,-2.4635480095374858,0.10482146538588165,2019Q1,0.3116412048962908,0.9654660770186574,-0.5480223785189399,-0.9486403132347816,0.0772523088262195,0.021911132300929743,-0.8637302439476862,T1 Tiêu cực
0.0007029026251041,0.6781602566516228,0.0091926780458371,0.0,0.0070780106803062,0.3849808861472926,-0.0045500610093429,0.007110518525791,0.5469457150864003,-0.0007689700493711,-0.0123070583192002,-0.7729503196014117,-0.0074029325680983,0.0232382473742681,1.032014252714689,0.009011463494053,0.0396690838170084,1.3011092893926166,0.0233500267416351,-0.0047026134402379,-0.0088431444961618,0.0008090902865241,0.0031111255675542,0001558370-18-000535,2018-02-09,19.816652249397823,25.611590285462288,0.087116053291027,0.7785264525749138,MMM,2017,en,US,38,61570,1240,318,0.0201396784148124,0.0051648530128309,0.0127659574468085,0.0143901250609062,-0.5917843388960206,0.0301283092415137,0.0672405392236478,0.0,0.0,0.3811509591326105,14669.0,0.0145204172063535,0.0085213715999727,0.0094075942463698,0.0036130615583884,-0.2603550295857988,31.02898084871829,22.00321305454468,9.151277367479937,0.1149066391354426,11.027930017905256,0,-2.4405141033690545,-0.25035230938373043,2018Q1,0.22289682403970976,0.6640808717238037,-0.5252723228251531,-0.9860692970661408,0.16009001741966183,0.07318418971716378,0.016847882065194025,T1 Tiêu cực
-0.0003227961203409,0.7841089074664676,0.0060073019955998,0.0,0.0134826329916401,1.122187048488297,0.008346095831663,0.009623347613234,1.1327438440779884,0.0070753456903522,0.0117041942924401,1.124867657783406,0.0075914727113244,0.0203923656301728,1.3858381704682088,0.0144344062135851,0.0373605828464019,1.8751578622946796,0.0280839235854774,0.0084663708097212,-0.021574273449907,-9.78157029486318e-06,-0.0149743055478831,0001558370-17-000479,2017-02-10,19.31188353992526,25.388881025119723,0.096939763662075,0.7916910514080817,MMM,2016,en,US,38,58872,1210,301,0.0205530642750373,0.0051127870634597,0.0129433346922136,0.0139964669112651,-0.6015883520847121,0.0291989400733795,0.0690650903655387,0.0,0.0,0.4057044079515989,14080.0,0.016122159090909,0.0068181818181818,0.0096590909090909,0.0038352272727272,-0.4055727554179567,29.91176866912191,19.808703468486826,10.485050042299186,0.0171956969704479,10.983120874606435,0,-2.3336654865493625,-0.23358404987724066,2017Q1,0.30736837912666076,0.4188468100901239,-0.5963886474051245,-0.9331844159135082,0.08497158220045858,0.34340869356482673,-0.6383850194168984,T1 Tiêu cực
0.0003018082452636,0.8278817350848242,0.0097733732560876,0.0,-0.000757739708661,-0.0387655156928051,-0.0077862674572248,0.0015970909684774,0.1155500587556863,-0.0040015232165093,-0.0001967434154556,-0.0116223806149914,-0.003376294731012,-0.0074213642807535,-0.3100013885830103,-0.0163296261342434,-0.0085137600078985,-0.2626519176267984,-0.0147671204088897,-0.0079694268918333,0.121005883593237,0.0001086280705122,0.0003120547369322,0001558370-16-003162,2016-02-12,19.542543495081866,25.235894169869727,0.1284319657727787,1.040651838022085,MMM,2015,en,US,38,54301,942,270,0.0173477468186589,0.0049722841199977,0.0128726911106609,0.013241008452883,-0.5544554455445545,0.0289497430986538,0.0704222758328576,0.0,0.0,0.4173461823573017,12785.0,0.0120453656628861,0.0069612827532264,0.0100899491591709,0.0033633163863903,-0.2674897119341564,23.05415017541511,17.122591881292614,8.430451766145943,-0.0436594544863328,10.902297921958713,0,-2.0523559640936777,0.03984728414560089,2016Q1,-0.34760842617657167,0.3530908238209686,-0.25449609632475756,-0.9542467421779539,-0.37611681263213953,-0.34437345910243633,-1.0464692787194734,T2 Trung tính
0.0009164121772439,1.0307289067903307,0.0061799625900865,0.0071428571428571,-0.0009835358993134,-0.079574583581713,0.002814122546262,-0.0015926962807289,-0.1822351388146968,0.0004144320498111,-0.0037558593334861,-0.3508834180817006,-0.0005359536865212,0.0014501762946046,0.0957986370489145,0.0072595994935721,0.0031181011678361,0.1521275997935452,0.0136228407482824,0.0028170302952372,0.0039604836871858,0.0005590310055613,0.0001071840369888,0001104659-15-009560,2015-02-13,19.427450926406586,25.38018677257873,0.124478543609375,0.9564519598760528,MMM,2014,en,US,38,54620,943,279,0.0172647381911387,0.0051080190406444,0.013328451116807,0.0134749176125961,-0.5433715220949263,0.0290919077261076,0.0671548883192969,0.0,0.0,0.3954727030625832,13003.0,0.008459586249327,0.0069214796585403,0.0109205567945858,0.0034607398292701,-0.1,23.767567773937557,17.447115990400277,7.691003227332521,0.1821318982727825,10.908155395027697,0,-2.0836219184166507,-0.04452471627056235,2015Q1,-0.3645704670370158,0.39060402116656884,-0.17409556212591318,-0.8183622677961763,-0.32814847265377584,-0.9493182834085507,0.46764899626451234,T2 Trung tính
-0.0024414397268267,1.0174218044347692,0.0125076884244164,0.0071428571428571,-0.0171042046949603,-0.683747632439056,-0.0265398503678711,-0.0105365742840957,-0.5956722676442505,-0.0150294303359905,-0.000435501009352,-0.0201025654341476,-0.0074744203335457,-0.0104221972340329,-0.340178301480967,-0.0247398827230223,0.0268640008302249,0.6475857677464606,0.0004609241081532,-0.0265660017313051,-0.1134920451758876,-0.0016259100920152,0.0126709794716967,0001090727-24-000008,2024-02-21,20.081761468120742,25.572806750907816,0.1355401121590319,1.044461233993015,UPS,2023,en,US,42,55995,879,303,0.0156978301634074,0.0054111974283418,0.0164836146084471,0.0094115546030895,-0.4873096446700508,0.0294490579516028,0.0566836324671845,0.0,0.0,0.3161932407215426,13000.0,0.0169230769230769,0.0063076923076923,0.0162307692307692,0.0056153846153846,-0.4569536423841059,21.574681838402697,13.160619737104229,10.7036192578877,-0.059272433691658,10.933017680016794,0,-1.9984876517768595,0.043501186910231054,2024Q1,-0.6847535466147274,0.48484579657150145,0.2325659340161719,0.1223471557346172,-0.4755924077450387,0.47852885612483687,-1.1511672525473193,T2 Trung tính
5.065035744113649e-05,0.990744716803156,0.0118401433181669,0.0,0.0101011027834029,0.4265616771675549,0.010551957864248,-0.0149795960614112,-0.8945984579601418,-0.0146782443401253,-0.0162030486432726,-0.7900947010947496,-0.0158254334399116,0.0229359013893009,0.7908301682516709,0.0234877147141998,0.0228435906594486,0.5817160780601713,0.0236082572558318,0.0100316547711025,-0.004069460200293,-8.187048956386381e-05,-0.0078040356403349,0001090727-23-000006,2023-02-21,19.909718237019543,25.79578560736568,0.1239911417389209,0.8889656716417911,UPS,2022,en,US,42,53620,813,294,0.0151622528907124,0.0054830287206266,0.015852293920179,0.0094181275643416,-0.4688346883468834,0.0300261096605744,0.0574785527788138,0.0,0.0,0.3137254901960784,12639.0,0.0155866761610886,0.0060922541340295,0.0152701954268533,0.0052219321148825,-0.437956204379562,18.139507555443373,11.968804159751476,7.863633345750028,-0.0108379338961094,10.88967741178995,0,-2.087545153518234,-0.11769665878995743,2023Q1,-0.7941937801755986,0.6371133122325406,0.36657952265502214,-0.06588059293746061,-0.7065645736002099,0.2530691635663549,-0.8263737634078747,T3 Tích cực
0.0003303115232851,0.8154501758408774,0.0176052321167846,0.0,-0.0052511167902246,-0.1491351194744629,-0.0055491967829819,-0.0007244343860716,-0.0290966039821524,0.00520602145911,0.0056014885611116,0.1836965799239396,0.0131847697551326,-0.0120649554579918,-0.2797746378789231,-0.0083959979853712,0.0026997903457705,0.0462372442369139,0.0137963327384157,-0.0054090702556177,0.0514461902507434,0.0008916114063561,-0.0479308823211264,0001090727-22-000007,2022-02-22,20.04198203930229,25.93264619475702,0.0778934862095133,0.8687287185354691,UPS,2021,en,US,42,55550,815,312,0.0146714671467146,0.0056165616561656,0.0154995499549954,0.0097569756975697,-0.4463176574977817,0.0295229522952295,0.0571017101710171,0.0,0.0,0.3183707398171239,12253.0,0.013139639272015,0.0062841753040071,0.015261568595446,0.0049783726434342,-0.3529411764705882,17.923928076433295,12.72177289087689,4.913420006356288,0.1891197779867798,10.925038795067776,0,-2.5524129469377166,-0.14072437905300278,2022Q1,-0.894481281512596,0.5043444098682073,0.5299135006518091,-0.17105091866576058,-0.7210595759143258,-0.1597622268235801,0.5145085249801268,T3 Tích cực
0.0014326752211115,0.8778782603976552,0.0196195407707356,0.0,-0.0145910774388469,-0.3718506362954974,-0.0068305801526852,-0.0234235941926522,-0.8442084596644327,-0.0220979463249852,-0.0114650305660893,-0.3373849857623765,-0.0077623596706154,-0.0088045688909793,-0.1832076621984495,-9.724292255519627e-05,-0.0049974193672248,-0.0767998930473652,0.0106524934807538,-0.0064711655830701,-0.009027306068788,0.001626914367407,0.006027856209802,0001090727-21-000013,2021-02-23,19.978597585217603,25.66567371860109,0.0046892663273949,1.2993452133794694,UPS,2020,en,US,42,57306,816,300,0.0142393466652706,0.0052350539210553,0.0153736083481659,0.0097022999336893,-0.4623655913978494,0.0283739922521201,0.057254039716609,0.0,0.0,0.3372732830650091,12081.0,0.012002317688933,0.0048837016803244,0.0160582733217448,0.0058769969373396,-0.4215686274509804,19.232772397085032,13.863549594083713,5.867006636970464,0.1536454808106646,10.956160609262792,0,-5.362479142152208,0.2618604555613017,2021Q1,-0.9827810821701168,0.20116656871796249,0.413505040757901,-0.2086003060978321,-0.6330562949722767,-0.3516359384789759,0.2766239426424161,T3 Tích cực
-0.000357441329965,1.0417175617831889,0.0135571448245348,0.0,-0.0326304450945533,-1.2034408983925893,-0.0373179459054577,-0.0204107866809556,-1.0645756063132548,-0.0229625657449972,-0.0187015095777753,-0.7964303493638745,-0.021769904153256,-0.011792395801818,-0.3551061443153557,-0.0193808455501784,0.0206304186192049,0.458821185255873,0.0116368114270665,-0.0348775827119778,-0.1239662314854064,-0.0008756872070632,-0.0165737406922327,0001090727-20-000005,2020-02-21,19.40106272266988,25.24504053238161,0.0355113625168173,0.8868277777777778,UPS,2019,en,US,42,58391,753,290,0.0128958229864191,0.0049665188128307,0.0149509342193146,0.0102070524567142,-0.4439117929050815,0.0295936017536949,0.0574403589594286,0.0,0.0,0.319952774498229,11470.0,0.010462074978204,0.0037489102005231,0.0164777680906713,0.0061900610287707,-0.4723926380368098,18.23591105120087,12.61497216595256,5.170391408870294,0.0839209445891901,10.974917047351175,0,-3.337902562816267,-0.12010447812007007,2020Q1,-1.257317648048263,0.5229867903621427,0.5473651547833315,-0.33462025312961036,-0.7000826537973123,-0.6114851228731432,-0.19093689712254006,T3 Tích cực
0.0002617367894717,1.0766228455600748,0.0121982474212217,0.0,-0.0045860875498745,-0.1879814120631793,-0.0030557683521319,-0.0079332816019052,-0.4598756709927281,-0.0068241822988353,0.0018137930045913,0.0858478962833024,0.002914423475528,-0.0003460955233659,-0.011583049668721,0.0020195378509726,-0.0276736305398185,-0.6840256034561786,-0.025669200587487,-0.0032181669888349,0.0544199021726835,0.0003676925623867,0.005765208001968,0001090727-19-000006,2019-02-22,19.44387137108812,25.29574920058986,0.0312137847996537,0.9230452655889144,UPS,2018,en,US,42,61383,777,345,0.0126582278481012,0.0056204486584233,0.0143036345567991,0.0107195803398335,-0.3850267379679144,0.0324031083524754,0.0567095124057149,0.0,0.0,0.2727605118829981,17454.0,0.0087086054772544,0.004869943852412,0.0139223100721897,0.0068179213933768,-0.2827004219409282,19.481461109355973,13.959816664058842,7.962627446529118,0.1460965276416391,11.024888202834669,0,-3.4668954612389182,-0.08007700387365375,2019Q1,-1.3058680043761097,1.2643355869752007,0.9745054083941012,-0.5276121199504662,-0.616335114104717,-0.907307084248404,0.22600195109779822,T3 Tích cực
-0.0003769701906134,0.9140360509442792,0.0107388483000028,0.0,-0.003220761986607,-0.1499584451065479,-0.0061085407296878,-0.0061135135596981,-0.4025484646186245,-0.0083290067643313,-0.0008081960045036,-0.0434508587627638,-0.0029281582848549,0.0270903401302366,1.0298669594066985,0.0255478768186682,0.0310043201875223,0.870498772895127,0.0256237596034275,-0.0064441510373671,-0.1879703810661838,-0.0002623545641577,0.0359628786451666,0001090727-18-000009,2018-02-22,19.72495819220949,25.23625162354563,0.0109656700972505,0.8335506314580942,UPS,2017,en,US,42,58506,799,317,0.0136567189689946,0.0054182477010904,0.0140327487779031,0.0105117423853963,-0.4318996415770609,0.0329709773356578,0.0578914983078658,0.0,0.0,0.2742663656884876,16478.0,0.0100740381114212,0.0051583930088602,0.0123801432212647,0.0061900716106323,-0.3227091633466135,20.117287956482546,14.153884841965889,8.735868165390661,0.0842666096799075,10.976884592063174,0,-4.5129857865992244,-0.18206083303563478,2018Q1,-1.10183563211139,1.4141800427593176,0.634498865877539,-0.6083764941526679,-0.5735837740291344,-0.6769495218578039,-0.18861892602008787,T3 Tích cực
-0.0005274550887053,0.8857904795689351,0.0082220412325168,0.0071428571428571,-0.010452894854394,-0.6356630037960971,-0.0133482730660458,-0.0151679504004935,-1.304464461023758,-0.0167900097540503,-0.0191120358566991,-1.3420437497914788,-0.0214532574351269,-0.0119241576250059,-0.5920691502224683,-0.0156962342416581,-0.0122044193536113,-0.4475495543059734,-0.0188567221099664,-0.0136168983408166,-0.0942748153082894,-0.0001038392791206,0.0063500261187304,0001090727-17-000011,2017-02-21,19.25720451201362,25.270729590873124,0.0042905859692441,0.7262468856172141,UPS,2016,en,US,42,57757,766,372,0.0132624616929549,0.0064407777412261,0.013677995740776,0.0093841439132918,-0.3462214411247803,0.0317537268209913,0.0587807538480184,0.0,0.0,0.2985274431057563,16831.0,0.0116451785395995,0.0058820034460222,0.0123581486542689,0.0063573168558017,-0.3288135593220339,20.6665927836983,16.498862352764544,11.01759365830942,0.1347355511737987,10.963999833159656,0,-5.451331965802328,-0.31986525913197295,2017Q1,-1.1823984389604199,1.0929822905930353,1.2559911665835786,-0.7141458230435018,-0.5366499490741385,-0.41188768713072776,0.14981718192299326,T3 Tích cực
0.0008744064840663,0.7897114557833566,0.0081301521506718,0.0142857142857142,-0.0078970457213322,-0.4856640795264649,-0.009704153625558,-0.0033247951897624,-0.2891686626729567,-0.0035691308744467,-0.0087363198718003,-0.6203963389902594,-0.0090398853779506,-0.0028677353114597,-0.1440007538247035,-0.00452276155406,-0.0031255508198367,-0.1159128405926881,-2.140260938332528e-05,-0.0097769966309799,0.0649098494032971,0.0002547269752174,-0.0007135552474314,0001090727-16-000053,2016-02-25,19.257462347205948,25.192385717364186,0.0282997663718725,0.8793293007769145,UPS,2015,en,US,42,57132,810,405,0.0141776937618147,0.0070888468809073,0.01319750752643,0.0093992858643142,-0.3333333333333333,0.0317160260449485,0.0573058881187425,0.0,0.0,0.2874557609123083,15888.0,0.0129657603222557,0.0064199395770392,0.0118328298086606,0.006294058408862,-0.3376623376623376,21.67815402667699,19.259841742196897,11.169932962771872,0.1025107344100251,10.95311965898252,0,-3.564901729777887,-0.1285958203081635,2016Q1,-0.9953792794759276,1.083034129245829,1.3494788883234279,-0.8574029925462493,-0.4686352074801081,-0.1890967615456331,-0.06627693937001161,T3 Tích cực
-0.0003454161623864,0.8749664433560977,0.0107130355304814,0.0,-0.0071188622290799,-0.3322523391631071,-0.0082997171859644,-0.002949492502316,-0.1946792898719007,-0.0038386751987182,-0.0012941224832112,-0.0697432545538078,-0.0021590840697461,0.0008344217173363,0.0317978259905171,0.0002417683790554,-0.0010093131920042,-0.0284064564852239,-0.0034767607493407,-0.0082843905371615,-0.1069573131041033,-4.345038120781252e-05,-0.0007838043948458,0001090727-15-000008,2015-03-02,19.32497226335928,25.257849200442525,0.0229758789679837,0.8362756550218341,UPS,2014,en,US,42,55950,842,411,0.0150491510277033,0.0073458445040214,0.0130116175156389,0.0090616621983914,-0.343974461292897,0.031367292225201,0.0567649687220732,0.0,0.0,0.2881768403974853,16348.0,0.0140689992659652,0.0061169562025935,0.0115610472229018,0.0057499388304379,-0.3939393939393939,22.578122044072558,18.35612944463747,12.872649983690575,0.0287491838634014,10.93221371374007,0,-3.7733103538885677,-0.17879698935935634,2015Q1,-0.8173050937711152,0.9910132036782222,1.2722903028631158,-0.9128259477606967,-0.4081237035341815,-0.0029730177240425816,-0.5609093081877286,T3 Tích cực
-0.0025004804017863,1.1107911387059577,0.019365439331298,0.0214285714285714,0.0696815419449995,1.7991211237945297,0.0611869813258153,0.0580370659019882,2.119156821458776,0.05401240117997,0.0993859647406818,2.963037012228581,0.0931167926632752,0.0466545133426745,0.9835369592564605,0.0327053584468687,0.0312778217215753,0.4869818815571181,0.0067539799973137,0.0617468113792389,-0.0990013143431171,-0.0008562636399021,0.0119922402332219,0000037996-24-000009,2024-02-07,20.04040435644658,24.599783082850237,0.8863794175767485,3.5324529014507253,F,2023,en,US,37,78151,1766,423,0.0225972796253406,0.0054125986871569,0.0163913449603971,0.0106204655090785,-0.613522156235724,0.0279714910877659,0.0646696779311845,0.0,0.0,0.3961325966850829,19212.0,0.0200395586092025,0.0067666042057047,0.0158234436810326,0.0046845721424109,-0.4951456310679611,47.123433727606496,26.40176100105088,22.92106480840156,-0.1555729551333934,11.266398131673066,0,-0.12061018350154953,1.2619925025650074,2024Q1,0.7250847700036764,0.09495797182096223,-0.6829540439568246,0.09483703536954428,1.2422390827906258,1.0043000340554957,-1.79694211338079,T1 Tiêu cực
0.0005941871411545,1.4039944387184438,0.0199623783412602,0.0,-0.0432920564058436,-1.084341145773281,-0.0468553542573333,-0.0609494072758089,-2.158948120171958,-0.0664249510382127,-0.0437477807189345,-1.265269726018582,-0.0426906722968359,-0.0267973262752276,-0.5480290200818536,-0.0318525648463184,-0.0131647649680078,-0.1988403344881051,-0.0163054231243419,-0.0480399235785601,0.0969899470683277,-0.0007958997190002,-0.0211328475487215,0000037996-23-000012,2023-02-03,20.077862163931165,24.7747112275419,0.7522901847990328,4.012684628799203,F,2022,en,US,37,74707,1625,424,0.0217516430856546,0.0056755056420415,0.0155273267565288,0.0100927623917437,-0.5861395802830649,0.0282972144511223,0.0655895699198201,0.0,0.0,0.3972055888223553,20307.0,0.0192544442802974,0.0081745211010981,0.0141330575663564,0.0041365046535677,-0.4039497307001795,40.52257903912536,22.218425480096247,23.324073124241856,-0.2394640955235809,11.22132907489657,0,-0.2846331454251289,1.389460500805451,2023Q1,0.5522868095055542,0.18090709312142117,-0.48432638793416577,-0.16276928792705303,0.7984148170301332,0.8718460275531013,-2.359501782836077,T1 Tiêu cực
0.0027569109547059,1.5564685835359238,0.0245646198877493,0.0071428571428571,-0.11553649700486363,-2.5208021331142536,-0.0992542879590041,-0.09464045518618906,-3.1292813270615776,-0.09610654226434588,-0.07926577052265237,-2.57062906537807,-0.08930988622870815,-0.1156650612390054,-1.922279430050176,-0.1061971724562608,-0.0763550554101346,-0.937198113678146,-0.0617456637235368,-0.1019354037824245,0.0841696088389754,0.0021719488546005,-0.0330875110321908,0000037996-22-000013,2022-02-04,21.262027798111717,25.09752472519253,0.6112168856658402,5.074269581558506,F,2021,en,US,37,71989,1507,397,0.0209337537679367,0.0055147314172998,0.014905054938949,0.0099459639667171,-0.582983193277311,0.0283376626984678,0.0659545208295711,0.0,0.0,0.398939304655274,20925.0,0.0188291517323775,0.0079330943847072,0.0130943847072879,0.0043010752688172,-0.4071428571428571,37.93060756198925,20.62799412029522,24.74453961250785,-0.2395940207131207,11.1842686085487,0,-0.4923034144403732,1.624182589753623,2022Q1,0.38515873570291104,0.19158023391692944,-0.46143059633526035,-0.34829912317836886,0.6241374102392288,0.800096347495471,-2.360373038982334,T1 Tiêu cực
0.003662621264419,0.8970117940295015,0.0222440418960691,0.0142857142857142,0.010939019763561,0.2458865123225219,0.0245762930916245,-0.0008012677119554,-0.0254711726994933,0.0053605331691135,0.0009790203204818,0.025410743614549,0.0096856782806391,-0.028463965419619,-0.5224034946830173,-0.0081578436861311,-0.0116261111998311,-0.1575884651022501,0.0285269455586065,0.0244501029896946,0.2014098396131362,0.0013076539086514,0.0338375416048305,0000037996-21-000012,2021-02-05,20.13883911193447,24.533765611476152,0.679387986518939,4.999852328215455,F,2020,en,US,37,70261,1478,322,0.0210358520374033,0.0045829122841974,0.0150723730092085,0.0092512204494669,-0.6422222222222222,0.0287214813338836,0.0646446819715062,0.0,0.0,0.3847560975609756,20386.0,0.0191307760227607,0.0055920729912685,0.0131953301285195,0.0038261552045521,-0.5476190476190477,38.8816248138477,20.286581652860864,27.76516713998989,-0.2414311044709757,11.159972158567948,0,-0.38656290589809744,1.6094083776410437,2021Q1,0.4060215673170311,0.29285904337289553,-0.8911385056542708,-0.2984133768970304,0.6880813316632529,0.8509823703953607,-2.3726922091208467,T1 Tiêu cực
-0.0012610954808527,1.0187495778263504,0.0132581341917004,0.0642857142857142,-0.0274179107358422,-1.0340033650061342,-0.0323321764097163,-0.0195536104048368,-1.042868499746768,-0.0221147101303795,-0.07926577052265237,-5.422694537520535,-0.08930988622870815,-0.0113209308215271,-0.3485973657772532,-0.0186667857334582,-0.0383593103837115,-0.872352556071486,-0.0522113427975938,-0.0321860816708509,-0.038149287592867,-0.0003317697076832,-0.010229530185248,0000037996-20-000010,2020-02-06,19.46424385896012,24.21999524249208,1.0053829975990336,2.40210415407855,F,2019,en,US,37,63371,1311,258,0.020687696264853,0.0040712628804973,0.0153382462009436,0.010430638620189,-0.6711281070745698,0.02695239147244,0.0654558078616401,0.0,0.0,0.4166666666666667,17962.0,0.0185948112682329,0.0052889433247967,0.0132501948558067,0.0040084623093196,-0.5571095571095571,34.45595404235987,17.44873699478417,21.5051256004385,-0.1592113392008468,11.056761622530754,0,0.005368561052215566,0.8763450841159441,2020Q1,0.33487917385484844,-0.17395339994040784,-1.100815935688939,-0.21914350147152353,0.3905107634032161,0.7605615533657171,-1.8213404959610962,T1 Tiêu cực
-0.0009103723185479,0.7823332670154979,0.0186257353247345,0.0142857142857142,0.0068840709099391,0.1847999767503749,0.0018694400881792,0.0015819377958454,0.0600566325761185,-0.0019024260554747,-0.0204759726013177,-0.6347029036534787,-0.0241031207958385,0.0066626064130597,0.1460343782805244,-0.0010586317882562,-0.0143961264604678,-0.2330429038172247,-0.0219254853312378,0.0017301592681822,0.0113512666375833,-0.0007398886306197,0.0068955673570132,0000037996-19-000012,2019-02-22,19.370236823679917,24.267510776320123,1.0380908697183098,2.640512556618017,F,2018,en,US,37,56348,1091,272,0.0193618229573365,0.0048271455952296,0.0151735642791225,0.010186696954639,-0.6008804108584006,0.0263363384680911,0.0658053524526158,0.0,0.0,0.4283513097072419,16162.0,0.0155302561564162,0.0065585942333869,0.0135503031802994,0.0037742853607226,-0.4061624649859944,31.255349723750108,18.185178768396003,19.38422074231314,-0.0118529186258092,10.939302026380197,0,0.03738332399324827,0.9709730485476046,2019Q1,0.06394929716950253,-0.3365122469714682,-0.5912533852359568,-0.2682432822444501,0.1753104706023909,0.2435507337140239,-0.8331800777741636,T1 Tiêu cực
-0.0002268398889943,0.6013684074695125,0.0112484063926451,0.0142857142857142,0.0035421840712547,0.1574527069705984,-0.0152502056154769,0.0088355937287776,0.5554305226305767,-0.0031188765551066,0.0009667586988425,0.0496211085850431,0.0037486513120233,-0.0155652535853258,-0.5649234162628352,-0.0397713293815324,0.0013277487024642,0.0355900456088741,-0.0309571075178598,-0.0158535136714548,-0.1287343885973759,-0.000983144662446,0.0005615732222356,0000037996-18-000015,2018-02-09,19.635352450916624,24.44797688332481,0.8415492074540367,2.3649612578616352,F,2017,en,US,37,56915,1093,300,0.019204076254063,0.0052710181850127,0.0141790389176842,0.0095054027936396,-0.5692749461593682,0.0280066766230343,0.0636563296143371,0.0,0.0,0.3889208357293464,16188.0,0.0159377316530763,0.0077835433654558,0.011798863355572,0.0037682233753397,-0.34375,33.67818381079659,18.91970372270517,20.45819680385974,-0.0603723384160548,10.949314205759316,0,-0.17251079117971582,0.8607616403558648,2018Q1,0.031715225766811586,0.104242432744007,-0.36199375014797114,-0.5647602082054122,0.33821552009838723,0.31229455878145196,-1.1585430259044467,T2 Trung tính
-0.0004207861576529,1.3474780021961084,0.0135569940124899,0.0357142857142857,-0.0016790729954471,-0.0619264489569089,0.0030910662831067,-0.0012148556594263,-0.0633645389347972,0.0011815793386455,0.0015133773412215,0.064450040660545,0.0037299404590458,-0.015107134479118,-0.4549284169651179,-0.0097441119949676,-0.0300230176040248,-0.6677203219040735,-0.0237906353619504,0.0031090694164563,-0.0027053747947842,-0.0005805677910464,0.0025828654614437,0000037996-17-000013,2017-02-09,19.44027668100618,24.61886959027934,0.5930580637874322,2.140340875912409,F,2016,en,US,37,56376,1062,336,0.0188378033205619,0.0059599829714772,0.0137469845324251,0.0090109266354477,-0.51931330472103,0.0271392081736909,0.0631474386263658,0.0,0.0,0.3988212180746562,16760.0,0.0147374701670644,0.0105608591885441,0.0105011933174224,0.0035799522673031,-0.1650943396226415,33.09447638265398,17.631811530566708,22.0675185583568,-0.0814024943765252,10.939798815006858,0,-0.5224629694532978,0.7609651041583408,2017Q1,-0.04312924100393079,-0.12465779169385949,0.0004178705519420894,-0.6935768710401377,0.2989685539189287,0.1098024670952609,-1.2995676624833432,T2 Trung tính
-0.0003024259480732,1.052001758730425,0.0108985828043648,0.0142857142857142,0.0393370452585766,1.8046862589703905,0.0402185392093474,0.0120413982424815,0.7812533523915046,0.0118118372031092,0.011661484531715,0.6177648373548053,0.0111196717975317,0.0310123476768154,1.161686629316632,0.0310450106541239,0.0473924922956087,1.3111222194152974,0.0467407777240919,0.0415323598836521,-0.0818240953225208,-0.0007399123015946,0.0126921674936624,0000037996-16-000092,2016-02-11,19.42879354228968,24.530116322502668,0.6363692429068049,1.8678798941798944,F,2015,en,US,37,58544,1103,322,0.018840530199508,0.0055001366493577,0.0142286143755124,0.0088480459141842,-0.5480701754385965,0.0263391637059305,0.0637469253894506,0.0,0.0,0.4152445961319681,16045.0,0.0150202555313181,0.0099719538797133,0.0117793705204113,0.0042380803988781,-0.2019950124688279,34.89610897144397,18.699693666996037,21.04497149831701,-0.0650125919608399,10.977533887258987,0,-0.45197631349974565,0.6248040412619712,2016Q1,-0.0425720286576117,-0.33576674714837,-0.20817864115141288,-0.5499793258586152,0.4201056336800172,0.15751023792129695,-1.1896597742070882,T2 Trung tính
-0.0011410486183842,1.1417738186713264,0.0119311150487232,0.0214285714285714,0.0041148075703932,0.1724401932924794,0.0001596658232426,-0.0195179105620895,-1.15674409782202,-0.0209958223306558,-0.0226195120874546,-1.0945650376598666,-0.0238711339683721,-0.0032974160117377,-0.1128280503744007,-0.008709078484253,0.009907403100203,0.2503700968281081,-0.0006869760965382,-1.5898180222517766e-05,0.0655020914487282,-0.0002495901361269,0.0198219357923608,0000037996-15-000013,2015-02-13,19.291294094696184,24.882153957601137,0.3875761726595459,1.84633422801636,F,2014,en,US,37,62587,1183,327,0.018901688849122,0.0052247271797657,0.0139485835716682,0.0085640788023071,-0.5668874172185431,0.0263473245242622,0.0624570597727962,0.0,0.0,0.4066210867218424,17300.0,0.0165895953757225,0.0095375722543352,0.0117919075144508,0.0035260115606936,-0.2699115044247787,38.25701535414401,19.09576037689908,27.17290972723641,-0.0426806019805371,11.044312867790632,0,-0.9478428749017117,0.6132021749556013,2015Q1,-0.030074827526683032,-0.3336133395528119,-0.34467509911885524,-0.6334702817958014,0.6460842194826427,0.4222683021959491,-1.0399052608798693,T2 Trung tính
-0.000734094895513,1.0669812285830829,0.0181049863700584,0.0071428571428571,-0.0101232214186962,-0.2795699817658457,-0.0127993084533463,0.0241643785743222,0.9437618788445996,0.0224542488079135,0.1035274345512538,3.301388412284393,0.1010429776187682,0.0045808323850707,0.1032929244950651,0.0011433326948199,-0.001695756235768,-0.0282402721698869,-0.0087186991534549,-0.0130588436913907,-0.0656703773038568,-0.0010717162893525,-0.0211911715617639,0001467858-24-000031,2024-01-31,20.316812184501988,24.508401197628093,1.4596643579294697,3.3648058694620784,GM,2023,en,US,37,53658,1116,313,0.0207983898020798,0.0058332401505833,0.0175556301017555,0.0099891908009989,-0.5619314205738278,0.0285325580528532,0.0581646725558164,0.0,0.0,0.3417884780739467,10901.0,0.0165122465828823,0.0075222456655352,0.0154114301440234,0.0047702045683882,-0.3740458015267175,32.94487385450245,19.36806245840633,16.57660235014017,0.0184312541177496,10.890385851574235,0,0.3782065174619375,1.213370270336531,2024Q1,0.35749836847978317,0.24300756870297593,-0.30872530394626646,0.44196770135712465,0.2889096698279587,0.40921904665109615,-0.6300995840640555,T2 Trung tính
0.0004046331951648,1.3130996853142722,0.0173765580094397,0.0,0.0386755322713921,1.1128651672667758,0.0430044448774783,0.0216351814951059,0.8804035608824416,0.0303194300984064,0.0854976852464648,2.840730112679419,0.0991711198835469,0.0410714145670054,0.9649399365975544,0.0467706012343267,0.0623867471535036,1.0825108176122775,0.0723968678799625,0.0429152704019577,-0.0586836856729796,-0.00055216570322,-0.0132896777992366,0001467858-23-000029,2023-02-01,20.045100853200584,24.72763345287112,1.236242550385772,2.7933772506370773,GM,2022,en,US,37,52512,1018,322,0.0193860450944546,0.0061319317489335,0.0171198964046313,0.0098644119439366,-0.5194029850746269,0.028622029250457,0.0585961304082876,0.0,0.0,0.3436681222707423,11150.0,0.0155156950672645,0.007982062780269,0.016591928251121,0.005201793721973,-0.3206106870229007,30.649256012202137,19.35443602773047,14.978990626524311,-0.0322717983881011,10.868796993889818,0,0.21207657795949764,1.027251347887401,2023Q1,0.06889886556737251,0.26661647024600704,-0.00023265255651322387,0.3120540546885092,0.13455830907105945,0.24109418117616505,-0.9701056004967723,T2 Trung tính
-0.0004087675341918,1.3803485004244054,0.0213825379787882,0.0071428571428571,-0.0431201115437812,-1.008301998260377,-0.049894963860712,0.0036477336705112,0.1206282068545723,-0.0028630732691365,0.0199955506752427,0.539900201575623,0.0156863093130201,-0.0731127873760681,-1.39591336103027,-0.0719881899539166,-0.0423106933972814,-0.5966155219220047,-0.0524639766551818,-0.0483575322856643,-0.0136148809789677,-0.0005115151826216,0.0231680404368131,0001467858-22-000034,2022-02-02,20.84879418268114,25.08719040396665,0.7604417233093939,3.120619762791549,GM,2021,en,US,37,51205,1001,327,0.0195488721804511,0.0063860951078996,0.0171858216970998,0.00990137681867,-0.5075301204819277,0.0280636656576506,0.0570647397715066,0.0,0.0,0.3406744666207846,10059.0,0.0169997017596182,0.0096431056765086,0.0167014613778705,0.0049706730291281,-0.2761194029850746,28.927318803350083,18.054106276047804,14.944244310423514,0.0023021035967394,10.843592462509537,0,-0.2738557996609294,1.1380316240150654,2022Q1,0.1021710659201326,0.11928021633606983,0.08589070079049901,0.3317096269079708,0.018779738950727452,0.4914559754294106,-0.7382589146380787,T2 Trung tính
0.0041135755736602,0.91819547630799,0.026343448689159,0.0,-0.0580402116202962,-1.1016061774057155,-0.0420345101056162,-0.0373559926340279,-1.002703784958351,-0.0296502216594574,-0.062201618412366,-1.3632277822906536,-0.0503540341751579,-0.0664514915319974,-1.0298085166000277,-0.0417056646032916,-0.0866468341136017,-0.9917077966997372,-0.0393408677327634,-0.0417470457045489,0.24841723260071913,0.0017381479641718,0.0655388868590829,0001467858-21-000037,2021-02-11,20.74054183619091,25.09369165536097,0.569442831900025,2.973006444623069,GM,2020,en,US,37,52943,1208,285,0.0228169918591692,0.005383147913794,0.0165083202689685,0.0122018019379332,-0.6182183523107837,0.029068998734488,0.0582891033753281,0.0,0.0,0.3344864864864865,10758.0,0.0183119538947759,0.0082729131808886,0.0173824130879345,0.0039970254694181,-0.3776223776223776,32.7535420933289,19.88886445568123,15.70401536732426,-0.0530350301833823,10.87697114210148,0,-0.563096884101079,1.0895737117307551,2021Q1,0.7699809211517404,0.38455899056362175,-0.7170192984538665,0.12971312828361942,0.2760450208654999,0.712841634108388,-1.1093402891808128,T1 Tiêu cực
-0.0014132399532835,1.220506929652169,0.011912825320976,0.0142857142857142,-0.0025644036761827,-0.1076320523086745,-0.0066871138512213,-0.0350138429157902,-2.078308469575323,-0.0382979145681442,-0.0281295202670072,-1.3632858420021812,-0.0303459975144518,0.0024394935282328,0.0836005763255096,-0.0034441628070709,0.0047642744150269,0.1205828798885224,-0.0105459421562402,-0.007486064536372,-0.1023022823757102,-0.0012860737328616,-0.0342371137989801,0001467858-20-000028,2020-02-06,19.60394320211514,24.63644698192203,0.8348725409750547,1.4759590308583062,GM,2019,en,US,37,50599,1179,257,0.0233008557481373,0.0050791517618925,0.0158501156149331,0.0135971066621869,-0.6420612813370473,0.0310480444277554,0.0573726753493152,0.0,0.0,0.2977201609298167,9902.0,0.0188850737224803,0.0087861038174106,0.0165623106443142,0.0066653201373459,-0.364963503649635,29.788273879620466,18.14829382148255,15.11395834413066,-0.0503787996480241,10.83168709223442,0,-0.1804762113216542,0.3893079689219854,2020Q1,0.8688540058027702,0.9067727998434719,-0.8899710730929304,-0.06653005287117691,0.07666811441296568,0.8095307589792515,-1.0915280605590774,T1 Tiêu cực
0.000172479814649,0.8871991670911736,0.0179976646047471,0.0071428571428571,-0.0267851037318084,-0.7441272053915108,-0.0266499828247998,-0.0229203285113783,-0.900512376097069,-0.0215961517260216,-0.0055979720270946,-0.1795783357306605,-0.0038503969701593,-0.0310493233292371,-0.7043043332342883,-0.0306112445342874,-0.0189269149559284,-0.3170788934229686,-0.0195484811939702,-0.0268526727258983,0.0536722888039216,0.0003567517574689,0.0020114384113069,0001467858-19-000033,2019-02-07,19.800792067338804,24.75311283224281,0.6908161520340522,2.175954633606207,GM,2018,en,US,37,52494,1193,274,0.0227264068274469,0.0052196441498075,0.0151255381567417,0.0134682058901969,-0.6264485344239945,0.0305939726444927,0.0578542309597287,0.0,0.0,0.3082059013568813,11607.0,0.0181786852761264,0.0098216593434996,0.015163263547859,0.0071508572413198,-0.2984615384615384,29.499497057469643,15.909382864801849,15.768385139017742,-0.0180400274507701,10.86845415633432,0,-0.3698815513470995,0.7774674802498034,2019Q1,0.7514707125707782,0.7869561849816791,-0.7767193713985349,-0.28256223149033427,0.0572515135168129,0.6903583322104552,-0.8746697735783346,T1 Tiêu cực
0.0004624952495948,1.073140571048727,0.0120628846885596,0.0214285714285714,0.0172593779129921,0.7153918137574857,0.0181082595440758,0.0186973600051061,1.0960089888312914,0.0165110962950989,0.0581929961977424,2.7852162137951413,0.0577448666290674,-0.0052345651444211,-0.1771551603704191,-0.0022893183899994,-0.0312902373251234,-0.7820982933711359,-0.0258805106165586,0.017867027383548,-0.0485670356050891,-9.779985160178882e-05,0.021027213538187,0001467858-18-000022,2018-02-07,19.998254244273117,24.79594587308577,0.5961258934336063,2.323444783435078,GM,2017,en,US,37,50096,1210,255,0.0241536250399233,0.0050902267646119,0.0157697221335036,0.0140530182050463,-0.6518771331058021,0.0313198658575534,0.0573099648674544,0.0,0.0,0.2932432432432432,11675.0,0.0206423982869379,0.0091648822269807,0.0162740899357601,0.0069379014989293,-0.3850574712643678,31.33650322527609,18.23474362841649,17.690408722626263,0.0295510009862482,10.821696443566188,0,-0.5173034036295288,0.843050904868471,2018Q1,1.043109477841342,0.9784987356223221,-0.9611732723332213,-0.09049930383758725,0.18076702053849467,1.1060030951956745,-0.5555324594109172,T1 Tiêu cực
0.0013836584661718,1.3694671697216565,0.0143708296391661,0.0071428571428571,-0.0144803605319859,-0.5038108757660469,-0.0033084837725784,-0.0121625732164862,-0.5984510438156077,-0.0070137193691596,-0.060829536845558,-2.4438359060876693,-0.0542132185948103,0.0145545671658302,0.413467928650252,0.0318188338904297,0.0039823740184877,0.0835533490462736,0.0304553676587975,-0.0033716965778183,0.0216578056401587,0.0001837132628772,0.0674910280749408,0001467858-17-000028,2017-02-08,19.912487550052912,24.6855741485474,0.8337239605202525,2.171879558028822,GM,2016,en,US,37,48079,1145,278,0.0238149711932444,0.0057821502111108,0.015495330601718,0.0139977952952432,-0.6092761770906535,0.0315314378418852,0.0580502922273757,0.0,0.0,0.2960297190619921,11938.0,0.0226168537443457,0.0108895962472776,0.0154967331211258,0.0061986932484503,-0.35,35.07520762154253,18.25485571568952,17.41310378909615,0.0447097476571798,10.78060077032391,0,-0.1818529139998422,0.7755929484295703,2017Q1,0.973908714540969,1.03432655821918,-0.6521545718193411,-0.1723089154065864,0.43214776013636835,1.4391068564770357,-0.45388049143322146,T1 Tiêu cực
0.0002535712135048,1.0392967181812265,0.0130572487106008,0.0071428571428571,-0.0045042870324732,-0.1724822407961147,-0.0047385402497186,0.0039399084688256,0.2133631714695826,0.0037807941472175,-0.0261227011683593,-1.1550632821497635,-0.0258320735292991,-0.0270027358420488,-0.8442682673581732,-0.0272206670463479,-0.0091336664473921,-0.2109099790097577,-0.0062044390593192,-0.0047674763602502,-0.073403226836119,4.1431354180371694e-05,0.0144114733969832,0001467858-16-000255,2016-02-04,19.715826573383783,24.522494684225236,0.8926331358030953,2.464874147199544,GM,2015,en,US,37,50976,1206,322,0.0236581920903954,0.0063166980539861,0.0146147206528562,0.0133396107972379,-0.5785340314136126,0.0292490583804143,0.0577330508474576,0.0,0.0,0.3274695534506089,12508.0,0.0225455708346658,0.0119923249120562,0.0148704828909497,0.0054365206267988,-0.3055555555555556,36.29807476266331,19.37678990264081,16.58581808729855,0.148455163561739,10.839110212709775,0,-0.11357960468517073,0.9021407502884345,2016Q1,0.94187236328409,0.4320716043029794,-0.42915727793820163,-0.43486205395049476,0.5143701596049813,1.4270809557455866,0.24181856102115024,T2 Trung tính
-0.0006682890120145,1.0918423076926715,0.0127209061782811,0.0285714285714285,0.0351978980816693,1.3834666174082766,0.0337463917682945,-0.0013422136204247,-0.0746085490689079,-0.0020475379383583,0.0583076238810009,2.6463462485855715,0.0565523096763563,0.0393249249099836,1.2620432178432963,0.0374199477880463,0.021658785925187,0.5133572698912446,0.0173695883610053,0.0339027639265565,0.0468358989161062,-0.0006906285299284,0.0018030900802144,0001467858-15-000036,2015-02-05,19.716344736574243,24.77851287750268,0.6145122926534562,2.5507868394394118,GM,2014,en,US,37,56058,1342,377,0.0239394912412144,0.0067251774947375,0.0152520603660494,0.0111491669342466,-0.5613728912158231,0.0284705126832923,0.0592600520889079,0.0,0.0,0.3509556730378202,14370.0,0.0237995824634655,0.0118302018093249,0.0184411969380654,0.0052887961029923,-0.3359375,39.99804136513626,21.910186988010825,22.862854678213356,0.1184494317974895,10.93414214802101,0,-0.4869263458580577,0.9364018760601484,2015Q1,0.999353228017567,0.2266355622875609,-0.3046738451867942,-0.2448397379025867,0.7631462709086463,1.638641053835696,0.04060524499577157,T2 Trung tính
0.0010662899504403,0.5299165334861161,0.0168593637565933,0.0,0.0014176803358012,0.0420443012046286,0.0053543008966527,0.000133706520394,0.0056078502501334,1.2994009414346586e-05,-0.013852676702454,-0.474386028952658,-0.0131753210201769,0.0072408121375582,0.1753357492848506,0.012831570650291,-0.0244649198848108,-0.437528426099223,-0.0196269823410564,0.0054717467639158,0.0513661779241931,0.000248117224835,0.0045082744775735,0000732712-24-000010,2024-02-09,20.38388684722569,25.845994008759934,0.5508589065779365,1.2954977047380656,VZ,2023,en,US,48,57655,809,250,0.0140317405255398,0.0043361373688318,0.0128870002601682,0.009591535859856,-0.5278564683663833,0.0273003208741652,0.0559708611568814,0.0,0.0,0.3443032701520516,15136.0,0.0107690274841437,0.0045586680761099,0.0105047568710359,0.0036997885835095,-0.4051724137931034,18.43606960474072,12.119848158803196,7.420238743216266,0.0989424819638952,10.962232252205217,0,-0.5962765705368402,0.2588949492994813,2024Q1,-1.0252034656041287,-0.08214473738476906,-0.06155250699136354,-0.9499804809145059,-0.6866245143209913,-0.5597001945884149,-0.09020503126733732,T2 Trung tính
-0.001458030493479,0.476642424620843,0.0137632109230988,0.0214285714285714,0.0016224148516944,0.05894027421216,-0.0042895866719501,0.0055890652743199,0.2871470892982632,-0.0031719550701694,0.0110241804985909,0.4624512124401443,-0.0003437772196279,-0.0004122165717726,-0.0122272855998017,0.0026967954879321,0.0003036380371291,0.0066518135449123,-0.0003476253665193,-0.0042365598428921,-0.0341342248989268,-0.0006056802464769,0.0134597530614447,0000732712-23-000012,2023-02-13,20.38498713690721,25.8474518706224,0.5424033531682652,1.364895256841298,VZ,2022,en,US,48,59345,705,291,0.0118796865784817,0.004903530204735,0.0125368607296318,0.0085095627264301,-0.4156626506024096,0.0264386216193445,0.0585727525486561,0.0,0.0,0.377998017839445,16712.0,0.0088559119195787,0.0059238870272857,0.010411680229775,0.0024654595270689,-0.1983805668016194,16.201226007082777,11.292867765913549,6.669213039821333,0.2136410834873095,10.991123150490605,0,-0.6117453602801761,0.31107769077784886,2023Q1,-1.464955670578213,-0.30952263565380356,0.7522787074721303,-1.054374296575394,-0.8368895732611551,-0.8824555081770853,0.6789442145276684,T3 Tích cực
-0.0002133076370181,0.1799476278660045,0.0091849061755076,0.0214285714285714,0.0072308623147685,0.3936274457571653,0.0132380307823419,-0.0009676842486594,-0.0744978861187652,-0.0111743461637134,0.0079382116544765,0.4989848070323843,0.0130741881357511,0.0167384758533824,0.7439873659609089,0.036513403023773,0.0128411249847448,0.4215334142841747,0.0307283924493941,0.0135622748729391,0.0861530638470593,5.372989561705079e-05,-0.0052726668644878,0000732712-22-000008,2022-02-14,20.626934215470087,26.13414354180905,0.3654145859345838,1.1055457479099795,VZ,2021,en,US,48,59231,682,297,0.011514240853607,0.0050142661781837,0.0125272239199068,0.0082726950414478,-0.3932584269662921,0.0258141851395384,0.0580439296989752,0.0,0.0,0.3843366217032414,16546.0,0.0091260727668318,0.006648132479149,0.0102743865586848,0.0024654595270689,-0.1570881226053639,16.01747302370298,11.086812589419583,6.187499853604837,0.1870303562376648,10.989200332464636,0,-1.006722718115754,0.10033910255772789,2022Q1,-1.5396311049611149,-0.4742936431561472,0.9147944048098497,-1.0572475035407698,-0.8492446449569697,-0.8368775772932385,0.5004972193396529,T3 Tích cực
-0.0003578726419545,0.3349072446062342,0.0075497303544407,0.0,-0.0176057194211476,-1.165983326198664,-0.0176361759872105,-0.0258148599976909,-2.417816491818378,-0.0391943367042879,-0.0281131921622216,-2.149899175285274,-0.0255698639651332,-0.007500992612387,-0.4056128188721171,-0.0122901298876132,-0.0204656994415655,-0.8173325756887807,-0.0444939792412568,-0.017310758785684,-0.033119345069655,-0.0003279069141326,0.0161014616401217,0000732712-21-000012,2021-02-26,20.448826782905048,26.177754961945677,0.2901643904991307,1.0465104400934575,VZ,2020,en,US,48,61162,749,293,0.0122461659200156,0.004790556227723,0.011853765409895,0.008289460776299,-0.437619961612284,0.0259965337954939,0.0590562767731598,0.0,0.0,0.3886966551326413,18033.0,0.011534409138801,0.0060999279099428,0.0092053457550047,0.0026063328342483,-0.3081761006289308,16.879862403032085,12.21794063870289,11.062607884795138,0.0620614504953846,11.021281360620167,0,-1.237307652818098,0.04546123905430592,2021Q1,-1.390069026246043,-0.4261770248448415,0.593004823744316,-1.2580386094228266,-0.7912598306952187,-0.4305752214088142,-0.3375229336774728,T3 Tích cực
8.480398807748658e-05,0.4478440559019953,0.0072595830274533,0.0,-0.0049615258381674,-0.3417225079873418,0.0570730583861324,0.0097890696657314,0.9534869311322424,0.0451827053551906,0.016308304126526,1.2969896124707707,0.0575943769111239,0.0199394976135487,1.1213131363958129,0.061271704502448,0.0453616629776669,1.884000216673268,0.1494292026366878,0.0536027557043377,-0.0528813342373449,0.0001113563214972,0.0026652832449513,0000732712-20-000014,2020-02-24,20.05406712425379,26.20684740576981,0.2550608409781939,0.7448494354158103,VZ,2019,en,US,48,15646,197,91,0.0125910775917167,0.0058161830499808,0.0141250159785248,0.0143167582768758,-0.3680555555555556,0.0228812476032212,0.0525373897481784,0.0,0.0,0.3932203389830508,,,,,,,7.643477051322546,5.507931659465502,,0.0494800051208585,9.657970572245025,0,-1.366253170210924,-0.2945731811405637,2020Q1,-1.3195895346147106,-1.248212349748193,1.0976109258708984,-0.5808671034863474,-1.4122903093932309,,-0.42189195903871385,T3 Tích cực
0.0007376101769076,0.2531701426691967,0.0121918264681465,0.0071428571428571,0.0270456022519315,1.1091694227519269,0.0253951829263692,0.0085434690106907,0.4955077804051913,0.007572183732875,0.0259658374658571,1.2296257078309425,0.017607585106341,0.0205336713215614,0.687578373582995,0.0200288175633803,0.0073777427052025,0.1824561011269533,0.0116709742772471,0.0257572484390287,-0.1432136746118808,0.0006170389836266,-0.0228043050349597,0000732712-19-000012,2019-02-19,20.306449915164556,26.152276542608817,0.2331701863132516,0.9691398918088926,VZ,2018,en,US,48,17784,204,149,0.0114709851551956,0.0083783175888439,0.0123706702654071,0.0127080521817363,-0.1558073654390935,0.023110661268556,0.0574673864147548,0.0,0.0,0.4263782274947662,,,,,,,7.857297903501017,6.871716184880653,,0.0717703981511294,9.786054455644033,0,-1.4559866786768594,-0.03134631031947138,2019Q1,-1.5484700045528792,-1.1876766155390726,2.637216278222364,-1.103923848036471,-1.3979135525638466,,-0.27241638775890836,T3 Tích cực
0.0007009402358824,0.9544156770359936,0.011561353379599,0.0142857142857142,0.01495036536556,0.6465664042386776,0.0189106033761492,-0.0053181114224338,-0.3252623223630754,-0.0038729316285028,-0.0125427794986687,-0.6263606761402929,-0.0111273021530058,0.0137586249140503,0.4858371607433188,0.0183866703585318,-0.0095646367789132,-0.249438487080314,-0.0024676985540041,0.0185109657286615,-0.0594067352999047,-0.0002419684805714,0.0635848320439291,0000732712-18-000009,2018-02-26,20.19006221309342,26.006461393383244,0.218763209111318,0.9480582002112756,VZ,2017,en,US,48,18159,198,161,0.010903684123575,0.0088661269893716,0.0118398590230739,0.0112891679057216,-0.1030640668523676,0.0236797180461479,0.0549589735117572,0.0,0.0,0.3977591036414565,,,,,,,7.860764028273017,6.675832140602565,,0.110725751845166,9.806921584559797,0,-1.519765371058602,-0.053339385983637626,2018Q1,-1.6643926931454516,-1.037518734630241,3.0198054760866073,-1.262184787319641,-1.3976804993677732,,-0.011188434536396999,T3 Tích cực
-0.0012254829142516,0.7957820241833411,0.0095039452770976,0.0071428571428571,0.0138923701010685,0.7308738474402847,0.0086130162944985,0.0207192303883593,1.5415396323756347,0.0184037046627829,0.0220110170208561,1.3371359189906402,0.0172348845520584,0.0049333470656734,0.2119152043814333,-0.0050628686848309,0.0090263432570983,0.2863594867940233,-0.0042727823429702,0.0084700599877629,-0.1099452727217676,-0.0004226256746352,0.0300897649485693,0001193125-17-050292,2017-02-22,19.97656819323242,26.02911899667386,0.1117745086970873,0.8430974145683746,VZ,2016,en,US,48,17555,203,172,0.0115636570777556,0.0097977784107092,0.0122472230133865,0.0118484762176018,-0.1030494689645926,0.024494446026773,0.0551409854742238,0.0,0.0,0.3848354792560801,,,,,,,7.547210963343372,5.791410302101117,,0.0914262925554066,9.773094088602532,0,-2.1912717523350738,-0.17067277063586933,2017Q1,-1.5295333592421716,-0.8225352182129542,3.019911366205807,-1.140729545615202,-1.4187629902552334,,-0.1406073146257031,T3 Tích cực
0.0013154179000374,0.7354590657662908,0.0081118070657281,0.0071428571428571,-0.0075110422519144,-0.4629697298674703,-0.0037829068680872,-0.0047829750728145,-0.4169322668585684,-0.006328727989705,-0.0055544025774379,-0.3953294003773844,-0.0024900464250966,-0.0034921781694297,-0.1757531652457953,-0.0045305917256301,-0.0069069793421541,-0.256728570039873,-0.0017656258471865,-0.0037295428058816,0.1181870150107178,0.0006491929337647,0.0057862567171033,0001193125-16-473367,2016-02-24,19.990048250812844,26.05239642056649,0.0796475989949287,0.9383024148103528,VZ,2015,en,US,48,17460,206,166,0.0117983963344788,0.0095074455899198,0.0117983963344788,0.0113974799541809,-0.1075268817204301,0.0250286368843069,0.0548682703321878,0.0,0.0,0.3734767025089606,,,,,,,9.131274844940451,6.38412397733605,,0.1076499681500718,9.767667829393593,0,-2.530143387525772,-0.06368297808787513,2016Q1,-1.481566575751861,-0.6815774608735158,2.9874331215631003,-1.2745468541316078,-1.312254663326844,,-0.031814115040682364,T3 Tích cực
-0.0001894635810831,0.6330710978776851,0.0081873746207328,0.0071428571428571,0.0161987834205873,0.9892538311101068,0.0163359734580634,0.0079379577618197,0.6855657670703639,0.0068277239620362,0.0042350221600745,0.2986416644416575,0.0030466286971267,0.0175949836799339,0.8773413140132581,0.0167711589457171,-0.0040161827468257,-0.1479014600112518,0.0053611778135411,0.0163891921559864,0.0147447101311917,5.386827582877105e-05,0.015044921064252,0001193125-15-057710,2015-02-24,19.990168269003107,26.03479188454225,0.0606831387200256,1.294576496634768,VZ,2014,en,US,48,17449,206,168,0.0118058341452232,0.0096280589145509,0.0117485242707318,0.0118058341452232,-0.1030494689645926,0.0245286262823084,0.0545016906412974,0.0,0.0,0.3792603335750544,,,,,,,8.186932013695738,6.072408374225576,,0.0985719277942553,9.76703761939823,0,-2.80208940006456,0.2581836120399899,2015Q1,-1.4800467283151826,-0.8135160219882168,3.019911366205807,-1.289416169291357,-1.3757498141040247,,-0.09268990428513553,T3 Tích cực
0.0010729643948098,0.3708365045375416,0.0145448994730513,0.0142857142857142,0.0030615498443091,0.105244792168606,0.0064156153342026,0.0005762884867692,0.028016522057733,0.0040311300509663,0.0120324832545017,0.4776215510377047,0.0163413733190966,-0.0092588989907641,-0.2598800831563316,-0.0080463814282563,0.0176608197445354,0.3661034245981835,0.0257472877312048,0.0062701835814946,-0.0754628291395471,-0.0005229821323873,0.0319795279093055,0000732717-24-000009,2024-02-26,20.212192374373263,25.51214748330858,0.8596127238324711,1.360281307753508,T,2023,en,US,48,47339,779,253,0.0164557764211326,0.005344430596337,0.0127801601216755,0.0103086250237647,-0.5096899224806202,0.0268488983713217,0.0632881978918016,0.0,0.0,0.4042652917740801,8809.0,0.0137359518674083,0.0056760131683505,0.010784425019866,0.0093086615960949,-0.4152046783625731,22.47612332746026,11.856273676319578,15.517546616029575,-0.0174520063959062,10.765089759059482,0,-0.1512733122846254,0.30769152229510605,2024Q1,-0.5298742795117115,-0.2012622825766362,0.07022393484360567,-0.9818347811299202,-0.41498183140479844,-0.059160327864695196,-0.8707266047440761,T2 Trung tính
-5.986242589867909e-05,0.5483250552244567,0.0152800480838154,0.0142857142857142,0.0173267877231265,0.5669742538794452,0.0234394171848776,-0.0017364025833839,-0.0803545927896091,-0.0029820451937893,0.0020091125408706,0.0759134827286665,-0.004467442488084,0.0263167432521476,0.703123798062222,0.0420725071229046,-0.0056313880789979,-0.1111205529082276,0.0142950124385203,0.0234131038294385,-0.010720788543446,0.0006615590731597,-0.0043172118885166,0000732717-23-000011,2023-02-14,20.16794861408424,25.64558930194346,0.7100136477181721,1.5817327516631188,T,2022,en,US,48,48557,786,243,0.016187161480322,0.0050044277859011,0.0129744424078917,0.010050044277859,-0.5276967930029155,0.0274110838807998,0.0619272195563976,0.0,0.0,0.3863531581373905,10105.0,0.0145472538347352,0.0053438891637803,0.0121721919841662,0.0102919346857991,-0.4626865671641791,20.228479523234704,11.67395741145871,15.47916177817122,-0.1269146176846698,10.790493644582789,0,-0.3424710869932483,0.45852092439435876,2023Q1,-0.584763243922628,-0.052917533678094535,-0.06039425426798882,-0.9239096758372991,-0.5661075428740003,0.07771170732740712,-1.6047641936707155,T2 Trung tính
-0.0006879279244816,0.4060935672118985,0.0153150573587244,0.0071428571428571,-0.0063290421059641,-0.2066280901768442,0.013250743983929,-0.0143363031163507,-0.6619170214822989,-0.0036606509692631,-0.0079929610471031,-0.3013203348884825,-0.0073691939517643,-0.02556498898912,-0.6814772420418147,-0.0053089535816429,4.84063357537156e-05,0.0009529875753858,0.0062667818480093,0.0129569499845964,0.0622254849908565,-0.000585648408269,0.0099076856871824,0000732717-22-000015,2022-02-16,20.89279947734143,25.881504779024947,0.956711734225822,1.593570632438961,T,2021,en,US,48,57920,812,291,0.0140193370165745,0.0050241712707182,0.0130006906077348,0.0112223756906077,-0.4723481414324569,0.0246374309392265,0.061256906077348,0.0,0.0,0.4263316582914573,11102.0,0.0122500450369302,0.0060349486578994,0.0115294541524049,0.0126103404791929,-0.3399014778325123,24.914691020249013,14.894486338319467,17.716487788336625,-0.0124752253713086,10.966818027059597,0,-0.04425315105931927,0.4659771792389839,2022Q1,-1.0277380072797047,-0.7848055710118274,0.34109364608374687,-0.9160837964467233,-0.2510188952644387,-0.3098426880511032,-0.837353160598162,T3 Tích cực
-0.0003869033997777,0.3156894593217409,0.0115797183093696,0.0142857142857142,0.0058824483115616,0.2539979019524974,0.0057763514444768,-0.0239131106522879,-1.4602360998553028,-0.0377165660633868,-0.0413260777120256,-2.0604665376258278,-0.0387653305102241,0.0359057248190991,1.2658728289963923,0.030866065532891,0.0363224218188465,0.9457589509806684,0.0113942566792415,0.0056556788205813,-0.010200189170909,-0.001258626208357,0.005793070945903,0000732717-21-000012,2021-02-26,20.6067309517662,26.04227949294393,0.7918067818533401,1.431365707322152,T,2020,en,US,48,57469,770,298,0.0133985279019993,0.0051854043049296,0.0117454627712331,0.0098835894134228,-0.4419475655430712,0.0247263742191442,0.0625380639997215,0.0,0.0,0.4333000997008973,13124.0,0.0121914050594331,0.0051051508686376,0.0108960682718683,0.0091435537945748,-0.4096916299559471,22.74330732177354,13.798788251992606,17.997307240785887,-0.1740797936590388,10.95900095096759,0,-0.23343787923774437,0.35862902859661117,2021Q1,-1.1545945748744215,-0.761335971914809,0.561613261955067,-1.29032895287173,-0.39701707597608404,-0.31973564207670724,-1.9210458139053712,T3 Tích cực
0.0007304207022848,0.5858323465328356,0.0107005015370851,0.0214285714285714,0.0143488771787121,0.6704768523691496,0.0496283377325508,0.0098045158461501,0.6478985697106215,0.0172018801676486,0.0110223282241477,0.5947145697099393,0.0172011289518102,-0.0026468203940674,-0.100982173340007,0.0539494174109266,0.0264784657183126,0.7460919260107349,0.0792827621604389,0.0478187551932466,-0.0405578471296786,0.0008057991048433,-0.0067395678241704,0001562762-20-000064,2020-02-20,20.387234778829843,26.34267227099749,0.6681314721511173,1.026036462440238,T,2019,en,US,48,53406,570,273,0.0106729580945961,0.0051117851926749,0.011103621315957,0.0100176010186121,-0.3523131672597864,0.0245290791296858,0.0655918810620529,0.0,0.0,0.4556409723665073,11386.0,0.0098366414895485,0.0053574565255577,0.0102757772703319,0.0120323203934656,-0.2947976878612717,20.019947523018654,12.25234738662957,17.13346638063111,0.0188955388078466,10.885678378186986,0,-0.40327031021346227,0.025703284557880193,2020Q1,-1.711539410878567,-0.8133965284592001,1.211803019879626,-1.4816934596526734,-0.580128691081514,-0.716999910112753,-0.6269861701733955,T3 Tích cực
-4.988375941352856e-05,0.6310066947144779,0.013796154803608,0.0071428571428571,0.0100803990021623,0.3653336435281983,0.0086535660041479,0.0080104925997378,0.4105690113333582,0.006846302785008,0.0141218722304069,0.5909810994259538,0.0122520566853721,0.0091138719009165,0.2696927278666614,0.0088306156182349,-0.021461133085174,-0.4690274344399847,-0.0172830230547612,0.008689148867411,-0.0715527849245559,-0.0005011463546411,0.0265931653768596,0001193125-19-045608,2019-02-21,20.36843993862112,26.138220011364687,0.8191116840209596,1.2449875770060983,T,2018,en,US,48,12913,104,63,0.0083251964614588,0.0048788043057384,0.0083622448932925,0.0173468597537365,-0.2455089820359281,0.0174243010919228,0.0569968249051343,0.0,0.0,0.5317377731529657,,,,,,,5.007228780309028,4.334374046928673,,0.065920637641102,9.465989834846651,0,-0.1995348381001519,0.2191255515585325,2019Q1,-2.1912826609662526,-2.6881451589784278,1.986538932275214,-2.299032605810552,-1.589544772407954,,-0.3116438833395803,T3 Tích cực
-0.00011286186922,0.9003286046233037,0.0132730405234485,0.0142857142857142,-0.0015884145870512,-0.0598361236163294,-0.0043584618832367,-0.0038056858883415,-0.2027437717799661,-0.0035806006848256,-0.0083962849245107,-0.365221318566397,-0.0077018421518624,-0.0111424399915145,-0.3427159037219694,-0.0117657649875729,0.0017825411496422,0.0404923331503683,0.0001031068507925,-0.0045533425586357,-0.0036373147278278,-0.0006309832242961,0.0290576632654502,0000732717-18-000009,2018-02-21,20.28647810334721,26.143098509667947,0.6237166600403996,1.080377646578803,T,2017,en,US,48,11224,80,67,0.0083251964614588,0.0059693513898788,0.0083622448932925,0.0176407697790449,-0.1030494689645926,0.0186208125445473,0.0566642908054169,0.0,0.0,0.5053254437869823,,,,,,,4.997799066073256,4.062003072563904,,0.0963615894084796,9.325809621782296,0,-0.4720590841819902,0.07731065277300832,2018Q1,-2.1912826609662526,-2.3724198547837547,3.019911366205807,-2.299032605810552,-1.5901788018169527,,-0.10751205625378082,T3 Tích cực
-0.0003665532618079,0.8070779426848155,0.0091139848887152,0.0,0.0170162724353642,0.9335253812212008,0.0142230996276166,-0.0006027393101332,-0.0467634145422666,-0.0022938709217956,0.0039849811696316,0.2524395178503233,0.0016034657173138,0.0055439212040907,0.2483322478226587,0.0023186761616501,0.0078325702550109,0.2591192346623551,0.0023641680013049,0.0143330041635587,-0.0510032306119619,0.0003868793311805,0.0467128111710282,0000732717-17-000021,2017-02-21,19.925129826266275,26.26362765869609,0.4833179756385684,0.8857033058747605,T,2016,en,US,48,11418,88,63,0.0083251964614588,0.0055176037834997,0.0083622448932925,0.0173410404624277,-0.1655629139072847,0.0178665265370467,0.0561394289717989,0.0,0.0,0.5171597633136095,,,,,,,4.997799066073256,4.062003072563904,,0.139321031877771,9.342946336524205,0,-0.7270805072813411,-0.12137325367411812,2017Q1,-2.1912826609662526,-2.571454455451844,2.5664515069020055,-2.299032605810552,-1.5901788018169527,,0.18056663290342104,T3 Tích cực
0.0011505132704597,0.6954046857664493,0.0062267137252747,0.0,-0.0059436525515049,-0.4772704201398502,-0.0032951456379231,-0.0157592251656304,-1.78962057234634,-0.0178529498461862,-0.0041124676658565,-0.3813141921521594,-0.0036345245432366,-0.0139804095029555,-0.9166116400051012,-0.011917879439345,-0.0167996121322908,-0.8134746297764689,-0.0171009930941525,-0.0032678741988643,0.1202719265521696,0.0008905070461842,-0.0091373757956516,0000732717-16-000147,2016-02-19,19.99250270664905,26.15052811363577,0.5391527776694174,1.1674151849894474,T,2015,en,US,48,11442,98,62,0.008564936199965,0.0054186331061003,0.0083622448932925,0.0166054885509526,-0.225,0.0198391889529802,0.0567208529977276,0.0,0.0,0.4817351598173516,,,,,,,4.997799066073256,4.062003072563904,,0.1051801308384165,9.345046074828474,0,-0.6177563017255345,0.15479206123203593,2016Q1,-2.142294075539697,-2.050925011309982,2.1353069311753186,-2.299032605810552,-1.5901788018169527,,-0.04837642251666536,T3 Tích cực
-0.0002340464022295,0.6057877771837905,0.0074664653653003,0.0285714285714285,0.0131424487317246,0.8800984193138413,0.012122027924995,-0.0018593371888071,-0.1760873278577052,-0.0032953911807193,-0.0056301390839943,-0.4353549044539689,-0.0097153939172899,0.0157448710090085,0.8608915140589094,0.0130072507501042,-0.00993627723221,-0.4012474660773538,-0.0067638844027287,0.0121155567238748,-0.0073845741955343,0.0002351777084389,0.0032285623175865,0000732717-15-000016,2015-02-23,19.806088970171643,25.89871022444423,0.4883104075949674,1.167937533544057,T,2014,en,US,48,10160,90,44,0.0088582677165354,0.0043307086614173,0.0083661417322834,0.0192913385826771,-0.3432835820895522,0.01751968503937,0.0504921259842519,0.0,0.0,0.4848046309696092,,,,,,,4.997799066073256,4.062003072563904,,0.1182909085182473,9.226213721132472,0,-0.716803994205623,0.1552394014211002,2015Q1,-2.082354508793909,-2.6629760511048675,1.2773018005758376,-2.297870766441393,-1.5901788018169527,,0.0395422149409091,T3 Tích cực
-0.0001337869979329,0.4390786075981018,0.010821350986127,0.0,-0.0095422249100344,-0.4408980413937044,-0.0109134475442608,-0.019043360613354,-1.2443630599863638,-0.0181439928185032,-0.012549906374937,-0.6695736819888306,-0.011979496800123,-0.0056604365017809,-0.2135466752805491,-0.0111216694736792,0.0325782587995279,0.9077161093139636,0.0277935319477166,-0.0111736110042331,-0.1238569080112147,-0.0003776552662386,0.0186752214169686,0001326160-24-000037,2024-02-26,19.46623826192832,24.992646424914533,0.6870987997075567,1.008163934296326,DUK,2023,en,US,49,118939,1514,1008,0.0127292141349767,0.0084749325284389,0.0120986387980393,0.0164201817738504,-0.2006344171292625,0.025080083067791,0.0579624849712878,0.0,0.0,0.395970436367318,18994.0,0.0106875855533326,0.0106875855533326,0.0163209434558281,0.0135832368116247,0.0,36.76532244219513,24.734165776185577,17.245377193808253,0.4860282175522297,11.68636603562477,0,-0.37527718384292613,0.008130789656308876,2024Q1,-1.2913626169906782,-0.6680022778741844,2.31204993087,-1.185029808322788,0.5457866758113425,-0.5734399897189721,2.505525846279546,T3 Tích cực
-0.0003411796602386,0.6278923761899361,0.0110244358757193,0.0,-0.0327770473621402,-1.4865634727999812,-0.0352186201556763,-0.0269715877667591,-1.7299563283095447,-0.0276677160885133,-0.019187654855035,-1.0048584635582742,-0.0163038595929606,-0.0192035538056631,-0.7111309912246365,-0.0285918820183546,-0.0055379214201729,-0.1514586462641466,0.0013627469530287,-0.0353501195464035,-0.0879034446101524,0.000280907294234,-0.0009123294939472,0001326160-23-000073,2023-02-27,19.362801258561635,25.035891210666318,0.6608323218597651,0.9207040016613331,DUK,2022,en,US,49,113700,1549,949,0.0136235708003518,0.0083465259454705,0.0123131046613896,0.0170536499560246,-0.2401921537229784,0.0248372911169744,0.0578364116094986,0.0,0.0,0.3991489361702127,17842.0,0.0121062661136643,0.0090796995852482,0.0169824010761125,0.0135635018495684,-0.1428571428571428,37.38805639322294,24.907840305330875,16.99528618214087,0.4310710783675313,11.641318679738628,0,-0.41425514474554476,-0.0826166823728846,2023Q1,-1.1086091520184773,-0.7320681607033447,2.0251061272353197,-1.1210869859575285,0.5876576836766354,-0.3340991482073294,2.136992650638682,T3 Tích cực
0.0002330389689267,0.1787510458398029,0.0093351419508829,0.0,0.0334448279107477,1.7913400828138744,0.0154067387873884,0.0306373981145872,2.3206837216532765,0.014735923447073,0.021280603543777,1.316140905961836,-0.0066711345576291,0.0792172701174558,3.4643624350679185,0.0724764723888453,0.0916312630793262,2.9595549250103685,0.1093027729957244,0.0158306126388663,0.0633437515269772,0.0005100128934878,0.0052357398707144,0001326160-22-000072,2022-02-25,19.41022926816853,25.036190679998125,0.6602862002599581,0.9848063726205588,DUK,2021,en,US,49,117473,1553,946,0.013220059077405,0.0080529142866871,0.0123092114783822,0.0174252807027997,-0.2428971588635454,0.0239884909723936,0.0576898521362355,0.0,0.0,0.4126107347576863,18829.0,0.0125869669127409,0.007860215624834,0.0178979234160072,0.0142333634287535,-0.2311688311688311,40.70819874602563,24.82099466840565,18.489161724314787,0.4699062810605391,11.673963798927177,0,-0.4150819011974006,-0.015310233153383597,2022Q1,-1.1910630190050917,-0.9560423510551669,2.005484568199787,-1.1222477352981868,0.8108954023503118,-0.25300172784131497,2.397414891754896,T3 Tích cực
0.0005124977753671,0.3816402191050949,0.0134425891150605,0.0142857142857142,0.0007745988771768,0.0288113722195442,0.004127179837467,-0.0089125806893052,-0.4688193761884288,-0.0196614950546534,-0.0026017897720748,-0.1117451416854867,0.0022985036957497,0.0120900638571375,0.3671724144082868,0.0127087832110842,0.0316636614716175,0.7102019605632758,0.0186212052192267,0.0042337075962511,-0.0385069620279199,-0.0009721527291189,-0.0282360448930749,0001326160-21-000063,2021-02-26,19.173992521826783,24.927450464656783,0.7162443507866282,1.1719471605510436,DUK,2020,en,US,49,121713,1642,985,0.0134907528365909,0.0080928084921084,0.0121104565658557,0.0174837527626465,-0.2500951655881233,0.0258312587809026,0.058933721130857,0.0,0.0,0.3905205001453911,19240.0,0.0145010395010395,0.009043659043659,0.0185031185031185,0.0146049896049896,-0.2317880794701986,43.60467248269947,26.32702542515358,25.66760489763778,0.266435565315187,11.709421093320065,0,-0.333733898193188,0.15866660528440996,2021Q1,-1.1357492673970286,-0.4697883953362472,1.9532716863215427,-1.1815063504799719,1.0056467474628064,0.06991504201323472,1.0329749990421657,T3 Tích cực
0.0005603077020777,0.2863987444845092,0.0073607532409568,0.0,-0.0042294406422433,-0.2872967279156848,0.0537371019335275,0.0200796865070384,1.928944230085512,0.0526213995064522,0.0207107577925877,1.624475267033586,0.0565355381878485,-0.064900714676384,-3.599578052567972,0.031580278743637,0.010342201825226,0.4236375104748319,0.103089577302318,0.0515917654818411,0.0815292054518818,0.0003819702115098,0.0163231147119174,0001326160-20-000034,2020-02-21,19.34288175538752,25.03246431464632,0.6294900072300963,1.0778548001081625,DUK,2019,en,US,49,116596,1633,1016,0.0140056262650519,0.0087138495317163,0.0121788054478712,0.0166729561906068,-0.2329180822952057,0.0258070602765103,0.0582095440666918,0.0,0.0,0.3856676194365047,20487.0,0.0153756040415873,0.0092253624249524,0.0196221994435495,0.0159125298970078,-0.25,39.7374993003913,24.522881307389493,23.25325239430892,0.2753056191792711,11.666470246992764,0,-0.4628452997617826,0.0749727696375692,2020Q1,-1.0305396718114683,-0.4761736916437387,2.077870767053641,-1.1611281870123307,0.7456281015135611,0.2174598938592438,1.092456066370861,T3 Tích cực
0.0010611744610618,0.1367118954095389,0.0105098597208218,0.0142857142857142,-0.0045981274927322,-0.2187530383313557,0.0036529776785826,-7.54825996649249e-05,-0.0050784938621886,-0.0005557419374359,0.003505844423563,0.1925906030573324,0.0065259872648001,0.0017143173227969,0.066591480279979,0.0209428683517155,-0.0025258794939491,-0.0724635097605718,-0.002755587138475,0.0036793389262103,-0.0095635910116234,0.0008769956473611,0.0195866363612351,0001326160-19-000057,2019-03-01,19.245878384079305,24.9004767833206,0.6722069151257517,1.2592452501969564,DUK,2018,en,US,49,124439,1823,1185,0.0146497480693351,0.009522738048361,0.0117567643584406,0.0174784432533209,-0.2121010638297872,0.0284235649595384,0.057578411912664,0.0,0.0,0.3390020556905251,24945.0,0.0148727199839647,0.0104229304469833,0.0182802164762477,0.0169973942673882,-0.1759112519809825,41.45691058336453,26.3085929204516,24.68643722291773,0.351792678986676,11.731570914977999,0,-0.3971890764400414,0.23051253370635735,2019Q1,-0.8989193729371597,0.2142473947268279,2.2288731997800237,-1.2869593938567634,0.8612368349610013,0.13262001030854403,1.605365235118952,T3 Tích cực
-0.0007287319787794,0.0281705143716704,0.0073030067648725,0.0071428571428571,0.0161497140857021,1.1056893828568142,-0.0023650735318008,0.026006192875523,2.518025236342305,0.008025754529376,0.0221333321168725,1.749784118673588,0.008765825599759,0.0082454943191937,0.4609346626969876,0.0120055016632089,0.0176281836715423,0.7277957603484821,-0.0043370785158277,-0.002624727017273,-0.0595493621880479,-1.3006616267360676e-06,0.0004461813855918,0001326160-18-000034,2018-02-22,19.13187483069448,24.68860175181932,0.7914409787128112,0.966537905474162,DUK,2017,en,US,49,128215,1977,1354,0.0154194127052216,0.0105603868502125,0.0117770931638263,0.0172600709745349,-0.1870309216451516,0.0269313262878758,0.0594548219787076,0.0,0.0,0.376489707475623,26877.0,0.0158871897905272,0.00833426349667,0.0190125386017784,0.0165197008594709,-0.3118279569892473,44.13998895909816,24.582814503115006,28.234948970716093,0.3723447111342102,11.76146382130438,0,-0.23389997134505577,-0.03403476178137908,2018Q1,-0.7416455642650548,-0.179511902359971,2.410726929936678,-1.280898377099273,1.041640032166035,0.3037678105815332,1.7431836550114015,T3 Tích cực
-0.0008389522102616,0.7971859222582877,0.009786666567007,0.0071428571428571,0.0033172876509815,0.1694799566465671,-0.0013068354205785,0.0101309661706583,0.7319831354420779,0.0087695314816225,0.0227567716000539,1.3425028960801668,0.0202535094195366,0.0012537797955133,0.0523011032032123,-0.0044857705206721,-0.0060521622727778,-0.1864573163879763,-0.0158318501006976,-0.0012782741876959,0.0220451921959625,0.0001424415336326,-0.033501104761908,0001326160-17-000016,2017-02-27,18.91863337781536,24.77226194686399,0.7156103322240069,1.1189141339763176,DUK,2016,en,US,49,119448,1885,1322,0.0157809255910521,0.0110675775232737,0.0123484696269506,0.0166850847230594,-0.1755534767695665,0.026128524546246,0.0582261737325028,0.0,0.0,0.3805081381500595,25149.0,0.0150701817169668,0.0085888106882977,0.0198417432104656,0.0141556324307129,-0.2739495798319328,46.94925310785623,26.67181848018632,27.235747385931063,0.3678213809803128,11.6906364092065,0,-0.33461948890512394,0.11235869177992337,2017Q1,-0.6677737689562846,-0.3913484238810289,2.493981988799953,-1.1105429502984503,1.2305276318772658,0.16593311733527336,1.7128509750123193,T3 Tích cực
0.0013331005380693,0.5273942899263163,0.0114702212288126,0.0,-0.0516644573057126,-2.2521125039826613,-0.0548257295651651,-0.0255479329919957,-1.5749579980690367,-0.018159885342484,-0.0129862840430234,-0.6536608526066449,-0.009628395590044,-0.0371115692627927,-1.320875544223024,-0.0408225488516736,-0.0156126547548477,-0.4104011974710495,-0.0179742862792001,-0.0545656987389849,0.0647801332100891,0.0002641129428785,-0.004519731034209,0001326160-16-000221,2016-02-26,18.967108975069436,24.6863547030809,0.7549846894224508,1.2590960154891544,DUK,2015,en,US,49,117694,1941,1332,0.0164919197240301,0.011070014606052,0.0125324995326864,0.0179703298383944,-0.1860678276810266,0.0258211973422604,0.057641001240505,0.0,0.0,0.3812480912144966,27196.0,0.0164362406236211,0.0077584938961612,0.0190469186645094,0.0173187233416678,-0.3586626139817629,50.21060726177911,25.940929371161445,30.98974068515205,0.3410301881516352,11.67584331488867,0,-0.28105780884939346,0.23039401544990806,2016Q1,-0.522488731781391,-0.4724433225155701,2.417713018351239,-1.0556745838902295,1.4498125852751444,0.3963963360577955,1.5331938084520154,T3 Tích cực
0.0008117717537331,0.3662380482818279,0.0106379817534288,0.0071428571428571,-0.0148487927156366,-0.6979139962733383,-0.0105838546040785,-0.0153336639726215,-1.0192288374608105,-0.0147155059154451,-0.0151899119220112,-0.8243950723372129,-0.0118863887704075,-0.049165749468752,-1.886808384825731,-0.0367941838679068,-0.0407766970754139,-1.1557301984171426,-0.0250949928071793,-0.010704544676471,-0.1238821973103961,0.0005217252276298,-0.0204340271370178,0001326160-15-000008,2015-03-02,18.991107310083056,24.741046017354435,0.7354582157770931,1.0990016385803918,DUK,2014,en,US,49,116100,1865,1455,0.0160637381567614,0.011070014606052,0.0117140396210163,0.0177863910422049,-0.1234939759036144,0.0258397932816537,0.0576658053402239,0.0,0.0,0.3811242908715833,25153.0,0.0147497316423488,0.009104281795412,0.0187651572377052,0.0141136246173418,-0.2366666666666666,46.63100140320468,24.458193038030224,32.438686158131034,0.2009878970030695,11.662207167685983,0,-0.30726155119060533,0.09440216639434168,2015Q1,-0.6099836519682531,-0.4675363835900322,2.87161105659076,-1.299697739498569,1.2091292167007455,0.11187105948652926,0.594094105528998,T3 Tích cực
-0.001824368284762,0.6896573483332475,0.0195022186140043,0.0,-0.008538669578943,-0.2189153385043974,-0.0210280851833865,0.0082096379242329,0.2976630896313912,0.0060322737523279,0.0091561579621318,0.2710619939612163,0.0066451470719154,-0.0158379042188172,-0.3315416286647253,-0.0313304190279465,-0.0096449666118552,-0.1491146678798817,-0.0343190345185904,-0.0210110904814543,-0.1427074653540819,-0.0015162087864861,0.0195474846451565,0000753308-24-000008,2024-02-20,20.20524981241841,25.48586730552843,0.4055359843071183,1.2363960992536165,NEE,2023,en,US,49,66113,1100,244,0.016638180085611,0.0036906508553537,0.0173037072890354,0.0140668249814711,-0.6369047619047619,0.0279370169255668,0.0557984057598354,0.0,0.0,0.3327312138728324,10802.0,0.0120348083688205,0.0047213478985373,0.0173116089613034,0.011386780225884,-0.43646408839779,28.90279950261965,17.511999109194445,5.948687037725393,0.1415358621580526,11.099120678211964,0,-0.9025456687791269,0.212200776348182,2024Q1,-0.4926017874538885,0.0858612219960498,-0.8525667262615402,0.36685712006518967,0.01713112507309809,-0.34615454479318275,0.19541890674997514,T1 Tiêu cực
-0.0006299555240248,0.8171552383619101,0.0144488696049905,0.0142857142857142,-0.0172788872232552,-0.5979321460997634,-0.0148942802822105,-0.0124873025120252,-0.6111105246552377,-0.0097950623613076,-0.0045754093828047,-0.1828249483200165,-0.002007119097624,-0.0357702125494053,-1.0106761651292062,-0.0346522824133993,0.0023908425774377,0.0498908343631287,-0.0004391065768853,-0.0146753425373479,-0.1547370844883644,0.0004201084099556,0.0012336158790002,0000753308-23-000019,2023-02-21,20.15238456536524,25.7417950077264,0.2594703343055901,1.074792576139045,NEE,2022,en,US,49,66870,1032,246,0.0154329295648272,0.0036787797218483,0.0170031404217137,0.0143263047704501,-0.6150234741784038,0.0270973530731269,0.0558396889487064,0.0,0.0,0.3465560764514965,11056.0,0.0114869753979739,0.004341534008683,0.016642547033285,0.0118487698986975,-0.4514285714285714,27.95313672045288,17.241204949934307,6.910071842296057,0.1474502419680357,11.110505715048024,0,-1.349112901579317,0.07212769053311606,2023Q1,-0.738883519742884,-0.13570216099653612,-0.6938443000238501,0.27724335353936064,-0.046721725338947306,-0.4385776088123243,0.2350797283273425,T1 Tiêu cực
-0.0002200134466953,0.7258489612207019,0.0142378555992924,0.0,0.0179977871485489,0.6320399523311383,0.0228103079097075,-0.0083031664963646,-0.4123672482808535,-0.0039978838183071,0.0092789081124346,0.3762631288918385,0.0191688151624387,0.0467753190976068,1.341209280030106,0.0456839624163961,0.1508971436317454,3.195509348445166,0.1595450155453111,0.0216988631509585,-0.1193482933130108,-0.0003845075681986,0.0219065661541536,0000753308-22-000014,2022-02-18,20.3795389540534,25.720151790976736,0.2514469035653476,1.0070538465333538,NEE,2021,en,US,49,66055,985,233,0.0149118159109832,0.0035273635606691,0.0172280675194913,0.0141094542426765,-0.6174055829228243,0.0263871016577094,0.05624101127848,0.0,0.0,0.3613045071454745,11180.0,0.0118067978533094,0.0040250447227191,0.016726296958855,0.01216457960644,-0.4915254237288136,25.343039376545857,16.286741106558765,6.855140989516757,0.1731195309245959,11.098243007312455,0,-1.3805234307555643,0.007029084534596153,2022Q1,-0.8453682473368499,-0.3231172866065053,-0.7111236340468199,0.34430518442306995,-0.22221786817094488,-0.3846214345087722,0.40721359900057785,T1 Tiêu cực
0.0008952943036623,0.7653094746609123,0.014513511955221,0.0,-0.0596775830822076,-2.0559318539280063,-0.0544159262576092,-0.0307280852329873,-1.4970902637598504,-0.0287286984668736,-0.0449964635205137,-1.7899678869113642,-0.0432074172870063,-0.1001172401111306,-2.8161820686429992,-0.0915450164837031,-0.0859504888984535,-1.7855807439884566,-0.0723931029512556,-0.0533610266921852,0.0574701076712199,0.0004604094267005,-0.0196799582381377,0000753308-21-000014,2021-02-16,20.036975807307783,25.816551984893024,0.2241101097799867,1.185575649984339,NEE,2020,en,US,49,65744,963,236,0.0146477245071793,0.0035896811876368,0.017568143100511,0.0136438306157215,-0.6063386155129274,0.0263902409345339,0.0557465320029204,0.0,0.0,0.3574074074074074,11089.0,0.0115429705113175,0.0044187933988637,0.0168635584813779,0.0108215348543601,-0.4463276836158192,23.77583967988023,15.383040936867497,6.648380056005808,0.0549851083569228,11.093523691123192,0,-1.4956177863860844,0.17022843721140912,2021Q1,-0.8993328690398631,-0.3222889208368401,-0.6308460955235129,0.44569844173781104,-0.3275922912568646,-0.42913086095171815,-0.3849756763133474,T1 Tiêu cực
0.0018514852712721,0.1159796729252428,0.0090651234140549,0.0,-0.0088298754076112,-0.4870245557783063,0.0096685578562155,-0.0174026199367214,-1.3574564852133106,-0.0152783711230848,-0.008395915977784,-0.5347289968883935,-0.0060499028217784,-0.0314610029882008,-1.4168478573935075,0.0471352596127694,-0.047371875913435,-1.575616497364563,0.0742945215518013,0.0092076659158862,0.1089080120293175,0.001658085860026,-5.662116497067229e-06,0000753308-20-000021,2020-02-18,19.80327323991442,25.637293127169315,0.2717224191571783,0.9621474764089528,NEE,2019,en,US,49,62113,875,239,0.0140872281164973,0.0038478257369632,0.0179994526105646,0.0130246486242815,-0.5709156193895871,0.0273855714584708,0.0551736351488416,0.0,0.0,0.3365834633385335,10795.0,0.0100046317739694,0.0053728578045391,0.0178786475220009,0.0113015284854099,-0.3012048192771084,22.190172029160053,13.418918426409084,6.402538640384878,-0.0052317118132486,11.036710585787613,0,-1.3029742515734721,-0.038587538185554694,2020Q1,-1.0138650925556199,-0.0596495355180254,-0.37389486122608556,0.5742930206371011,-0.4342084514412641,-0.6886588323794558,-0.7887793949542067,T2 Trung tính
0.0005784752908653,0.2434965052388047,0.0106463951551569,0.0,0.0182408953074608,0.856670029696632,0.0158943418039685,0.0067286304075041,0.446898703261035,0.0054073859330052,0.0113314748385945,0.6145018997542128,0.0023588912879224,0.0175103636976787,0.6714550738345614,0.0159868359929773,0.0221399788582607,0.6270155012275627,0.0246332402558604,0.0160737490965205,-0.0388230935996402,0.0009530330789448,-0.0202590682504981,0000753308-19-000039,2019-02-19,19.681832820740308,25.20062474674696,0.3879914271096434,1.0486484228994188,NEE,2018,en,US,49,64037,905,257,0.0141324546746412,0.0040133048081577,0.0182238393428798,0.0131954963536705,-0.5576592082616179,0.0284523010134765,0.0562643471742898,0.0,0.0,0.328294930875576,11481.0,0.0098423482275063,0.0054002264611096,0.0194233951746363,0.0111488546293876,-0.2914285714285714,22.674558589139004,13.69228513494781,6.47185867179685,0.0891401772992685,11.067216320291932,0,-0.9467720346812021,0.04750211870865275,2019Q1,-1.0046234661110987,0.22183002116225495,-0.27773554173132753,0.6411937419986,-0.4016395615818849,-0.7160371454825063,-0.15593761335388884,T2 Trung tính
0.0005335752623924,0.3315329573658077,0.0083048861197658,0.0,-0.0021367358510679,-0.128643296262816,-0.0037886554217447,-0.0249908602705997,-2.1278084383323037,-0.0163447022181226,-0.015157914197869,-1.0537683137718568,-0.0062278328497811,-0.0253161136931492,-1.2444794531039778,-0.0252659238769941,-0.0155412370639274,-0.5642292038651909,-0.009027815408878,-0.0041738387580108,0.0198779742699315,0.0006979492469164,0.0077608843334264,0000753308-18-000013,2018-02-20,19.350760112083,25.020107551956965,0.3839526315449349,0.9292296733275078,NEE,2017,en,US,49,62568,909,252,0.0145281933256616,0.0040276179516685,0.0184918808336529,0.0135372714486638,-0.5658914728682171,0.0284810126582278,0.0564665643779567,0.0,0.0,0.329444967074318,12207.0,0.0102400262144671,0.0050790530023756,0.0197427705414925,0.0103219464241828,-0.3368983957219251,23.63737849172536,14.306250531971877,8.3949386328754,0.0553329700790345,11.044009244281447,0,-0.9572360893550393,-0.07339934432165586,2018Q1,-0.9237579540649954,0.22940620670828488,-0.3374507206609529,0.7211100940150929,-0.3369020606836025,-0.6489462254324,-0.382642974975672,T2 Trung tính
-0.0001833082398823,0.7400580659497049,0.011047559139907,0.0071428571428571,0.0005364044178245,0.0242770557293002,-0.0037338130873962,0.0118175631742118,0.7563914301576548,0.010798142232545,0.0173743109524649,0.9079890841366656,0.0160626695521394,0.0156205802318727,0.577238383153775,0.0123759960856729,0.0142339035615083,0.3884734489374914,0.0112181510609518,-0.0040600293031707,0.0400002327303523,0.0001828987862381,-0.0127203644644021,0000753308-17-000060,2017-02-24,19.031008156510165,24.824214428445032,0.403013015855489,1.094379404109482,NEE,2016,en,US,49,65075,915,259,0.0140606991932385,0.0039800230503265,0.0183019592777564,0.0134152900499423,-0.5587734241908007,0.0274298885900883,0.0580407222435651,0.0,0.0,0.3581445523193096,13894.0,0.0107240535482942,0.0063336692097308,0.0177774578954944,0.0103641859795595,-0.2573839662447257,24.201086365893847,14.877868706349457,10.47350538587464,0.0498094448726624,11.083295729862765,0,-0.9087864201488429,0.09018744836465689,2017Q1,-1.019286031242865,-0.04795550632149776,-0.28581783825081186,0.6644851369132359,-0.2989998123894797,-0.5672875965401221,-0.4196827922897789,T2 Trung tính
0.0011507067482515,0.5549617067722132,0.0103276629166515,0.0,0.0025627307704267,0.1240711858582645,-0.000750733325826,0.0084977767276333,0.5818194878756728,0.0099091913776899,0.0110349945624552,0.6168924308003331,0.0136087016172566,-0.0201878256414354,-0.7980164895787204,-0.0167534582333076,-0.0310742061361644,-0.907197083155699,-0.0377531429813858,-0.000567729220285,0.1287551233925163,0.000743663126456,-0.0082763427153932,0000753308-16-000337,2016-02-22,19.186087502428496,24.6907957234272,0.4271025695213524,1.265413354348082,NEE,2015,en,US,49,71494,1063,294,0.0148683805634039,0.0041122331943939,0.0179735362408034,0.0134137130388564,-0.5666912306558585,0.026925336391865,0.0559767253196072,0.0,0.0,0.3504302345199933,14498.0,0.0111739550282797,0.0064836529176438,0.0176576079459235,0.0095875293143881,-0.265625,29.442823361347457,20.7970003072772,9.60375376577174,0.1307550291158259,11.17736880907703,0,-0.8507310849473525,0.23539883113479995,2016Q1,-0.8542438565649196,-0.18109246536750145,-0.3432520015565018,0.5665660761149971,0.05344092189551028,-0.4913862260498641,0.12312448037217985,T2 Trung tính
0.0007072529106074,0.7124494570918342,0.0086901190484869,0.0,-0.0158585341784859,-0.9124463134510844,-0.0130909662850334,0.0013783354748434,0.1121538560719105,0.0020867805783624,-0.0020809350337293,-0.1382522374188827,-0.0024269250901158,-0.0382818268224047,-1.7984207430163488,-0.0350108899876008,-0.0544334772909079,-1.888617501837608,-0.0424617269508567,-0.0131196120760351,-0.0471664776932414,0.000378288474422,0.010569068393823,0000753308-15-000079,2015-02-23,18.923379071743884,24.56976084621988,0.425295277592419,1.126600890729246,NEE,2014,en,US,49,70568,1052,300,0.0149076068472962,0.004251218682689,0.0168915088992177,0.0138164607187393,-0.5562130177514792,0.0279305067452669,0.0559885500510146,0.0,0.0,0.3343465045592705,14631.0,0.0112774246462989,0.0060146264780261,0.0156516984484997,0.0098421160549518,-0.3043478260869565,28.2711690339614,20.275139639392226,8.568883872096198,0.0852367776539176,11.164332062938604,0,-0.8549715804935328,0.11920503811303525,2015Q1,-0.846228330347206,0.08414337077863028,-0.26724516888665184,0.24396050608840694,-0.025338061451095677,-0.47393021365351956,-0.182113145168418,T2 Trung tính
-0.0002697181935786,0.4547545597288475,0.0112100846496125,0.0,0.0123286673115463,0.5498918026445225,0.0132799293657714,-0.0090828125172055,-0.5729232672104788,-0.0101771892707214,-0.0087259475360865,-0.4494103582945046,-0.0153133647277614,0.0025540119261652,0.0930118759377339,-0.0087410355247127,-0.0124675678068309,-0.3353331621079193,-0.0302901474868323,0.0131567340553859,-0.090551839594991,-9.61161971097091e-05,-0.0030969240122652,0000092122-24-000009,2024-02-15,19.44404104784009,25.027084036822483,0.4250238415167939,0.9704038811055408,SO,2023,en,US,49,143813,1627,399,0.0113133026916899,0.0027797171027863,0.0105692809412222,0.0138026464923198,-0.6061204343534057,0.0254010416304506,0.0616147358027438,0.0,0.0,0.4161738852485216,36271.0,0.0082435003170577,0.0029500151636293,0.0113589368917316,0.0112210857158611,-0.4729064039408867,45.22389475647359,25.009664442807622,26.174438119985133,0.1668286650907248,11.876269123520917,0,-0.8556100139445627,-0.030042921869836283,2024Q1,-1.5806909491565997,-0.5833104518099097,-0.6292634536135977,-1.641006606885089,1.114519033049538,-0.9857734166600206,0.3650281264032352,T1 Tiêu cực
-0.0004411674983028,0.6701355389440591,0.0115703982012158,0.0,0.0150234578933284,0.649219570150566,0.0258500236976974,0.0205944266919049,1.2585961619683,0.0251733763063458,0.0209775215119592,1.0467554773169436,0.0242005315235384,0.008951687965296,0.31585008960314,0.020613893152623,0.0029350961032029,0.0764852477115861,0.0061102938702656,0.0250238405847238,-0.1533200299465671,0.0004417600660623,0.0228716263258136,0000092122-23-000012,2023-02-16,19.357800265850447,25.009694949360355,0.4182301580165385,1.0798271180540473,SO,2022,en,US,49,144296,1549,394,0.0107348783057049,0.0027797171027863,0.0108388312912346,0.0137495148860675,-0.5944415851775605,0.0238052336863114,0.0606946831513001,0.0,0.0,0.4365619617813499,35750.0,0.0077762237762237,0.003076923076923,0.0112447552447552,0.0106293706293706,-0.4329896907216495,42.08298921753951,23.588280849023363,24.60153603408341,0.103456013998948,11.879622024350034,0,-0.8717233807269982,0.07680095244673574,2023Q1,-1.6988865917404692,-1.0043987309855738,-0.5445474487771348,-1.5606403897161394,0.9033327306040216,-1.0646060754198687,-0.05993805578094682,T1 Tiêu cực
0.000755589500189,0.2563340028791748,0.0087294840827751,0.0071428571428571,-0.0096849812841633,-0.5547281598962744,0.0356477833720277,-0.0010937420734446,-0.0885954346978846,0.0214924103832538,-0.0043821666270305,-0.2898275611432892,0.0183042510853986,0.0142225912102439,0.6651422343509893,0.0333058299486929,0.0525882239233307,1.816366918563564,0.0847170682893692,0.0344324340363293,0.0217021449082386,0.0004828873360091,0.0023620476829833,0000092122-22-000003,2022-02-17,19.521413563061323,24.954133793112195,0.405281414940446,0.9895485671309618,SO,2021,en,US,49,150232,1561,412,0.0103905958783747,0.0027797171027863,0.0105104105649928,0.0137254379892433,-0.5823618854536239,0.0230110762021406,0.0621239150114489,0.0,0.0,0.4594214229867083,36998.0,0.0080004324558084,0.0031893615871128,0.0111087085788421,0.0100275690577869,-0.429951690821256,41.18416570274911,23.80949286380026,23.73381479160287,0.1674646641127765,11.919936044888042,0,-0.9031736014684678,-0.01050643264684073,2022Q1,-1.769237503138044,-1.213954279090293,-0.4569237553097534,-1.6585587615777169,0.8428981800304038,-1.026780580698584,0.3692930272968835,T1 Tiêu cực
0.0003991901046218,0.5010658135993409,0.0122173627386331,0.0142857142857142,-0.0010242123989414,-0.0419162637981902,0.0069325886289381,0.0031068439803176,0.1798154391883935,0.007033906893793,0.0023623640491926,0.1116371469770962,0.0068484765830845,-0.0150300805400148,-0.5022364332845937,0.0002747064350524,-0.0149750195663697,-0.3695673428977347,0.0100710415986032,0.0068028737662274,-0.0498756022589739,-0.0007593531959891,-0.0203498696578821,0000092122-21-000006,2021-02-18,18.97957968768865,24.86043446870846,0.4466568636848135,1.1075206334948708,SO,2020,en,US,49,154695,1634,442,0.0105627201913442,0.0028572352047577,0.0109053298425934,0.0142991046898736,-0.5741811175337187,0.0241830699117618,0.0625747438508032,0.0,0.0,0.4425154608449445,38664.0,0.0085609352369128,0.0035950755224498,0.0121818746120422,0.010345541071798,-0.4085106382978723,42.2625005197415,25.109132368622397,23.33102991516869,0.0615334500651806,11.949210715418278,0,-0.8059646219204262,0.10212385345874737,2021Q1,-1.7340655009391868,-0.9046985091829062,-0.39758212290798767,-1.5408139008257487,0.9154026027123319,-0.9322200354636666,-0.34106361444669686,T2 Trung tính
0.0016678406796081,0.2164205923536279,0.0093523053194035,0.0142857142857142,-0.0151322346859857,-0.809010942713264,0.0527580284117701,0.0055101512297718,0.4166101476447059,0.0200773642447913,-0.0085593948684553,-0.5284011548628756,0.0039883019128986,-0.0681210004457548,-2.973628536160881,0.0406711380842791,-0.0041099247976213,-0.1325009085485406,0.098937747813788,0.0506684836875089,0.0714449705622122,0.0014526173982928,-0.0159104665415573,0000092122-20-000017,2020-02-20,19.27589497125924,25.004513276017924,0.3802677638311756,1.05397852165071,SO,2019,en,US,49,176919,1933,537,0.010925903944743,0.003035287334882,0.0110389500279789,0.0155381841407649,-0.5651821862348179,0.0257066793278279,0.0625540501585471,0.0,0.0,0.4174831892411143,59045.0,0.0104496570412397,0.0035735456008129,0.0121771530188839,0.0158353797950715,-0.4903381642512077,43.28324343939999,26.481568992300737,49.43705612561157,0.1195843912009149,12.083447279694076,0,-0.966879632744091,0.05257207197103473,2020Q1,-1.6598522793857893,-0.5026613658641432,-0.33230569918145964,-1.5009751514553535,0.9840346963165455,-0.6135801113899233,0.04821608904755706,T2 Trung tính
0.0003524078545455,0.1833165731484757,0.0120645286408576,0.0142857142857142,0.0108281125728113,0.4487582107493583,0.0074245067548236,0.0260282333310584,1.5255250195492709,0.0281616946228187,0.0328145773568193,1.5703477221764528,0.0340764476713935,0.0067583831619232,0.2286950824428364,0.00514946238205,0.0214794856592171,0.5368057712604466,0.0277302710709198,0.0072007930812909,0.0033252956138192,0.0006685919233267,-0.0318397159617001,0000092122-19-000006,2019-02-20,19.07598857186996,24.647432461940028,0.4884917771267446,1.390763656938517,SO,2018,en,US,49,246823,2784,780,0.0112793378250811,0.0031601593044408,0.0122314371027011,0.0162869748767335,-0.5622895622895623,0.0284657426576939,0.0631869801436657,0.0,0.0,0.3788347626204579,74233.0,0.0101033233198173,0.0033677744399391,0.013659693128393,0.0167715167108967,-0.5,55.48425354279925,30.005699173878316,50.516901639079286,0.042046265900135,12.416426759539904,0,-0.7164326405442609,0.3298529897622016,2019Q1,-1.5876313536958488,0.22537688834861308,-0.3113231913635516,-1.1454361020203192,1.8043988167579779,-0.6720089125216702,-0.4717413455099957,T2 Trung tính
-0.0003409047593903,0.0195509603311532,0.0090469358208819,0.0357142857142857,0.0140861714622609,0.7785051061016407,-0.0100850841858118,-0.0095522656236399,-0.7466032623532483,-0.0057995511494093,-0.01956856147205,-1.2488111397302284,-0.010429567071455,-0.0069095453968143,-0.3117972926945009,-0.0084252986760572,0.009292605381927,0.3096988857672949,0.0012345832995087,-0.0104361625611391,-0.0464842373221925,-0.0001251215749559,0.0010973506082238,0000092122-18-000012,2018-02-21,19.249908444012146,24.50346328343276,0.5514470916297491,1.283693327401547,SO,2017,en,US,49,345244,3787,1021,0.0109690537706665,0.0029573287298258,0.0118553834389591,0.0162291017367427,-0.5752911813643927,0.0285971660622632,0.0743097635295617,0.0,0.0,0.4442130150866922,72189.0,0.0126473562454113,0.0030337031957777,0.0115114491127457,0.0162074554294975,-0.6130742049469965,57.15255984616703,32.49174478822313,67.97936471317661,0.0382708201743662,12.752006692409449,0,-0.5952093802855081,0.2497413351529948,2018Q1,-1.6510350138520664,0.26005578280877556,-0.40563430094644215,-1.2575561953760812,1.91657138456922,-0.24281364596876118,-0.4970588401781609,T2 Trung tính
-0.0007543991243498,0.5742165254803802,0.0092836739192334,0.0285714285714285,0.0426984009585209,2.299649973167449,0.0388938996181021,0.0304757417939022,2.321236600039698,0.029249328861103,0.0377994618276345,2.350742782573934,0.0332434831464034,0.0338221813856377,1.4873257990932802,0.0237846105022289,0.0398269573217619,1.2934835450917277,0.0319063309522152,0.0393702961713036,-0.0446347904740559,1.398522976688967e-05,0.0131250315259645,0000092122-17-000007,2017-02-22,18.81098091618757,24.59129408753789,0.5174307488306553,1.284313010355275,SO,2016,en,US,49,357622,3783,1190,0.0105782082757772,0.0033275357780002,0.0122867161416243,0.0144677900129186,-0.5214156444801931,0.0267405249117783,0.0727472023533227,0.0,0.0,0.4624357064560555,70780.0,0.0111613450127154,0.0032212489403786,0.0127860977677309,0.0135631534331732,-0.5520628683693517,59.415111343397314,34.418266453493935,60.5551323704144,0.0317080715671181,12.787231841641939,0,-0.658879581481856,0.25022395309411505,2017Q1,-1.7309006549605126,-0.22985895284328223,-0.014832075955930222,-1.1289547016185453,2.06869945046285,-0.4935136195033482,-0.5410675122505633,T2 Trung tính
0.0015830847511531,0.4385934124381329,0.0099684024558683,0.0214285714285714,-0.016403503935684,-0.8227749636064994,-0.0231748802282445,-0.0246019295977209,-1.7451333175840444,-0.0302766874343627,-0.0490685142248772,-2.8419518595770823,-0.0521102927205194,-0.015155549359355,-0.6206839204565816,-0.0211135586718737,0.0027537369709226,0.0832914742750568,-0.0003991178407056,-0.0232796768302838,0.03146384315891,0.0006466171783527,0.0025648348492749,0000092122-16-000126,2016-02-29,18.933369222567503,24.507230341785142,0.4681053722699544,1.4127398206530768,SO,2015,en,US,49,282846,2973,825,0.010511020131096,0.002916781570183,0.0123600828719515,0.0154041421833789,-0.5655608214849921,0.0261767887825884,0.0714275612877679,0.0,0.0,0.4636143007208316,59537.0,0.0103465072140013,0.002788182138838,0.0127147824042192,0.0140920771956934,-0.5754475703324808,48.02063947049988,28.571132565093947,45.50239878581803,0.1272003035806119,12.55265785890005,0,-0.7590618539849638,0.3455309541598481,2016Q1,-1.7446299273200954,-0.378612866133125,-0.33505224254391336,-1.1070804707663864,1.30256485859821,-0.6309821729556692,0.09928709763076993,T2 Trung tính
0.0004416094201531,0.3721192415137148,0.00982084181629,0.0071428571428571,-0.017869786010289,-0.9097889134436544,-0.0150949427022279,-0.0153248176014249,-1.1033964958523332,-0.0154376544211147,-0.0140106144035034,-0.8236597380030418,-0.0118256350606497,-0.0374183004809395,-1.55546311499164,-0.0273373161662916,-0.0257367463481859,-0.7901482522228226,-0.0141894870505349,-0.0151720787598487,-0.1273407106956082,0.0004801962248662,-0.0065224775330266,0000092122-15-000015,2015-03-02,18.95336182958265,24.452886717113564,0.4788145758023501,1.3742939604847946,SO,2014,en,US,49,267370,2944,838,0.0110109585967012,0.0031342334592512,0.0125369338370049,0.0162995100422635,-0.5568482284505553,0.0265250402064554,0.0689980177282417,0.0,0.0,0.4446358653093187,53836.0,0.0109963593134705,0.0028605394160041,0.0125566535403819,0.0151199940560219,-0.5871313672922251,47.16728079603828,27.763531816750454,44.637806448871125,0.1170398073596879,12.496388745882598,0,-0.7364418634008802,0.3179401159570609,2015Q1,-1.6424721524642256,-0.28671923110317016,-0.27185285855237634,-1.0543524996716878,1.245187245395454,-0.5213478037438289,0.031152544101524134,T2 Trung tính
