alpha,beta,sigma,zero_ret_share,car_0_3,scar_0_3,carma_0_3,car_0_1,scar_0_1,carma_0_1,car_m1_1,scar_m1_1,carma_m1_1,car_0_5,scar_0_5,carma_0_5,car_0_10,scar_0_10,carma_0_10,bhar_0_3,pre_ret,pre_alpha,placebo_car_0_3,doc_id,day0,log_tradeval,log_mcap,bm,turnover
0.001452491194632761,1.0796339932055266,0.013042950980135918,0.0,-0.06184309215774294,-2.37074770318191,-0.05293998394277266,-0.021604565783337464,-1.1712636958656713,-0.01859761795348558,-0.021169476628193032,-0.937073446684331,-0.01819240056644822,-0.05664306193413113,-1.7729448831376942,-0.04394402119404617,-0.04969118488161339,-1.1487013935830468,-0.03139758975640439,-0.05330958474339875,-0.010280307991549331,-6.070625938610184e-05,0.003116723386238085,0000320193-24-000123,2024-11-01,23.09482895251993,28.859144618997764,0.01667732790947516,0.956778158886883
0.0001159357333913604,1.1561455519046828,0.009022304061847324,0.007142857142857143,0.011963267293278233,0.6629829371339512,0.014767906431428446,-0.0036951844020834314,-0.28960340180698374,-0.0017228017712739296,-0.004920973066710204,-0.31490017464101205,0.00011202509152441475,0.023618086019505883,1.0686896800857235,0.027830778887922958,0.014925953112275799,0.4988020976834029,0.023201723815449715,0.01490590217566612,0.0223677398026354,9.712161011636743e-05,-0.002265255107333327,0000320193-23-000106,2023-11-03,23.035822929510886,28.646868376022628,0.022502787611330496,1.0164617554500965
0.0005477016841255741,1.2525704922443086,0.010168828424420538,0.007142857142857143,0.018048116279286777,0.8874235814592001,0.01722544343212684,0.03753734505205582,2.6102231374368468,0.04296988229281673,0.014143350206619611,0.8030096200094257,0.01858730117353402,-0.031198146193788204,-1.2525130052021203,-0.03015943696904011,-0.024844646486060572,-0.7366574058405552,-0.006138184322710627,0.01409308967315237,0.0009777405016762053,0.0010291456815434941,0.0014237302040934776,0000320193-22-000108,2022-10-28,23.251002933515334,28.465448882943132,0.021997872030235982,1.4035858610050542
0.00021048057603306422,1.3714775768159864,0.008629997891857213,0.0,-0.026741604580496257,-1.5493401571817387,-0.020739467143882417,-0.02932615021093499,-2.402864976341819,-0.027512366625782714,-0.018025299681546522,-1.2058996715612114,-0.012349677818495386,-0.03793356556490545,-1.794474748097394,-0.028570317791704047,-0.04304242790197427,-1.5037987810936575,-0.033764693048691896,-0.02103524319836847,-0.016000625410793612,-0.0005272537443118834,-0.014854761906105084,0000320193-21-000105,2021-10-29,23.10357841926356,28.548560711828905,0.025204503339051828,1.4022856877107144
0.00249687256255961,1.1273151332451843,0.017933789735427176,0.007142857142857143,-0.055774184437822644,-1.555002742327349,-0.040689634066989555,-0.06205114680248808,-2.44659870176604,-0.057033383362874224,-0.04096588584195077,-1.3188325260510467,-0.03193017381505303,-0.04802373389747702,-1.0932216533467385,-0.02550449168916835,-0.07938791684287899,-1.3347071591476969,-0.04163637342418691,-0.04348804509867665,0.04022645187503893,0.0022565086933987156,-0.013360378157954067,0000320193-20-000096,2020-10-30,23.669870345994823,28.304296045508888,0.033325210143111746,2.2922765363342075
0.0010722122910658569,1.4227058612864754,0.01077684357728131,0.0,0.03880300160969537,1.8002952966440038,0.046962924027457054,0.039399954848246654,2.585170235779489,0.04435091453947271,0.033576019469589144,1.7987756563479527,0.040974410087086466,0.04374372027409978,1.6570992139180514,0.05549904420642526,0.04550504794938804,1.2731267828011688,0.06419027750433448,0.04787655445322048,0.07985740457948287,-7.863085910622106e-05,0.020780343683943436,0000320193-19-000119,2019-10-31,22.459603312812213,27.70878611111479,0.08371785281590821,1.7536678771128889
0.0015253626952541912,1.196567038949961,0.011531027001153639,0.0,-0.03340306417491034,-1.448399356430632,-0.021294612622902998,-0.03481591630970252,-2.134985072305439,-0.029433981919744112,-0.09511344783946517,-4.76226226060998,-0.08944780309182654,-0.07152799404063606,-2.532400737980891,-0.062049703406104495,-0.10586464368238635,-2.7681308054112383,-0.09129041492930412,-0.022389099105603272,0.09035445796832653,0.0010100748977451442,0.020562340265143565,0000320193-18-000145,2018-11-05,22.685031210795476,27.61547607214787,0.10882561809907886,1.6046386204065497
-0.0001816701164998572,1.5166347789163475,0.009397608211409773,0.0,0.0398516887801748,2.120310183382102,0.04202998300960559,0.02999696165067491,2.2570695139676484,0.031890450878047316,0.0372007907810261,2.2854630761703554,0.03901075283660771,0.041929504123069436,1.8214898932962336,0.04133718209492465,0.018860907850139184,0.605130322303537,0.01669813900082795,0.04272916144390182,0.0552269599495695,0.0005124595834374871,0.007366469398285313,0000320193-17-000070,2017-11-03,22.146284529989117,27.483830219552893,0.1553035177313639,1.326739921531843
0.0006014389209987191,0.8642479111337592,0.01271008165636737,0.0,-0.027046811195280754,-1.0639904575959633,-0.02287571010260292,-0.012176838256210472,-0.6774405654636123,-0.010146547892128766,-0.03376874929019244,-1.5339316473330822,-0.03090075548877702,-0.0286087943087912,-0.9189155258452039,-0.021748479174065305,-0.08209240615392173,-1.9474140629688963,-0.07729620815712146,-0.022518291849715988,0.04908180420632291,9.552504055090078e-05,0.033012846294518394,0001628280-16-020309,2016-10-27,22.003866771022487,27.1471003553398,0.2080741376778366,1.8616475439457512
-0.0004540124772004265,1.198278587261232,0.01149801361425661,0.0,0.018169097697786983,0.7900972423296997,0.018205412579403557,0.009229436007155062,0.5675934127521539,0.007278534842225515,0.03670042635938326,1.8428401416825,0.03664313778886741,0.015421803985652432,0.5475663296488843,0.013622642723174705,0.0052838263402309425,0.13855728805044012,-0.003916493646471286,0.018368319275056555,-0.04908597688647398,0.0003293311439530958,0.03841546483818194,0001193125-15-356351,2015-10-29,22.528760729725644,27.223007327172354,0.17948937863967696,2.332076014859028
-0.000367220174065709,1.3873590448666357,0.0076948799938216595,0.0,-0.001457618708119994,-0.09471354389479363,-0.02084215101358733,-0.01594885342038927,-1.4655904204825068,-0.015869880189131158,-0.017628424286603127,-1.3226685166540801,-0.019838038670458857,0.003976756731098749,0.2109849846086309,-0.01512755291238188,-0.015885239677607604,-0.6224372541197704,-0.018066382125711322,-0.01965653449352711,-0.04055993849807349,0.00026737837353546566,0.0030205901364104247,0000950170-24-087843,2024-07-31,22.79071263068099,28.7763836138854,0.08540483808532764,0.7283172402066466
0.0011829288235752917,1.2453057188621042,0.013375348391549136,0.0,-0.007450173601348496,-0.27850390820682075,-0.003983763171200527,-0.0006049646873096844,-0.031982317039708316,0.004544267971090643,-0.01465945029832142,-0.6327788501759954,-0.009903296143743967,0.0008210287442584792,0.025059801917159282,0.004728125766362168,-0.021972821642473044,-0.4953183127383284,-0.012899728798117072,-0.004442521767869412,-0.030238627220368852,0.0006526918041456732,0.025139692759996356,0000950170-23-035122,2023-07-28,22.961930786104674,28.53003199425658,0.08392698790134034,0.9621690900926337
0.00011587197497879489,1.2357936453184384,0.01072246814719566,0.0,-0.003322473153429961,-0.1549304277625164,0.0019419519948463693,-0.008360283210362165,-0.5513294951809431,-0.005444105016115364,0.005070407323559221,0.273015596126867,0.010963421654076377,0.0009839081662613514,0.03746141479139629,0.0059134448037729825,-0.007816188575181862,-0.21978797180132428,0.005337441818743183,0.001606729041681243,0.024210227981377175,0.0002494520312675517,-0.0239546716858296,0001564590-22-026876,2022-07-29,22.766794474437912,28.354423904278992,0.08078931700587837,0.9851243389011152
0.00033314110310646744,1.148424330338076,0.009749645735472415,0.0,0.0029763514765008678,0.15263895516079742,0.0037630386574286634,0.0017928788776689802,0.13003106437327733,0.0013832548327324945,-0.00239241001832911,-0.1416726930978422,-0.001844597520802016,0.0037878115460390407,0.15860756690302366,0.0063807856249255,0.005767017418268955,0.17834711364529407,0.011076868069966439,0.003766457726548156,0.06568239602715131,-1.8474997137949372e-05,-0.00825989390101419,0001564590-21-039151,2021-07-30,22.531207426609363,28.397890924877412,0.06594840791208285,0.9505518794967397
0.0020306027789254344,1.085277082424708,0.013332954950010032,0.0,0.009896868333280882,0.3711430950748632,0.020142099076208342,0.041505644634070055,2.2012316765720334,0.04683334520593352,0.04276101488875157,1.8516588070241504,0.04979950769596231,-0.0037007956196869196,-0.11331647716189133,0.011207758718130845,-0.037073203559916626,-0.838373150968097,-0.011453021091391125,0.019213960271845076,0.007007944411041467,0.0013852300491284367,-0.00024397050122341828,0001564590-20-034944,2020-07-31,22.574690768215394,28.06477845575078,0.07666921378087338,1.1268597903796442
0.00038182031950271167,1.3774161138794534,0.008053946624168683,0.007142857142857143,0.011011929996019573,0.6836356453477371,0.003754222249379713,0.0076235619304422485,0.6693205939104095,-0.005600049937538487,0.03277226938940089,2.349292767491931,0.016534188029028618,0.011708315518216708,0.5934854075366888,0.009798230193460378,0.015730727704953516,0.5889029419780613,0.012111080511355343,0.0034216915148719274,-0.012874914480059507,0.0008935029897352947,0.01566868479366086,0001564590-19-027952,2019-08-02,21.814363901881286,27.68375075125112,0.09707396850190309,0.9407578328412881
0.0010497848904914848,1.4163827745612318,0.007835562404102435,0.007142857142857143,-0.0016762102801092587,-0.10696170827710158,0.0069966343981197054,-0.008486782224756267,-0.765874987918756,-0.002980197673251306,-0.004376647763503365,-0.3224859472861659,0.004231008434447903,0.0038770379824892426,0.2020013429522303,0.011087063640786488,-0.018979333554742177,-0.7303220986771901,-0.004012251018132629,0.0070679213593511925,0.02774702762370196,0.001050756039753398,-0.014183557789387187,0001564590-18-019062,2018-08-03,21.62232831525846,27.438491797971547,0.1002800277961181,0.8359617021578943
0.0005025180829764624,1.1710639262867435,0.00671969591358046,0.014285714285714285,0.006590546540925167,0.4903902368264698,0.00841898599218871,0.005163173203648336,0.5433154761306885,0.00611782237788272,-0.00032528845514743186,-0.027948493437641112,0.0012161532261962815,0.0039395334882362555,0.23934235008271895,0.004234753946639747,0.024642087799984173,1.1056853050092368,0.026903121468105917,0.008403719856785452,0.022565322835758295,0.0005887101678106309,-0.006663859016317175,0001564590-17-014900,2017-08-03,21.206499105314304,27.04504830447655,0.13007305244127493,0.7878812352017809
-0.0005793043980153236,1.2515821739371833,0.010861546726419822,0.007142857142857143,0.019394824786871833,0.8928205749783091,0.01635653388324676,0.007303546790629816,0.47547440456207213,0.006235890478440642,0.006228047584111473,0.33105459468918497,0.004985180431503422,0.026823657831231477,1.0082093029118175,0.024844723769541277,0.028718774065035597,0.7972194385456626,0.023983319470151865,0.016410332239570002,0.08070908501157525,0.0008123994197801011,0.004230854297420761,0001193125-16-662209,2016-07-29,21.10015894606557,26.805524228790187,0.164370222623082,1.1204549055060322
-0.0002384944375236015,1.3217637960856705,0.013804809130289888,0.007142857142857143,0.012317350703081535,0.446125353376142,0.008259993944615851,0.025044816131311307,1.2828398533351237,0.022956887365579215,0.02444613183220204,1.0223959390353807,0.021388815735368105,0.014861990354615582,0.43951220896270543,0.013523815895622016,0.017102377923946057,0.37353366603321914,0.014327553856652853,0.007926298079202532,0.010563938983020993,8.402378630207799e-05,0.015689060552711773,0001193125-15-272806,2015-08-03,20.922484817683916,26.646199148910224,0.21440903386236573,1.0614629908354811
0.0004566512502024698,1.5729391537270088,0.015119985475361773,0.014285714285714285,0.0410651341671968,1.3579753179694851,0.053233277910663235,0.05722854657083709,2.6763711792997475,0.06243780903891494,0.06340875606690763,2.421236610568404,0.07623279293607677,0.05331895964492828,1.43964252874607,0.07001732767345314,0.02906989689149054,0.5796899549125094,0.045745059997040816,0.05251646086067541,-0.01318312015613543,0.0007951002602080458,0.013148387411044328,0001018724-24-000008,2024-02-02,22.677040831826766,28.13452122109216,0.12201556137012558,1.3427691069822307
-0.0010573507353212408,1.603989356867746,0.018159719897008524,0.0,-0.08906426754464988,-2.4522478333854028,-0.10217429969957115,-0.067445602784523,-2.6262102808098238,-0.07952315321618963,-0.016166536756252157,-0.5139811847881929,-0.020423172931050337,-0.10081168796131876,-2.2663454889392045,-0.12004360975348749,-0.09474091209056212,-1.573012136363112,-0.12083888492508454,-0.09908658488239785,0.1441047380825221,-0.0006400911057336437,-0.017959349108778652,0001018724-23-000004,2023-02-03,22.731424516503733,27.776867239634733,0.12622360477240988,1.8357284333648223
-0.001090315105671606,1.1104677840488164,0.0128909381970069,0.0,0.13516577331790677,5.242666253310036,0.13349701404559955,0.13780141103509166,7.558822384441527,0.1357815354464209,0.08784960448804303,3.9345462699642995,0.08204498500605262,0.1290554881809975,4.08711000081473,0.12110938104025692,0.14772302922237063,3.4551534174819682,0.1326095645384182,0.13641743206635604,-0.10628668421035836,-0.0011314896011469947,0.017444993413530445,0001018724-22-000005,2022-02-04,23.172591687137025,27.976746961981338,0.0978368824711577,1.6289234660158691
-0.0009321998757944394,1.4079915974094641,0.017546441461630247,0.0,-0.04562887250983862,-1.3002315201523267,-0.03990902119482287,-0.0292230459045008,-1.177664084833666,-0.026247812073345256,-0.036755213351429214,-1.2093980633608294,-0.029041820995507117,-0.05268287944431714,-1.2257582551361372,-0.049422569273147254,-0.0367991046657445,-0.6323417515334534,-0.03776406773276031,-0.04021483055997288,0.02196033020940502,0.001698011666000454,-0.09642786894499436,0001018724-21-000004,2021-02-03,23.23781357356097,28.162853836232205,0.05487739145913005,2.4155317005583132
-0.0010606512617424616,1.1073454105202383,0.007982320974690212,0.0,0.07621620466326834,4.774062888784439,0.07366748910938936,0.08523558534154226,7.550518274636065,0.08199239376768919,0.08964990796924018,6.484254224176289,0.08568252416495459,0.09988331839699513,5.10843827387103,0.09499053918518685,0.11461074795655063,4.329121921933722,0.1060990268075126,0.0749024895376369,0.025521564809730668,-0.0005473149562034239,-0.006742595922866489,0001018724-20-000004,2020-01-31,22.456378253958036,27.559787171561123,0.0666420395836685,1.8122793743555932
0.0006667465643416394,1.9644991607242825,0.014278012258867852,0.007142857142857143,-0.06765942590585866,-2.36935732646666,-0.05519425750061613,-0.0658759488820624,-3.262452036534269,-0.05714007254236819,-0.05451755090022958,-2.20448912055371,-0.03682274681923381,-0.08392154115318162,-2.399551498325704,-0.0784956380540156,-0.12319977511567129,-2.60163173790058,-0.09047191687786316,-0.055829247988566144,0.05190973916462949,0.0011371811364279576,0.008177690862782895,0001018724-19-000004,2019-02-01,23.138814391275865,27.461708749706048,0.05158335831247917,2.9129354267439265
0.00032040012988806497,1.7259296392018808,0.013600688224236074,0.0,0.10533641628266253,3.8724663982428393,0.07050414930084858,0.10749388535500852,5.588662427771015,0.06299073819543655,0.06632466594287777,2.815487209521951,0.021671452442211026,0.08884906080836932,2.666958949893431,0.03825134501055161,0.09359638737128748,2.0749223964747703,0.07536016570784176,0.06899011951572476,0.15107619872599243,0.0008823323257057996,0.0178227707114055,0001018724-18-000005,2018-02-02,22.277052026375195,27.234875918768,0.041177931404708615,1.8214078017512085
0.00022106027588806633,1.1945023254220652,0.010857255269129751,0.0,0.003604705324108219,0.16600444747566248,0.007953332240345556,0.007419990956104128,0.4832460683062329,0.009576045615818707,0.0023404187249818206,0.12445515440045483,0.005836417322165222,0.0050003269929303745,0.18801942995927717,0.0099494846416317,-0.001181770252019534,-0.03281834394015979,0.006408518036109645,0.008051337576295392,0.05145757301273124,0.0013914519825954244,0.007505978711086244,0001018724-17-000011,2017-02-10,21.833846021870055,26.694346196935633,0.04920535753969659,1.944915853976575
0.00310561788575238,1.2563602386994397,0.015706804687103722,0.0,-0.20016314171579172,-6.371860658588894,-0.18503198610956118,-0.13362853666537364,-6.015841306902025,-0.12118339388430921,-0.05453971437462449,-2.0047692323804607,-0.03757164633566368,-0.23894512618414335,-6.2106164317076145,-0.22194919799763602,-0.23386765639370435,-4.489375970302378,-0.2033405872399947,-0.17425491025686757,-0.04383562490468573,0.003087006579765453,0.021027942129412735,0001018724-16-000172,2016-01-29,21.862880193917388,26.42420923931082,0.04474017378124714,2.059355002150562
-0.0008496205430631343,1.0904457342637321,0.016482001205541785,0.0,0.15814668671124443,4.797557187960598,0.15567563035363186,0.16688442159683292,7.159634604676411,0.1651825122221382,0.183232767854881,6.41848562720684,0.18154360954888848,0.17845246570447523,4.420149783050474,0.17490382299033613,0.1809115739616863,3.309482339834263,0.17493446809115742,0.15987190390447625,-0.010948317192161161,-0.0015838404034182409,-0.037987068260020136,0001018724-15-000006,2015-01-30,20.912460639738228,25.698520017514006,0.07418554300856776,2.2213897022825333
0.0005256740384920058,1.319730374500541,0.013750018023673649,0.0,-0.056895526830312224,-2.0689255364012684,-0.05355034176682294,-0.06372197561206354,-3.2769586911316306,-0.06382551168056483,-0.07680878954747622,-3.225128523105508,-0.07657869760599967,-0.0589562698596437,-1.7504556241952587,-0.05118598375915007,-0.060094084810590684,-1.3177472408556465,-0.04928953758336818,-0.054989207477297075,0.10959100471782479,0.000705161957151156,-0.012626333748897756,0001652044-24-000022,2024-01-31,22.035242263398693,28.266110958319054,0.15015909748563577,0.6365789727126806
-0.0013744512996708863,1.3663235314170152,0.014217145982385604,0.007142857142857143,-0.05059458669577909,-1.7793510300331543,-0.06147855212684683,-0.02012927067993434,-1.001153383087986,-0.028920706931364726,0.033947944831610316,1.3786068674576537,0.029166783596981438,-0.08728825005958456,-2.5065001729994245,-0.103351504161457,-0.0787074334286251,-1.6691946548717604,-0.10260079830492475,-0.06287747379820163,0.05516274013810796,-0.0006427305337916243,0.02262641723390036,0001652044-23-000016,2023-02-03,21.797729884086106,27.9562527216725,0.18502818791722878,0.6594070511323838
0.0002483833782515513,1.2358456838367724,0.009754739361401721,0.0,0.030630607917719432,1.5700372292324336,0.028437076300456665,0.06006397590322804,4.353949715381725,0.05703047082679713,0.06863210567736903,4.062103888154109,0.06746559374645356,0.018964267362885256,0.7936787897616386,0.022672711778927157,0.020961760853636303,0.647911591026787,0.02018629654146442,0.02509591098613384,-0.02128247787176929,0.0005410143161504134,-0.009588757368303495,0001652044-22-000019,2022-02-02,22.220170882474942,28.231361771638056,0.1380531794335397,0.5590401150242932
-0.0001512252055990901,1.2711143295581206,0.011667717975572403,0.0,0.056519306588076926,2.4220377415020677,0.06219312485712403,0.05549952443298514,3.363476059444864,0.05841305695482735,0.051745312396743376,2.560498128606458,0.05827562725501312,0.05963961351446945,2.0867636938244716,0.06461550420911566,0.06831821386239142,1.765445185076159,0.07282752272867854,0.06285206128912124,0.07466789252403849,0.0004362817835690787,-0.036967138524318675,0001652044-21-000010,2021-02-03,21.801840386520745,27.89017412363283,0.17173830354625966,0.7384423197111468
0.001145464302810196,1.2892082416261128,0.009601056599914854,0.0,-0.03754707010831338,-1.955361356199398,-0.025979147990034646,-0.0607497694958837,-4.474150685294365,-0.05087261659417397,-0.036476463801176987,-2.1934769340784785,-0.023355752469173652,-0.03055383671047458,-1.2991853005297238,-0.014087811181814569,-0.03739530969423829,-1.1743613829869162,-0.012754804760916172,-0.026605175956162408,0.04852277879921196,0.00015343508139001202,0.0007961117482077548,0001652044-20-000008,2020-02-04,21.409006774402865,27.651338741167606,0.19739047499345017,0.5409283270500556
0.00011857706968253912,1.3251143184224339,0.010612145678524929,0.0,-0.026580111770295643,-1.2523438979962362,-0.02812052283246913,-0.019532536830484462,-1.3014888473083368,-0.01848780444724496,-0.008248023413319512,-0.4487309807288913,-0.004881662411061027,-0.021972851792291158,-0.8452936335930098,-0.018854772512547746,-0.047964714020447746,-1.362769213191134,-0.03953082675898911,-0.027967780094249273,0.0037085427344677457,8.132962476836388e-05,-0.003266547640144923,0001652044-19-000004,2019-02-05,21.438612369858884,27.400250449017268,0.22373496127119463,0.7294355882200714
0.00018898254896592914,1.2907393401473957,0.008188144439415207,0.007142857142857143,-0.0005864438338261876,-0.03581054524412317,-0.002784715309782304,-0.022448984136644968,-1.9386356739579682,-0.018454415810170488,-0.020503788535366597,-1.4457326587104664,-0.028234510439259286,-0.014772105964047747,-0.7365144876223307,-0.011787213681957454,0.020944637344121598,0.7712425951991096,0.02909224095107321,-0.004078409219419932,0.012945769088463788,0.0004553128893128593,-0.008684205246588191,0001652044-18-000007,2018-02-06,21.292978743235956,27.327386475649295,0.20660574238409993,0.5653844437759703
0.0005647820128751688,1.074512256328512,0.0077166844289263585,0.0,0.005367136469987442,0.3477618217656067,0.008078520586877636,-0.0025604490269376164,-0.23462289879877676,-0.0010471915055347836,-3.3664505299568336e-05,-0.0025187256749782073,0.002086870069423208,0.0002123083282271612,0.011232092338138872,0.004747606125818926,-0.00482816074643567,-0.18864905671643994,0.0036531963076300578,0.008141700537936059,-0.0031363757448158447,-0.00014990555433640074,-0.03815260704986914,0001652044-17-000008,2017-02-03,21.143525975127996,27.061254405515854,0.24579542955970798,0.6550390355464325
0.0030870633384730214,1.1492241565217758,0.017770600337680582,0.0,-0.05116683609546023,-1.439648495919596,-0.03167829203042172,-0.03162836008052707,-1.2585184217625378,-0.02007698514022449,-0.021271739807348804,-0.6910990327019789,-0.008468932021297615,-0.05790040854706348,-1.330160059723852,-0.03008470716572753,-0.0817629851957388,-1.3872613831051148,-0.0395054120991174,-0.032736478994800144,0.0025312338001780565,0.0016889576080472528,-0.01770969037855409,0001652044-16-000012,2016-02-12,21.394605963538492,26.908476317162716,0.2478419086212878,0.8040938505676891
-0.0008476521570176991,1.0567753444427868,0.009277951492114366,0.0,0.00926556765630118,0.49933262014660723,0.006785853542104037,0.006841904708822167,0.5214467029658716,0.005511573126013136,0.01894578862225825,1.178962421862996,0.01657373697193132,0.003240099614615754,0.1425708174615662,-0.000612871291860273,-0.011701442895798825,-0.380269047969359,-0.01938357423509085,0.006660839314438283,-0.0051541913171222475,-0.0008123897800202244,-0.004054407655046933,0001288776-15-000008,2015-02-09,20.915594802884346,26.611778579289858,0.2895794239362648,0.8764838406059754
0.0011023364976694055,1.5721575808625852,0.01385206893835666,0.0,0.1600815591936669,5.778254494185984,0.17481833655450774,0.15638277985801818,7.982874225539788,0.16287755250285207,0.14753171343066632,6.1490795954201305,0.16227718099637567,0.14480376979123424,4.267657902445248,0.16535720792135922,0.15777245552115224,3.434157410940629,0.18153426131626582,0.1713839545574669,0.10433690975101717,0.0029011348473014457,0.012757079225968904,0001326801-24-000012,2024-02-02,22.46100548047172,27.64705559074308,0.15073161682411992,2.247630536130536
-0.0010760553890098198,1.5575021583198665,0.03025586954523456,0.0,0.23537280735781566,3.8897048885988466,0.23724393135837463,0.21634279586841434,5.056124987275648,0.2166128995910792,0.22899729990991913,4.369785259320476,0.2340185302520985,0.19575617245565172,2.6413758372829936,0.1843750274403696,0.16731877215800195,1.6673957392312173,0.15186630437939053,0.24056328867014298,0.17035618867182356,-0.0017206509291600568,0.12614283514698202,0001326801-23-000013,2023-02-02,22.1374320256148,26.742913062395612,0.3055488246381636,3.322523706736137
-0.0009822890698121618,1.3157788441783467,0.014692054353251792,0.0,-0.3160689752042095,-10.756459498608306,-0.32458786887862945,-0.23944640586460766,-11.524200309001447,-0.24748472235881003,-0.23832293040228034,-9.365321194265997,-0.24436810492908234,-0.272625743669087,-7.575454807973148,-0.28424555126875617,-0.32333065202346356,-6.635413761127458,-0.34849380187391643,-0.30354630847580477,-0.010277895964100559,-0.00017337376584623072,-0.024713116356734045,0001326801-22-000018,2022-02-03,22.634132826231063,27.535880421760723,0.13734362025636654,1.637588028419183
-0.0015875677887511792,1.4947139500115534,0.01946345497643839,0.0,-0.04195138089090723,-1.0776961475157352,-0.03820991197904322,-0.03395555299580613,-1.2336043015661613,-0.04185562690576583,-0.029122274706860955,-0.8638627192229951,-0.05131312367846996,-0.05871640806217668,-1.231583665006049,-0.052281732679767434,-0.05329330339972079,-0.825574677491349,-0.04910696526615543,-0.038733460145709775,-0.01462428849478603,0.00037813843930044366,-0.01998864370393859,0001326801-21-000014,2021-01-28,22.366340083612165,27.3772523404665,0.16534961346101168,2.0037882146615225
8.039077041209799e-05,1.320403070917572,0.010007851824819494,0.007142857142857143,-0.06926583288302735,-3.4605744617065537,-0.06648883956908447,-0.07865934203928429,-5.557691613869712,-0.08316730153738539,-0.05261689345187514,-3.0354543742367897,-0.05732221133241755,-0.08381675371985006,-3.4191200087014275,-0.07620869758716864,-0.08394181104595552,-2.5289551402021395,-0.07322560706387715,-0.06741768366050893,0.0832351880630634,0.0007034168163364712,-0.0193095428292305,0001326801-20-000013,2020-01-30,21.722879353596447,27.180189966939057,0.15861599834779155,1.3531714085494044
-0.0014685203201767179,1.3161823330479572,0.02226198141591087,0.0,0.015357336175083636,0.3449229403297316,0.012695297182539922,0.008318844735296201,0.26423126558545257,0.007808455033669226,0.10663540908283575,2.7655212260270434,0.1073748437702371,0.011322829416207384,0.20764215305097858,0.0029789902192258744,-0.04322226721705661,-0.5853928121150987,-0.05105143995313366,0.012623435698912777,0.028757338250137043,-0.00043184078258437264,-0.03480767905660639,0001326801-19-000009,2019-02-01,22.026359484509705,26.900658153672136,0.1746336802145487,2.366868685121107
-3.176478013854118e-05,1.2991913313676138,0.011285445562769664,0.007142857142857143,-0.0025365610221823216,-0.11238196170784599,-0.01754792230519786,0.018900867471594977,1.1842626403306165,0.00023129539398225596,0.05294917828340168,2.708818377197411,0.034053939038675374,0.005560933117878551,0.20116542374252858,-0.016275780412703722,-0.04131433432256241,-1.1037880979219323,-0.05063237064220305,-0.017136020308136213,-0.012930863379184143,0.0003593398482272032,0.0015496458929162658,0001326801-18-000009,2018-02-02,21.93645209486061,27.05147772457431,0.13272598154206375,1.440361599448466
0.00018959506991734592,1.0319044769958166,0.010366792074073584,0.0,0.018528544683311946,0.8936489007843695,0.019480570866962865,0.0036224958727645367,0.24708621318432195,0.004165974961943597,-0.015094265717172643,-0.8406340469414828,-0.01434299613483836,0.008458890864686694,0.3331144012587263,0.010087412137518847,-0.012946216662131782,-0.3765322160513407,-0.009889240923266263,0.019621156282257468,0.10499026981618831,1.875905510520694e-05,-0.03311315858593597,0001326801-17-000007,2017-02-03,21.745391825748143,26.649111037743353,0.15802136787331195,2.0205557107928747
0.0015123896685885656,1.1602397545513718,0.013029911163450794,0.0,0.014846229415431771,0.5696980289887084,0.02258886994853959,0.022839572069145397,1.239457129592161,0.0297608984456591,0.17012706914141212,7.538263917006121,0.1794466830409881,-0.0461347735050342,-1.4454774232996144,-0.038084140756115215,-0.06361584312478293,-1.47206670532062,-0.04925146859161145,0.02268610243529179,-0.02821384915358993,0.0012605846706163705,0.04864088687873279,0001326801-16-000043,2016-01-29,21.793390188931006,26.446312662389982,0.14458107162651376,2.435001890831252
0.0008495820491257881,1.2384813144354654,0.013926995706490659,0.014285714285714285,-0.046494176504814244,-1.6692105564140332,-0.04065047342007366,-0.04057722661758361,-2.060202552490525,-0.03888509808568874,-0.03015026365353382,-1.2498936025659368,-0.02533470879251709,-0.07204751642072538,-2.1119612607635267,-0.06286551127012407,-0.08407190287722527,-1.8201077254522056,-0.06584408255663388,-0.04040795895581317,-0.014237085918646586,0.000768146084447593,-0.01516693853878645,0001326801-15-000006,2015-01-30,21.380394771900058,26.04085627883803,0.1770349008298511,4.305203442999235
0.001624163859783847,1.928876671928009,0.018701179034438305,0.007142857142857143,0.12220804561965015,3.2673887938991304,0.14671601924924826,0.1228979119234759,4.646869951607144,0.14608999439516634,0.09032653291542164,2.7885968043859553,0.11631706506400719,0.11754029641633473,2.565914426262571,0.14861356029091155,0.24727691941944385,3.98674309891944,0.2976794760584123,0.14707784779859057,0.24824345693348981,0.0037256366324474955,-0.022051308454702608,0001045810-24-000029,2024-02-22,23.957048437109762,28.153854360628017,0.025479013470621426,4.66235468
0.0016966963421722995,2.144377005109085,0.021920321928117947,0.0,-0.011059774162572804,-0.2522721655010471,-0.0009612395815121744,-0.006366959936753726,-0.20538569468026868,-0.002931222168792713,-0.0014408474848715625,-0.037949884403144604,-0.008367344984964054,-0.0399116519077164,-0.743322279405637,-0.0071542477009372,0.03166288031500879,0.43551904247980966,0.017562400991908755,-0.0016463430024029613,0.40757554068463286,0.0007516600552887486,0.011070810075640418,0001045810-23-000017,2023-02-27,22.906601133593913,27.07792137205241,0.03842554989720352,5.368105465587044
0.002256307751011999,2.5740884846237213,0.02273450246310676,0.007142857142857143,0.0018974131531162668,0.041729814764923115,0.02707129548780618,0.045326494518286325,1.4097810890432514,0.0675124001425611,0.02230815478157055,0.5665230276829002,0.06618692560631434,0.029302318094906986,0.5261879510355185,0.08954200483569119,-0.019026884308455626,-0.25233987329512236,0.05385669021599515,0.024945067000213816,0.0489218284803401,0.001981200017594333,0.008632788119428967,0001045810-22-000036,2022-03-18,23.256554954163132,27.15560545806686,0.0428102645488288,3.8841402390438247
0.0010306061181963844,1.600381258398431,0.021628298451830247,0.0,-0.08786494907376408,-2.031249690525902,-0.09021074648918026,-0.04938757538614826,-1.6146572759611626,-0.037894426524379354,-0.012231710796258372,-0.3265158161469618,-0.002559895377281407,-0.17484835638302915,-3.300377176816118,-0.16664550951170842,-0.10715451425887458,-1.4937976625265406,-0.07093145804825984,-0.08681811405449336,-0.011263535367606936,0.0024175580014646407,-0.026177038381165668,0001045810-21-000010,2021-03-01,22.12398076546292,26.552563188560676,0.04966782118329703,4.643496451612903
0.0012401289867405604,2.14648614120319,0.01428100009204943,0.007142857142857143,0.02484587995016304,0.8698928572934934,-0.059723011684239435,-0.026056712858543964,-1.2901672319128903,-0.07405822275742147,-0.03817267168645725,-1.543239418234647,-0.08930849312908073,0.14834008983610666,4.24057052674913,0.0061737674559694256,0.1119664876139175,2.3639217149026073,-0.013499675928339783,-0.056836404236574434,0.2352259164256787,0.0006421638178799198,0.005169539717357041,0001045810-20-000010,2020-02-21,21.467500719710415,25.964612799170766,0.06459726572227537,4.016648366013072
-0.0025571387686178946,2.059036695766535,0.030221245532909054,0.0,-0.004723179601252898,-0.07814336434462388,-0.008270845651401126,0.008191869405825409,0.19167067092407092,0.011171772230874732,0.0004761658822958928,0.009096729650771164,-0.0028356960281160637,-0.00016881044910959948,-0.0022804016196614095,-0.004520673488977778,0.02027933432608578,0.20232287756445594,-0.019938440852455663,-0.008617600290434124,0.0669363446546436,-0.0016400347515652964,0.027821612694203857,0001045810-19-000023,2019-02-22,21.668662387266856,25.270771082821526,0.09896541000435723,5.633149339933993
0.001638566568823781,2.020171946253413,0.019097141385715225,0.0,-0.015444649446504036,-0.4043707153484428,-0.003363001442827529,-0.008412900097851568,-0.31150309821162886,-0.013555038730995839,-0.004135897274418765,-0.12503763555484007,-0.018959081630015584,-0.030811067978145524,-0.6586622351161219,-0.011392815070694118,-0.011911618838205126,-0.18806417879335072,0.018999536833525843,-0.004604912964949248,0.13418674413246257,0.002685871387841566,-0.05284568377746408,0001045810-18-000010,2018-03-01,21.917686190952388,25.709075287036274,0.05105863549449956,6.967952514785709
0.0045370400037409945,1.215587085445005,0.032956790285849025,0.0,-0.043507245680774354,-0.6600649714886749,-0.027848387354314275,-0.04519188694501723,-0.9696177763754661,-0.03727249206385663,-0.05344182085641713,-0.936215250023439,-0.03803747949859637,-0.05280265564611705,-0.654086569490212,-0.02838971749312391,-0.03140915925056508,-0.2873525533146745,0.01719901950187519,-0.027893975030995777,-0.02614631264048506,0.004552414239145831,0.028163227429137832,0001045810-17-000027,2017-03-02,21.394764178897653,24.826000004167597,0.09523102184407915,5.00104202610525
0.00311518337176195,1.3130975473186108,0.019158564367006865,0.007142857142857143,-0.004154288987686037,-0.10841858784680587,0.011784666967732504,0.0010300319645139971,0.038016553484614635,0.010704747309360663,0.020430150659715807,0.6156699822082919,0.03497350570938407,0.017084188699551667,0.36404558801728487,0.03713568768526676,0.025511026831545443,0.40148436251230285,0.06677525630767478,0.011520262732188868,0.09061920256902523,0.0017383385593459308,-0.01564340852019093,0001045810-16-000205,2016-03-17,19.392343203597825,23.609647405887024,0.2492704321467713,3.9327812220922205
0.0008315951264712451,1.5180035030138221,0.013521215768352655,0.014285714285714285,-0.012509286394872757,-0.4625799413744883,-0.0005114101438896679,-0.019426374040750795,-1.0159234978138934,-0.014382315510816701,-0.022563851222981754,-0.9634670284631028,-0.017681562304017295,-0.026272593858475426,-0.7932527453543284,-0.008837435679365901,-0.10573957587148006,-2.3579005203595442,-0.0923354578994765,-0.0005132944949517437,0.15979291488970826,0.0004959736214505423,0.0071898395608168105,0001045810-15-000036,2015-03-12,18.50078382053632,23.255401481720504,0.35118131777899514,2.9736564683516753
0.0018549037695819223,1.573032917103442,0.019574170398719053,0.0,-0.12397800607635481,-3.166877664569325,-0.12217491864017826,-0.12929041154426946,-4.670549243371006,-0.12162381764620234,-0.13004954616330483,-3.8358785560733786,-0.11751368589228384,-0.1751759925481267,-3.653554558448268,-0.15638126366807403,-0.18629923697787792,-2.869666110533465,-0.15039178367807504,-0.12066326520434267,0.05060712626821873,0.0011552973283483915,-0.01433885027608901,0000050863-24-000010,2024-01-26,21.304871490690683,26.067977150333032,0.5040158093886026,2.4621545884578997
-0.0018306567178408067,1.3057473233414534,0.01614999042986125,0.007142857142857143,-0.04361315616670634,-1.3502533130318715,-0.04646548988150356,-0.054260661388929474,-2.3757340158441647,-0.06112434171875636,-0.05367230909106524,-1.918745539592344,-0.05900102440479582,-0.0027912580684342214,-0.07055894798394165,-0.007976505697779301,-0.052396842601300786,-0.9782199273094785,-0.07009346127588634,-0.048374582883306094,0.03230365590318929,-0.0015337004609929038,0.00681066164988711,0000050863-23-000006,2023-01-27,20.728609161133253,25.54742962013869,0.8147582029166622,2.3137684795745708
-0.00042195418564664074,0.9630416161266966,0.014887967117113718,0.007142857142857143,-0.09295213419150655,-3.1217201603252493,-0.09629245316904467,-0.09449833816995287,-4.488216235648665,-0.0960431090022319,-0.07910569297399775,-3.0676916985173808,-0.08101710474974366,-0.09109626807588578,-2.4979834665854663,-0.09472728139316855,-0.07491487084828767,-1.5171771445123747,-0.08088693720966245,-0.09820675170113247,0.09083698987851996,-0.0007513937618578204,0.024088149969225803,0000050863-22-000007,2022-01-27,21.19730294446801,26.072664428834752,0.4532033502123878,1.6739248772102162
-0.002052283493276989,0.9118765613192068,0.020670280964264643,0.007142857142857143,-0.11545257179860617,-2.7927189765394043,-0.1213210159224597,-0.11083867989153098,-3.7916650627324846,-0.11499658158787329,-0.044476561874397996,-1.2422934654447382,-0.05071465781098916,-0.06634910292874478,-1.3104276565615893,-0.07548046036554734,-0.04386586631185457,-0.6398585658134629,-0.06728672637158484,-0.1154606017878318,0.12180746873250026,-0.0005851344389291951,-0.03297345821369947,0000050863-21-000010,2021-01-22,21.325492142614923,26.259713791149114,0.31933014510666224,1.9881649273935516
0.0008195678671927937,1.3487658680840269,0.011022107548063953,0.007142857142857143,0.06857672399965595,3.110871659553963,0.06641907406845748,0.07250483133386071,4.6514387272482365,0.06550403463932708,0.07955183086212109,4.167013501046878,0.07376853573349484,0.050489017117297294,1.8700647617032073,0.04488847447226396,0.041799384749566966,1.1434282094787702,0.0512515719155211,0.06321497508231366,0.047960463682934495,-5.8614561860494645e-05,-0.00350429118890413,0000050863-20-000011,2020-01-24,20.71174302708396,26.324718896384415,0.2861830861806651,1.2498633387888707
0.0003805133775169784,1.3267879512309066,0.014616905318300762,0.014285714285714285,0.04939799880871218,1.6897557223301072,0.05423983526964049,0.03327935967602769,1.6099208682020087,0.03654843386361284,0.012657244099346092,0.49994599601099393,0.019116357072453072,0.03880596659136864,1.083845668815329,0.04157200351813872,0.06058804619343461,1.2497846072964645,0.0733774722796472,0.055537114352282924,-0.03559888311651638,0.0006865446731024286,-0.01801114240485091,0000050863-19-000007,2019-02-01,20.87571959830804,26.079373861410332,0.3518805108432629,1.538436268623527
0.0008001372821348364,1.7846505014101135,0.013950199040812553,0.014285714285714285,0.01222033276958303,0.43799850933421647,0.007581539066922716,0.017000149132701946,0.8617024529720237,0.01431001745895455,0.006560041745476097,0.2714973353831947,0.014140082734376946,0.03208515143922949,0.938962102692453,0.050848453825666606,0.07960392956838852,1.720512214027909,0.08587185986279988,0.007360729423213641,0.023256693337929235,0.000400129321416819,-0.013872123650479296,0000050863-18-000007,2018-02-16,20.973265440024363,26.090897263507145,0.32198523209454816,1.3691453084832905
-1.1083374451519219e-05,1.2279147602336362,0.009501964601160498,0.0,-0.014881961396007646,-0.7830991810993526,-0.01331643966455276,-0.006446143920544518,-0.47970206899789675,-0.004707299311735191,0.004612200609982898,0.2802425998729738,0.006143016589274408,-0.008817523031605176,-0.37884151908321223,-0.006701794942122974,-0.03776215364076076,-1.198248803935483,-0.035140662905685294,-0.013384609194816433,-0.03573633743381688,1.4316979839948656e-05,-0.006463189865008987,0000050863-17-000012,2017-02-17,20.288922261993545,25.871611575046728,0.3847072578977014,1.1510327622673435
0.0010454430144337297,1.073019195639547,0.011308146338472467,0.0,-0.013475471375952439,-0.5958302524838364,-0.00579977248684449,-0.02098570300981215,-1.312251580590141,-0.016263591902536234,-0.009185658118338996,-0.4689842197446553,-0.004316324936149973,-0.03288941126130894,-1.187378153757255,-0.02206929339573871,-0.02240987263587706,-0.5975188707340742,-0.006848657729087937,-0.005998641696243201,-0.09723973069108116,7.321675926041088e-05,0.03463533080053302,0000050863-16-000105,2016-02-12,20.3005064385355,25.61595265737432,0.45821329962710294,1.5792372565622355
0.000654220795419806,1.2154945272080662,0.013653597436471099,0.02857142857142857,-0.00532041790846874,-0.19483575421145025,-0.0017777817877250301,0.009595207856849586,0.49692665790404217,0.01212600184590995,0.014505853749339763,0.613388420595711,0.01976920688749062,-0.02675020748646342,-0.7998424244390853,-0.020644263244047112,-0.024978467757915596,-0.5515975869527306,-0.014807185640946852,-0.0019512677629751618,-0.07627688322763282,0.0010018971775412903,0.045793634646916666,0000050863-15-000015,2015-02-13,20.5419631607044,25.808635528742226,0.34561438287725665,1.6212258234797297
-0.00030709780497769273,0.5750991123582326,0.011425864957996103,0.014285714285714285,-0.004503305540208401,-0.19706628586822553,-0.00975020496320922,-0.0048186687835474525,-0.29821054122942464,-0.0030193510493556897,-0.014244607849784065,-0.7197816713926799,-0.011470029556789552,0.0027013974580255774,0.09652143607128595,-0.008642199576637255,0.039565918077449906,1.0440849076057874,0.020882452300941545,-0.009623184733738244,0.04459535011542637,-0.0009230372128669315,-0.006364241664443788,0000858877-24-000017,2024-09-06,20.61110667561736,26.001711077711406,0.23184681244274694,1.1970777680297038
0.0007967678859977512,0.7006672236182473,0.01100646368878904,0.007142857142857143,-0.014757512104740012,-0.6704020710926305,-0.01267672137923459,-0.006417293906419514,-0.4122770188864902,-0.007263342959715868,-0.011437093677842665,-0.599939208483041,-0.010525137696762554,-0.01799294802436345,-0.6673887707305654,-0.0132022018453829,-0.0455507304247137,-1.2478178609578214,-0.02793952688069623,-0.01264240697861252,0.09452656607087828,0.0006992259325743173,0.01735024336642716,0000858877-23-000023,2023-09-08,20.618767695414263,26.162541721899505,0.1926085217516047,1.1520906897365284
-0.0004353868832500749,0.8154066643872756,0.016028679509562327,0.0,-0.017020839895151806,-0.5309495359551478,-0.016179210675293376,0.002368640323743369,0.10449280204970353,-0.0032749275195251837,0.00518795537145367,0.18686925697563775,-0.002111294557232579,-0.01607536846682407,-0.40943745186510483,-0.01268955969744201,-0.037783758816396965,-0.7107405146592048,-0.027863611889647366,-0.016058460927840468,0.02106383421170832,-0.00045881648455718655,0.023146222545429106,0000858877-22-000013,2022-09-09,20.49379291161839,25.95125867146285,0.21335356829799415,1.2911743264952107
0.000604245809397923,1.0346989379480203,0.008810592664026258,0.007142857142857143,-0.017407794836142052,-0.9878901170416299,-0.015085148734711007,-0.00406179211141183,-0.325984965515002,-0.003042274071193063,-0.0012641382830077237,-0.08283785277776014,0.0001998158375932091,-0.019952920232201896,-0.9245400264408333,-0.016791743035970197,-0.030158869556673847,-1.0320805486906588,-0.023791668341986205,-0.014947680508304195,0.04461138857366931,0.000649721428134674,-0.01169495497248731,0000858877-21-000013,2021-09-10,20.420264172674344,26.233298979004807,0.1669975475083092,1.1902749007507385
-0.0006389525943440826,0.9912884696891393,0.019012451537329673,0.0,0.0016270368503361454,0.042788717886842936,-0.0006384253685440822,0.013592194096041227,0.5055177969891832,0.012626940236428186,0.014397553206005742,0.43720985706858867,0.013099346604269368,0.009866977585517269,0.21187045360371465,0.0062079654730748945,0.010174242153663006,0.1613494938192253,0.003586740504654462,-0.0001634364942192379,-0.2051487798640268,-0.0009293210464959385,0.0023434773197266116,0000858877-20-000010,2020-09-04,20.5908032589956,25.878629094137757,0.21873713217783602,1.3942950887034395
-0.0002735272599792369,1.3667680787582566,0.012187601041254728,0.007142857142857143,0.022638408167692033,0.9287475070385707,0.024613627297091267,0.0027815688430682948,0.16138255466461507,0.002534015263532141,0.00851982614716229,0.4036006678313907,0.012770329662224023,0.020244438598512094,0.6781283224866983,0.02246289259546952,0.020034656591095355,0.4956411213730557,0.019019818927982213,0.024873762303202485,-0.15585881419311687,0.0001821876368339682,-0.036517116664126575,0000858877-19-000012,2019-09-06,20.64299085862625,26.048988937913318,0.16331727431218562,1.3034750983326764
0.0006830482169418606,1.3187071618371802,0.009588925459151068,0.007142857142857143,-0.015984582036692306,-0.833491828922167,-0.012047358843960687,-0.005389707068710331,-0.39744791354667086,-0.004124168485668656,-0.0010443838859798076,-0.06288247001986105,-0.00025981287412268905,-0.013828480121072063,-0.5887472369235613,-0.006753870173899834,-0.004059085679067761,-0.12763269315897016,0.009147624074091976,-0.012025734909235197,0.0774157749831722,0.0008683166320343371,0.007097264761869492,0000858877-18-000011,2018-09-07,20.416225421237097,26.099158280006698,0.19989573777198724,1.2359374160611567
-0.0004659022847516848,1.181289846362092,0.009048867086793264,0.02142857142857143,-0.0005746387193984424,-0.031751970378541765,4.001451368917941e-06,0.0036239016385787217,0.28318301047122,0.004387238461879717,0.0008492075564069668,0.05418249672436901,0.0011142934375896196,0.007552375020839326,0.34073262007567806,0.0073345369426988105,0.03742022792243819,1.246854786028142,0.03501833451994463,-0.00027244319052543986,0.013545918094996723,-0.00025081764193660735,0.006107042093770485,0000858877-17-000016,2017-09-08,20.01955357611912,25.781256100486782,0.4205205563181546,1.0492143622303873
0.0012724537968911407,0.9903815097774724,0.011632654323596772,0.007142857142857143,0.005335552974116078,0.2293351468070765,0.01066836361138257,0.006628843012601592,0.402943276335779,0.009268444798619102,-0.0025078233910146783,-0.12446793909669636,0.0014256142267554672,-0.008496448162935934,-0.2981830578853587,-0.0006796820987414742,-0.010469598379041557,-0.27136563991681945,0.003594392721724571,0.010522205742579005,0.024249603715853496,0.0005396556031117834,-0.011363177034671103,0000858877-16-000117,2016-09-09,20.058847253888256,25.784605092456683,0.4029487343481344,1.2909590379119942
0.0005324679007431673,1.1524760225137443,0.010866424448886462,0.02142857142857143,-0.015443567399904438,-0.7106094314899976,-0.014567386890008804,0.007517173076096313,0.48916219704682545,0.007267825719074472,0.008641051152549702,0.45911267615882023,0.012748735939636657,-0.026969978040523108,-1.0132539438968613,-0.021745027445425058,-0.02727453228019365,-0.7567881173069323,-0.023736851514906787,-0.014496428056096189,-0.02522928094537069,0.000510415667069156,0.004412288347838191,0000858877-15-000070,2015-09-09,20.10087262333367,25.614456788869276,0.44847944327640743,1.356392804228029
-0.001096725159544761,1.3702041146103945,0.017628561418679866,0.014285714285714285,-0.029962919675619926,-0.8498401816233888,-0.034024514924462235,-0.012710789902972391,-0.5098479405758762,-0.016617286542004672,-0.020113599175041196,-0.6587373536774898,-0.02605193133670336,-0.0020337803799879636,-0.047098985764614305,-0.009464716886592783,0.0023570744946950495,0.04031438999965078,-0.00299762720200325,-0.033612216816588325,0.1596812917491468,-0.0003252642578842107,-0.0059986218441662725,0000950170-24-075605,2024-06-21,20.674357812901974,26.69921047766819,0.02210034741142088,0.8181880429339662
0.0019782671745179493,0.8373736239537743,0.010841566957841954,0.0,-0.040181440138501,-1.853119585699595,-0.030043621437526813,-0.014628702724461817,-0.9541106868271455,-0.010422620938618232,-0.039901568313770314,-2.124894057900017,-0.03294716594835578,-0.055474338232860215,-2.0889327009872853,-0.043185427149959876,-0.08108015127446758,-2.254894105657893,-0.06020455770613298,-0.02945420928399678,0.20009113814704216,0.0017018726235875493,0.011046709847543695,0000950170-23-028914,2023-06-21,20.69663060373787,26.526133692254174,0.0032392631701569636,0.7170912576876415
-0.0008212257531126435,1.025324955363072,0.017490364012107473,0.0,-0.017243034811076002,-0.49292955821673407,-0.01892559798992799,-0.0397023398073498,-1.6051005963807237,-0.04075786850618479,-0.0555460684531429,-1.8335546105071183,-0.05736708607952212,-0.02199143621508667,-0.5133092846689378,-0.025901865293546766,0.019971350627150816,0.3442803578277639,0.01211282261052915,-0.020460608455427964,0.07162858143203488,-7.523176519993847e-05,0.010491920195850839,0001564590-22-023675,2022-06-21,20.123004375619317,25.91882370211478,,0.8783929459954986
0.002348413942803936,0.5021492049983569,0.014291958719499486,0.0,-0.009885663570492642,-0.34584705163628,-0.007055202511911718,-0.005250417226666465,-0.2597688460972928,-0.0025655082349539393,0.008457788160581625,0.341668092323712,0.006520059905314013,-0.020469927432046165,-0.5847213138567505,-0.014233217330422931,0.05886663667443303,1.2418842737253986,0.06918499257269128,-0.007207387567418122,-0.03474375841548771,0.0010915137460660272,0.009844138345317808,0001564590-21-033616,2021-06-22,20.638601117884146,26.106604607797863,0.024055321835556438,1.111005981375358
-0.00022561656544210323,0.9723054072040695,0.018055037184034173,0.0,0.017668820411799804,0.48930445924044136,0.017730546498094468,0.009082911574464551,0.35572279922530836,0.009228433951072867,0.016228711092686803,0.518949400239887,0.01596873787776598,0.008876305565647958,0.2007050185426964,0.007653314403499922,0.013152581987778198,0.21964245431247592,0.010179652520061588,0.017845365185916506,-0.03796511710725736,-0.00019986236369508667,0.02714045687243266,0001564590-20-030125,2020-06-23,20.233675046004915,25.85402659772953,0.07138222569959135,1.0045861708707517
0.00024813682552733614,0.9638548579182654,0.009030112713866544,0.0,0.019037770156486757,1.0541269394817498,0.020342576879224805,0.009565663286209036,0.7490432944252137,0.010467784870580421,-0.0047348586562317024,-0.3027284383230794,-0.003539085459584812,0.027375248573303326,1.2376255740321822,0.02869090859292911,0.04825514809707994,1.6112173841648365,0.05062369236928532,0.020238676893356677,0.024834686422628316,0.0008423421270733748,0.0023337024234236434,0001564590-19-023119,2019-06-24,20.23170923216987,25.955476299577803,0.11636903480796797,1.2615590654049276
-0.0005701049677391928,1.0568213820363164,0.011577471144833987,0.007142857142857143,0.011395092669898299,0.49212356167188254,0.00832225559999955,0.02033210474153305,1.241805655024099,0.018537307260074853,0.04213651522605593,2.101281713781805,0.039877410468781016,0.03370941369231013,1.1886715449569867,0.029713785792471636,0.055458469278273095,1.4443013876806765,0.05000165545419455,0.008104788425735476,-0.08994127891713277,-0.00078969899786752,-0.00324877517814561,0001193125-18-201034,2018-06-25,20.237934771621408,25.891297562999988,0.26044471621313253,0.9305352341217561
0.00023807620920403727,0.8467272854445307,0.008803713811608629,0.014285714285714285,-0.031941193820129,-1.8140749747005152,-0.0316099666969657,-0.011458374216187246,-0.9203268396747926,-0.011014109132754357,-0.007023826190982562,-0.46062468963469766,-0.005104141113916993,-0.03602234880660983,-1.6704384801105119,-0.034001732226917825,-0.02013872859594145,-0.689715189178721,-0.019338465999333976,-0.031369474510647755,0.1040905966421698,6.753597186223557e-05,-0.008831932462118497,0001193125-17-214833,2017-06-28,20.073953313802054,26.070071472098,0.2565536311897651,0.7309462511259024
3.939846667874965e-05,1.1634888356734512,0.008332271628503122,0.014285714285714285,0.005547178429201473,0.3328731153114132,0.0019638112063660174,0.007472624956953465,0.6341540477689491,0.003863813271455907,0.00985523855869178,0.68287795795381,0.006015813119762625,0.01552892596298295,0.7608558337729799,0.017026740845215604,0.00038083320228879045,0.013780819445342166,0.004501137832558677,0.0016741221312558396,-0.0013028711744430543,-0.00017505722907256251,0.0026933306537718273,0001193125-16-628942,2016-06-23,19.8572298885966,25.828910783148427,0.2866861441821166,0.9123474493842673
0.00036754868124141195,1.2635873750052127,0.010530340498655017,0.014285714285714285,-0.0068027109564915535,-0.32300527021706593,-0.008406404606884355,0.010513015728476363,0.7059434320548276,0.0056452277399293704,0.010505132051912107,0.5759681578025599,0.005221096100305855,-0.0007796686448174298,-0.030226790046879018,-0.002747366192864642,-0.0054622436808631596,-0.1563984029613095,-0.0016133561584485978,-0.008131190849823167,-0.06336828905580805,-1.4978434255673594e-06,-0.005472835131029816,0001193125-15-235239,2015-06-26,20.032864690819935,25.905270304265407,0.27332725113547546,0.7958965212103014
0.0019324115155356153,0.5827144361853454,0.011658919122050063,0.0,-0.012271651626387985,-0.5262774146524049,-0.0051639855480906105,-0.007195010065779747,-0.43637324823673135,-0.002462065458897378,-0.0011331376233194882,-0.05611303286383584,0.0053870250110996665,0.022848451378660685,0.8000605474176019,0.030977320106203465,0.008166519735482967,0.21119439290984207,0.026958358396101834,-0.005183176298028558,0.08666089760563023,0.0011167113094813145,0.021850417900638,0000051143-24-000012,2024-02-26,20.50577220516588,25.860579914771712,0.1323463172610416,1.2275133069523396
0.0005686038208333766,0.6514438248168362,0.010243287683214275,0.0,-0.008165097185542744,-0.39855842372380734,-0.012754391954879263,-0.005810311281208868,-0.40109295324001526,-0.005668903968593875,-0.013520721954262974,-0.7620788072489516,-0.011752493635733163,-0.016699884405689196,-0.6655772512119265,-0.01530281441925685,-0.04103636980425949,-1.207906232736995,-0.028099286390908862,-0.012831343081740387,-0.09428542239859761,0.0006876619133341931,0.005681842577896039,0001558370-23-002376,2023-03-01,20.12415231190811,25.487904750592566,0.1870938044154126,1.302935386649262
0.0003498476910751444,0.3310798315092658,0.013210002475310597,0.0,-0.0179309273680281,-0.6786875097692404,-0.02755186757020245,-0.015303873965156322,-0.8191878146436044,-0.012292880947579854,-0.01575364500759143,-0.688521535317643,-0.005607983643395542,-0.008464524294285347,-0.26159174301370297,-0.01950570293669429,0.01686335024376787,0.3848970820094158,0.023787622235421635,-0.027448791985239418,0.004789993160546402,0.0005190977152993058,0.03468892141836602,0001558370-22-001584,2022-02-23,20.294608951857608,25.43677452634775,0.16960317103097558,1.4744510598595755
-0.0007836130613769238,0.7283164245692346,0.016279647900735637,0.007142857142857143,-0.00015374222103374524,-0.004721914809557952,-0.004894756052698068,0.025832779044039557,1.1220471935457945,0.027831995857143244,0.024460120257447697,0.8674669809296002,0.02533440301078238,0.030290132697593817,0.7595922815478983,0.029727205298633264,0.06402774341246784,1.185842047953683,0.05386734714088859,-0.0050204112327056905,-0.055713455265690826,-0.0012440727131419484,-0.011596180776225963,0001558370-21-001489,2021-02-24,20.244007012136763,25.4041531473725,0.19095034161116586,1.6133940641590565
-0.0002866831857310518,0.9803867419523933,0.011418664490287271,0.0,-0.04060694296001238,-1.7780951088698986,-0.04155477971977084,-0.013769608070575801,-0.8526901941349717,-0.013402679877081769,-0.01603050500454536,-0.8105340504130238,-0.015356370630084548,-0.052788039652025956,-1.8873158908565184,-0.05458568566658617,-0.049344207948061394,-1.3029403305614127,-0.05009580563718652,-0.04014897357538627,0.09457275175954749,-0.0002159389033210695,-0.00401252218873305,0001558370-20-001334,2020-02-26,20.04088758794783,25.55872440114491,0.16554100279556314,1.0702581157909263
-6.880724386647535e-05,0.9376521117547434,0.013634296251709574,0.0,-0.008586642829572258,-0.3148913105249418,-0.008839751048493216,-0.0081118736825271,-0.4207009135747937,-0.00803940336316089,-0.0054377559723792065,-0.230264167396757,-0.0053848095661392925,-0.011771173236582742,-0.3524612683977968,-0.011684583487480582,-0.013109177255386035,-0.2898987661416024,-0.014258917864961917,-0.008842613657735532,0.0790328809319174,-0.0002490898218273152,0.01327800965547549,0001047469-19-000712,2019-02-27,19.979324701646604,25.54622219405817,0.1350897921926627,1.4603459663205167
0.00010522962244750319,0.8517281856006012,0.011032329399251254,0.014285714285714285,0.009444966752202813,0.4280585908196245,0.011098996520221283,0.003027117199366571,0.19402023105508473,0.006858402053862012,0.0009435380804969223,0.049377782791958,0.006764125962377188,0.016258903872167475,0.6016562296516584,0.01780386951436108,0.0075933804064812985,0.20752555996052888,0.008407174959563113,0.011060142715208832,-0.014477259411602938,-0.0008170002734677089,0.013142360081783759,0001047469-18-001117,2018-02-28,20.244055437801467,25.694528307648522,0.12200362325582698,1.2491161539990956
0.0004036315494422273,0.993151742371766,0.007432604884524832,0.0,-0.002905949183228061,-0.19548659106570004,-0.0013259423853168029,-0.004526715941345961,-0.43065272382437525,-0.00377296495058399,-2.849368184309163e-05,-0.002213333701696456,0.00114654624406052,-0.004205862583270029,-0.23101405714716486,-0.0017829982584149917,-0.03595657983034936,-1.4586160437020754,-0.03158014315542457,-0.001322662455581325,0.037502657369452796,0.0006137782159921466,-0.019653123942687742,0001047469-17-001061,2017-03-01,19.844364059293817,25.85675857873914,0.10757716619375171,0.9739841771702731
-0.0011025740717210135,0.8768124258686185,0.010710901002533444,0.0,-0.010788653676225434,-0.5036296047210967,-0.01591306480087029,0.004184376099416768,0.2762420000178013,3.433487665671642e-05,0.0059653586701957865,0.3215510472214778,0.0022469672334356483,0.0067515873339426356,0.2573382002454882,-0.004022678454476791,0.040936077624878595,1.1523486029324181,0.02446392213941262,-0.01605207158274158,0.017233253704464824,-0.0005682488820240656,0.018064022818923775,0001047469-16-010329,2016-02-24,19.926193553128734,25.59745013488698,0.10898057318102493,1.1316997614032358
-0.0014671634686835924,0.7690894504463928,0.010534863652111667,0.007142857142857143,-0.02137930693223218,-1.014693100842686,-0.027461983213347918,-0.01951261374007661,-1.309699104792526,-0.021929296520027286,-0.008381303922258911,-0.4593270720410608,-0.012902179473857522,-0.018150431155469257,-0.7033676690174423,-0.025106085360309893,-0.005424492851719864,-0.15525081172234115,-0.013270684059321858,-0.02729364503681453,0.000829474405715902,-0.0007950916846093348,0.010862350866825935,0001047469-15-001106,2015-02-25,19.968615851627206,25.816537167570694,0.07284469075035534,1.1190351629702007
0.000934335622329502,1.3740311627026658,0.012551186798067708,0.0,-0.013377070244339468,-0.5329006116935057,-0.004457466593443371,-0.0020434595639289427,-0.11512410244401064,0.0012374070759283429,0.006761525267385054,0.3110278331494687,0.01289966033826706,-0.018149182162162304,-0.5903324291341671,-0.00915461906890025,-0.029645783648604318,-0.7121669235556498,-0.009387242832648135,-0.004430383944113769,0.03742830316810508,0.0009510643173276151,0.003137374337185637,0001108524-24-000005,2024-03-07,21.19257696978955,26.409077429403663,0.20242526870130348,1.4522886597938145
-0.0003848383660104021,1.3488819068796363,0.018619396580555336,0.0,0.027163348284765604,0.7294368581507339,0.019354376978312215,-0.008920855208418926,-0.33878633953389986,-0.021181828468205155,-0.012462812851729262,-0.38644691430656497,-0.024615028444189946,0.03777067291189054,0.8281585592334564,0.03288358712107886,0.04428275040427046,0.717088309399706,0.036565232933778447,0.017888378932777615,0.18611494408884244,-3.3543913231297306e-05,0.025105002800945023,0001108524-23-000011,2023-03-09,21.101263336416753,25.9324787117308,0.31898880007366254,1.9303066
-0.0008691506131687384,1.6772388749988982,0.017211786132105465,0.0,-0.007466467201500709,-0.21689983666405688,0.004910948793334313,0.0005294148602482448,0.021749796033322475,-0.015012739965172273,-0.006218862415674396,-0.20860483985712,-0.02553675090342411,0.017419856508956572,0.41318353512665773,0.04431955278742139,-0.04337391244259863,-0.7598122914025743,-0.008625038562963372,0.003992678974511499,-0.010160834637340188,-0.0006606896155707889,-0.04507451287716741,0001108524-22-000013,2022-03-11,21.196440020209806,26.012282556036784,0.29337088987647075,1.533858383838384
-0.0011662733390625844,1.554369167506086,0.01671844571395636,0.0,-0.001521950392754639,-0.045517101852480604,0.006618475057740936,0.0016806313571010138,0.0710823152829827,0.010396703329855428,0.051761787091178596,1.7875275143478608,0.06760320557142407,-0.013994842145593111,-0.341740522953073,-0.01549837699117973,0.012916926182620055,0.23295226409009578,-0.010110515975567336,0.007046198416681415,-0.09109852600067336,-0.0010902729820862647,-0.11261139391534741,0001108524-22-000008,2022-02-25,21.27338457472324,26.02769271927153,0.28353245162853363,1.5620550253807106
0.0008925965386449435,0.8775703816834958,0.01205350171323904,0.007142857142857143,-0.00835163680723236,-0.3464402712972317,0.006542961165209693,-0.031135046349988725,-1.826506763794068,-0.01796101561568275,-0.03692180253640335,-1.7685161657168245,-0.01870210831809882,-0.04747276850333661,-1.6078876534100464,-0.030518559881353657,0.04092563795221812,1.0237310634073102,0.08075234688547683,0.0048206984981205014,0.019997110921723515,0.000146232777650062,-0.0030923295754150225,0001108524-20-000014,2020-03-06,20.64076977190576,25.74577703558464,0.2232331004305661,1.5316443575418994
0.001483532244345968,1.8077445863979134,0.015096644292144914,0.0,-0.019599686043140954,-0.6491404865828051,0.004458014224394957,-0.012393410368949339,-0.5804908921694311,0.0006982099148528098,-0.006777300790050001,-0.2591884898255422,0.0012343473694730323,-0.0193996344728588,-0.524611129195731,0.010950518234836726,-0.012493208376023024,-0.24951532159400783,0.019223800187166296,0.004505853979817953,-0.00030078576025827086,0.0011198602268888312,0.025151977192076402,0001108524-19-000009,2019-03-08,20.62873311248528,25.51048758249757,0.13007678229691438,1.8653035019455253
0.0009213463210354704,1.097279633736428,0.009276402570490394,0.007142857142857143,0.010421874555642679,0.5617411747952918,0.01273133532267301,0.0011987572356766136,0.09137694962052116,0.002298470674864994,-0.010482405583445356,-0.6524102031329883,-0.006770739458293207,0.004611324688254174,0.2029413241230271,0.0075474098889870556,-0.025975371602114074,-0.8442787123722729,-0.02031342711537598,0.012590647044740333,0.159027083943728,0.0010430032294395629,-0.0014081748317688256,0001108524-18-000011,2018-03-12,20.141242790526963,25.258018040160458,0.10073448417744855,1.495454955570745
-0.0004982502415383723,1.024661543196601,0.01636606180652788,0.014285714285714285,0.015359731688797146,0.4692555811646348,0.013338887263817156,0.018166289566995925,0.7848868404430441,0.017041608519928086,0.025427941775987034,0.8970288150475241,0.023724188670642077,0.019444349101169295,0.48503557994438606,0.016352713899405513,0.007543954847688869,0.13898199801820077,0.0017395057125553226,0.013383421432770048,0.031240671295307387,-0.00011061638325529902,-0.022358639153092365,0001108524-17-000006,2017-03-07,19.73816185396188,24.7900464808223,0.12849559053431844,1.8692650176678445
-0.00010488152789060745,1.3093089304649999,0.017758751076954106,0.0,0.0023196918395505875,0.06531123245938446,0.00030818476072302925,-0.0037581020378644973,-0.14963774332157315,-0.007170788284227347,-0.00430970531932477,-0.1401117407107034,-0.006804731077566739,0.004104701005705341,0.09436120598701016,0.006564675420136057,-0.015432927081261956,-0.2620230766723472,-0.00862578569675998,0.0001440154353886669,-0.02000219586674612,0.0008275656443436105,-0.01559636477414257,0001108524-16-000053,2016-03-07,19.784686540199036,24.58765520876903,0.10493881384624934,1.6751949619913549
0.00025703231293125114,1.5938708168686126,0.014661462139784288,0.007142857142857143,0.01639159629037825,0.5590027834229164,0.00013301604853055427,0.014337279101534546,0.6914717768120504,0.008776327122702265,0.023117148806086247,0.9103247656230621,0.01852354613782159,0.02002943216154237,0.5577193707524656,0.008160950189539329,0.024016984659858763,0.4939066287152777,0.02917842325323361,-0.00018217790788543908,0.09589443802429176,-0.00017725800493449418,-0.025875371127152665,0001108524-15-000008,2015-03-06,19.47945617721241,24.47682876147582,0.0931548478559178,2.0148295419612667
0.000746341331715702,0.6962386590851398,0.007892579358373479,0.0,0.012807520297906078,0.8113646829738993,0.010711046577602579,0.01222814047505949,1.0955355224959267,0.01516099273840088,0.010155914995509187,0.7429155907445388,0.015294217029331536,0.009829982938135536,0.5084616254792778,0.009858137476349116,0.03352595470323546,1.2807543924282945,0.037227370507481705,0.01107743652627935,-0.021744069555636125,0.0002744432132163544,-0.0010797575888484147,0000019617-24-000225,2024-02-20,21.110504825617458,26.968738497881333,0.6358255326792215,0.9256504939905498
0.0014464083391473204,0.8385009159902987,0.011164229013105074,0.0,0.01542068395595766,0.6906291485894891,0.02180526470962274,-0.005694413400617294,-0.36066604561134336,-0.003408166815114466,-0.00868539320364744,-0.44915901476558157,-0.0017160973043380823,0.02182598616954516,0.7981224257353802,0.03235682106008919,-0.027407221918340798,-0.7401844159627966,-0.011340888835495444,0.021896577265232642,-0.01495110045251069,0.00015332999509752343,0.01729777306648101,0000019617-23-000231,2023-02-22,20.90967597526238,26.741812182003713,0.7113034106032025,1.0765500953379752
0.00010498068114629831,0.8015903457943785,0.012384916766795574,0.0,-0.08044608609659339,-3.247744317195266,-0.08329492421864737,-0.04622219628344136,-2.6390188201332223,-0.04532667663450618,-0.03997135132010849,-1.8633528895736549,-0.036958392727404976,-0.10018518866320397,-3.3024389886259233,-0.10345286293341749,-0.12211165633001164,-2.9728136556710787,-0.12004450636618658,-0.0823773134550837,-0.01898261681618507,-0.00018711345325597955,-0.011080246696938911,0000019617-22-000272,2022-02-23,21.42597588487359,26.829047607061,0.6558847947235178,1.1107852669520981
0.001736385150900101,0.8629833970895358,0.01844855096290099,0.0,-0.011923191512336302,-0.32314710072116715,-0.005787878801800872,0.011878722737947808,0.45529458745723206,0.017150136534373805,0.01709013911938006,0.5348385594567406,0.023925801625894305,0.018929850773671757,0.4188989819649396,0.031435433967089366,0.007088491751318525,0.11584978588650932,0.02541174001693136,-0.005999253416158368,0.08213125255724063,-0.00022059030850529068,-0.0387531995031231,0000019617-21-000236,2021-02-24,21.143102187895337,26.853594937349545,0.6078365255339104,1.6138766551171055
0.0004784482424453365,1.2001532869244333,0.007438630615234704,0.0,-0.025092479046184675,-1.68663295330151,-0.0252084194684824,0.017976276353615317,1.7088020050480366,0.009337467352128814,0.009195734653628032,0.713728124474292,-0.005025266745816381,-0.0557805800117416,-3.061360028314529,-0.05211852448607135,-0.11202222341698198,-4.5406168086730805,-0.1312708579444175,-0.025400603800898702,-0.016229138890761052,0.0003110991295163619,0.00012091739743633288,0000019617-20-000257,2020-02-26,20.887238755389546,26.684581164865982,0.6733221734876015,0.908189960024081
-0.0003534873224072121,0.8254312650843014,0.008462066310289918,0.007142857142857143,-0.008762796398843645,-0.5177693058365684,-0.010114809469073394,-0.005353733872809464,-0.44736845438428013,-0.005472489092195332,-0.011982159892119391,-0.8175193842166021,-0.01231641333850153,-0.006250230028402187,-0.301539320366502,-0.0069727838415782895,-0.009737096162571205,-0.34694185186067655,-0.0147254335801551,-0.010057283887974888,-0.013478037900197082,-0.00028541493174837285,-0.013527869056049734,0000019617-19-000054,2019-02-27,21.03891177305539,26.56607060174364,0.7440718900810157,1.1213257624950321
0.0009559811947951519,1.161587366096923,0.007774132714937725,0.0,-0.013549390729056483,-0.8714406626363479,-0.01106931679813361,-0.007316621017992405,-0.6654931845006319,-0.009350652516192492,-0.005384045560808405,-0.39984912373429216,-0.008515368499139142,-0.02082934963906878,-1.0938257286609792,-0.016089095148499655,-0.032997059130435394,-1.2797553155238672,-0.02210666590174659,-0.011092933222523582,0.05643551814620118,0.0004095655382120457,0.01678036435083935,0000019617-18-000057,2018-02-28,21.054320841441722,26.72164306283742,0.6348289288317412,1.009823052664654
0.0018974636747222796,1.0568157591428575,0.009361290197699004,0.007142857142857143,0.0020495976640503774,0.10947196490896983,0.009925838479604043,0.005233210553435216,0.39529152409147733,0.009472094776490803,0.008161811950272716,0.5033733841221285,0.014151667436775872,-0.003988625677212086,-0.1739449989940862,0.007387237526841228,-0.0177405241256095,-0.5713923155529935,0.0036584825578459546,0.00940817481064471,0.0030912239823059906,0.000900318793910876,0.030344383903287947,0000019617-17-000314,2017-03-01,20.790506954531033,26.503056155905423,0.7852852117786101,1.0915196281027713
-3.080481799195257e-05,1.232955010068377,0.007519303703406779,0.014285714285714285,-0.003424651922186153,-0.22772400592321748,-0.002197437675241387,-0.003551125350968903,-0.333943795271349,6.517319550103373e-05,-0.029994519096449353,-2.3030515001944156,-0.029310333691823454,0.02312893696760628,1.255747785927792,0.030808685945683534,0.010878666157606146,0.4362160899161914,0.018754273589911996,-0.0024973373884771277,-0.012222463963718733,0.0006759694179508933,0.0016424025934217738,0000019617-16-000902,2016-02-24,20.635831754768567,26.05102191162874,1.2019550186592638,1.1037319413405817
-0.00025508288596485216,1.2876114528548686,0.007501864747903131,0.007142857142857143,0.015409496775737622,1.027044427856739,0.014655741598189054,0.0158547607560956,1.4944296146980218,0.014699841470460218,0.03732585050890763,2.872631080835346,0.03670930244189852,0.03323396989119919,1.80857851338921,0.02940252837671975,0.04010126787110934,1.6117308964375607,0.026966470170065704,0.014717243735334451,-0.028249146276366988,-0.0003539495665502807,0.012795924746731226,0000019617-15-000272,2015-02-25,20.492183863795614,26.147140247347437,1.0234129737744486,1.0583838779042494
0.0003216796408745564,1.1255208273935133,0.013794435281856206,0.0,-0.03285568285125343,-1.1909035121745233,-0.029190560462243886,-0.036167060806656624,-1.853934099470567,-0.03271365620067679,-0.033543166686556096,-1.4039107741821022,-0.030521875426052447,-0.012743591480837743,-0.37714841746836575,-0.008429060379119724,0.017027288957966936,0.372173320859561,0.023827817701008946,-0.029202685610661527,-0.0714111060238416,-0.0009701486327779393,-0.005898916032469072,0000070858-24-000122,2024-02-21,20.97568700281491,26.311844856909627,1.0908549188905083,1.5374693152123395
0.0004716229877538404,0.9417049287590046,0.011846766583794471,0.0,0.0032796277357401158,0.13841868633701335,0.005467570456522797,0.0016267837645659476,0.0970990542704119,0.002873637587145983,-0.004025623998074318,-0.19618813981899144,-0.0022154166201142633,-0.017695598969860574,-0.6098033566443236,-0.014730955167211457,-0.09481282770884825,-2.413075581722007,-0.0885843629851647,0.005528343565798677,-0.00773057524620735,-0.0006537450844315527,-0.009833373579588677,0000070858-23-000092,2023-02-23,20.91651226524787,26.33804095943412,0.9954285054191356,1.373240915408283
0.0017588437549718489,0.8784211330949725,0.013754960549132254,0.007142857142857143,-0.0506239514834001,-1.8402070766605638,-0.045591564884157054,-0.04395395341983238,-2.2595585361443904,-0.040016178490145604,-0.04550609030728296,-1.9100711626784488,-0.03857630383024624,-0.07981895012597844,-2.3690325987599263,-0.07165418231219123,-0.10799976464366254,-2.3673753287389103,-0.08809341782423608,-0.04592147432872029,0.006177624404725912,0.0009184602998907717,-0.03718218272537807,0000070858-22-000062,2022-02-23,21.48563392728914,26.63042486571351,0.734553347329753,1.4942605090543852
0.001237439309524822,0.9355868545954141,0.020180210913417162,0.007142857142857143,-0.014775455711006674,-0.36608774245225945,-0.00895489008252437,-0.02145290873530237,-0.751701620364271,-0.017095296891777023,-0.009098991783374914,-0.26031964571752564,-0.00423513377840945,0.03975108994187026,0.8041697176739674,0.04975241559053578,0.012539059344903127,0.18734534832381114,0.025847207335455535,-0.009317651935270121,0.053490360208110155,-0.00038199937662645577,-0.011749796532726557,0000070858-21-000023,2021-02-25,21.036277170797387,26.472898637666212,0.8689762949994636,1.9848742832498514
0.00030620235570351395,1.3418144975460313,0.009045596314878545,0.0,-0.004560032768466499,-0.252058162321813,-0.030040248349222476,0.008304537751760445,0.6491772078343452,0.00401750239093257,0.01481510651247905,0.9455988787586753,0.012442779343884158,-0.004293745483249447,-0.19378647821595352,-0.04554875288494431,-0.10382948635376363,-3.460884937552309,-0.13740987699689156,-0.02866383094342162,-0.05296027814227222,-0.00018989097053953192,0.005606192560097811,0000070858-20-000011,2020-02-20,20.958535744401626,26.4371787679771,0.8738029876447122,1.4515137317433486
-0.00016495535388023343,0.9730851144946161,0.011939973486587848,0.014285714285714285,-0.0026559972347907548,-0.11122291174993948,-0.003306269367305381,0.001591547560256177,0.09425431921621948,0.0013523281122742592,0.0032090438263417086,0.1551713928896806,0.002826144086739535,-0.0014071270660982143,-0.04811210174338445,-0.002181259461706553,0.0011544735910839158,0.02915307015700128,-0.0008296289665733481,-0.003426589963894222,0.04652846074649453,-0.0003452576707178626,-0.008009170029254565,0000070858-19-000012,2019-02-27,21.229850226833527,26.36837728020539,0.9378587256700958,1.6969922433614841
0.0012578012856764933,1.3076158610908195,0.009949751853749933,0.014285714285714285,0.002775704595780826,0.13948612169331132,0.009032055923117066,-0.015943322155082287,-1.1330565200228102,-0.00488049239193411,-0.024122286841623986,-1.3997342854567842,-0.011502176039293377,0.0001820766893058899,0.007470789044295063,0.006415339394769126,-0.017775455145505256,-0.5386567886497681,0.005522265421854633,0.009287538798832706,0.0718808960177536,0.0003635607112988865,0.03365370849639669,0000070858-18-000009,2018-02-23,21.391972260056825,26.50592882599096,0.8229435562259225,1.8443754776052894
0.003013479438038365,1.3585112901617002,0.013465523829867302,0.02857142857142857,0.010105998762824394,0.37525457199105433,0.027038117092313185,-0.009645349216042274,-0.5065002983729489,-0.002718043996406627,-0.021699414769382662,-0.9303880871364425,-0.011608418641556484,0.009090302836789363,0.2756001652669931,0.03012919241370582,-0.005075494856293012,-0.11364721475774256,0.029451096438066315,0.02699043624876718,0.04015952587522387,0.0017277882717228435,0.046701962971892774,0000070858-17-000013,2017-02-24,21.387629389287106,26.230293077882056,1.082877648366263,2.451857131379748
-0.001281138494163587,1.3668771030427171,0.011254657526360113,0.05,0.05649247002013445,2.509737408171707,0.06062274916366672,0.03611422184652529,2.2689816287295086,0.0370292650631715,0.028859861226072918,1.4804758482097684,0.03012262207262628,0.0759356392044224,2.7544680784713393,0.08028935733027709,0.06836362784854565,1.8314559376463886,0.06563623132135976,0.06222841065852247,-0.21665447137748528,-0.0004385969192049206,0.013920608375839184,0000070858-16-000137,2016-02-25,21.088587143212436,25.55357682176447,2.045550446886134,2.198335439512442
0.0002190323569067829,1.2613515909088409,0.010543703099785057,0.03571428571428571,-0.024390773332472367,-1.1566511832531396,-0.02425843894715307,-0.03647547728222741,-2.446204819045469,-0.037195809790921186,-0.02901318576603764,-1.5886990039023323,-0.02971460901129741,-0.02008175134932791,-0.7775579964927716,-0.02034569721029833,0.005835742990504055,0.16688090503164935,0.0023528032456385795,-0.024412996556074873,-0.05547230673165826,-0.0005297477828577211,0.01275691012595499,0000070858-15-000008,2015-02-26,20.90548443737304,25.87925699014912,1.403552728939301,1.960461674443344
0.0003529539716852495,0.9427963168725859,0.012866656271966639,0.007142857142857143,0.025592254349510696,0.9945184595188917,0.025920158812077876,0.0088618182810349,0.48701478206232596,0.00828710255709142,0.01147358531883821,0.5148406417628558,0.011595350103412727,0.035761211066576155,1.1346734516142944,0.036792266561657794,0.07055690441544628,1.6533982621340608,0.07295278084297419,0.02668980324421444,-0.013177906423378682,-0.0004764405112771437,0.01538457813264175,0000072971-24-000064,2024-02-21,20.54899488202407,25.94472511279977,1.0028657492136364,1.3195552674738562
0.0008414880737492835,0.836853750888056,0.012113031367968707,0.007142857142857143,0.011411803385092399,0.4710548102463182,0.015382811874974256,-0.004583857120926319,-0.26758590444736785,-0.0035136376095986632,-0.014975016079406281,-0.7137626661668632,-0.009793656297998887,0.014085901578848049,0.4747403902885527,0.021006107762427173,-0.06000894952622671,-1.4937118966105618,-0.050595149902123215,0.015455661231108309,0.06517097701176844,-0.00017850398398475484,0.01665257216824151,0000072971-23-000071,2023-02-22,20.440201021950188,25.890497055492347,1.0254266557148743,1.3841082074257132
0.001633274912975843,1.0768115432726038,0.017668567838152367,0.007142857142857143,-0.05843214162039327,-1.6535619116287024,-0.050633586584150514,-0.04658937537539309,-1.8645350070790447,-0.043588229923090305,-0.04359224545601881,-1.4244501806347063,-0.03973692036986154,-0.08444439193725273,-1.9511642914940912,-0.07313585684794977,-0.12186179487936215,-2.079552455145587,-0.10424897930180399,-0.050621780642001735,0.09431399525655726,0.0014718113550352544,-0.02949408845698952,0000072971-22-000096,2022-02-23,21.0771146146132,26.074501487961218,0.8896816009448862,1.8412946529560856
0.001263783563489757,1.0699395125531528,0.023131547865622947,0.014285714285714285,-0.01105531111836145,-0.2389660904359831,-0.005586599657741109,0.023416802449455126,0.7158267099939079,0.0250262600437291,0.017587876942208727,0.43898339817324444,0.020548984376812518,0.025200219942406437,0.4447582483699785,0.03171748251309359,0.046910661961334615,0.6114634803153516,0.06120889141279828,-0.006615147806865562,0.11472333999073481,-0.0016103109058058732,-0.019372545306505125,0000072971-21-000197,2021-02-24,20.731910589628978,25.757231642153354,1.204156139489357,2.594666160812279
-0.0004899363804795325,1.1224606812916775,0.010264647719250007,0.0,-0.041747767830344854,-2.0335704143091227,-0.047928763669119134,-0.01618001021345459,-1.1146018114333573,-0.023577016532838946,-0.03316890794794705,-1.8656342094000633,-0.04151857330462694,-0.08898335818920446,-3.53906971325954,-0.0951301894364105,-0.20379157938801296,-5.986125855997268,-0.23536274125883416,-0.0455187421338582,-0.0815107677897362,-0.0007896171527761938,-0.008484054626796593,0000072971-20-000217,2020-02-27,20.561634839624084,25.921591691425682,1.034132805485533,1.2247885669038643
-0.0008718212059439684,0.7225596412754376,0.01037337680973285,0.014285714285714285,0.003982387481368438,0.19195231959721887,0.0007565288917475987,0.0014088352536937286,0.09603400895712386,-0.0014639373366051034,0.008925226233995793,0.49675065923962014,0.005331573695048775,0.012098546420066768,0.47614301337783466,0.011193495683740728,0.014326003975209431,0.41639793870584585,0.0030776715638194396,0.0007770293326724298,-0.044616367600272766,-0.0005951311962080436,-0.03616443753845992,0000072971-19-000227,2019-02-28,20.64744292683458,26.14828702154457,0.8641059027670918,1.1388088224569257
1.4585625581497015e-05,1.2660137289234343,0.01038306321373777,0.0,-0.03555855555080446,-1.7123345403385941,-0.030643171276023562,-0.01553635605989371,-1.0580560378698476,-0.011223398335455048,-0.017514328350819064,-0.9738842940532119,-0.01673125820862864,-0.03449806412233193,-1.3564181795234163,-0.023743260743167793,-0.05934537203351277,-1.7233163805280047,-0.05182700214212976,-0.030736803233971544,-0.047214872107357087,-0.000547199015812814,0.05858878982129353,0000072971-18-000272,2018-03-02,20.81344388685527,26.35642583678407,0.7402624946953187,0.9714826943137665
0.0009774447588578935,1.1697963300108687,0.01282653890672821,0.0,-0.014457425197034742,-0.5635746830133204,-0.012508219496157769,-0.0097004140004453,-0.5347684648142892,-0.008654954174971086,0.00528952510826265,0.23809297015727182,0.009634200030942064,-0.0078017980150377276,-0.24831879631322615,-0.0041497348521489785,-0.010314910024101584,-0.24247089672289734,-0.0005863155151827337,-0.012434253593890943,0.040710644822628206,1.1208965580068049e-05,0.027722090642101564,0000072971-17-000278,2017-03-02,20.60559191763193,26.423211502507115,0.6678274170100507,1.098531090549203
-0.00030238148286755064,1.1302692789563187,0.00755426539470285,0.0,-0.003220795443672814,-0.21317727637231795,-0.0011441516266662566,-0.00046604765328846914,-0.04362375939657019,0.00016390256434284378,-0.015368859007177079,-1.1745966578236853,-0.014462922445567572,0.010283196192370812,0.555725414278356,0.012744218115308903,-0.011502104068932768,-0.45908035819460385,-0.010792815812610157,-0.0018436121599150201,-0.028440723922992794,-5.514150049809493e-06,0.0004382776067814072,0000072971-16-001045,2016-02-25,20.47206183684263,26.21097255911589,0.7984947421459236,0.8229279449568158
0.00027971582430530467,1.0689839268987864,0.00558153773283047,0.007142857142857143,0.004213709174001184,0.3774684841075469,0.005136247273247463,-0.005601842885895418,-0.70967917469395,-0.005348170957511944,-0.005785928733503455,-0.5984923280463422,-0.005305363604939051,-0.003929526449189465,-0.28741585778021983,-0.002667782610560776,0.02687147107784129,1.4515808659334744,0.0283930697691831,0.0050452818831761,0.02740316491649919,0.0002827126354762325,0.0008315976249899382,0000072971-15-000449,2015-02-26,20.294140901580153,26.37602063406381,0.6468246608804462,0.7448944622620484
0.00040325335278756263,1.0662295143454124,0.01116666023171978,0.0,0.016070891266336575,0.7195925609290922,0.017459346279153132,0.002222962627171427,0.14076473317708302,0.0028017190268798675,-0.01503587046184042,-0.7774001965229448,-0.012654902346050712,-0.011795191921784345,-0.43122713844943505,-0.008723555178888343,-0.01396274968068717,-0.3770086438439398,-0.009038409948832649,0.01747101699462794,-0.03331659276001753,-0.0006640934221995951,0.015965440633582437,0000886982-24-000006,2024-02-23,20.505890161850388,25.56841691702724,0.919624871079511,1.7148896952881405
0.0010135665320961341,0.8600050539502009,0.011209213623227954,0.0,-0.03182518904472204,-1.4195995417008225,-0.025639385963925232,0.009862470518781263,0.6221506715360791,0.012934602426099895,0.0116081956930154,0.5979005426643212,0.01494780094885062,-0.02308334287168105,-0.840713325868546,-0.018192477171457222,-0.07277785710793105,-1.95761721470177,-0.05635664839719212,-0.025609825564346766,-0.005641368358307863,0.0006433088617845586,-0.02627557583165699,0000886982-23-000003,2023-02-24,20.5584540930497,25.526793197126235,0.9610399072327385,1.8714135857155703
-0.00017211880868124634,1.0539145778987151,0.013330412126226349,0.0,-0.027448557057396357,-1.029546453533641,-0.026891645315883728,-0.01669048832304297,-0.8853407803738728,-0.01596020440161605,-0.035212673824384554,-1.525087635617614,-0.03384811613007699,-0.03325119876847443,-1.018328985222951,-0.033749588322032786,-0.009599421306441166,-0.21712265141294274,-0.01248456608467352,-0.028184350363422372,-0.0541880322664845,-8.155386839492367e-05,0.029281578184533724,0001193125-22-052682,2022-02-25,20.779768314198996,25.467832820298486,0.9562273587796148,2.019306056643619
0.0013367110340309343,0.8343048438872624,0.016167450074975654,0.0,0.04945057207975799,1.5293250280790631,0.05804565684951868,0.01407552471410386,0.6156134039657251,0.017822074996558634,0.032743904367944415,1.1693063478459846,0.038134513073526,0.042363736721144865,1.0697372197758042,0.05047731676411793,0.06599290619766987,1.2307203540434397,0.08417478755095698,0.058268311811788376,0.041468537951235285,0.0006487626562293497,0.028745603970065023,0001193125-21-049380,2021-02-22,20.40509088511343,25.41589376681601,0.8789842296291452,2.6167555115220633
1.5387661003182372e-05,1.372956549418037,0.00815898312776968,0.0,0.03245052603997753,1.9886378934606355,0.0033878005824538038,0.024993019928900136,2.166046135566257,0.008601873277703675,0.010833826802384088,0.7666289686788534,-0.006964955273088269,0.03965273367811001,1.9840904782864057,-0.00892273004773747,-0.00994461190632212,-0.36749840761085856,-0.055027603256973756,0.003309696659338668,-0.03571943590118287,-0.00011571390199696304,-0.0007517087153661554,0001193125-20-043853,2020-02-21,20.084865570020284,25.110882096177487,1.1220232503888965,1.7881394064916927
-0.0008617162330628507,1.0915810393076668,0.013989114951873235,0.0,0.0022781663475574558,0.08142639314191905,-0.0009181964372927398,0.00443846228218657,0.22435063179994683,0.002592814325235615,0.017475832696353027,0.7212519695680398,0.01488128376077591,-0.001626138330191553,-0.047456053913515525,-0.007004946112956878,0.005143228102471619,0.11085344755414304,-0.00446742921287846,-0.0009469986799521823,0.040380279835525834,-0.001102924619881765,-0.04549120157329302,0001193125-19-050198,2019-02-26,20.2659207542578,25.015877513796294,1.2327549225657135,2.242557171581272
0.0004569596787583545,1.2628536785322702,0.010324442428759623,0.0,-0.0045316963535913645,-0.21946445945438828,-0.00937247157091381,0.00484012771366313,0.3314936522486199,0.005504369432701162,0.004567575535910385,0.25542211924742453,0.009901894618338791,-0.0011923908315826584,-0.04714942447665791,-0.0008863484981098679,0.006390643642489839,0.1866300839643444,0.014954284451543232,-0.009401406838896342,0.046956032732887065,-0.0004290277754298538,0.0372223986826147,0001193125-18-056383,2018-02-26,20.436130276947388,25.34177132346131,0.8115354512762795,2.118417101353121
0.002430336362709306,1.4027091674898973,0.011468636375370309,0.007142857142857143,-0.0007653340047107417,-0.03336639072254263,0.011474385779767116,0.002839714043894084,0.17508455158456834,0.0070720020756951385,-0.016972588736987836,-0.8544284041639899,-0.009708572892182521,0.0020736101470732425,0.07381416324692193,0.01805714372015399,-0.024364043218450315,-0.6405325960043357,0.0034641504979386895,0.01149328811873751,-0.013783574777258889,0.0010979174066659387,0.06649862322333851,0001193125-17-056804,2017-02-27,20.50425415683056,25.313715756722434,0.881815487145375,2.1574343996977703
-0.0010921948460555198,1.2614048423928863,0.009064640095994465,0.0,-0.00838289461811685,-0.4623953366786802,-0.008101834076171488,-0.013618039231135828,-1.0623044913890933,-0.015279664901081902,-0.01804362023701811,-1.149244635272516,-0.02080424589036567,0.019426908024858157,0.8749384317697998,0.014911859352464307,0.018795094374379238,0.6251692418311438,0.01813887237057288,-0.008565606556827587,-0.09565331726002158,-0.0003941484848756719,-0.006264154338676153,0001193125-16-470289,2016-02-22,20.195800912275548,24.85116400940614,1.3977707021931198,1.8029258291395855
6.447100372505968e-05,1.2025287244500154,0.007036403030671982,0.0,0.006305235191147188,0.4480439198595076,0.006606395507945506,0.0006885044179530606,0.0691896329259883,0.0013147418750761863,0.005947908566238736,0.4880372253925971,0.007879416067809841,0.0003647682632927701,0.021163656950236417,0.0014366060828452376,0.0015054067899059717,0.06450699645578671,-0.0007379157146877313,0.006545264095636272,-0.02312627585596605,3.469962666927191e-05,-0.007980242451673081,0001193125-15-056785,2015-02-23,19.91521061211014,25.14722351552744,0.9924626992662976,1.6349740790941427
0.0005166771472415133,1.0934741127783445,0.011866108340478467,0.0,-0.0025124308606472336,-0.10586583185308786,-0.00037301766696751226,0.0017664345493669624,0.10526263645501298,0.0014328973327893957,0.0009362533276602346,0.04555378185031163,0.0016561535376961034,0.00808513716214965,0.2781656234634,0.010247562423023604,0.008636992614989052,0.2194612742216509,0.015313476829433514,-0.00033828986720019216,0.0835754356009043,-0.00020530113293976832,0.027028516383351936,0000004962-24-000013,2024-02-12,20.215467874328667,25.758922889637542,0.18242449866791435,1.0587994053134864
0.0011959491500368406,1.1431519660793668,0.013211994420603999,0.0,-0.012107930301833875,-0.4582173560015911,-0.007302284558517336,-0.005264569281033906,-0.2817600825534771,-0.0012739219362398746,-0.009638933457184506,-0.4212112606956394,-0.004138080923103971,-0.013568280243074025,-0.41925745935308584,-0.009635837870826225,-0.008838710662227977,-0.20170849693564594,0.00010796390519163257,-0.007296052435987743,0.15411483271723014,0.00028781972180124484,-0.012658735836021694,0000004962-23-000006,2023-02-13,20.007273604783894,25.616592046804815,0.18524468221105192,1.14332792798605
0.00023878206014211556,1.1663017519163703,0.017153420397270806,0.0,0.02944842219997735,0.858383387043401,0.029012302254556976,0.01769820164667378,0.7295640233455174,0.020159101155638903,0.020658491698970126,0.6953240500856451,0.02020351977767887,0.03239704995159346,0.771043905675788,0.02955995936462974,-0.04324596368925508,-0.7601486092874536,-0.044722625406620864,0.029018899027503764,0.24203800255271546,0.00109346966539432,-0.05332148600591623,0000004962-22-000008,2022-02-14,20.36291757081154,25.70448522480169,0.15226030772305166,1.168800372701572
0.0006485243254521057,1.1317493450809404,0.023430100243428235,0.0,0.021980519848720792,0.46906585162575165,0.023631238257355913,-0.00833527676474327,-0.25155379883915713,-0.007155442137007695,-0.0041059174607614435,-0.10117551895263044,-0.0016568829802314777,0.0674871736804958,1.1759029196227182,0.06958166329517157,0.0842752747955019,1.0845003288186688,0.0893268198440691,0.02327061333358449,0.03230233301313845,-0.0005564321109422987,-0.02238461694908164,0000004962-21-000013,2021-02-16,19.8936268558107,25.371691275359144,0.2201101630690782,1.661166715562569
-0.00033458654462518176,1.1625292709086252,0.008107014799622182,0.0,0.017306250201236245,1.0673626870671793,0.015937650304330475,0.010419609225678871,0.9088149612277515,0.009575488115025621,0.021806316030265487,1.5529615698610255,0.02036261321812849,0.007122276153137021,0.35865939998841934,-0.0020719417577369503,-0.05863977069478651,-2.1808959950018596,-0.076076499141285,0.0159773020411077,0.027926541092154422,7.200711662175082e-05,-0.011064347263788962,0000004962-20-000030,2020-02-14,19.67104120445499,25.411389748924663,0.21234403895796225,0.9750029114871377
0.0005898524840293958,1.023135635589682,0.008711644679147187,0.0,-0.021305912569886946,-1.2228409992940996,-0.01868037422435087,-0.011208395778847637,-0.9097630761292361,-0.009838351367499554,-0.0096585427343401,-0.6401044180553803,-0.007628683800281033,-0.019243517199024455,-0.9017967660938557,-0.01537153531321489,-0.012670908729024117,-0.4385420742715803,-0.0057578814614867024,-0.018755553957120363,0.029240258479455328,0.0004269529858741076,-7.511945162633118e-05,0000004962-19-000018,2019-02-14,19.770725953794848,25.23096356121397,0.24572074350478726,1.0628026992480017
0.0002654190391439786,0.9313067433641757,0.00668758039606855,0.007142857142857143,0.014341726008719712,1.0722656894824645,0.015014321166295974,0.017350530862182516,1.834546622728926,0.018660205705695265,0.019119279498996146,1.650600144103893,0.020668718554219367,0.023172769143417735,1.4145988276530435,0.024441452255912988,-0.008139999311071608,-0.36699403846959194,-0.005154201279208848,0.015247076528434267,-0.04317722972579896,0.00017800231652889312,-0.017807581470716528,0000004962-18-000032,2018-02-20,19.61633708604235,25.145310817513025,0.21889984789290112,1.0118279812899453
0.001106742232011329,1.0620123470788179,0.011083293605601112,0.0,-0.011089246070648196,-0.500268533220309,-0.006235742767146335,-0.005601232010647872,-0.3573548873348158,-0.003079802539730059,-0.0059750690243625965,-0.31125293909916607,-0.0022428060913808334,-0.007877180550591533,-0.2901525131328298,-0.0009069564350159265,-0.021151745507090633,-0.575414804926453,-0.008515895283935149,-0.006254773513018952,0.02083912729400783,0.000716725052056403,0.005403364425003537,0001193125-17-047588,2017-02-21,19.433947935240212,24.997711315707217,0.2853691101530217,1.2996236587096728
-0.002009477438898578,0.6195067756580855,0.015654676148543673,0.007142857142857143,0.009684329161419784,0.30931106685080484,-0.005121751259973051,0.010248401808649952,0.46291052887063444,0.0054685269473410125,0.022615509496715133,0.8340683877388098,0.01583606255490555,0.023323818352693586,0.6082469467413822,0.00830032541588932,0.071473529425637,1.376590595318507,0.032837020357351365,-0.00525804316262346,-0.128718655871636,-0.0011809899526122694,-0.0077083384865513985,0001193125-16-469798,2016-02-22,19.900260240605608,24.688695492182465,0.39195777799354303,1.7073032154089764
-0.0008907144296209995,1.1080319513421937,0.007914779899142927,0.007142857142857143,0.01733376810779143,1.095025277308625,0.013871041189901123,0.03360981325090618,3.0027021808531624,0.03158620356218411,0.038416910559049326,2.8023538159415815,0.03580062184356869,0.01191628494633671,0.6146479144099795,0.005707723009452992,0.03279504947452758,1.2493183118875923,0.01911747840108302,0.013567346549512083,-0.14582867611311756,-0.0010515915635921015,0.01910645559648367,0001193125-15-059931,2015-02-25,19.979294890053943,25.134978883480247,0.2508539089159371,1.0254495923303888
3.498439391383455e-05,0.5100194341991335,0.01072676450550259,0.0,0.01334022089633322,0.6218194167257977,0.01905213192704125,0.010284386071916667,0.6779452581495847,0.019788060765390525,0.008937013803736734,0.48101991263926325,0.01836188581912035,0.004398915258639595,0.1674176433456506,0.007553317213977229,0.013760044379941373,0.3867717502623999,0.010221314379103674,0.019085818996338322,0.06864728560238642,0.00026068109254036623,0.0005355577215085854,0001403161-24-000058,2024-11-14,21.314380459479175,,,
0.00011098220082825458,0.7829263964147439,0.008068094902413373,0.0,0.009937266563435673,0.6158372381355594,0.008678942490436214,0.0036791726689167194,0.3224513314250958,0.0033644276969420073,0.0070557271730974005,0.5049055609767079,0.006505295235740505,0.014261781036171924,0.7216508726546482,0.012214291892239992,0.016138903603743655,0.6031241060538469,0.012966712505564915,0.008763868443872891,0.015219015651603884,0.00038335453078668075,0.006070799649767065,0001403161-23-000099,2023-11-16,21.020973610269884,,,
0.0007504577511972807,0.9112131936505578,0.011844512730728443,0.0,-0.012030479374296398,-0.5078503290002593,-0.010037759993562823,0.0001224624382688477,0.007310897671281037,0.0014751697585767554,0.007605822240568007,0.37073906017325203,0.010441660166476852,-0.0022773485787696487,-0.07849404067598473,0.0007162705347349974,0.0019460859710615508,0.04953914197554369,0.00763991276387932,-0.010409980843467892,0.06278832726721328,0.0005966579130463932,0.000702055325396374,0001403161-22-000081,2022-11-17,21.001744480457354,,,
-0.001365438069815655,1.0584172670831788,0.010700015601578437,0.0,0.006569551040422311,0.306987918758417,0.0010701302227135168,-0.03083935940683502,-2.038008258680045,-0.03383870974611625,-0.0414930908694947,-2.238879649808963,-0.045660149668738215,-0.015051672830557573,-0.5742813777570602,-0.023838372239428973,0.03959818627476061,1.1158210259789307,0.023207361306891938,0.000261399123253514,-0.1724246920291671,-0.000981835692658493,-0.021169821092469288,0001403161-21-000060,2021-11-19,21.42180510891493,,,
-0.00026142161219178307,1.0598719348633838,0.008708774722581929,0.0,0.003109731590748,0.178540132786099,0.002867563493012426,0.0049640472028144225,0.4030545686453964,0.004371954164826275,-0.00020808845810936852,-0.01379527328835068,-0.0008253219619377417,0.0034036133747013322,0.15955394253323865,0.002506969446157137,-0.004595378339571032,-0.15909915529389304,-0.0056412769078362235,0.002655064638107385,-0.005369039207640425,8.37194649836376e-05,0.0006038027482241533,0001403161-20-000070,2020-11-20,21.169472348243453,,,
0.0005810435262064261,1.0942649144648822,0.008047971204597385,0.007142857142857143,0.004199839676401053,0.2609253667559039,0.006886920710016509,-0.010634320010556253,-0.9343472536875591,-0.008699388777929973,-0.008558350223983569,-0.613964150718305,-0.005963471702921219,-0.009688865520403631,-0.49148570300295064,-0.005783875309237851,-0.0008691452977643453,-0.032561891773751496,0.006057484019526882,0.006805704500482124,-0.02251341616411351,0.0005109441990057687,0.001760453009188515,0001403161-19-000050,2019-11-15,20.92483396800407,,,
0.0009205999192576605,1.360284859178291,0.009390301743210462,0.014285714285714285,-0.004212679400580337,-0.2243101188748413,-0.01433131589443104,-0.0034899670563968872,-0.26280085977856776,-0.014184644499212529,-0.019138403039983456,-1.1766993701755373,-0.02811145728203368,-0.008734603747646346,-0.3797414764050731,-0.010240824958414385,-0.0013529616559795395,-0.04344197867246381,0.004459695190181967,-0.014245118146226421,0.03774531521934121,0.0007718779344954044,0.007547572771447155,0001403161-18-000055,2018-11-19,20.94879983187096,,,
0.0009093616944857732,0.9674589639457891,0.006144333655411795,0.02142857142857143,-0.009568945301524311,-0.7786804752290912,-0.006076000182229646,-0.010137343366559923,-1.1666332982092218,-0.008274680460620187,-0.010207586448892553,-0.9591524670626823,-0.007702270069405381,0.00103377367686921,0.0686870798327621,0.006291038863763476,-0.06125901025466051,-3.006068287505428,-0.05192982583215566,-0.006226080098435061,0.03250661541233424,0.0006458326558011833,0.0011663281532889743,0001403161-17-000044,2017-11-17,20.290474727894782,,,
5.86635548936501e-05,1.1165954476193933,0.007349459070320516,0.0,0.03205123002139854,2.1805162607702475,0.03323831845228453,0.030153746745297742,2.901154846604507,0.03063183255091284,0.024166187193951007,1.8984192643590065,0.02557516347793387,0.002564634996263925,0.1424605325195562,0.004215742052527727,-0.04358018955510495,-1.7878760088312815,-0.04235560038000996,0.03373878225432536,-0.05881763934268425,6.458254290465476e-05,0.003847575676945522,0001403161-16-000058,2016-11-16,20.327145635424586,,,
0.0015314980372822143,1.0725769428802934,0.010381062833593213,0.0,-0.017436241070520216,-0.8398100151217842,-0.011044022280052412,-0.006323916929028516,-0.4307540196853504,-0.003074010919286385,-0.010503567593658282,-0.5841634594510026,-0.0058036753766594895,-0.02303420280105157,-0.9058488582977126,-0.013872734373628126,-0.02206163471788367,-0.6407661001576047,-0.005326319606584362,-0.011027524767422525,0.054350669284745634,0.0010110434047654441,-0.014103268867507457,0001403161-15-000013,2015-11-20,20.258949774638168,,,
0.00021930066771705186,0.8494177336246903,0.00732679109692498,0.0,-0.023088484109967895,-1.5756204731739945,-0.022902788653849426,0.009843275964841289,0.9499721080830342,0.007962757713738888,0.02505426421760723,1.974273047917863,0.025452147041540196,0.0008683078736857613,0.04838205434535997,-0.001878493202157272,0.0050575516429080605,0.20812783877032934,0.003130410587522503,-0.02342620415006602,0.02314046640985956,0.00029670907075581015,0.022459966729067696,0001141391-24-000022,2024-02-14,20.77550007792859,26.79786269536864,0.015940673476725807,0.6759814618644068
0.0005681917831675934,1.0325258052684483,0.0088392698089425,0.0,-0.005650814887586765,-0.3196426294098386,-0.004478207288706071,0.0037183905058617104,0.2974565997673797,0.0044964839241087295,0.0010937201615003238,0.07143798563785199,0.0024308846544530693,-0.011868717422178612,-0.5481655953867496,-0.00943756345436364,-0.006629731324276647,-0.22614302413867776,-0.0016062333202044865,-0.004286573374546743,-0.007844625566436059,0.00040855425234291424,-0.007453273106076089,0001141391-23-000020,2023-02-15,20.665970655327715,26.60413751383003,0.017586221476322647,0.7980029958677686
-0.0001930586054593789,1.2690646624908148,0.016164393205658243,0.0,0.03149191445702709,0.9741137219429786,0.029061670720222144,0.02886570820948176,1.2627221918563547,0.022342212305784703,0.03374620321931572,1.2053269964986817,0.02215534709739897,0.033704033531563364,0.8512298541575316,0.023262568515640014,0.002347206961254556,0.04378200393210051,-0.0073558707237276755,0.029264716447984673,0.10450845310685519,-2.5333811025678368e-05,-0.05722426306791582,0001141391-22-000023,2022-02-11,21.349337541675116,26.636491329683313,0.019767647178167275,1.0359367408906883
-0.001032737673622411,1.421020120590455,0.014061174640690096,0.0,-0.007883954625279278,-0.28034480855051624,-0.012265192073390052,-0.008658186974075164,-0.43540194034949514,-0.008979897734042619,0.015923815373022003,0.6538300908044871,0.0152692940128617,0.014657429566249866,0.425559792543926,0.004174086960733847,0.07534529927533185,1.6156162676750863,0.0627168451860165,-0.012246759490595172,-0.07873449256774245,-0.0003894793512562422,0.00048218477826609575,0001141391-21-000018,2021-02-12,20.97640339954967,26.5626151919457,0.0186025129168683,1.1910622754491018
0.0003233167030224606,1.3135653263887854,0.009477938815526707,0.0,0.024427374614808935,1.28864382278941,0.02566227337397442,0.016833455662795184,1.2558691168660057,0.01714256443019757,0.02367943856330085,1.4424370630441985,0.023800612784106057,0.023584517553032126,1.0158684456442413,0.01165922602391789,0.023278386817491056,0.7405299660138156,0.00029508917728704454,0.025847639104601305,0.07048364155905407,0.0006953079557979657,0.01737658617170764,0001141391-20-000032,2020-02-14,20.697211884828768,26.55675779918083,0.017253732943776672,0.8223908554572271
0.0006530576991199643,1.5223645339452798,0.011405711921699159,0.0,-0.01426582113834408,-0.6253805652939392,-0.004993521388281685,0.0022630645495045785,0.14030060553898102,0.003763684008424306,-0.00967659172874561,-0.48982324626318435,-0.0007895183298702868,-0.018692607213386836,-0.6690704614991533,-0.009027977945178733,-0.00249529596486516,-0.0659634441629734,0.012253991438665457,-0.005087978625604395,0.0716405262227785,0.0009383655571584031,-0.030174702883121268,0001141391-19-000013,2019-02-13,20.590608721878816,26.152108329753716,0.02367418904600711,0.9424349663784822
0.0009539633034520356,1.2211734191394787,0.008140408260089393,0.007142857142857143,-0.0060787198975772285,-0.37336701694556507,-0.0020185387195680304,0.0009711763524784516,0.08436006679571482,0.005631071393004339,-0.0022423125337301,-0.1590337614027885,0.006335813327877027,-0.00884559197465798,-0.44361384422202566,0.0008828902318188669,0.0072081111053595714,0.266980131930018,0.01721693035130012,-0.002159749052149995,0.12860981401887606,0.0012186017104185117,-0.0038864294329572944,0001141391-18-000009,2018-02-15,20.164952456563007,25.938630005810687,0.029704662766154348,0.7464645735707591
0.0008189196159496284,1.065483660321481,0.008249084672729593,0.0,-0.0041644278895475164,-0.2524175744803891,-0.00011245284055094729,-0.0021551859579886793,-0.18474129749810803,-0.0002470176765283494,-0.0017028406322956765,-0.1191811620861476,0.001286662240615355,0.0002467258044137246,0.012210492662077965,0.0058931104427498715,-0.0066008157224751954,-0.24126565585791004,0.003647465312533904,-0.00013593565530323204,0.01136287856982865,0.00011439668472624747,0.005042932896853016,0001141391-17-000014,2017-02-15,19.692199712298667,25.50700251315119,0.04731065485671103,0.8590571948998178
-8.882416417213003e-05,1.101375865689225,0.007128384388447863,0.0,-0.004755942839606519,-0.3335919179185902,-0.0002604621892738912,0.0095435371456234,0.9466801261604512,0.013018938098506627,0.008776488366003008,0.7108353933414594,0.01091602422901572,0.00011580758389147065,0.006632393200212605,0.005896307546342072,-0.0021402893146681,-0.09052843868756516,0.002521190086065439,-0.0006590762231661884,-0.057873045047736715,0.0005225526785607626,-0.014164859857162601,0001141391-16-000085,2016-02-12,19.866168047668424,25.25707686140601,0.06473872377927903,0.9567975308641975
0.00038881171085086437,1.273302252554565,0.010493443266366892,0.014285714285714285,0.012149230349981692,0.578896270822841,0.01487856902222795,-0.007981260745212639,-0.5378219000284183,-0.005653381415959946,0.015579351480169267,0.857177433808125,0.020931907852854148,0.025416730538131566,0.9888400335312849,0.030515184787241578,0.029129924813881082,0.836999121749991,0.037179729616914736,0.014900814903957782,-0.02096764083936875,-9.816745752083395e-05,-0.003553438270781294,0001141391-15-000011,2015-02-13,19.761385288830265,25.34785422428156,0.06659422307826662,1.0758151931330473
0.0014919294770711603,0.3338637594760175,0.011441104574957117,0.014285714285714285,0.008549249225109083,0.3736199231943969,0.01699721966291079,0.0009526680132945584,0.05887875668006671,0.0032585462599277193,-0.0006351924512336959,-0.03205359502697904,-0.0032188122206593395,0.005217862709378367,0.18618687706443265,0.0023471929493779076,-0.015031993659413951,-0.39614327360095,-0.016770222475133933,0.01696647333551815,0.07913978054606974,0.00026996739082620666,0.020182174983654308,0000086312-24-000012,2024-02-15,19.45266229816186,24.62792659156287,0.502103034124184,1.4633543477531064
0.0007602789441438726,0.47958326912869276,0.013115794715177362,0.0,0.020302537425486683,0.7739728268998047,0.04320844782234479,0.0094526211066987,0.5096155154669445,0.019589275056200672,0.01328194153468392,0.584663963330943,0.022735667401350024,0.01703252176372177,0.5301621474969788,0.04416938391024705,-0.005303202003594198,-0.12191221358633121,0.015725451659039047,0.04260393453948064,-0.09165238089205663,0.0006422242158113314,0.014964411665654747,0000086312-23-000011,2023-02-16,19.276053283556582,24.484198501946555,0.5015294653049042,1.4153080926327561
0.0006654335426280566,0.6218493840162812,0.012297574043671721,0.0,0.020343277795091742,0.8271256478248369,0.044519652141729815,0.006774412586493715,0.38952667098843274,0.018821803252500935,0.009465431385788058,0.44438596906784766,0.021845026338721985,0.01608620393491894,0.5340212006987801,0.027477259195101134,0.021194748998362968,0.5196518635131234,0.040625531968895734,0.04339209303021563,0.1462720217609884,0.0003623302566722009,0.03231921948748116,0000086312-22-000013,2022-02-17,19.253898257506556,24.451446100367445,0.6943434219967073,1.329062638203515
0.0007945969578112115,0.7617673731078747,0.01613808656479774,0.0,0.009846498399825269,0.3050701940496338,0.011718462852354339,-0.00623124639001561,-0.2730284386524144,-0.006160425329069574,-0.015120983324887628,-0.5409627565190304,-0.014173330992930833,-0.004137610991218565,-0.10466994379953863,0.0008174403986119794,0.008163500616030226,0.15252043898250858,0.022893437339675415,0.011782224285759924,0.0125408864670421,-0.00032299595390491043,0.0069238187710296125,0000086312-21-000011,2021-02-11,18.94009212477201,24.328916903476784,0.7933838621183052,1.7589002814689116
-0.001364447399700815,0.7794551382679804,0.010753171230962652,0.0,-0.004779401567025061,-0.22223218920123142,-0.010678045088880705,0.01761304659747471,1.1581983043818853,0.014837156426404263,0.001784449256996566,0.09580915589958147,-0.0037811917850851806,0.013988824761362314,0.5310911238891771,0.008522493296610145,-0.004508871886823633,-0.12642559073276916,0.009662152844301053,-0.010825019802999214,-0.03298788330261393,-0.0001197860106861958,0.010087818030384032,0000086312-20-000011,2020-02-13,18.857120306193313,24.26741559742292,0.7495757218132043,1.2546373546374703
0.0003249762626080038,0.700726811027418,0.009673095378063004,0.0,0.003984172037025793,0.2059409052277745,0.0018415480307504284,-0.0008239042362390573,-0.060227698551817796,-0.0026361054720313026,0.002861327613523941,0.17078176150875093,0.00046910211238360144,0.011172983324036849,0.4715503324575597,0.008817008768516987,0.02208724053898248,0.6884614833865769,0.020168880169166625,0.0017735583066480487,-0.030001613265074223,-0.00034955905585818043,0.06109342390106836,0000086312-19-000009,2019-02-14,18.985766510971523,24.241492969876383,0.678851916737147,1.4637848302763412
0.0009406091635172924,0.4808378206552746,0.0103660642690639,0.007142857142857143,-0.01893183891912687,-0.9131642650348191,-0.015742915297785598,-0.0038852000592094456,-0.26502356505083324,-0.008463699789822643,0.0033062517696866847,0.18414562168344173,-0.007289688234817682,-0.02022708608635426,-0.7966064170047076,-0.023983701835384896,-0.028145472762251135,-0.8186500793410091,-0.01666085072250556,-0.015652346079410684,0.0627633914956961,0.0004900096765135313,-0.01017889342789741,0001047469-18-000812,2018-02-15,19.154498785220397,24.365126340532218,0.6218363689526784,1.4133179257336566
-0.000238868853352124,0.6529876969433739,0.008490320462653642,0.007142857142857143,0.004789475638194991,0.28205505665318814,0.0018281634451541295,0.007955003868903065,0.6625235413444545,0.007194645985248105,0.01108858464914338,0.7540348282818461,0.008356965296272278,0.007056539400136026,0.3393064089121588,0.0029538802057739177,0.019200406762933313,0.6818518199632971,0.01155848219976563,0.0018281889998461587,-0.039838664817806846,-0.00012139359723797976,0.011719009178102223,0001047469-17-000695,2017-02-16,18.83108239975584,24.244801546666608,0.6862737570842248,1.413874925774215
0.0009066807780369897,0.8050048778525546,0.006922261871669263,0.014285714285714285,-0.0028544737170074323,-0.20618070869941624,-0.007069280762658781,0.009780747514058712,0.9991001525916876,0.010186851157243826,0.007137867571162042,0.5953328319629922,0.008487496374807169,-0.010895872036819064,-0.6425964828562214,-0.012382449815301344,-0.02460259098176159,-1.0716093127547197,-0.024659652962269574,-0.007750319470912537,0.03522383857177125,0.0004201559981578394,0.003704405883514569,0001047469-16-010107,2016-02-11,18.952481275183803,24.163203229587932,0.7567098184867286,1.6584073375749269
0.0007301128891682469,0.6976121936118612,0.006689869674864335,0.0,-0.011436330916521553,-0.8547499033868303,-0.013052455499909854,-0.008895871716109682,-0.9402770936870797,-0.011584178315493965,0.002129109675582887,0.18374678492626162,0.00017969536855799717,-0.017911094952215843,-1.0930218748583214,-0.019598429634177794,-0.023085865474506813,-1.0404762242399104,-0.020293299435918177,-0.013110223859857495,0.007274318809033731,0.0008017248028759109,-0.008007431111818836,0001047469-15-000743,2015-02-12,18.885589810722617,24.2680985421477,0.717101065894622,1.608660062536294
-0.00013638361813653188,0.21666683462731523,0.01060196654760541,0.0,0.03030068434737792,1.4290124483660873,0.016650213431168126,0.014862119978119585,0.9912411789027987,0.01830323090676811,0.014890902373244922,0.8109124335627335,0.021958346916034155,0.025717955698976266,0.9903173530295498,0.013424365156853857,0.020181816653919563,0.5739545251366197,0.007055590308957638,0.01716349633310643,-0.08729836098069121,-0.00010816214143983304,0.01045039253700797,0000200406-24-000013,2024-02-20,20.76340379805054,26.655756397190903,0.18888733350269948,1.1414340364813367
-0.0005419522724378259,0.3223487255186915,0.009249710236904575,0.007142857142857143,0.012576106539294819,0.679810838242184,0.023319429161052008,0.014412120529575516,1.1017543141060708,0.028784520004541236,0.012308396685316022,0.7682679735422738,0.03548280213144661,0.0027281314983324243,0.12040972007005797,0.017445909307887253,-0.0001512586015326861,-0.004930552758843451,0.0005699125083599155,0.023037289332622723,-0.19602006367888292,0.00010443412103679111,0.00596235753646169,0000200406-23-000016,2023-02-17,20.83114915037078,26.74453740522613,0.18637120912412233,0.6868244854413766
0.0002678594512823292,0.22167194582832958,0.008575518705346084,0.007142857142857143,-0.03938466958171423,-2.296343284585301,-0.022151737401609695,-0.021007261767017046,-1.7321841115404768,-0.006999379557565244,-0.02268186247647547,-1.5270655754445925,0.008073526602964565,-0.003250235168067144,-0.15473150914378284,-0.0009937199686215203,0.049889213013029995,1.7540820809017261,0.08425831040028964,-0.021427318320486832,0.018725262186595204,0.00012356373764361178,0.00501272544961906,0000200406-22-000022,2022-02-18,20.87854699591133,26.803103104322393,0.16940526589973454,0.6603055282579511
8.935265975722423e-05,0.5942379404324202,0.009237242933073951,0.007142857142857143,-0.011287989323229464,-0.6110042468847937,-0.004186371050532878,-0.0031044386285284057,-0.2376433771325961,-0.008041553717466732,0.0007839262397382005,0.048997306752334796,-0.0009261433245969508,-0.017257997479466214,-0.7627327784782137,-0.016352160061311793,-0.026521499366607443,-0.8656839483578512,-0.025902493596522413,-0.004208434367066749,-0.009567802138953585,0.0001522454074748614,0.0036606542178884757,0000200406-21-000008,2021-02-23,20.813473525271153,26.77654110282795,0.1487129191758168,0.7833608266778403
0.0006654412844349755,0.47421796980639264,0.009837091031174082,0.0,0.0025358495407523454,0.1288922473481312,0.0278806209855339,-0.006921440043471446,-0.4975248449775337,-0.006058643401292363,-0.01279617734883215,-0.7510224733647374,-0.009732686054545137,0.0020145679546708165,0.08360641585111785,0.04659758826140614,-0.002321111854561214,-0.07114314119553394,0.041523589119188964,0.027425872592314327,-0.004432504597620124,0.00020085596928474714,0.024167188391203267,0000200406-20-000010,2020-02-19,20.47894918792556,26.69692868654757,0.15134791027825834,0.6561648202468653
0.0007469058528671106,0.6215337721200456,0.012301916981247468,0.014285714285714285,-0.00013830937942847538,-0.005621456381119644,0.0015905084578224926,-0.0013934864178272626,-0.08009676028858145,-0.000991423221974319,0.0016191404426463196,0.07598906510608468,0.0020955330878627,0.004366408515957874,0.14490252330786693,0.008864301852400502,0.020309725676199493,0.4977771111584495,0.03337387027696492,0.0015564979320492611,-0.019712595281600076,0.0001970194108673027,-0.028021540556223225,0000200406-19-000009,2019-02-21,20.79803582492601,26.61799633515761,0.16455213397003907,0.6934485176860187
-0.000548365693649405,0.8166136933739179,0.008708248569420762,0.0,0.009082716600243646,0.5215007660746983,0.0039455268683847855,0.0034546892134456435,0.2805195729365729,-0.0007599628506902434,0.0011563648425939703,0.07666611119685297,-0.0025986695071558152,-0.003491606185683095,-0.16368874233604794,-0.0052471991871776424,0.018026828531636004,0.6241545892629358,0.009362560001106135,0.00413813856174694,-0.06697905540375182,8.114828493051338e-05,0.015496928301394711,0000200406-18-000005,2018-02-22,20.536862013315687,26.577006646032824,0.17260783119291828,0.5653144813696412
-0.0007097432004470667,0.5454400107743096,0.007047543750730206,0.0,0.011094650976080315,0.787128918137669,0.0056467424572749225,0.007316575203942342,0.7340997267640846,0.0008535283148102257,0.004782493673397096,0.39179239000075833,-0.0028530307854751635,0.01621451133065247,0.9392700159910249,0.012161122124114576,0.046229818659946145,1.9778259315243454,0.03918593310664342,0.005714123299582541,0.03381179615528729,0.00021040431272574558,-0.005678038446918363,0000200406-17-000006,2017-02-28,20.235040751214328,26.52874300099734,0.21202984164288843,0.6368784948912325
0.0009990439472892998,0.792002691662764,0.007593365494949439,0.0,-0.002370453386787536,-0.15608713872420543,-0.0036212127760434365,-0.0016160978002260776,-0.15049370590163208,-0.0015894418561906987,0.0023233748759787275,0.17665435846159855,0.002425611060613897,-0.015704391315087413,-0.8443279743908422,-0.016536396649030505,-0.014621210035007784,-0.5805674308633344,-0.010075071774001243,-0.003626143628891798,0.0733367548157966,0.0004761953969430622,0.003388241695971162,0000200406-16-000071,2016-02-25,20.37436693065611,26.391843629379814,0.24566475233219268,0.7479048418137221
-0.000129474091308915,0.9257307141355479,0.00707035735322844,0.014285714285714285,0.02592026119678976,1.8330234174764979,0.02558352882595205,0.00866937696037677,0.8670248095091962,0.008262406582152049,0.00828146375741209,0.6762466295204695,0.007767548073291497,0.02311135167173059,1.3344685903301488,0.022397852023567477,0.02446203031450854,1.0431692887293278,0.02535770464206666,0.02570412772785513,-0.07443116458100851,2.537294558565002e-05,0.016999476179348365,0000200406-15-000004,2015-02-24,20.337056698208183,26.35286111441931,0.25041163295497654,0.6789889829683854
-0.001897573798902415,0.35540985525422353,0.01565208876236789,0.02142857142857143,-0.009566695188348335,-0.30560442550483785,-0.014971437131508059,-0.008253371676955933,-0.3728585474457557,-0.009831900233001623,-0.018199967076016565,-0.6713325007358858,-0.03529167242611586,-0.027098023532659662,-0.706788847808977,-0.044830303602611865,0.008181374724019978,0.1576005177957228,-0.01744686175538135,-0.01511673832199445,-0.09065586122594294,-0.0019839713057993925,0.006409810175416345,0000078003-24-000039,2024-02-23,20.828873082594868,25.770353537125008,0.5721843556476517,1.3480816364775283
-0.0009396337636296683,0.5225166123256638,0.013688309400748942,0.007142857142857143,-0.03928442938241195,-1.434962793150429,-0.03577289138280193,-0.030456324012116617,-1.573304095376747,-0.02877139438932852,-0.034188909023543115,-1.4420316819374528,-0.03598832717634315,-0.025805861500586107,-0.7696493798558554,-0.03550423898959143,-0.04036794256786989,-0.8891815844555973,-0.03272268363930286,-0.034932631533882375,-0.12532328560250983,-8.302301689665414e-05,0.028460258936417186,0000078003-23-000024,2023-02-24,20.569433693973604,26.194219897125148,0.4024665189601583,0.9910349969705448
0.0020490201876893223,-0.21387060687867535,0.02152765809660007,0.007142857142857143,0.03596443842621612,0.8353077298244553,0.01612100364029756,0.022113134585620278,0.7263375955070733,0.0020186436785534223,0.0038474790698846233,0.10318554237212463,-0.03235367960093882,0.048915259944556484,0.9276239505640661,0.049179251708028615,0.06618208791059428,0.9269308451177296,0.11105224345493081,0.015045611168092776,-0.0726362806099271,0.0018427107232783662,0.039960863464856576,0000078003-22-000027,2022-02-25,21.280109520304176,26.27796421417133,0.2987088377227947,1.457254010980893
-0.0007705010073620151,0.519990675732753,0.01512229867375255,0.007142857142857143,0.021309342869951644,0.7045669223204081,0.019238490110764728,-0.012145674533775068,-0.5679221797029851,-0.022826317769380378,0.0034279580954081398,0.1308751117705263,0.003726869711444647,0.01972013909724342,0.5323736323322766,0.013190425594915789,0.025939600840909533,0.5171888279741498,0.0029635648086024924,0.01936573777576711,-0.1181057868122849,-0.0001722288835801598,0.07331323106641748,0000078003-21-000038,2021-02-26,20.895254486458374,25.9630820351225,0.33523925371068564,1.5629001910338616
-0.0011732764028138348,0.6535309709062184,0.011796377375522981,0.014285714285714285,0.039118909615861674,1.6580899529813227,0.016445591673793114,0.0013878521523232792,0.08319161357353815,-0.0140555378121755,0.013566128295622802,0.6639672141712558,0.012250657708049228,0.03654745076839868,1.2648318905065103,0.02918916066485966,0.03460004469767539,0.8843652307100188,0.04829021887388074,0.016635622579300735,-0.07938064907188958,-0.0010462475489583021,-0.005168027352797824,0000078003-20-000014,2020-02-28,20.246753704497188,25.96593560542886,0.3337818066384369,0.9999776470767735
0.0010996918777126414,0.7579985261664945,0.01111755811443669,0.014285714285714285,-0.03553286922052426,-1.5980518768048129,-0.030011004480866577,-0.010942206425255192,-0.6959539392372219,-0.009472399541510024,-0.00011650443576961909,-0.006050237530670484,0.003136771502298963,-0.053265100150193805,-1.9559498456289275,-0.043061544186804745,-0.05853285505326179,-1.587427710961736,-0.04977285148532151,-0.029688489678828645,-0.051896151807135915,0.0007186685227461789,-0.004738631822852864,0000078003-19-000015,2019-03-01,20.488171477329445,26.206695599464815,0.26345953317698967,1.0047117664817895
-6.498791206125639e-05,0.995540321208943,0.007892378554526827,0.014285714285714285,0.012601198412856248,0.7983143690965372,0.01232348513672843,0.009908893315035623,0.8877736424714371,0.009655003568872722,0.008444834886149943,0.6177640442733328,0.008121615502826418,0.011200983802091096,0.5793921892018601,0.010830099524684833,-0.0006077663674360651,-0.023218406639869727,-0.0014598079373933093,0.01229874200785086,0.011848868401982293,-0.00010820186532913787,0.012565908269918307,0000078003-18-000027,2018-02-23,20.097140036500758,26.083408864125364,0.33516427169092994,0.8101168098767343
-0.001083697555524622,1.0492478171423036,0.010228470540342998,0.007142857142857143,0.000639036501682429,0.031238125932999943,-0.0030256472646117416,0.005988405054206153,0.41398582570282977,0.0039446883134317545,0.020624836291806725,1.1641774533250273,0.017518056176962338,0.011330645533366891,0.452239330465327,0.005234795188263086,0.009504514916859956,0.2801708291419451,-0.002226822100789838,-0.003030933736562824,-0.025130065811294844,-6.94208911697008e-05,0.001523833270271755,0000078003-17-000014,2017-02-24,20.106684630111456,26.035095348346566,0.29372422080322835,1.2161466817947593
-0.0001980500203304195,0.8620137751156258,0.010813820160059419,0.0,-0.027728945360738402,-1.2821068295159275,-0.03331861373908773,-0.013235464765132963,-0.8654561245754717,-0.01749008748494274,-0.024561781746772492,-1.311354460623656,-0.02789387161911827,-0.030148372513015533,-1.1381751644220688,-0.03470528053992983,-0.038176985812998665,-1.0644521689863375,-0.046277687235254716,-0.03372009937861109,-0.03299735031384421,-0.0001023100474450218,-0.01746343515480177,0000078003-16-000077,2016-03-01,20.38897023761498,25.935390188905654,0.3527294031902725,1.1983194125187402
0.000982989063386643,0.7875312941782754,0.007660902250317438,0.02142857142857143,0.0018120396776519724,0.11826542216857606,0.006085230529825014,0.003856511177070478,0.35595875210589645,0.005485433813377738,-0.0026037687654353655,-0.1962284008478711,0.0006362651357479931,-0.004837053154736058,-0.2577658109685458,0.003575569846839155,0.0014739659924495278,0.05801111327676058,0.014550525883409438,0.006014500417508395,0.02461628148947459,3.9064664040246784e-05,0.017298563287619417,0000078003-15-000014,2015-03-02,20.140889590532943,26.072002077714664,0.33897602792048437,1.0775432898152368
0.0008440031600720434,0.37702480962072943,0.010751088412697498,0.007142857142857143,-0.0230276218131222,-1.0709437467710519,-0.02792790826564684,-0.006741470082267381,-0.44339131326531894,-0.005083487826510469,-0.01087003519883675,-0.5837378977124859,-0.006008997639703861,-0.05317790996784829,-2.019310975917107,-0.049296768471006724,-0.065889442266972,-1.847851451759114,-0.06962248491805467,-0.02791662310330445,0.026948030565214443,0.000513727072525728,0.050544677167251896,0001628280-24-006850,2024-02-27,20.60991705521978,26.511100898779304,0.11517109676897015,0.7383669771633806
0.001333025797377956,0.2458738638442995,0.011963123340414291,0.007142857142857143,-0.032161592414114246,-1.3441971422907886,-0.029011878967049487,-0.03602785828516696,-2.129505997736145,-0.0333897114229863,-0.04109963299872588,-1.9835024265985262,-0.02918181735282155,-0.0006983079990362934,-0.023830151935383712,-0.007578184010934796,-0.04445829903391832,-1.1205001518351636,-0.00820397183578414,-0.02905691396355059,-0.014177218700695882,0.001594992512902772,0.0009619491333902989,0001628280-23-005061,2023-02-27,20.578913854412466,26.35435547743498,0.16486242919393967,0.9687340650254912
0.00016254123082549054,0.1991401818841223,0.01722748609682595,0.007142857142857143,0.011107669899507261,0.32238220472439605,0.01538419358462717,0.003515347122372172,0.14428836421536614,0.018188719874339454,0.03712351412682805,1.244132240416551,0.03404204955158907,0.025769828079649424,0.6106804091981164,0.060365396998229404,0.03581830344297406,0.6268833868671767,0.07619981136600817,0.015701130787523998,-0.0030385257303769952,0.0005472295546210563,-0.02553253464870003,0000310158-22-000003,2022-02-28,20.612414573263717,25.985523953446414,0.19793006123026546,1.295606774078708
-0.0009409650438817927,0.5890278900087116,0.010643721992391662,0.02857142857142857,-0.012431869077802636,-0.5840000841195014,-0.01533000654743455,-0.039440918267222846,-2.620224464986327,-0.04914798309136437,-0.02341063153020831,-1.2698691703453455,-0.023998554219559876,-0.016244727249196803,-0.623079232365983,-0.023522993274100124,0.001826759176994334,0.051747745391043175,-0.020938847085987478,-0.015177198245792445,-0.13962481725160647,-0.0007041265323109156,0.019349985832737334,0000310158-21-000004,2021-02-26,20.302169864746876,25.964018516279143,0.1340856408320168,0.9959862858496409
-0.00010736428595788488,0.6342885757060849,0.010670815136674078,0.007142857142857143,0.014856788971262993,0.6961412404288739,0.027033496103144317,-0.00928198323587185,-0.6150751563849629,0.009667145756799389,-0.010889101931289197,-0.5891607951913779,0.009334518241948864,0.041594057759977585,1.5913220083445883,0.050527757850736266,0.07372633957617267,2.0831892870123445,0.15073374218545055,0.026133599974345834,-0.058562429713123976,-0.00027236821977174187,0.018098283286,0000310158-20-000005,2020-02-27,20.3261960416478,26.03523619299919,0.1277784781766703,0.927993845046659
0.0018882867158461314,0.6933196372263811,0.009390312807720244,0.007142857142857143,0.00646588578084741,0.34428489834393394,0.014308011121255904,0.006140941767348199,0.46242352682794446,0.008669383693135524,0.0031434469469689775,0.19327044563667264,0.007727024852198339,-0.002497725526164414,-0.10858979854922778,0.013613784196483958,-0.007128991135923681,-0.2289030990648277,0.011809092070430571,0.014374110375047211,0.018121311537210305,0.0015839871825733187,0.017039541953064303,0000310158-19-000014,2019-02-28,20.481026427003922,26.061274891297575,0.12830974743643803,1.0596185821046142
-0.000962599816685873,0.5765370065408082,0.012082340511439535,0.02142857142857143,0.002943192435781677,0.12179728062601235,0.0026145480977283198,-0.002724111006125955,-0.1594258466157955,0.005691735348547611,-0.01833809201805933,-0.8762790912097251,-0.005503948462095676,0.004918196827288781,0.16618017386651338,0.001751796928809779,0.019636563691101838,0.4900248189318412,0.008066272165699662,0.0026566733061468284,-0.04124559865803479,-0.0008469951501983938,0.01094490735140241,0000310158-18-000005,2018-02-28,20.18375841318269,25.71733497796705,0.2327303539949834,0.9320468259769578
0.0002954671303129648,1.211235811379901,0.013677170023361964,0.007142857142857143,0.0018251910173522194,0.06672400117256026,0.004071817004388634,-0.006857540195215274,-0.3545333695503854,-0.004616014763588527,-0.003725913275161399,-0.15728085771524697,-0.0017335661394810575,-0.002568713538345633,-0.07667323787960141,-0.0008290702061796162,-0.024981661142695823,-0.5507173068737502,-0.01977253327832018,0.004171234588117079,0.015590342833947335,0.00043004767176718064,-0.024422573792887682,0000310158-17-000010,2017-03-01,20.032971230754463,25.920938041632663,0.2216634214827879,0.9038394349154748
-0.0001769638090037231,1.0123987796865548,0.010528664937543711,0.02142857142857143,0.006053250634323461,0.28746525177842996,0.00563479363952013,0.006590772119285149,0.44263728463648944,0.006432098195710667,0.0016021401693054153,0.08785501899007069,0.0012433152992727958,0.012533068789204887,0.48596891797874736,0.011812646302891805,0.02140032328905615,0.6128450556227382,0.019907943102842163,0.0055510967163401315,-0.025032639568466908,-0.0001642060013927312,0.008525916955631742,0000310158-16-000063,2016-02-29,19.88802867059536,25.668751530327103,0.3178901968664364,1.0202629063737456
-6.238239009833486e-05,0.8514139463265626,0.010489614024299028,0.0,-0.007953699184556903,-0.37912258573729607,-0.007964592649386648,-0.004639470434164024,-0.3127475422367702,-0.004999948728045545,-0.009183885441754892,-0.50548272984317,-0.009167480499377989,-0.011392193712723684,-0.44337604768669336,-0.010007887147807426,-0.006178002109785337,-0.17757924348890575,-0.005281145589518976,-0.007921900530418968,-0.10806553683468711,-0.00017036114623727495,0.006682526086634997,0000310158-15-000005,2015-03-02,19.93023324541442,25.836143699604634,0.29279349288910644,0.8765787812953012
0.00018208494648017608,0.01994065963976631,0.011004238723936197,0.0,-0.05214704577678908,-2.369407238656132,-0.05323236528164621,-0.018266010800355344,-1.173731361721853,-0.030874811564328586,-0.047903480784349486,-2.5133122081225943,-0.05870510624710201,-0.040904982669684224,-1.5175415278867368,-0.05676337531380171,-0.01638631074681047,-0.4489777721009507,-0.03011450622493672,-0.05218717157316832,-0.07289980084230785,0.00024886678361078584,-0.004427868208049927,0000731766-24-000081,2024-02-29,21.320310276839535,26.85314647924232,0.19320767919804493,0.8792849641709047
-0.00048597350362520757,0.42790826339267574,0.012473970594324065,0.0,-0.012943208576069773,-0.5188086855824088,-0.01654269716268708,-0.016398736834750675,-0.9295883721276451,-0.01739185280320421,-0.02637244992474199,-1.220633073334961,-0.021823093267858695,-0.012735950963802537,-0.4168223877944551,-0.026938495982932076,-0.022024335233546716,-0.5323555061705613,-0.010990744691880217,-0.01653773275098147,-0.012442979967637324,0.0004189814417034127,-0.005563992486831543,0000731766-23-000008,2023-02-27,21.21777607431737,26.836517796416697,0.17213598738144695,0.8341882773991174
0.0007615363756650976,0.7552183755873524,0.010943950302770395,0.0,-0.0077789053401781955,-0.3553975084393892,0.004471283092962297,-0.0026196579398182285,-0.16926044457326636,0.00387050649638665,-0.007215127106550634,-0.380635461781096,-0.0038228299145108835,-0.021056376864733398,-0.7854777864090047,-0.006437329865526031,0.027936656298595697,0.7696689559586314,0.04199535601409565,0.004325791630798936,0.02989463618751098,0.0014302079619178181,0.00015824550814446878,0000731766-22-000008,2022-02-16,21.107886626083694,26.832438325621524,0.15947864212040352,0.783436889207252
-0.0004669620414812545,0.8612168460243138,0.013704648058561007,0.007142857142857143,0.052162678108178116,1.903101702622461,0.052386058819151815,0.013826981307704475,0.7134187032194444,0.015827914791152753,0.0011195160717549328,0.04716304297840467,-0.0006482696812414313,0.05953543588340508,1.7735033995446587,0.0576042375943443,0.05373562651204764,1.182219414328923,0.04636594977684738,0.05254965294191616,-0.056989910659260956,5.83091104340363e-05,0.014463384070896408,0000731766-21-000013,2021-03-02,20.730425175338652,26.48011861330997,0.20701996362310157,1.013372936117156
-7.19746617509387e-05,0.816034919136444,0.013888895119847445,0.0,0.019532386129294782,0.7031655851941275,0.021552840761216663,0.020424129103639783,1.0398264271126445,0.019951646983295324,0.007674510676080409,0.3190232748177272,0.006790908137616736,-0.05852956121173983,-1.7204099462272613,-0.04491725703004357,-0.030555954014293802,-0.6633333105482644,-0.010267081258329092,0.021416154763086448,0.0023670735921051955,-0.000108555403021387,0.013354573328999666,0000731766-20-000006,2020-02-18,20.6196560640264,26.37017721270107,0.2032921709660397,1.1428118604197968
0.0008797833663560712,0.9772392373155284,0.009405381219900479,0.007142857142857143,0.010163566945636412,0.5403059540070378,0.01339250412271431,0.004814798264700176,0.3619817659077024,0.006565889956557491,0.016071694397872996,0.9865625719999853,0.0184091781097393,-0.004754066323838551,-0.2063541502552139,0.0002742535807399582,-0.10589391478361093,-3.3946754397848315,-0.09654595264940069,0.013461221874763396,-0.041865528362042936,0.0007142541772129324,-0.004048385816062712,0000731766-19-000005,2019-02-13,20.654616296717222,26.25601638128611,0.2044626143231813,0.8344241398168368
0.0005686013057181908,1.1565328776629586,0.00955255388401206,0.0,-0.02502402594315107,-1.3098081542902018,-0.019618391676058056,-0.03321769672154053,-2.4588669053740353,-0.02809335579981831,-0.032598988216009026,-1.970262073404546,-0.02649703657624458,-0.018974823044216257,-0.8109285918418822,-0.013139976865464531,-0.022043118537095324,-0.6957563798651111,-0.014827546654175738,-0.019934520774278708,0.032859773087137834,0.000803291188370175,-0.0019044784462824852,0000731766-18-000005,2018-02-14,20.36014833523211,26.1137572132524,0.21784576753574147,0.8022345227429346
0.0004621954536099519,0.8326869658566383,0.01036580670002036,0.0,0.0001812731856325315,0.008743805035076309,-0.0010772453303287133,-0.005940684183421611,-0.40524564971647004,-0.006575415939379381,-0.008350804927728685,-0.4651195620852876,-0.00863934310204073,-0.0009649044537314425,-0.03800192354503923,-0.0019897322047236488,-0.013060966849768298,-0.3799057603834637,-0.013206477062329691,-0.001108902414760804,-0.027975588364818615,0.0009771290085020883,0.03082920750385153,0000731766-17-000009,2017-02-09,20.06315557189584,25.750307734367293,0.2510078456088672,0.8836949744056656
0.00037426889366777414,0.9231651955549905,0.013451051813782668,0.007142857142857143,0.012804753228815993,0.4759759090250309,0.01249278471077242,0.006191145510722961,0.32546160958648057,0.007899358616446528,0.016791492068719268,0.720729694612949,0.01892496320818271,0.02131964455741287,0.6470652677839455,0.020848431703075154,0.03500431473304965,0.784637376117355,0.035039717726246256,0.012478951587164389,0.03436067596848269,0.0007312141265251316,0.009050645908396129,0000731766-16-000058,2016-02-10,19.777754838428216,25.383652400400614,0.3124617788511422,1.0876465562067472
0.0019327558852038982,1.1982614495764123,0.009393658312501614,0.0,-0.01878314581167759,-0.9997779984545485,-0.00802114369789464,-0.0074031577959267555,-0.5572720345519767,-0.0016312684412832512,0.0011609168210826235,0.07135192880784295,0.010982114263644482,-0.01853951280712168,-0.8057270296352416,-0.00418487935046552,-0.0024058434011509566,-0.07722114799078607,0.022869589390600353,-0.00809917478653066,0.0607567435565628,0.001308166059359755,0.016983749625218043,0000731766-15-000007,2015-02-11,19.684255404042883,25.36692726680464,0.31228541185590925,1.0762804950417484
0.0021928705270948504,0.62764043420381,0.012565559228060238,0.0,-0.021514430267869453,-0.8560872571363728,-0.011356526435565506,-0.019258374372647352,-1.0837342665273761,-0.015251613752952142,-0.028875520501098113,-1.3267447338969824,-0.026243005847823908,-0.019282022795197265,-0.626462595094521,-0.012733247501490297,-0.06648621544095962,-1.5953407126301997,-0.0525098952993992,-0.011384728618750506,-0.06357139137569301,0.000617660752946001,-0.02379933120383189,0000318154-24-000011,2024-02-15,20.40573162883905,25.769615701896374,0.04008902967122633,1.153023897546767
0.00025211011435703604,0.418854907880867,0.012728942759608088,0.0,0.0013795455235284379,0.054189320730786,-0.006989738670135748,0.008980891661143978,0.4988984171449089,0.0015560431518581996,0.01159469833919679,0.5259040231173041,0.009553352657371117,0.010382533785385409,0.3329932225021175,0.012138993576634172,-0.006283552154413685,-0.14883893301913986,0.010535600625038666,-0.007082265874663429,-0.1647316251659635,0.0003669264398535585,0.014536087714531614,0000318154-23-000017,2023-02-10,20.257500813237456,25.576500821149047,0.028567126364650457,1.3539875907362005
-0.0005694270924447106,0.5570798587163741,0.011093622395575422,0.0,0.02651304712307384,1.194967981497563,0.04943500011491053,0.008419665529641601,0.5366689417612351,0.019832857904581003,0.0027825937260346056,0.14481574903903274,0.013236054344788029,0.03441863027751195,1.2666148594084332,0.039667726733846,0.0700640840068821,1.9042577277508512,0.07798577087620262,0.04830074021750086,0.06357064619982478,-0.00013258575096891618,-0.003833657963017257,0000318154-22-000010,2022-02-17,20.191908623558806,25.54377448615394,0.054019989617738434,1.2086964103885582
-0.0009632390673152825,0.8472717291938717,0.013545779420869647,0.0,0.005684105364548576,0.20981093770769718,0.001080523496128416,0.006938258705131188,0.36218586081995147,0.0052345668148784386,0.006921647218866606,0.29501549972764135,0.003124626581126555,0.0018384344052301115,0.055407494817818086,-0.004555747160916224,-0.01614588910367426,-0.35938638758224734,-0.027143112346154408,0.0009953154445363488,0.007270964166310123,-6.252487772371966e-06,-0.02576425488112207,0000318154-21-000010,2021-02-09,20.02173651058653,25.644796290392012,0.06857249477728627,1.207545522953333
0.0013903869013817377,0.5546736310156264,0.012907039183379817,0.0,-0.017448644910102562,-0.6759352265921257,-0.012777273912017884,-0.011396562285164072,-0.6243559316400993,-0.008710682002294856,-0.024932115616810507,-1.115249086821404,-0.023733835317381047,-0.013030901928885338,-0.4121660560634208,0.0008043830637596283,-0.06010880204050593,-1.4041551642245638,0.014105890080807648,-0.012807618553896338,-0.08668994302949462,0.0003978697057262601,0.026414235021346773,0000318154-20-000017,2020-02-13,19.881503974058635,25.620255633306304,0.07224795209049985,1.1286870184523927
8.66900487431362e-06,0.8863126422792312,0.011520960831668035,0.007142857142857143,-0.01341182310784688,-0.5820618307711528,-0.014684888799786022,-0.002949504705417558,-0.18102785078563838,-0.003867485213015054,-0.0027196636536286076,-0.13629058942824132,-0.003972765120004884,-0.012801056290604433,-0.4536088112031455,-0.01438473398323381,0.0031129817253225875,0.08146883921938713,0.0011216321681849495,-0.014756506019955373,-0.12095559748597251,0.0004137879720648917,0.05721762822755576,0000318154-19-000008,2019-02-14,20.01964246107308,25.490538717575188,0.10629423415882643,1.355438170584694
-0.0006960440929881012,1.4209239527315476,0.00861880990668717,0.0,0.021770508961002966,1.2629649102779053,0.02740634840859557,0.0159870707743301,1.311615672955855,0.02531657694418321,0.019089551817181777,1.2787563479974131,0.02882285861108147,0.026693294115743758,1.2643847361277023,0.029033226522836464,0.04851935607895423,1.6973499181206344,0.04344692907490366,0.027851907041934076,0.014719547429087654,-0.00035812959240127636,-0.005110847980650247,0000318154-18-000004,2018-02-14,19.93220600991813,25.565685404155886,0.1990996331072272,1.0759343891575468
-0.000559802475097968,1.2442673518562377,0.01350007884906745,0.0,0.0175971686743841,0.6517431813222212,0.018253702692252793,0.020101081587769024,1.0528539320996164,0.019989858892656587,0.018000802687756823,0.7698301908898588,0.01830863866914334,0.024591696591820374,0.7436636634096532,0.02396662427276497,0.04091077706551067,0.9137030634154653,0.03937901811861,0.01839606659419335,0.10792706201600788,-0.00029176758553743013,-0.029789042520334257,0000318154-17-000004,2017-02-15,19.83305328477565,25.54161726502601,0.24139289147593934,1.1199824484065266
0.0007658855653461962,1.28948824904694,0.014174880948396123,0.007142857142857143,-0.0023568051982624516,-0.08313315670312993,0.008900802312958533,-0.0006506404724260437,-0.032456871549170305,0.010433401430773204,-0.0035392103875055807,-0.14415387877922684,0.013960963074670651,-0.025609660610741207,-0.7375793984977218,-0.012241356039009665,-0.058466002450711374,-1.2436198282847253,-0.03268038022112951,0.008891585978406447,-0.012990430237331707,0.0005085779184734126,0.01066028379451606,0000318154-16-000031,2016-02-16,19.866182884422326,25.413168785278984,0.25801474687213904,1.193774762145218
0.0016857681613416898,1.2600518508642673,0.012756629420780747,0.0,-0.0035704177780554146,-0.1399436191286998,0.005205282982152171,0.0044283653226600645,0.24546665470451817,0.009314234135168853,0.00581436165204869,0.2631512725068009,0.012109808650679232,-0.0035902884433175854,-0.1148994041379671,0.007404312297466187,-0.0097533709867445,-0.2305273519656025,0.005566454178904445,0.005184902557857418,-0.021410145803943292,0.00037499327661009735,-0.007080166744061757,0000318154-15-000005,2015-02-20,19.816467150857317,25.49750607439253,0.21768225562134064,1.1712333900445306
0.0010592263863588058,0.12095172729351718,0.008017878086052798,0.0,0.006822691854447925,0.42546742300285695,-0.015605212388202339,0.009225284832146985,0.8135895050008095,0.009041125136552197,-8.58829949536271e-05,-0.006184250960555372,0.02713320415443299,-0.016332802561245814,-0.8316213657215865,-0.05148991885655407,-0.006612448993544143,-0.24866035197809885,-0.06256752852472647,-0.0156753637494067,0.040365375199447606,0.0002824724724626967,-0.0009093654241354278,0000080424-24-000083,2024-08-06,20.72645128837877,26.70372454925113,0.12710876802643475,0.6588429089110465
-0.00028394923019759517,0.38033506534514494,0.008910747449548445,0.0,0.007290107573785357,0.409062629990416,0.0073826146391261505,0.010385144170066748,0.8241066092189906,0.006839253934535772,0.0017293059642184794,0.11204618575553496,0.0011837366034451735,0.004073254134324354,0.18661723344510764,0.0006973454109276966,-0.012893242697898141,-0.436266313664596,-0.00524061230662598,0.00739987286497279,0.02585028126052802,0.0002695676649525602,0.008070083773458407,0000080424-23-000073,2023-08-07,20.603634062704536,26.62601528885109,0.12779117114786184,0.6793689800806517
-0.00016371511695000067,0.43461918002615396,0.012913841085458361,0.0,-0.002103239695702787,-0.08143354412465015,-0.011294739970850065,0.004171719133747851,0.22842552182250844,0.006946105814856995,0.005525942888010969,0.2470531109068849,0.009055780092492638,0.011563173376290755,0.3655493150309587,-0.009993795048669263,0.033865914619470965,0.7906987072785406,0.032631440838070125,-0.011245025101604078,-0.06537733041358407,0.00015417543577671177,-0.003366199864439784,0000080424-22-000064,2022-08-08,20.6779934686381,26.56917337515605,0.1347218392158407,0.7756362445667436
-0.0002723477470483802,0.4052416676388634,0.009032740237036615,0.007142857142857143,0.009722379221757305,0.5381744059179843,0.005376748736589665,0.006601297782913733,0.5167670390642609,0.00602521626119068,-0.001454344588702614,-0.09295808555847504,-0.0032991524136869455,0.020342458781434525,0.9194080426779553,0.012937400982951264,0.019795319401685302,0.660764420599183,0.010961386135614926,0.005410314718769849,0.03799000274412445,-8.908512748962314e-05,0.0023805127233380192,0000080424-21-000100,2021-08-09,20.719119340602983,26.561760307978872,0.1351095616147057,0.760272797633036
0.00038608670344067935,0.7360206141419924,0.016603505753517787,0.0,0.01223301022520391,0.3683863639042646,0.011295247259553554,0.007191457366854762,0.3062683475530201,0.007072634920990639,-0.0033958597654982904,-0.11808352879483086,-0.004825374634244151,0.010448508774050357,0.25690874615434645,0.010868704512268068,0.020471909306903964,0.37175961467600754,0.02091962308180928,0.011408770218579,0.05578527416680479,0.0003469235957659481,-0.00787034105442591,0000080424-20-000053,2020-08-07,20.445843819049397,26.522142048550254,0.14100324311488158,0.8141982765579279
0.0010843115312812708,0.4859764405225997,0.008950263446260001,0.0,0.010802495123949953,0.6034735842587926,0.01483376815458648,0.015811888535973255,1.2492027384763222,0.007942053164677443,0.019013292161754444,1.2264811436759406,0.0055367148222726925,0.013578473284631066,0.6193547864645541,0.02705749020414583,0.02324326009611244,0.7830056227985089,0.027068382517343004,0.014990773278091396,0.04943498118515299,0.0016330200602165932,0.012521542625960096,0000080424-19-000050,2019-08-07,20.375935236864546,26.379111594459474,0.16503808861239924,0.8585928660702051
-0.0009451359802558643,0.5493078675124273,0.009311057178930531,0.0,-0.002746805346605697,-0.1475023347950912,-0.0007477028678427589,-0.012218840470497365,-0.927931682610256,-0.013341108505999344,-0.011370894512397473,-0.7050745024437252,-0.014711135251870289,0.009409739397449593,0.4125750652044104,0.010065218936473386,0.019030340384259124,0.6162418946383846,0.00804610507980319,-0.000776703513520216,0.02077084433924703,-0.0005930512670923355,0.015987588316363155,0000080424-18-000055,2018-08-08,20.079095238207366,26.049243407212856,0.25433193068891397,0.8261159929818489
0.00023442528790254904,0.4143486318190519,0.006495842964479903,0.0,0.004607551825420421,0.35465388022887107,0.01490215405486861,0.005925938865068072,0.6450697129378721,0.008021753221876482,0.013501382937287087,1.2000023885889979,0.014866937771359279,0.00957882878773303,0.6020066215611093,0.014752270520183464,0.016782791148291246,0.7789908026654758,0.02590949216178773,0.014864132138219244,0.006355151476559517,9.05299943898168e-05,0.009217463347397821,0000080424-17-000047,2017-08-08,19.885778588759912,26.17504782267943,0.2366651681161475,1.1256918750606344
0.0005250424542989794,0.5290205269080726,0.007249797310093613,0.007142857142857143,0.007786017949711688,0.5369817676744918,0.00806502089072636,0.006548041517558601,0.6386612428612781,0.006717440960559151,0.008498859477723887,0.6768215161597849,0.009009716432207271,0.007978323744208225,0.44927284033244197,0.011007877033815117,0.01105704287556951,0.4598506305583731,0.018168305238268068,0.008123163777726372,-0.02427969819685527,0.0006212673916886564,-0.01340123514147253,0000080424-16-000212,2016-08-10,19.937284765001436,26.159107442066816,0.24986719931834234,0.8350279196603617
-0.0007324218145378076,0.8166217185565973,0.005755557700015611,0.0,0.004614170216218147,0.40084475360273353,0.0011479352470693538,0.008638753506901454,1.0613256793016805,0.0065777353544582695,0.00828612262103958,0.8311957546325135,0.006019873656070707,-0.004672790142768209,-0.33144634923499033,-0.011276900007272994,-0.003861289841903875,-0.2022779985393492,0.004805424999130059,0.0011731896100763972,-0.02922989064087822,-0.0003026704304536665,0.006704979504365608,0000080424-15-000070,2015-08-10,19.991060220468285,26.04502707923852,0.30486338337468466,0.7179582961402781
-0.00023881904201717265,0.4314584432830896,0.008577429593438315,0.014285714285714285,-0.0069824625791856726,-0.4070253508421227,-0.018710623546829397,-0.0017547936241314056,-0.14466180779326474,-0.01496041937569903,0.023132637714739872,1.5570672386385007,0.013102468040283921,-0.011625803846696741,-0.5533376280130559,-0.02385900355343984,-0.02754482081866224,-0.9682476400088161,-0.04494716721036629,-0.018731868048836864,-0.06831784796691265,-0.00013401905012397114,0.011160995283478076,0000021344-24-000009,2024-02-21,20.50992282685174,26.290717165944677,0.09909992441589695,0.789992817847001
-0.0003675779025409367,0.5476294661657698,0.00801066474454801,0.007142857142857143,0.0038505981614354893,0.24034198685297453,0.004057981229326546,0.003522331039032931,0.31091853706387695,0.0010881288377025955,0.009542433037025668,0.6877489519706025,0.015806716771933682,-0.007268711973498324,-0.37043607886280805,-0.004285516362202757,0.008917911711398569,0.33565897920763405,0.005311077604191694,0.004111964130606438,-0.09921008966441602,0.0001513847467690609,0.008321277766317947,0000021344-23-000011,2023-02-22,20.395586267339528,26.2790747127435,0.09316440154380488,0.8647606965443972
0.0007209486182838907,0.42809311302870057,0.008161027714485111,0.007142857142857143,-0.009585181460344669,-0.5872533335067475,-0.01612344282183953,-0.028577012324883633,-2.476036095933249,-0.025159024221563908,-0.029113295734626763,-2.059614268868393,-0.019173538761892317,-0.009298914948333906,-0.46517010646687773,-0.016207759560552648,-0.05860340823077667,-2.1651185402959814,-0.04804312972173774,-0.01671284937171813,0.10742007407048437,0.0006734343001122776,-0.027194721604345627,0000021344-22-000009,2022-02-23,20.753134412766382,26.32173695151409,0.08517729444017404,0.8996816086498669
-0.0005836716871689847,0.7201648799693752,0.011203234462942043,0.0,0.0005197427554710539,0.023196102750069822,-0.001225464533582743,-0.01748960299609912,-1.1038791448763972,-0.023985160779576797,-0.009926081490286735,-0.5115331504818168,-0.01015528091893314,0.013529425545594867,0.4930151973715589,0.008915825952069634,-0.002280138994474064,-0.06136511525507484,-0.017154021965041233,-0.0012748947265437405,-0.0200586779483779,-0.001071463818815429,0.003633248220202702,0000021344-21-000008,2021-02-26,20.466497767923016,26.099461226362877,0.08926533000418496,1.0425733244178554
0.0007978975429791289,0.49319024079151585,0.009491388151624895,0.02857142857142857,-0.051076249118634114,-2.6906627514696058,-0.0040658267544272375,-0.002755096991026004,-0.20525425091245725,0.01610189661043504,-0.011637985965195665,-0.7079253553317699,0.025001938242690147,-0.013583108900821856,-0.584243410906725,0.025935334047591962,-0.039024539394410966,-1.2396860350003067,0.02239745871971599,-0.0037639833251994492,0.0640707274735205,0.0009636481075163768,0.018575891235919018,0000021344-20-000006,2020-02-25,20.094779139752323,26.25120452021411,0.07543377164571663,0.7059794411127344
0.000818978772197118,0.37107860815220456,0.008588494364967258,0.007142857142857143,-0.02574179201826543,-1.4986207665960065,-0.026433401417301106,-0.024630162460644582,-2.0278472753838175,-0.027799029079818016,-0.007289007229749329,-0.4899939509056134,-0.007421043541941952,-0.01910707987759531,-0.9082421626313195,-0.020720323734813917,-0.027007361044890217,-0.9481319304763854,-0.010819252074559249,-0.026367677511659693,-0.12598728233520595,0.0006288366042266667,0.00331566942421,0000021344-19-000014,2019-02-22,20.20835273560158,26.001722766326026,0.08660810665886269,0.7168614140108848
-0.0003233405433826159,0.5741076796873333,0.006583265784204133,0.0,0.0020078566169603237,0.15249700397771943,0.011519408708960066,-0.008347165639942167,-0.8965667832905219,-0.008589303068137988,-0.005277213430309695,-0.4628099023239947,-0.01266905379665284,0.003974978338252091,0.24650047019459428,0.0059814373050894876,0.007184751511669534,0.32905918730159367,-0.0021030044566132666,0.011493385104788256,-0.04080791765608638,0.00013897148790587065,0.003580174065685061,0000021344-18-000008,2018-02-26,19.910118385256723,25.959018879647044,0.09087109200349577,0.6497015531305829
-0.0009527782204668064,0.84276034901998,0.007183739555250966,0.014285714285714285,0.014986479124590767,1.0430834114549974,0.010192055374170672,0.007547238224390575,0.7428865268084534,0.005887037484002544,0.01012180964303149,0.8134801487644168,0.007274014617928204,0.012402893935548932,0.7048501977345938,0.006138996464917557,0.023067411671328888,0.9681707215940671,0.012159501124911709,0.010355978761852125,-0.02281173135858916,-0.0006218170974348033,-0.019655192986152408,0000021344-17-000009,2017-02-27,19.901368668283027,25.912776894952703,0.1285644663671093,0.7588246562167658
0.0009551704691852464,0.5766817611954984,0.006866825413844891,0.007142857142857143,-0.02269840014271824,-1.6527579175781675,-0.026485597765342317,-0.01947788968213809,-2.0057227390220698,-0.013338137772339276,-0.02128412028849227,-1.7895303633684256,-0.018993129848351553,-0.020780410573647507,-1.235442374102626,-0.02553779251052457,0.00029278516781095464,0.012855729438107007,-0.004450483787361681,-0.02663555885769331,0.044470198771750735,0.000535528883001042,-0.006001633353824452,0000021344-16-000050,2016-02-26,19.933813670662946,25.97653678414226,0.1336571837964267,0.8319169762142329
0.00012229625767015657,0.503359931418303,0.009876824611035513,0.02142857142857143,0.022380732528911144,1.13299230320972,0.024283333179285993,0.03152001677283823,2.2565974876464767,0.03396588334214656,0.029883968593180578,1.746868856256649,0.032832420464972145,0.010913073879280968,0.4510805780578899,0.014645752470072493,-0.01657179978674836,-0.5058898818749136,-0.004029554869784291,0.02427965460480319,-0.05385537060850809,0.00029750940982514176,-0.012245185959975757,0000021344-15-000005,2015-02-26,19.879080146991686,25.93602826023533,0.16514112584217225,0.8498782079868262
-0.0010625906218293723,0.5321479509767723,0.009569168007850563,0.0,-0.03232803852744136,-1.6891770789748584,-0.03690538072792349,-0.018439113109439575,-1.3625449890788566,-0.022806890715304617,-0.0038000887628771123,-0.22927617828338115,-0.00949740553828693,-0.037889158505874404,-1.6164607178437491,-0.04506785280502967,-0.02770025392113045,-0.8727969660532205,-0.046247290907002414,-0.03695282362689489,-0.029458494928997325,-0.00010091943442088577,0.00016002639010236465,0000077476-24-000008,2024-02-09,20.49731132415302,26.199497299822657,0.07743638009273315,0.8908884770106151
2.5407298047827273e-06,0.4938925296194551,0.008792112886449285,0.0,0.02466912286476204,1.4029120862849114,0.02238476638294995,0.03253054787875896,2.6162733916026597,0.03589341676173763,0.03566934112438451,2.3422929125170504,0.044642788171783465,0.028629144478145813,1.3293504578017445,0.03192492959710069,0.045804204712049656,1.5707813955995082,0.06408857462058515,0.022496884255181593,-0.1406048303063152,0.0002928555571339513,-0.023084087614926346,0000077476-23-000007,2023-02-09,20.420563961652903,26.185954362788404,0.07274837841784838,0.8994320685041916
0.0009836349086924494,0.356732282863147,0.007863518288409019,0.0,-0.03006656604576751,-1.9117756799832348,-0.00994801817006774,-0.008253747105349714,-0.7421971100384432,0.01756922179862186,-0.014880859332656218,-1.0925730476326374,0.0025872933030109957,-0.02004040298490467,-1.0404325339783165,0.015098558450507782,-0.015193263213063652,-0.582556185651287,0.023829302584021272,-0.009467828116435761,0.05396021947903418,0.0008534325848434196,-0.00010622987072106513,0000077476-22-000010,2022-02-10,20.40987694180656,26.19499282122192,0.0674442217670164,0.8623029330846027
-0.0004993121738902763,0.6825716621242952,0.007908973556429834,0.0,-0.025316530153532673,-1.6004940447013412,-0.029054496764509663,-0.03132740729459206,-2.800846655630803,-0.03434915743258504,-0.04420278781710926,-3.2267766813295644,-0.04761427864965395,-0.03439720942537003,-1.77552774003378,-0.037143292261785366,-0.04046618779206551,-1.5426799197226777,-0.03797820420951803,-0.029015573161985997,-0.09667492329545879,-0.0005077638857930295,-0.006733103683276275,0000077476-21-000007,2021-02-11,20.0022362311723,25.97014308598927,0.07082092370129346,0.9192005343492191
0.0001130522726089153,0.6017986138418044,0.007451245677862653,0.0,-0.005372420123597068,-0.36050483072637834,-0.005716188059667893,0.005865522894207799,0.5566251863123348,0.006006775668250475,0.0018632589364915002,0.14437224258345982,-0.00045587079794717766,0.005238034118789927,0.2869880509698572,0.010828039191882688,-0.02103339235833952,-0.8511068732891006,0.03289558598583975,-0.0057476636630389155,0.02413506025579293,0.0006797576189878449,-0.002201214695441581,0000077476-20-000015,2020-02-13,19.898952506889856,26.036396346843784,0.07284293561023576,0.7530795243596848
0.00029854098087679767,0.4140236088978084,0.010854457220136369,0.0,0.0035811875726071843,0.16496391758602336,0.0011654324071100897,-0.002643186208153495,-0.17218870126981922,-0.003965677395173173,0.022041728567301556,1.1724029736031645,0.014643086167885344,-0.003969459531321892,-0.14929581782508422,-0.006046785921153375,0.0038260390966713275,0.10627838583254105,0.004112370977774615,0.0011835554995089925,-0.07547498962310384,0.0003311401418446401,-0.015694170820853153,0000077476-19-000017,2019-02-19,19.98048699854694,25.815893763591156,0.08916749891049525,0.9027117110209223
0.00013601528824548587,0.3314244448991033,0.006640312829240834,0.014285714285714285,-0.03056163675688224,-2.301219652054876,-0.043391527630101345,-0.0186864349413062,-1.9898618036508222,-0.03544407409849959,-0.01781271569459375,-1.5487487511108315,-0.036181280519133274,-0.031186360337612115,-1.9173461583850944,-0.04072028545741646,-0.03174043057533026,-1.4412122058621606,-0.03434865706578705,-0.04374294199832163,-0.06307711389618254,0.00011922008263679906,0.004495752600166334,0000077476-18-000012,2018-02-14,19.672413532420943,25.793606191021404,0.06936571753237225,0.6386559055085774
-0.0006333151984903489,0.6320616760584159,0.006892771460602481,0.007142857142857143,0.02382635921286809,1.728358422229299,0.019166302866421958,0.014053121061274468,1.4416635247607776,0.01248682753044128,0.009753753318190627,0.8169909790356437,0.0057172828122811215,0.02771994520662764,1.641809873871624,0.021089631273436327,0.04016419636170818,1.7569073511463054,0.027880978624451824,0.019334002133874817,-0.012915141843207745,-4.40955948088182e-06,-0.006789663126613579,0000077476-17-000010,2017-02-16,19.597975762761052,25.749292604091846,0.07382821840286558,0.7512689237252506
0.000731169441974868,0.7116014400007997,0.006477941834855191,0.0,-0.009110548668115628,-0.7031977825962749,-0.019985577375821517,-0.009578998598055556,-1.0456060023905613,-0.01850901636772795,-0.00893255488791212,-0.7961190607390588,-0.013583765868334097,-0.018329658341420044,-1.155158825664062,-0.031903409956351325,-0.037650335303867,-1.7524089457228582,-0.045648254985898196,-0.020451212517654138,0.07592443955242256,0.00022623988544179783,0.006213864260020894,0000077476-16-000066,2016-02-12,19.631210914012676,25.665340287662595,0.08616276722056972,0.8051830216914034
0.00040448935701536216,0.6207460679899223,0.006925117510041528,0.007142857142857143,-0.019700849206004588,-1.4224198490089195,-0.019712146343053738,-0.023466856848925598,-2.3961432548903794,-0.024809125126330378,-0.03115303670186162,-2.597243165883295,-0.03574853260879851,-0.016743564201058284,-0.9870636059882527,-0.018154352009040475,-0.02557828307086085,-1.1136478925452422,-0.02636441517666488,-0.019753149866652442,0.05164766799391851,0.000502165935534965,-0.002809709936553096,0000077476-15-000012,2015-02-13,19.62344101046269,25.724773506885473,0.11826119901972029,0.8061842846184468
0.0004174695813339153,0.343339977917988,0.010777210581125206,0.0,0.002691565024822761,0.12487299030496189,-0.011469262924334478,-0.0018130224279386768,-0.11895475583301522,-0.0088364710933031,-0.005576561346897814,-0.29874420385017353,-0.00792546769242597,-0.010980002689914245,-0.4159301976799734,-0.021379057747666463,-0.03567934024516582,-0.9981920432925502,-0.042477231445174346,-0.011629136360377546,0.039412422105915,0.0007896585068971979,0.01011058281180682,0000104169-24-000056,2024-03-18,20.874796160682877,26.915551423663608,0.17150807646246655,0.5988752110136485
0.0007966251477734102,0.5696912656051929,0.011164783658745247,0.0,0.0010591987901088541,0.04743481031444778,0.0006216811434928138,-0.006716085762418259,-0.4253543938503946,-0.014546853909543245,0.006864562470549824,0.3549783955855311,0.00457218820001104,0.020204682367494186,0.738798644739872,0.018224857872198297,0.02646594678994961,0.7147279737848553,0.012756918879910595,0.0007762889743274659,0.019927440286406806,0.00015503314018710444,0.001657472858145416,0000104169-23-000020,2023-03-20,20.527246432603977,26.65225490983385,0.20409317823880724,0.6820460198545673
-0.00020237103234206378,0.22405633470567152,0.010558304896349945,0.0,-0.0200565286199684,-0.9497987042835841,-0.03090724161973324,-0.013331307782677054,-0.8928192761770671,-0.02217013323302408,-0.012776648577758898,-0.6986539570627928,-0.030867128854989656,-0.0002706630837616235,-0.010465481184916315,-0.021001263893002053,0.03458524019847671,0.9876436016156901,0.011437187254003,-0.030725770449575807,0.04612835941917204,0.0002998472324688744,0.011950330913676654,0000104169-22-000012,2022-03-21,20.802425252138736,26.715277298126537,0.20801870052898205,0.7275899490278551
-0.0006019382081989941,0.5810002395141667,0.012432864254748035,0.0,0.020098828459452576,0.80829437399258,0.01804002125766313,0.01819863137520456,1.0350290480173991,0.01724855824240168,0.032457248735423036,1.5072312309204812,0.03115777021546584,0.031898753634424064,1.0474345550912216,0.022031297215563073,0.04515547660103915,1.0950725581862293,0.02148717318376281,0.01814565561495307,-0.09652632981106968,-6.668689678107135e-05,-0.011690548537248614,0000104169-21-000033,2021-03-22,20.899843730187087,26.6397940723043,0.21805554925728518,0.8108608325639366
0.00013613508297837874,0.6505656304732899,0.008504152328790995,0.0,-0.1264589073323076,-7.435127126320291,-0.17430510311155023,-0.03297304493169255,-2.7416564010305304,-0.055251127620371765,-0.050777840270348665,-3.4473276836424516,-0.05776848402955648,-0.07760914267397002,-3.7256858292328676,-0.12512319512662917,0.002696160974921598,0.09559131696107274,-0.05038104513855024,-0.17748122899568164,0.35328522213201075,0.0008025442081567105,-1.2292309525698268e-05,0000104169-20-000011,2020-03-23,20.6007408099373,26.500282196454652,0.23132043924992532,0.5246476896777781
0.0003436877139439407,0.5637711208102182,0.009891337942799738,0.0,-0.012239821572235673,-0.6187141538898426,-0.01979411432937439,-0.003914638220624207,-0.279847604813704,-0.011211507682868493,-0.007104759820959618,-0.4146997118973799,-0.015623777073698664,8.808103624889218e-05,0.003635396210183233,-0.00971076018813155,0.022905463897051597,0.6982126440038138,0.012597988750780664,-0.019968573161750713,-0.020414012654670355,0.0005189539116905033,0.0007423153775670916,0000104169-19-000016,2019-03-29,20.3238538834191,26.35351813468557,0.26009172809662956,0.7287677083551454
0.0003915513084086442,0.8416336085636295,0.015390305050446692,0.007142857142857143,0.004214505633140582,0.13692079589475906,0.004335781697014873,-0.0016849948597324436,-0.07741700295581241,-0.004731405158959978,-0.021716414075451013,-0.8146672513116376,-0.02083377590306079,-0.0162140937566358,-0.43010038045836124,-0.018487099594883594,-0.017022294974226936,-0.33348364627311317,-0.020284632462386654,0.00457607188545861,-0.10281466946967122,0.0006147050409433128,-0.005372471003320993,0000104169-18-000028,2018-04-03,20.73766454803203,26.254408180316744,0.30847501863732857,0.7999717170535817
-0.0003636812645260494,0.5751897864693299,0.009388861691939874,0.0,-0.0063075572185451925,-0.3359063870309267,-0.006824320532791028,0.000387560780581951,0.029188507090983373,0.00012009906014154303,0.008892849058618788,0.5468489116485696,0.00921967327927975,0.017274419336343553,0.7511296251037924,0.016089530608763614,0.03405831430887821,1.0937394199914174,0.03373070996027905,-0.006804251259590721,0.03800073571018081,-5.620997609786052e-05,-0.011503746090763385,0000104169-17-000021,2017-04-03,20.132224441863002,26.110597671295864,0.35586063110653926,0.7145082799140543
0.000393077776901459,0.5478198069679854,0.013777603959819518,0.0,0.0011308285586454766,0.0410386509128649,0.0068006423018112105,0.0006798153018762122,0.034890102176906135,-0.0004744048519188526,0.009221949672257843,0.38644565058328134,0.006493680901058174,-0.0049009605122801135,-0.14522182206748993,0.002218884938030019,-0.009025404742493083,-0.19751343754718156,-0.008948499860320647,0.006773662168990335,-0.04103479140081345,-0.000574644574430025,0.09861118829845736,0000104169-16-000079,2016-03-31,20.30082670057916,26.100071997202267,0.37232888699915023,0.8069139312703485
0.0005109623130760591,0.6370233711583707,0.009837045005525171,0.007142857142857143,-0.004895643374676164,-0.2488370934526796,-0.006757100017763418,-0.00401211443482034,-0.2883989370958902,-0.006670221856504677,-0.020720353191569285,-1.2161072238804893,-0.021428161204079865,-0.016766615602777583,-0.6958331646194649,-0.021112627464464184,-0.04777564329040965,-1.4643521950411154,-0.04597591029687387,-0.006818469862546195,-0.025655977189218526,0.0001083436192361534,0.03384888997428148,0000104169-15-000011,2015-04-02,20.030478355372693,26.285390733040572,0.31260235236094525,0.5024133672652554
0.0005045872238096256,0.9193349097620407,0.010980285573158615,0.0,-0.01966868540688146,-0.8956363327635894,-0.019167066362269947,-0.0016835829008673801,-0.10841911878896508,-0.0010812258274272013,0.008169224087448836,0.42954290164260267,0.008494576294620582,-0.02061468517829375,-0.7664563846191678,-0.018867517128517752,-0.002802482364623285,-0.07695430326316804,0.0020878197505384,-0.01964524560151415,-0.03444689940924894,0.0010316777733311343,0.002153591309502381,0000909832-24-000049,2024-10-09,21.20224159296963,26.700939554306945,0.0598750591014549,1.1051388970675537
0.0006514880192247318,0.6951848375917401,0.00825965141272038,0.007142857142857143,0.01285560986513598,0.7782174587499865,0.014357495721754043,0.0030806646363472643,0.26373496241838135,0.004979074591607735,0.004390475447813441,0.30689457157498407,0.005352898866447853,0.025128390858330813,1.2420164117607189,0.03204766779914481,-0.0008503581529529652,-0.031041579996300018,0.018418244789075278,0.014526469367575068,0.0644411036680751,0.0003290587052658304,0.00579077046565118,0000909832-23-000042,2023-10-11,20.617543512647398,26.240156567415323,0.10069112737273972,1.0625396219617298
0.0005718985577528802,0.9674606430348373,0.01506037107458993,0.0,0.0028326392452520405,0.09404281047335246,0.006674284238225359,0.0032865613350887227,0.15430893404397913,0.004829389548344443,-0.009290649323368476,-0.35616379312481555,-0.008171096506087494,0.011476085980728759,0.3110874532669102,0.016780737519113464,-0.012227256357889457,-0.24479187708624509,-0.005154433368868672,0.0063257169841628436,-0.013306811423131948,0.0010932398281762142,0.04316139718196333,0000909832-22-000021,2022-10-05,20.78579465552837,26.094662438540286,0.09593649983283849,1.3823404206935297
0.0017145096875971929,0.7784588173620894,0.008336392754413537,0.0,-0.0018849489618621394,-0.11305543161124401,0.004170759217282827,0.0017203269741933357,0.1459210122587152,0.0024019978578717627,0.005672264736486317,0.3928418044832851,0.0057368318831605425,-0.015591796732098762,-0.7635585976643642,-0.00624126418792359,-0.0006175772492543023,-0.022336585174051213,0.008675266995930575,0.004193874524885954,0.008718097692174798,0.00044218158628208043,0.016632439068987596,0000909832-21-000014,2021-10-06,20.404665678206744,26.007278644920714,0.08908525421076832,1.2610886650470723
0.0003069909723632431,0.5469556150131847,0.012978531835447409,0.0,0.020791440365494025,0.8009935418391367,-0.0009119920874913756,0.004223315071779792,0.23009803914695978,-0.006673146633267457,0.010917998521802046,0.48568740020022816,0.006659150612006504,0.03225872716047923,1.014719567881835,0.017027168071453103,0.03790586449770472,0.8806117916103623,0.031091486237667332,-0.0009548760202795492,0.047336745077177556,0.00048453934869901083,-0.008326377617598765,0000909832-20-000017,2020-10-07,20.341220432243688,25.786582547276925,0.11563803552124134,1.5031760437103874
0.0012915773800455518,0.7788083001795496,0.008666749879317207,0.0,-0.013290982736171698,-0.7667801033401233,-0.0119972958645308,-0.00874290307783436,-0.7133200034244513,-0.00827254019766599,-0.01422294127431279,-0.9474853996870699,-0.013880099580951821,-0.0013363994372525053,-0.06295125545704414,0.002796253353944178,-0.03840941391319952,-1.336241866290599,-0.03050485929979252,-0.012029078940538396,0.0002138726052349771,0.0010810417038842155,-0.013889500400642192,0000909832-19-000019,2019-10-11,20.16905469646494,25.59570877920076,0.11667971681891387,1.2190734162168937
0.001284131708931594,0.6741070169705711,0.009611181009328909,0.0,0.004056272089215534,0.2110184006147835,0.008335293530727372,-0.003342391986321594,-0.24590401914369908,0.007010432669820488,-0.005383283559424787,-0.32337755465652224,0.00018390294379544425,0.0053107774521674745,0.22558266395950316,0.01077589890309516,0.019622701722636745,0.615581703736294,0.024547231971061012,0.007569272915819436,0.015383194975803649,0.0012150747260389787,0.014560637206123384,0000909832-18-000013,2018-10-26,19.955371447027062,25.320508418872556,0.12900868658072318,1.3283833260183964
0.0001019577355836629,0.5153551279062137,0.011332760849198568,0.0,0.021463424032923027,0.946963600420496,0.02079791609678805,-0.00022024016204764008,-0.013741868741942399,-0.0005350559939139021,-0.0033764056116933434,-0.17201180848551753,-0.003915225664286592,0.023694165210676063,0.8535521546729634,0.024708384946901196,0.022000095213374225,0.5853188271499065,0.0193134765196038,0.020913093754452383,-0.03900500302776089,3.9451234632206756e-05,0.013271678623922537,0000909832-17-000014,2017-10-18,20.003633332534985,24.960417207491968,0.15572800502436876,1.6714463913359074
-0.00035566529764077587,0.5338496209085661,0.009785411511644559,0.0,-0.011380619052637462,-0.5815094765863765,-0.010570856117262828,-0.00348336789148776,-0.2517127720696668,-0.0032844584302830215,0.008374353315831664,0.4940962508762062,0.01401952493246994,-0.010091137389642376,-0.42100320290619075,-0.013886167513156522,0.0033542665969317717,0.10335277474122377,-0.001171106840560876,-0.010508998334356257,-0.07828216208618533,-0.00011802134281808834,-0.001198109575289881,0000909832-16-000032,2016-10-12,19.446084335041842,24.91307936611522,0.18298609336932078,1.344807983977748
0.0003535595542174444,0.8096865885100643,0.00652513548526277,0.014285714285714285,-0.007144901133697621,-0.5474906344730015,-0.008581085697338064,-0.012057310309904751,-1.3066097864572974,-0.013279302986832109,-0.01567165709031611,-1.3866433057484855,-0.015241120496641947,0.01096676359999302,0.6861409240820038,0.011616805298422461,-0.002533085592989648,-0.11704799766960146,-0.0067820638863833604,-0.008784834744447467,0.0691905485340536,0.0006414071679373812,0.018800852894510306,0000909832-15-000014,2015-10-14,19.263527162525087,24.922094761057743,0.15939459301195974,1.1979239839424842
0.00026877505985223977,1.0243444352891264,0.00878283013711566,0.0,-0.002374086894858891,-0.13515500458252955,-0.0012353697745113301,-0.006207429650711937,-0.4997609575992931,-0.005897597598936044,0.0073764830961830325,0.48490229627196474,0.007908238618694052,0.025899397261566606,1.2038698791858218,0.027871223213886243,-0.0073731519859067925,-0.2531176095108954,-0.003996829085646358,-0.0014472419573279272,0.004381231713116995,0.00018952507378690523,-0.004551454987873288,0000354950-24-000062,2024-03-14,20.820498835399448,26.65175080215637,0.002779663294365676,0.8841223559415538
0.00016216690326876381,1.1111940229941473,0.011893760983233513,0.0,-0.02716668980994659,-1.1420563204625993,-0.023355314308345587,-0.0061107667278422415,-0.36329673999650647,-0.00505894058768841,0.009888410922822229,0.4800060061907301,0.01032617143855008,-0.03147714143386422,-1.0804395007751941,-0.02884018245219455,-0.05562228652569165,-1.4100460251801286,-0.049320647686182384,-0.023435249615145093,-0.07644204188248083,6.680374885475673e-06,-0.02430406589560239,0000354950-23-000059,2023-03-16,20.740529227392027,26.400966924308666,0.005344250141409528,0.9764522623319805
0.0002529277281202411,0.7942282838132093,0.013441650154641358,0.0,-0.029492028192957362,-1.0970389741461117,-0.036466643979163105,-0.03607825491583522,-1.8979201519803761,-0.03956644565025258,-0.06503940877181977,-2.793594516323443,-0.06574929748602809,-0.07128093189048744,-2.164936466294974,-0.0732337765691059,-0.05558159587590002,-1.246757765119623,-0.0549293863293836,-0.03727005876877176,-0.07984062464206121,0.00024733673058435117,0.025590590427658037,0000354950-22-000070,2022-03-24,21.127580802828763,26.51513117547805,,0.9209107869560388
-0.0010117590158074863,0.7034154566200388,0.011841892459011105,0.0,0.03230647545160668,1.3640756983493385,0.02296670348927532,0.024080580121754257,1.4379071215125991,0.015570322606408116,0.03849065642292522,1.8766080610832572,0.030590167248268352,0.03306429182398159,1.1398888023397906,0.017119452537689872,0.05630002152363012,1.4334782424433796,0.027324047636597126,0.023382405098142378,0.05498419961203527,9.001102354458016e-05,-0.029482495053831177,0000354950-21-000089,2021-03-25,20.796234403027142,26.476828657993273,0.010462650811392495,0.9913456986642428
0.0004539957768124902,1.0234547968276249,0.009319828993871217,0.0,-0.01776072034804626,-0.9528458279505896,-0.014860419677596104,0.019818273045368304,1.5036365228377,0.021400046108443704,-0.00846532658308187,-0.524415049324879,-0.006159006393271604,-0.025128491131393406,-1.1007351693978364,-0.02182009294112386,-0.023030617573466222,-0.7450772407517874,-0.015056684736570625,-0.016808613987780774,0.08296846917035128,0.0001804542646831227,-0.0035929519659178358,0000354950-20-000015,2020-03-26,20.845923980549102,25.998033195406077,,1.0171436633113944
-0.00038865643684830495,0.9469435008895397,0.010055934689874299,0.0,0.026674095712922757,1.3262862446681318,0.024033471726747746,0.012616396700201723,0.8871517105053648,0.010867997082551373,0.013886027015552194,0.7972507462161821,0.011558525637482386,0.03838326138851654,1.558273927541325,0.03460872819824423,0.04457247283898155,1.3364353122111585,0.038583788947258335,0.024399126789421022,-0.006264267055078543,0.00014215582913357873,0.016216865729095305,0000354950-19-000010,2019-03-29,20.373485960086327,26.06945817683945,,1.07773966878067
0.0004226049133690182,1.1410635809352685,0.008239758679916666,0.0,0.011855900423103279,0.7194325030416537,0.01157106445755729,-0.001160022228555574,-0.09954898146933025,0.0005584240700179377,0.011794734655603597,0.8264432846838927,0.010386218722341467,0.010740684943179327,0.5321595494236321,0.010092467674992056,-0.007160760679565786,-0.26202837541321006,-0.003938228886744,0.011610990597634374,-0.07619480425318914,0.00020366792102292046,0.006919505043749025,0000354950-18-000019,2018-03-23,20.50604542314507,26.035770913968566,0.007167583589993458,1.0160768754782776
0.0001430697054627707,0.9360144448875871,0.008357880083016474,0.0,-0.013049954487913303,-0.7806976385334422,-0.012891867972038007,-0.00612061420186937,-0.517826023367221,-0.005715232378873836,-0.0009961885328909916,-0.06881526319059761,-0.0003798950615837571,-0.015401222009761188,-0.7522867634001962,-0.015000510256151789,-0.011220993954463396,-0.40479845859288177,-0.00991073207580595,-0.0128854995357508,0.049725552435275766,0.00010949814008967516,0.0033589850048935735,0000354950-17-000005,2017-03-24,19.926643167726432,25.905160987719732,0.024339980124139512,0.9461459907822192
0.0006211061175740032,0.916500600337186,0.010127066027787025,0.0,0.009420714017680354,0.46512553546266233,0.010930494809156088,0.005533986729125889,0.3864020963647628,0.005994485327937449,0.00710263283727069,0.40492547094110315,0.008215806196134157,0.015959016798995147,0.6433493479549829,0.018450275202909094,0.009816963883612017,0.29227872832048757,0.016379495871165717,0.0110755874762698,0.040979236313243406,0.0007320449429117604,0.0009845538050340628,0000354950-16-000060,2016-03-28,20.19992165330074,25.819834129368218,0.038639423248572,1.0560118413313186
0.0017068340116240613,1.1063871902342335,0.009102351194809155,0.007142857142857143,-0.00196846082903151,-0.10812925072337763,0.005055059602351641,0.0004497509387015892,0.034938438629160885,0.005417225848202367,-0.010150246691876067,-0.6438169143855612,-0.003728873315186565,-0.0005561402101068574,-0.024943367397625274,0.010959652866509795,-0.019683099603325933,-0.6519939408887285,0.000973238017861866,0.0050415213095198474,0.04066874731957071,0.0011746938735308495,-0.005749504668967674,0000354950-15-000008,2015-03-27,19.914774267807847,25.713098774132114,0.06345300414858501,1.154910448907076
-0.00042697004028411604,1.1013986123752773,0.011499837365276811,0.0,-0.022155445145850772,-0.9632938467785658,-0.02336305170122499,-0.008128687002298974,-0.4998200860495558,-0.008391388880001904,-0.02174505006206593,-1.0917120049700333,-0.02274449113639243,-0.0492465566924232,-1.7482701661172184,-0.05193149557957666,-0.05068691528465572,-1.3289474880854437,-0.05648228685043555,-0.023484648585519574,0.1125685326935677,-7.0407592861253815e-06,-0.027178753827007712,0000060667-24-000033,2024-03-26,20.14612057727161,25.70230586764538,,1.1791347074896643
0.000448231618521575,1.1300710556274667,0.013994854317848462,0.0,0.010238092589871826,0.3657806061194429,0.01629933161302277,-0.007788075912774545,-0.3935018661319746,-0.005244467568159217,-0.004449944156048887,-0.18358007865055123,-0.001243883107793109,0.026962449808480927,0.7865300910629487,0.033647246656161145,0.011292727197602265,0.24329552019391074,0.01994642508243427,0.01641482516260817,-0.06426988312118076,0.0003126120697414296,-0.017211508131266408,0000060667-23-000034,2023-03-28,20.188879606710312,25.456158455878064,,1.521553405808881
0.001501851701340628,0.7868200451534512,0.015004541062093571,0.0,-0.0861791163942925,-2.8717678214100606,-0.08410306736372153,-0.03146504546392927,-1.4828275603907737,-0.028254859114496655,-0.06686752057275208,-2.5729531375173296,-0.06206282164561194,-0.07332521201599804,-1.9950555188293586,-0.07238147105316473,-0.1302836704485761,-2.618007741184151,-0.11692821410443366,-0.08285303690176449,0.036652353576262175,0.0008346318305557778,0.010975038374589784,0000060667-22-000038,2022-03-22,20.486670038134672,25.737702929938536,,1.3543840972305246
-0.00019720988359301164,0.8752425730385556,0.017511802144566754,0.0,0.046099812383169944,1.316249806918729,0.044216441228407954,0.0052185626340093575,0.21071966186527746,0.006458239374308339,0.012638365571213008,0.4166769190525966,0.012804396772493232,0.041835444670668485,0.9752993225140442,0.0400599078894911,0.035354903331694214,0.6087268661988247,0.028802234693954598,0.04482339338995378,0.0220479752634275,0.0019254408874089114,-0.036906551350997754,0000060667-21-000026,2021-03-23,20.235624302749617,25.594346671330666,0.0110147144006193,1.6624725113117498
0.000598003614257951,1.1364465324282635,0.0132706262641167,0.0,0.10800481029216305,4.0693185137842445,0.1286928805123867,0.10223593479204258,5.44749896000562,0.1178083240703327,0.156628614078254,6.814265634576441,0.16880196028510497,0.07682184854675572,2.363293767400383,0.10109418889039978,0.09869566031479161,2.2423856005927347,0.1303622477691203,0.14698701656152502,-0.19335696211151954,-0.0003713062382770649,-0.005346334302660325,0000060667-20-000036,2020-03-24,20.03492783008509,24.6587225289636,0.03852652030120501,1.481801978139313
-0.00015877351807903905,1.044053328696584,0.011403155432358751,0.0,0.045799277475635294,2.0081843901588248,0.04555568094944573,0.025431760224595215,1.5770170124394944,0.025209625323379115,0.008579327413076663,0.43437774928067946,0.008708054337615567,0.03551634564685571,1.2715329085761027,0.034734052857257836,0.059835255907498504,1.582106686946444,0.058699862637865974,0.04662912321523005,0.029498856551644415,0.0006980319382175582,0.005222222959331273,0000060667-19-000042,2019-04-02,19.85746371610861,25.185718126795148,0.04203005545921369,1.5752748014604037
0.0005589329037362107,1.0320118187000675,0.013639591295334484,0.0,0.031148087873733337,1.1418262908063732,0.03367589415298844,0.014637453820957071,0.7588381962474241,0.01652940857537155,0.0011196842545513376,0.047395115570194754,0.002855510359467406,-0.0023838203060385747,-0.07135041979199021,0.0019041209909560486,-0.03562128930606626,-0.7874299604519176,-0.02794296585081879,0.034399731945864875,-0.05604067628306597,-0.0001472790228593656,0.013684352766157759,0000060667-18-000051,2018-04-03,20.208141034428532,24.969638351685518,0.0840782859806444,1.8943106978232258
-0.00022385688175950507,1.3095222277547076,0.012620181437643135,0.014285714285714285,0.003964469686613599,0.1570686485848962,0.0026378902488554123,-0.0014018632947700007,-0.07854617993618214,-0.002621939836038978,-0.0010958575806016896,-0.05013348439402749,-0.003048065359644858,0.008676698752169457,0.2806811811656998,0.00667144228706662,0.013439056881043585,0.3210752658416002,0.008277541880452044,0.0026182054156905776,0.06905456269987997,-8.995426424394068e-05,0.004108330019070589,0000060667-17-000076,2017-04-04,19.67963299646461,24.97654381456936,0.09147573356573337,1.5679043365508567
5.489135646028463e-05,0.9511316445007092,0.011079873141525198,0.0,0.003218200836001675,0.1452273322489807,0.0025846165031879753,0.0010600045082412935,0.06764846188144649,0.0005263391950072194,0.003428588038907381,0.17865693965256177,0.0029231683432140443,0.007556320234120149,0.27841968751570045,0.007685048711479681,-0.0023112507492534934,-0.0628949729083141,-0.0023107778121411737,0.0025961831726308837,0.05905959974990671,0.00022453469440681512,0.00020114028511301028,0000060667-16-000276,2016-03-29,19.648651686831805,24.93241003887083,0.1137313927307399,1.4336061079002205
0.0023005717921847644,1.0524940041633755,0.009283782198139405,0.0,-0.017197334644177397,-0.926203042959365,-0.007779233771008753,0.0019063588651031952,0.14519936509924988,0.006484630585479878,0.003381967089798512,0.21032156593214235,0.009799085150218989,-0.02735339107981554,-1.2028476011600302,-0.012959338689962685,-0.0478979417595093,-1.5555915158491536,-0.021653462599160345,-0.007845781366827675,0.03942777653902385,0.0014638818045585424,0.017869380082968633,0000060667-15-000057,2015-04-01,19.50414642726359,24.983086808515157,0.14079631471165432,1.3787383657181707
-0.000399199561084044,0.5354411066338123,0.008710649476358835,0.0,0.0010397046004697284,0.059680084894446844,0.0010180439976676947,0.006707805427063357,0.5445213605747246,0.007506933194575183,0.0026360501818091095,0.17471995471697427,-0.006776845328507086,-0.014777214181733136,-0.6925743532539301,-0.021746604507278833,-0.00517050067716799,-0.1789722586753457,-0.012988590552210022,0.0009278733808655293,-0.03469493567234394,-9.29310090430462e-05,0.005564324265564271,0000063908-24-000072,2024-02-23,20.5701351527865,26.087696200234266,,0.9470022725027609
0.00024474548342275527,0.4097092161536203,0.010293833374533243,0.007142857142857143,0.018427586276825253,0.8950789082332907,0.01769830683358742,0.006136005256305481,0.4214961296016355,0.006603653847353175,-0.00141131863441197,-0.07915663328162555,0.005521294966290169,0.0224818273338551,0.8916180436975707,0.012304550220303412,0.012954731234290464,0.3794503263242864,0.03254727930217427,0.017762686870030908,-0.01795519395434164,0.0004639398870136955,-0.008930747909285346,0000063908-23-000012,2023-02-27,20.328562284007056,25.985339829212307,,0.9842411496257898
0.0005162109286794214,0.5423003829898432,0.007780757143126511,0.0,-0.025388159316514725,-1.6314710027251347,-0.0338958391060008,-0.007104478665300755,-0.645647325654826,-0.015194044143111207,-0.026870198404771707,-1.9938311910786441,-0.04128930024759536,-0.04062322834554455,-2.1314588310781897,-0.04206201922847386,-0.06501362567950135,-2.5193365290701184,-0.05091524846351725,-0.034035098291681165,0.05164400376188649,0.0004806805394165162,0.019655360853856642,0000063908-22-000011,2022-02-25,20.335564066088747,25.928373909274878,,0.8915222219507745
0.00016484911102248855,0.5258728360977122,0.009446643558292766,0.007142857142857143,-0.011973001054959782,-0.6337172023628035,-0.014117287120094302,0.004923105243529322,0.36850772242154567,0.01147676261259456,0.000608025610561792,0.03716068546101459,0.006730877544027236,-0.0128230436472778,-0.5541635624590824,-0.004611229477171297,0.011486272556073186,0.3666107926267711,0.010610950995144974,-0.013733129640764008,-0.030469359355834946,-0.0004915204946953018,-0.016062229641852784,0000063908-21-000013,2021-02-24,20.189162888648184,25.783036068419452,,1.285373664274971
-0.00025777575753506643,0.5396012275742327,0.009736172105472092,0.0,-0.02346684142993309,-1.205136945799461,-0.008627883608839704,-0.04245607619255756,-3.083447894420157,-0.01884600320816654,-0.04958891721534194,-2.9405986657742536,-0.02449698453223481,-0.0318024341586023,-1.333510668997096,-0.021291366207822016,-0.07167542762800995,-2.219656177314419,0.023921424460317642,-0.008195843086062804,0.07557244189678347,0.00042544572095741713,0.002912759357615327,0000063908-20-000022,2020-02-27,20.151163292396546,25.777077770507614,,1.0659052457616836
0.0009048952160133675,0.3609826934149826,0.011031220699331329,0.0,-0.002880374015825744,-0.1305555429600072,-0.0032920072985365145,-0.005657047329286456,-0.36261957194584765,-0.00873124378345258,0.007564558777918947,0.39591267057117135,0.007648711679716813,0.00942361393960705,0.34875326908011267,0.008221090608588444,-0.01732306600563429,-0.4734834943411792,-7.462799918611651e-05,-0.003297953561112399,-0.07878520078524431,0.0005479165491103195,0.00901453802122646,0000063908-19-000010,2019-02-22,20.217376039649192,25.664248467615657,,1.2867561713603004
8.291597545782609e-05,0.8025385336044011,0.008612296562183984,0.014285714285714285,-0.019528794230714245,-1.1337739062809258,-0.014187520825748479,-0.014065145060839699,-1.1548092171561428,-0.013711749774704685,-0.012073020629304468,-0.8093499405103199,-0.014801696065824488,-0.06172415048824081,-2.925907013909005,-0.05939689138376136,-0.03661594829743662,-1.2819024199220488,-0.03836100814555443,-0.013750714438730993,-0.06041640594830899,0.0006211942397470996,0.01605320418647062,0000063908-18-000010,2018-02-26,20.13346562433784,25.587339091854936,,1.0991603904594434
0.00010393796708334962,0.4968917357884863,0.007249290572249224,0.0,-0.002276843827259336,-0.1570390788289856,0.003948106903876369,-0.006473936578041101,-0.6314775783479404,-0.00357141115494386,-0.0024049228864883258,-0.19153362140145594,-0.006277888779313567,-0.0012007311581219147,-0.06761991918029488,0.005978869068557158,-0.006443585988348544,-0.2680006072161919,-0.0022682263782923817,0.0039132121595046865,0.005236087829202263,6.298287669766253e-05,0.0009602049218379698,0000063908-17-000017,2017-03-02,19.700003639586583,25.383786266808862,,1.4404716985788046
0.002263055768569383,0.8298597713000254,0.009124409356342714,0.0,-0.01537924046240448,-0.8427526572837178,-0.009384779230846907,0.0013006592189661204,0.1007961083096761,0.007526657233893341,0.000811228306208122,0.051330761550930096,0.00736948392461223,-0.0364610598428482,-1.6313565917552961,-0.02709822888712332,-0.0202965177219164,-0.6706878340927833,-0.0015322480326825927,-0.009293000624198466,0.0012367180466138494,0.0011432425134617714,0.004663557426821719,0000063908-16-000103,2016-02-26,20.309750136146697,25.393505604711596,0.0664137833868765,1.830651463865631
-0.0003965216490268487,0.7005707213111205,0.008052985437934992,0.007142857142857143,0.06205475542024121,3.8529037397684505,0.060191138954277634,0.05848941658525461,5.135767773806363,0.05836761943412827,0.06405729948804968,4.592520300455125,0.06271292390937755,0.0716153085277599,3.6305575743096363,0.07163166759927941,0.03942951923584191,1.4762782638164083,0.0458210763516379,0.06110009197268962,-0.018304317458149533,-0.00021963873285764507,-0.008594631119691295,0000063908-15-000016,2015-02-25,20.02196035996237,25.23727482268704,0.140802001810118,1.4695531837598714
-0.004243088544007593,0.7756665927038093,0.0236684390157933,0.007142857142857143,0.046818933394983726,0.9890583270773103,0.024745909278014344,0.02900080042141414,0.8664138190159514,0.017844208068284795,0.04173436404782785,1.0180369859369722,0.027488344671076415,0.06885984120955543,1.1877383395100862,0.0454962156700327,0.09521491273192545,1.2129391525356175,0.05055397893034952,0.025516650918249173,-0.2825865068672301,-0.0020648200972014463,-0.019368370588625755,0000320187-24-000044,2024-07-26,20.83550575372463,25.40883394342896,0.1331526940545898,1.6457250263574064
-0.001108588824360816,1.1646166548163932,0.015885516842918827,0.007142857142857143,0.012743660838791832,0.40110941824573,0.009464500093974038,0.008710888194891188,0.38774489830408576,0.0072111508184803386,-0.0036982180269676465,-0.1344096760908019,-0.007418841880236782,0.004849402520460372,0.12462674701274191,-7.848547125310912e-05,0.03916991521194281,0.7434554329791548,0.02493200149078212,0.009430492438305071,-0.02625992706902358,-0.0005471388488627725,-0.01678267156585267,0000320187-23-000039,2023-07-21,20.555315787362048,25.840322360580313,0.08393492182854052,1.196217517401392
-0.0012961253344024853,1.2554959451798235,0.01586865247946872,0.0,-0.03607772712619432,-1.136760892989264,-0.03957703566878623,-0.008273281698247072,-0.36865723785091803,-0.012913919990042988,-0.014768145905671382,-0.5373104631979756,-0.018185368790762935,-0.0020725185249357778,-0.05331909220738356,-0.0014340338065220726,-0.008951219561137386,-0.17007709060244486,-0.013835274392652419,-0.03985238645158873,-0.03343634195582301,-0.0009664222064046798,0.02486282101423419,0000320187-22-000038,2022-07-22,20.468864097069144,25.895031171719793,0.0867126840145652,1.0403432353686344
-1.5030998527015436e-05,1.043520942992524,0.01847228075042615,0.007142857142857143,0.009551285523350765,0.258530217583728,0.010482835908959487,0.013854532242982987,0.530342399595401,0.014270929402195875,0.00989248486477072,0.30918915085772036,0.010953742086419416,0.016951308703939294,0.37463391191414025,0.017639600757912488,0.05490625680428395,0.896200070714588,0.05554238763184649,0.010535953427195599,0.16852302576217326,0.0014075269455946717,0.017886003190572278,0000320187-21-000028,2021-07-21,20.646066296437812,26.24979798889995,0.05080967777727183,1.0194117609663065
7.192483291370785e-06,0.9940540034558402,0.01663118669324313,0.007142857142857143,-0.025911613988350526,-0.7790067680160738,-0.02593992488698571,-0.022995090711588357,-0.9776803589589899,-0.022986186447357948,-0.015526209573275601,-0.5389910799490397,-0.015473304728421677,-0.025153568165805502,-0.6174484955381063,-0.025255801234575048,0.026038620566163913,0.4720612931994773,0.025854353890712556,-0.025869753059492462,-0.03701890851675904,0.0002569334634346637,0.01171138672018765,0000320187-20-000047,2020-07-27,20.21880023677467,25.756527770170383,0.05249859264031384,1.179480241211188
0.0003828236552711442,1.1588418819846247,0.012740980718224874,0.0,0.003028556630279228,0.1188510012399257,0.005385403844101133,0.006589546110009458,0.36571068133429413,0.0072639779412656535,0.006762626477835177,0.306444558998674,0.008907548999118942,-0.0003452247327253317,-0.011061739286628217,0.0006385939378453775,-0.019988386469136112,-0.4730189467776602,-0.022217144393521626,0.005454248015508645,0.008545464886838494,0.00033303367627366586,-0.026846097006157286,0000320187-19-000051,2019-07-24,20.02589307626893,25.64295464112677,0.0660046800397652,1.0989680952079508
0.0011464267481800352,0.9894906336088309,0.01471137793651364,0.007142857142857143,0.007789143378478277,0.26473194462449445,0.012440503118209878,0.02611270891634357,1.2551151652537005,0.028341777820331315,0.006395771656993747,0.2510030334191663,0.009721022962245418,0.022389967444184318,0.6213330914395627,0.029293778710981933,0.0388466652052395,0.7961667703011722,0.05131792153109449,0.01200436890995793,0.024230893730594283,0.0007682063349140455,-0.030372145116487698,0000320187-18-000142,2018-07-25,19.83975269188479,25.532564830556144,0.08000286221878176,1.2597225027712773
0.0004488278486608644,0.7968496227181427,0.014716764553456937,0.0,-0.01538636781335518,-0.5227496763118682,-0.013951491740034516,-0.002055206278629063,-0.09874794769441453,-0.0008667191856264189,0.02064077036704228,0.8097536849493081,0.022309301249778368,-0.009096472025122395,-0.2523393739173636,-0.00629389013001691,0.0056854793880384835,0.11648188897973322,0.010342341255178078,-0.014292068408092273,0.07278484225716753,-0.000234377517172792,-0.006324937181802553,0000320187-17-000090,2017-07-21,20.0313381121027,25.307988157715158,0.1266330821118738,1.4225251538183135
-0.0010332162836030512,0.8372470321637151,0.013428385839394583,0.0,-0.017525335864566182,-0.6525481198623464,-0.021766713563878715,0.0034399462268428563,0.18113936648899018,0.0011224689012405697,-0.0058331825228713375,-0.2507963012152936,-0.00859592632955486,-0.02336198365251831,-0.7102484246472406,-0.03019670962744725,-0.015294661583501613,-0.3434153616121704,-0.027998334733048358,-0.021707778214521523,0.0408807437262203,0.00013698681421746417,0.005676806749143682,0000320187-16-000336,2016-07-22,20.065591182193593,25.303046181438717,0.1257321335239691,1.4150858144954004
0.0009398863500398897,0.9993843545605092,0.008004304020303167,0.0,0.0013569398274290998,0.0847631364317984,0.005114498781860766,-0.005422182061131479,-0.4790000098108345,-0.0035322645441930867,-0.001478473331924932,-0.10664224822187753,0.0013548249633650311,0.004328376111255349,0.22076274756961212,0.009967088752484088,0.006146785199359496,0.23154111407919545,0.016492637336550486,0.005016309602525082,0.09589826787721101,0.0013564729954824606,0.004932083159849352,0000320187-15-000113,2015-07-24,19.397721311358616,25.303221605974407,0.13031473105815644,0.9980728521216321
-0.001887655763022185,0.7922960664353537,0.013500505301067564,0.007142857142857143,0.11023831542361777,4.0827477551858955,0.10504966524374004,0.13595369597957313,7.120754239245294,0.13617735494635252,0.1547877692115959,6.619512249997769,0.1530755378034243,0.130158009954816,3.9359108321693896,0.12008025409942946,0.15239966225724239,3.40359312897308,0.1299722431036081,0.10585943808702303,0.024224811130388546,-0.00023927047247744145,0.022374066652372543,0001744489-24-000276,2024-11-14,20.45637709163966,25.949118353030904,0.5413190465623093,1.481802228881546
-0.0014563599165577166,1.088093934628368,0.014408304241536527,0.007142857142857143,-0.018525376395772668,-0.6428715026146994,-0.02402628118179584,0.014821995490409051,0.7274092319462976,0.012319617459281007,0.012374056419141927,0.4958366151072711,0.008237286699679047,-0.01664648077938486,-0.4716653123434252,-0.024810110297295296,-0.017164885393378917,-0.35919616824588774,-0.03226160790956634,-0.024325682189002107,0.07308033970313721,-0.0005100836034302462,-0.044994022680698346,0001744489-23-000216,2023-11-22,20.873514444735488,25.875824984963053,0.5742759637327544,1.837508192663533
-0.0008758979957369203,1.1627322264885533,0.015151173297611994,0.0,0.00498308537971295,0.1644455278093329,0.003268142924443218,0.0077164960649415,0.36012964721216906,0.010859724368429746,-7.220723531448786e-06,-0.0002751527286195643,0.002001061793533654,-0.01381854593896646,-0.3723406527974019,-0.019931565205267177,-0.006049553060669592,-0.1203873021308851,-0.013989047577869673,0.002682563517482306,-0.07800322881801891,-0.000807501855226521,-0.0014980043553114563,0001744489-22-000213,2022-11-30,20.9489429975669,25.874682436565116,0.5502098648741951,1.689481430206854
-0.0010599374368537085,1.0276899845662704,0.010927996797554122,0.0,-0.016377274945038836,-0.7493264890370557,-0.02173296210687503,-0.011459881743626919,-0.7415229197658791,-0.01384349328398804,-0.010705031474478547,-0.5655705174489914,-0.0140850637629929,0.008705965883839864,0.325237621748739,0.0013895069664076054,0.019036845420945848,0.5252403496927359,0.007469906932815129,-0.020647155094768777,-0.2036355716199787,-0.0006898482993417983,0.019051066473605185,0001744489-21-000220,2021-11-26,21.307726995998298,26.340342504335855,0.3219125273386645,1.396541244669038
0.0005015619418957958,1.1448606083303825,0.01864684245999727,0.0,0.01595663773133444,0.42786433589402395,0.0195366199314565,-0.005651110024215223,-0.2142957033034559,-0.004966472247250775,-0.0201815600062245,-0.6248687480068948,-0.01922488007710188,0.009016443663130572,0.1974032718640412,0.014789162144112189,0.1570815957222035,2.5399411850143983,0.16396453823122692,0.01947324930745653,0.14862274978432433,-0.0005443365107711536,0.06596754803870489,0001744489-20-000197,2020-11-27,20.974296822242362,26.32141074844525,0.3096524432191479,1.9308218121440348
-0.0003208934625355859,0.839410570677711,0.009886268794479547,0.0,0.02436761036508292,1.232396714657895,0.021430761078054972,0.009402688562307656,0.6725191254667832,0.008665803230047842,0.003104372842915701,0.18129291583930665,0.0026497975325742162,0.02447760930906681,1.0107900526282358,0.020872764154907242,-0.0014060860429919763,-0.04288280060231322,-0.006886863240667229,0.021742154580567385,0.07520844198559529,0.000680662502577638,-0.00042375221086920437,0001744489-19-000225,2019-11-21,20.946179714099657,26.302340230831522,0.3356047997487257,1.3854631993605937
0.0009238747188081939,0.8244446431384822,0.009643681190548647,0.007142857142857143,-0.005628345020405082,-0.2918151745788309,-0.00811471164503974,-0.013460616667630751,-0.9869771860524216,-0.013188920006598215,-0.006524481305182022,-0.39060924593414675,-0.005863175918319641,-0.01762447613334484,-0.7461012148359748,-0.019314255502694166,-0.009278829482883624,-0.2901041934312298,0.0014636223990055486,-0.008258869840834127,0.04519975758132522,0.0005121872128919682,-0.01613740222337096,0001001039-18-000187,2018-11-23,20.539596675443857,25.84880284779443,0.28985915981162713,1.3469672268021746
-0.0012378772781955205,0.6385567223254699,0.009469272327304927,0.0,0.022047276607374384,1.1641484078877111,0.013065268532795216,0.0018963499214651037,0.1416077014813444,-0.0011836790274283304,0.0010890844108646307,0.0664024812096495,-0.002957644979126206,0.020696814002663783,0.8923007642595541,0.007010240448860783,0.02450188011338291,0.780164997089259,0.0033489336804408687,0.013170779765990792,0.02813892355268477,-4.424155154756828e-05,-0.009223149677329883,0001001039-17-000198,2017-11-24,20.427823087408754,25.767783721643113,0.26625727069850114,1.1954142376473456
-0.0007473094119428799,0.7224308543723936,0.006295894571746702,0.007142857142857143,0.013681455188829761,1.0865378249999862,0.011430068418924244,0.009679863794081006,1.0871683526075728,0.008557228910924364,0.015472471553054609,1.4188667733212326,0.01337824460646786,0.01116578803987368,0.7240295762601396,0.008285388062987398,0.06366728614781356,3.049035976267743,0.04858621142187536,0.011432956806349592,0.038079926013954934,-0.0007464758370651071,-0.012809362027010275,0001001039-16-000516,2016-11-25,20.32970882355354,25.775535336373107,0.2766711933830438,1.2969251670915298
0.0006684888078772955,0.8897798432499389,0.011344903690645877,0.007142857142857143,-0.03816671482116191,-1.682108366095307,-0.03501192422219068,-0.04198473899355096,-2.61683082185751,-0.040201658564518405,-0.0364340969755683,-1.8541572736196343,-0.033968294758881634,-0.04248371805267758,-1.528783825803194,-0.03867003993665008,-0.060653250007404735,-1.6119698731177787,-0.04926580140929915,-0.03487186892510996,0.06378095695389097,0.0011268151021080097,0.014228562815062289,0001001039-15-000255,2015-11-27,20.5287163939544,26.00231178088255,0.22695690740081712,1.1839301235463477
0.0005436544558892198,1.2452223665248499,0.021353607946069254,0.0,-0.011132288918857654,-0.2606652924174079,-0.00813763068879092,-0.022808586818765443,-0.7552871837660572,-0.020015480482050818,-0.007558434333078528,-0.20436190960686307,-0.004381505862209645,-0.031182840672477372,-0.596168171135187,-0.025262169607334406,-0.06112608153223937,-0.8630956922175819,-0.048584218243601485,-0.008213311705110637,0.15007451398814764,0.0003830724855947797,-0.014653430486142933,0001065280-24-000030,2024-01-29,21.55306207820401,26.23206582690033,0.08340254910735963,3.4162744273272985
0.00413551091574465,1.5768623052429729,0.026094534546281897,0.0,-0.04696717138497714,-0.8999426930124972,-0.021990896516878022,-0.024224330731131723,-0.6564282071905967,-0.021995307006449583,-0.054115414685852986,-1.1973215763159575,-0.04140086431741741,-0.05125138938190163,-0.8018266070984736,-0.01549776294025662,-0.10550229503497098,-1.2190345367385182,-0.055406914602898705,-0.022369479768940437,0.1611763396206226,0.0008827797829456215,-0.016096844130947002,0001065280-23-000035,2023-01-27,21.80402779135465,25.813904920940917,0.12786590539051074,6.005068508680526
-0.0001876363480147618,0.7492597639277959,0.01472839858306091,0.0,0.07113115268672747,2.4147619405321907,0.05545676969031754,0.07323284159176427,3.5158906518630437,0.062017166171290494,0.15251702374899567,5.978636728283268,0.14246371966664917,0.041582851280161565,1.1526119321121047,0.03035597145426361,0.010129952067442324,0.20737457987289726,0.0024452367852715318,0.04987048631632662,-0.41308354975686734,-0.0007027937660284433,-0.06671240493603636,0001065280-22-000036,2022-01-28,21.754313019938387,25.868901175864266,0.09231826363474606,2.0656768221058512
-0.0006603730746224056,1.0811976102545473,0.02529387738294134,0.0,-0.007961142671531949,-0.15737291975846082,-0.00965690326152513,0.005806061940953202,0.1623122350235621,0.00422063532781447,0.025190167588262546,0.5749830212992021,0.023736907404311003,-0.0015090959052821273,-0.024357112756976673,-0.003327871522741166,-0.0008623661679172875,-0.01027968859303764,-0.0049831294970386075,-0.009719909791969572,-0.007791980787355657,0.0019941096400294712,0.030414297133539908,0001065280-21-000040,2021-01-29,21.693144862019604,26.197817060613602,0.0463866971418195,3.8298063884679947
-0.0013355775727958174,1.2828336591553358,0.01886280381707538,0.0,0.06940182926683465,1.8396477517305587,0.0662270335235352,0.027089734912961617,1.0155083752798688,0.020297279968631066,0.014158070280753913,0.4333483912078502,0.005784856564196916,0.04780467680270979,1.0346382102122549,0.046081385348181625,0.08251177887048161,1.3189045293585262,0.07649947412942115,0.06793933486178916,0.12872583827789463,-0.001145360323464988,-0.0045433797368266225,0001065280-20-000040,2020-01-30,21.475866329808454,25.73776630478171,0.05035271473368793,4.084492803571899
-0.00015499681211873686,2.0588421706215976,0.02228962490185107,0.007142857142857143,0.0022948765614948796,0.05147858188731338,0.03536883923506973,-0.017053723924898907,-0.5410052383060893,0.008203781022728895,-0.03404004546665461,-0.8817119848332678,-0.010479472618271979,3.957507536886482e-05,0.0007248420256267239,0.03543368943740732,-0.015364725983206377,-0.207838364739854,0.02766413485498509,0.03607963857959695,0.21503169083249374,0.001676611662858712,0.059828656042082595,0001065280-19-000043,2019-01-30,22.097202134667533,25.6902785232449,0.036482342492815,6.685730142188249
0.0005543490297267595,2.1265279350461346,0.01797000361733963,0.0,0.005119733552452099,0.1424522126281589,-0.029011946119626653,-0.0298047289906837,-1.1727947544987638,-0.040422995503789805,0.020336864040008645,0.6533940770408194,0.002689189412618309,0.049891355222574395,1.1334477673052752,-0.009648183628386486,0.04436093933984883,0.7443140664804486,-0.024882479231080556,-0.028266703015954797,0.31350116750109647,0.000492735638132724,0.0009730086424299695,0001065280-18-000069,2018-01-30,21.170999912853155,25.539485866692686,0.029004305055500647,3.7102682569486056
0.0021508585633873084,1.2838743857199921,0.025150066148173552,0.014285714285714285,-0.02383236503072038,-0.4738032276000819,-0.016940913618640363,-0.0076896714204671476,-0.21619898629585063,-0.005346531119037934,0.01638704038057175,0.37618438532939796,0.020635072340035254,-0.022068469944117965,-0.35822629947609835,-0.009413518327551995,-0.036684270015767975,-0.4397890451716045,-0.008879346193287674,-0.016783761769835093,0.10767819355171926,0.0008914740327395044,0.0026799149745411854,0001628280-17-000496,2017-01-30,20.65488547093546,24.839243554768174,0.043707500609417,6.736587599302884
0.0023454058268477605,1.4681948288363973,0.03153090788620494,0.0,-0.06344772115811761,-1.0061194778643936,-0.04911918456266984,-0.04311539617188831,-0.9668985465535915,-0.027039499841529202,-0.01781258396731302,-0.32615934135503827,0.003197169448466375,-0.1317345690170333,-1.705641105872725,-0.12065323642969683,-0.07654423031398308,-0.7319470116411176,-0.057382927699148545,-0.048997841891672334,-0.19418652997691566,0.00272675356612495,0.01670600338518666,0001065280-16-000047,2016-01-29,21.466494879627813,24.42247050236206,0.055014669239585964,10.820172604581503
-0.0021892844573723523,1.2368831435470178,0.02292660453607602,0.0,0.00788252758096861,0.1719078716729533,0.0015543770792615375,-0.0017438123995459666,-0.05378300004677368,-0.006129369732142842,-0.008319257913175959,-0.20950009357347857,-0.012635493479605464,-0.005930229551641479,-0.10559810863864973,-0.015008795603567937,0.02841569466569165,0.37369922320081433,0.013156458325599085,0.0010400191942474546,0.31636585880705337,-0.00035328615453141324,-0.03637347292864628,0001065280-15-000006,2015-01-30,20.522934159632495,24.01349625458518,0.06919082942971276,10.95760192860329
-9.377039803657453e-05,0.8850824342411588,0.012216874072602798,0.014285714285714285,-0.0652852479785368,-2.671929316392954,-0.0682232449779071,-0.05133966692379783,-2.971515169096106,-0.05419078249120868,-0.039348826177429866,-1.8595636863264204,-0.040442879177378876,-0.14558045975599243,-4.864826588792444,-0.14971865587828925,-0.13717765039649946,-3.3855319757957596,-0.14253397784218547,-0.06796016048947573,0.012819828823947055,-0.00012052078774633368,-0.040451911796220666,0001166691-24-000011,2024-02-01,20.376722481729814,25.9799164558957,0.4311088183901718,1.1041280729229903
1.839623946611521e-05,0.9141651347427324,0.016029061754193358,0.007142857142857143,-0.04061268174838127,-1.2668452580437717,-0.03940792432994544,-0.013650097579074379,-0.6021610441108003,-0.01419114949710032,-0.031932953827687405,-1.150192055602509,-0.03156682289276713,-0.02195457411977529,-0.5591666867161235,-0.021884144061447897,-0.022635365639969228,-0.42577785485984504,-0.019545588886659027,-0.03849764511309606,0.09790105628471535,-0.00034413281273862133,0.04633715358616604,0001166691-23-000010,2023-02-06,20.40863844320498,25.894362312736348,0.45962181334994984,1.3646219719977997
-0.0010531181224587428,0.6849706251767198,0.01400127366927085,0.014285714285714285,-0.0014424735452414567,-0.051512225934391614,-0.0010761019204047484,0.002034552201081747,0.10275105622857526,0.005987638903087955,-0.0023651825407730778,-0.09752961115208694,-0.0024335831118627027,-0.0025702980080249916,-0.07494459379519587,-0.0031765238212813074,-0.02267772339247614,-0.48835491924101265,-0.019938129856208242,-0.0008212472301142304,0.04134329753508059,-0.0004362624443814767,0.010524825834229338,0001166691-22-000009,2022-02-03,20.679260961460596,26.157660771871118,0.4193334429295117,0.9435025542165325
0.00029529763801420985,0.9666368591188906,0.011900623663226601,0.007142857142857143,0.022551145836693542,0.9474774799566797,0.023030487979300074,-0.0020401235765734518,-0.12121929541485174,-0.0019416618994074764,-0.017183375694605443,-0.8336392161969354,-0.016823272084389607,0.030355713654720746,1.0413461139557016,0.031381702801054345,0.009892358630375383,0.2506304237572404,0.012476554762804515,0.02341764151100878,-0.016177043433029947,7.887348370611968e-05,0.05771078124227039,0001166691-21-000008,2021-02-04,20.455900636902353,26.16503300750313,0.391263107523199,1.136832620217201
-3.815694075744625e-05,0.987178571898819,0.009060468152452376,0.0,-0.004243276806142737,-0.23416432433429055,-0.004598224186208366,-0.023400499046514197,-1.8262468650100474,-0.023342813535534468,-0.007527353982315438,-0.47965731735386324,-0.007548012367995849,0.0012449267900940713,0.05609414715187814,0.0008402723098857035,0.01605103662624738,0.5341412335009271,0.015254421485971115,-0.005345988235142318,-0.023816315811958977,0.00034690443509694825,-0.009627637254545553,0001166691-20-000008,2020-01-31,20.429411387259258,26.02531976690862,0.4120873292134922,0.9675745854486436
0.0010555635670920383,0.8502856049888904,0.013242393659393429,0.014285714285714285,0.0034852696264226725,0.13159515251045317,0.0061866009409788925,-0.0031645243347550025,-0.1689767480026422,-0.002202432232643603,0.020645401395723437,0.9001112910499887,0.021375903131792495,0.02035292290354791,0.6274580106159475,0.02646504289133289,-0.0012663952558588706,-0.028834102518169587,0.006403074940460773,0.006233776439113825,-0.0664889807097252,-0.00022101887827635043,-0.015998077271713936,0001166691-19-000005,2019-02-01,20.292253718713404,25.84506599271311,0.4271912242491567,1.3431183254660275
-0.0005241690150095132,1.0814540841998823,0.014221047206721895,0.007142857142857143,-0.01695014795469149,-0.5959528756320992,-0.022744427311336968,-0.008983174249845611,-0.44666636263212484,-0.011811824563272344,-0.004500222145340129,-0.18270134605819602,-0.007813211618024729,-0.006616373048670222,-0.1899384023501483,-0.016923884934918698,-0.01694888830411883,-0.35934639885434816,-0.025239642667697737,-0.02168054874673231,0.017526934998219224,-0.00022366144501385763,0.026366359631854734,0001166691-18-000004,2018-02-01,20.434685084493328,26.022738781892226,0.34263383088852967,1.0653641706592858
0.0005756210023028268,0.8064610791270042,0.007572100482384699,0.007142857142857143,-0.008970274597966236,-0.5923240598057414,-0.007549813454744481,-0.004902036194532452,-0.4577677016885223,-0.0033852905574395242,-0.009072698277929937,-0.6917664134575046,-0.008386345081349833,-0.008177060359264583,-0.44086458182317445,-0.007310801899453212,-0.022798850705397947,-0.907821039486173,-0.022124430385831007,-0.007604615024382921,0.05621099473903435,0.0007164218251149845,0.06658727874205601,0001193125-17-030512,2017-02-06,20.19127194671337,25.923841400026415,0.2974088077485049,1.0050102077799858
-0.00017046916183476415,0.9608967384572187,0.00853917615783253,0.0,-0.030388911398562563,-1.7793819237871347,-0.030002969158861803,-0.005622875087410379,-0.4656155383825677,-0.005384398643008548,0.032921134515563055,2.225861783768693,0.03371181880626062,-0.03914071105449631,-1.8712728347782523,-0.040504781581394256,-0.05035798247965228,-1.7780992834696827,-0.05311357483663004,-0.029613179503740206,0.09162984784758155,0.0002559583504484183,0.0060119020866987085,0001193125-16-452423,2016-02-08,20.110402930874734,25.718403437798827,0.3539023895009409,1.3702404266139678
0.00018507399982437556,0.9650702684315604,0.009367998833760592,0.014285714285714285,0.01674848281959794,0.8939199885059445,0.01754487758829204,0.007853820423889348,0.5928149414301568,0.008168556697090601,0.01441029082239011,0.8881069941452924,0.015013364019738407,0.030226523317433536,1.3172425285256706,0.03175038066202496,0.015393699967774819,0.49545001634540947,0.017801661672100066,0.017642612117746537,0.011294533020007935,0.00014536114161282793,-0.015441288585389717,0001193125-15-068526,2015-03-02,20.197639696608732,25.75617483131689,0.34366606582860093,1.3933317085507178
-0.00041738961564393064,0.40004172436041474,0.01365639054264289,0.0,-0.014192150594325867,-0.5196157267914254,-0.02383222571484178,-0.012828390244338773,-0.664234206333982,-0.013692084248117742,-0.012254079023279784,-0.5180648430249375,-0.011263269832366474,-0.02975159984394181,-0.8894033703069232,-0.03339511151183916,-0.01984043125804435,-0.43804511059757206,-0.03696785560916316,-0.023942960996297113,0.0125147179275088,-0.0004610892161564337,-0.001126792843496132,0000093410-24-000013,2024-02-27,20.976522563928615,26.3822434518766,0.5611088485391866,1.1475829383825014
0.0011138579311542806,0.7085748252118912,0.01754580655810958,0.0,0.007193189371295549,0.20498314932039685,0.016085806483327247,0.008550446027409887,0.34458822671543937,0.012953518780124629,0.013513429617182828,0.4446636409284663,0.017477230401951482,0.006061915823030197,0.1410460535679447,0.01026674943584538,0.0008695117806133811,0.014941898808166983,0.02409653646793264,0.015927011056794282,-0.09949663544382092,0.0013712811587911122,-0.021510627157264726,0000093410-23-000009,2023-02-24,20.96437780362777,26.455790320747898,0.5158969371682748,1.4035845866898475
0.002433589760151547,0.5497525150794369,0.012800431333845775,0.0,0.11360647513438193,4.437603396769673,0.1129404494245555,0.050971960723939766,2.815734730982966,0.04686567445467882,0.03515139197090772,1.5854673243027564,0.026744408635164474,0.14503905207935922,4.625777328716618,0.15517838893762048,0.22504753841743425,5.300945267581875,0.26009998985963156,0.1202344696827995,0.17814451178837187,0.0009828650647273622,0.024374213942232274,0000093410-22-000019,2022-02-25,21.02775096538943,26.294002822222357,0.5295216887918732,1.3904414508397245
-0.0008250544292166437,1.070071928193672,0.020460787116988503,0.0,0.018141478570082498,0.44332308591930236,0.014693652638915422,-0.021185150936436407,-0.7321401567770945,-0.021501051788966552,-0.0034582515850482345,-0.0975828775372606,-0.006314484109962382,0.06513365249384022,1.299593321128856,0.060461667736791846,0.06457576191689472,0.951592169517777,0.05761695487390428,0.014627315858019352,0.08809277916231084,-0.0006981984871713438,-0.01631718771191115,0000093410-21-000009,2021-02-26,20.432961493496308,26.00730504832781,0.6679087457361751,1.4938505560171924
-0.0014519121938553802,0.9255135808697587,0.0095176720547272,0.007142857142857143,-0.034820020308755306,-1.8292298846050823,-0.03230489884395216,-0.01570096426990308,-1.1664888475435473,-0.01385303017388606,-0.011799407761040909,-0.7157623427182045,-0.010619930028345936,-0.040474895228135535,-1.7361185265238595,-0.04367925097994907,-0.09422021852665613,-2.984812316607715,-0.09627827343714301,-0.0289469205908226,-0.09270891516766833,-0.0007707240250597471,-0.020209874434807942,0000093410-20-000010,2020-02-24,20.127586213759546,26.045618022455876,0.7039409443872757,0.8415901974239136
0.00024579755332878347,0.8734399124819532,0.011444059329549235,0.0,0.0031794353964083926,0.13891204619146386,0.004533212812210086,0.0037244266026884368,0.2301252755648114,0.004160157394050734,-2.2808522931808996e-05,-0.0011506849514923271,-0.00015266985843742642,0.021280524501098352,0.7591482617811587,0.022744348468219044,0.035363969999705216,0.9317181812127848,0.03846772183347191,0.00452059903506441,-0.00931307855348873,0.0004759480439579916,0.016722830065484424,0000093410-19-000008,2019-02-25,20.19182254881393,26.14754819439727,0.6813093567567857,0.8508788414967935
0.0002713350173788345,1.0960686197843024,0.009686958976690592,0.007142857142857143,0.013457511464322242,0.6946200297071871,0.014925465429538765,0.011424941158251033,0.8339720842315931,0.014636915423248631,0.01769698365790426,1.054753953570065,0.021273820648737063,0.019462582368282376,0.8202332640184143,0.02068037157057434,0.029165837127160758,0.9078009712962141,0.035105481427220475,0.01482273975030024,-0.1275553844716144,-0.00022012679471261517,0.013013494334796588,0000093410-18-000010,2018-02-23,20.13653032438292,26.069981524884067,0.7056288223473264,0.7459291041773782
0.00019650784006287284,0.9836205198487464,0.00909351023962017,0.014285714285714285,0.01150369300205137,0.6325221338581718,0.012066851633540931,0.0038322733983146597,0.297995651393504,0.004184154515964211,0.00902153811133911,0.5727807326143906,0.009563064284360046,0.013488500177801925,0.6055590188392594,0.014532403038038266,-0.009096740311745604,-0.3016184433068528,-0.0069981259337505985,0.01216046250733993,-0.07069537757160749,0.0005401901261663343,0.029109439221202262,0000093410-17-000013,2017-02-24,20.022552695586395,26.07119343785904,0.6925556323504867,0.9155121657222903
0.0007486864418704941,1.3268787509429307,0.016500792307413897,0.0,-0.004801765660673779,-0.14550106356154544,0.004067648193635587,-0.010166140265527401,-0.435648578948429,-0.011934642670952234,-0.025620922622150797,-0.8964567456642126,-0.02293122851068763,-0.0062829605707287114,-0.15544756059376505,0.006308116099397965,0.04977939650491683,0.909595884418438,0.0697908351100992,0.003765932662271876,0.06319526836358502,-0.0001493738692981869,0.010229201192123621,0000093410-16-000049,2016-02-26,20.36651293285759,25.80238957663765,0.9507123318730035,1.2903847686205994
-0.001513448565403603,1.2620768758642056,0.0109229706063642,0.0,-0.008358433052361398,-0.3826080538700438,-0.014356226773651448,-0.005958721703808417,-0.3857423658644149,-0.00834210696643145,-0.009870052341044242,-0.5216966685507153,-0.01216126337629897,-0.02019203024849878,-0.7546813158264195,-0.028386300456822333,-0.008438363500626,-0.2329276912662633,-0.02890690591923384,-0.014388605083920036,-0.017741904868980973,-0.0005230539972400612,-0.08279045298889143,0000093410-15-000010,2015-02-23,20.269942770000142,26.042304971781846,0.759243004292866,0.9042539641974848
-0.00014662157464851328,0.21824274460915352,0.013873929157427224,0.0,0.013010862091173858,0.468896083565796,0.010977686545323162,0.01195075249778342,0.6090890356709718,0.0013094482491424753,0.015246870031198793,0.634483888228549,0.005755218956963959,0.026249600738977415,0.77240949592925,0.011848760547368609,0.06502806950886961,1.4132046120777084,0.0508670890089562,0.010899858471406842,0.009953458530449266,-0.0004612321571482724,-0.030895298940737236,0000034088-24-000018,2024-02-29,21.34956516909145,26.748951883705026,0.4947798375324097,1.1146103167903356
0.0018605854055588817,0.6908901841996785,0.017219066821587612,0.0,-0.0021700202173344117,-0.0630121318367221,0.0068707651486341614,0.009171744116643447,0.37664076267220403,0.014502796581324917,-0.004554747189729546,-0.1527193397486674,0.003123292330917349,0.005650401653101291,0.13396584374832585,0.017529252958712216,-0.013060390076062784,-0.22869159016253224,0.012923897344086277,0.006877183059858183,0.00887178615640316,0.0020935945861220205,-0.04107002440516348,0000034088-23-000020,2023-02-23,21.240410783618145,26.825173652509772,0.4366352910846865,1.4243873699098986
0.002477058516991128,0.7563405416317495,0.0160854760904067,0.0,0.006701457557784323,0.20830771561001665,0.01187942661486463,-0.018910089438289014,-0.8312748966524492,-0.02305166637237588,-0.003406804202373234,-0.12227921090191393,-0.0005850347395277566,0.015132596861198562,0.3840642803570841,0.022002563952407184,0.07579452898172867,1.42071706280106,0.10072206392681793,0.012149738374605867,0.20574543615407337,0.001260547590508795,0.0026345673850846005,0000034088-22-000011,2022-02-24,21.21139441357971,26.507130638683417,0.5186779114199589,1.4103708375655732
0.0003188799433648062,0.9810968794291732,0.023857875430787906,0.0,0.0019668402407490067,0.04121993692302659,0.0034979133782631067,-0.01346827090640074,-0.3991766038179427,-0.01227799129840268,0.005048611683076153,0.1221742196916838,0.00634319031074726,0.0740851086376247,1.2677205494630672,0.07675456124196522,0.07325978221708901,0.9258433553242493,0.07667834029655562,0.0029355663033916457,0.16434265537933213,-0.0004666088318900146,-0.022697176018968382,0000034088-21-000012,2021-02-25,20.789703272784767,26.204065157431973,0.6546866483762414,1.7769112845603006
-0.0020803915159650866,1.0659914946233682,0.010211918243079906,0.0,0.016956258771049497,0.8302190816372764,0.00635994938018436,0.03235993807306389,2.240708464910217,0.024741096256456374,0.01651247567773692,0.9335642971866637,0.006563890803124028,-0.009944946864367303,-0.39757540742976144,-0.024155595810028796,-0.08034942857200424,-2.3723519585771142,-0.11734259179183837,0.004008444709739489,-0.18541360556324438,-0.0015850343970662758,0.01706625471487055,0000034088-20-000016,2020-02-27,20.529784288945493,26.136466145656858,0.8542515983911086,0.7173164877561105
-0.00014892845296848563,0.8439038294418941,0.009784836662141107,0.0,0.010508967064826442,0.5370026821953552,0.010060339402287899,0.003600365654722353,0.26018246978567766,0.00266722663726493,0.01450556911666324,0.8558951491400452,0.013508425672256519,0.022921530908726184,0.9563446106881078,0.024461826550366994,0.009150163331047068,0.2819544305450322,0.006578942088451445,0.01003781080626065,0.027023895769194728,0.0002068342817841073,0.025643410280256754,0000034088-19-000010,2019-02-28,20.48269858442874,26.54198211979906,0.5698999821407795,0.7788343975284735
-0.0005611042392604078,0.8315852376723534,0.007332298837687365,0.0,0.003613810189687451,0.24643091271135784,0.0004569071723319329,0.0055102186821035445,0.531390370494655,0.005777903014747676,-0.007411516365541576,-0.5835879119867368,-0.005836241665648001,-0.02566176254507689,-1.4287975601143827,-0.03061103065051196,-0.021263187069420052,-0.8743631793015463,-0.029562767367723564,0.0005440179170352888,-0.0915740786000736,-0.0005722438562175007,-0.009190126971047395,0000034088-18-000015,2018-03-01,20.45966330259016,26.49453677385247,0.5847973352965506,0.6575109807369963
-0.0012005449952430694,0.942209045072592,0.00909686691384632,0.007142857142857143,0.009389137113182514,0.5160643330337905,0.004566617166631981,0.0025428574127586267,0.19765835173594368,3.125083684651919e-05,-0.006960116634676673,-0.44173727621598313,-0.010609726826006138,0.028706003714357307,1.288265185522055,0.02103081674905183,0.021967600725063225,0.7281057197483766,0.008704111024106176,0.004471881883671536,-0.09274798352096114,-0.0004195204610778891,0.00716189104071154,0000034088-17-000017,2017-02-23,20.309495272938427,26.539118361818673,0.4986182550809282,0.669426009695399
0.00127033001308074,1.1298554708088715,0.013268102663273683,0.007142857142857143,-0.03621589318861779,-1.3647728732482585,-0.027858842102353898,-0.010409342462875993,-0.5547527653344678,-0.006637891393542095,-0.013125804074010742,-0.5711582663915413,-0.007507492384706493,-0.03349257532860311,-1.0305381988776925,-0.021608865210220762,-0.039849546606136495,-0.9055620598481222,-0.02185325085220957,-0.02810207873285442,0.11211401570212653,0.00024966856743215485,-0.015840136145683394,0000034088-16-000065,2016-02-25,20.640801342810942,26.547886541544926,0.5045627721204126,0.8785079511025107
-0.0010393800133164507,1.1412268360188413,0.008535758030194095,0.007142857142857143,-0.01485605827846871,-0.8702248954291701,-0.019415503646619148,-0.004706565887130618,-0.3898944467637003,-0.007411290247934299,-0.0007802596838273838,-0.05277599680099048,-0.004632504785949898,-0.019202755804372328,-0.9184295292344133,-0.026291817069035384,-0.024489324076093014,-0.8650443234056276,-0.03910653027570221,-0.019222141321218245,-0.04284876590056863,-0.000598692105259506,0.008786968282499176,0000034088-15-000013,2015-02-26,20.644394632961554,26.652440643002496,0.46401934837435677,0.7113960771281415
0.0007976790960388563,1.2331443022868567,0.014883563077242533,0.0,-0.019993507870941875,-0.6716640285387246,-0.014103378606335704,-0.017236910975103086,-0.8189125529921388,-0.018161561014724437,-0.005131516561106367,-0.19905733946435347,-0.003901296075360716,-0.007159517946828103,-0.19638180368295494,-0.0004757680037242862,0.014094146293640038,0.2855193328114293,0.02758543909732447,-0.014425640373398552,0.05408157041335071,0.00033427714512558794,-0.036228394307642846,0000018230-24-000009,2024-02-16,20.506639490176283,25.806741458833677,0.12083021555736878,1.4722071780964463
0.0024280555875299354,0.9488457986462135,0.01483528049999256,0.0,0.007955973550564911,0.2681436845959502,0.019398446138865766,0.014590942971118473,0.6954607106208228,0.02001054661706758,-0.0028440014799129346,-0.11068109025671946,0.005018002134997923,-0.011927054229741111,-0.3282175554121836,0.004179400836097136,0.04223185551530651,0.8583176799683899,0.07086959177004859,0.018618506624365372,-0.033091108426131055,0.001289017851372604,0.0045543474454115395,0000018230-23-000011,2023-02-15,20.417888254478033,25.560929203937274,0.12577057735013467,1.5472206409704479
-0.00021461527324258094,0.7847608166687469,0.015051412358016724,0.0,-0.0303894207710812,-1.0095205701707821,-0.02315466535543531,-0.026220313594861676,-1.231815400890893,-0.022281925614632603,-0.020769184086913167,-0.7966756699109024,-0.020439027568524115,-0.06159929808166326,-1.670793912055612,-0.0540500644129801,-0.019118196732141032,-0.3829775615402513,-0.01648289566983585,-0.02278034195790024,0.05838635352749877,-0.00023375276227324653,0.035452856491450434,0000018230-22-000050,2022-02-16,20.32251919323788,25.414659501764127,0.15122243428518634,1.6002648284464174
0.0017787163924055777,0.7652666899414216,0.017564895323315385,0.0,0.0804831055247093,2.2910214960938937,0.09096028486335206,-0.01209296863097112,-0.4868244282836903,-0.007423783108501225,0.008736765132393583,0.28717357024829,0.01531829424635367,0.08739974198589696,2.0313696492892266,0.09847485252504529,0.0649786669738953,1.1153955026514744,0.09118782239601209,0.0917410562552633,0.04584623356019124,0.0011581667263243028,0.021039937475746284,0000018230-21-000063,2021-02-17,19.998428530213243,25.42700085713217,0.13891985458540212,1.7733533429482664
-0.0009190360815150169,1.3149583342834732,0.012420825592727395,0.0,0.04825046879818322,1.9423213230863934,0.01996749751625293,0.02324249855613522,1.3231751962111669,0.01688993243468262,0.02002377676886387,0.9307539842170826,0.014234301048522524,0.06848536283228304,2.250980185604363,0.023264655211409524,0.0407831135720009,0.9899963023682969,-0.0033718688924541107,0.018744253481576822,-0.11010876142440207,-0.0008374070040136823,0.01977331040128836,0000018230-20-000056,2020-02-20,19.70588362290549,25.04453753489593,0.19377212475135072,1.7292709907699135
0.0004030732933822767,1.5533554726275693,0.015379295621755813,0.0,0.028954989433113996,0.9413626652755727,0.03644843858090818,0.004024731652232349,0.18504846475047607,0.011680033349307672,0.004134230082871553,0.1552020918215001,0.010725304707367211,0.034521639276165125,0.9163878870088042,0.04705051150115103,0.012925481080298425,0.2534042699798427,0.02683598792370434,0.03658626139620713,-0.02577121158869644,-0.0005814300262282871,0.01249411372638428,0000018230-19-000034,2019-02-15,20.19102193254664,25.058311904872088,0.18392873670018298,2.2799318162885065
0.002185061789493162,0.8596443996918298,0.01042666286063524,0.0,-0.00662451592832013,-0.31767191559105107,0.0035180060859321127,-0.02740590165778138,-1.8585907270399848,-0.022268324872532386,-0.027818881374036774,-1.540400688555099,-0.022190210366234142,-0.004652029296861026,-0.18214677438180962,0.005960780965323043,-0.07516455752716661,-2.1735589907841266,-0.05067567974449061,0.0029727928066137776,0.018137638631394726,0.0012729209715888752,-0.009741602094491191,0000018230-18-000042,2018-02-16,20.36487464152438,25.283524097404126,0.1432618177074198,1.8930520620185034
0.0009714511842552761,1.3542446192311561,0.011577676965759183,0.0,-0.019952106384305075,-0.8616627689351305,-0.01401865987786588,-0.0047163343309112255,-0.2880501846435446,-0.002484921508768112,-0.002967678481588302,-0.14799082538583455,0.0020036840972237346,-0.05220322663498848,-1.8407732478165724,-0.043649437738981334,-0.0685788880727987,-1.7859638694040572,-0.05277405007987246,-0.014057226554924473,0.018136190092750915,0.0005126760030340965,0.023070477895172206,0000018230-17-000041,2017-02-16,19.65680203461069,24.784981212308566,0.2262119926333108,2.115886226131111
-0.0011553807137543869,1.0154007498779563,0.014425451835766769,0.007142857142857143,0.010765578767731007,0.37314528828270754,0.00654821609377676,0.004801995469168385,0.23538420828227427,0.0026731896740150862,0.021806877470774772,0.8727772773619872,0.018777059820823228,4.038486816217591e-06,0.00011429141752730724,-0.006647516234451367,0.02812362770903007,0.5878216434045848,0.01614672379574511,0.0058685927617065925,0.036706249817824776,-0.00036046384311163476,0.009909993221242315,0000018230-16-000410,2016-02-17,19.6944247002491,24.36014674577258,0.3899854669549684,2.6672835534312473
-0.002115030659771776,1.236983500942256,0.011314650942292332,0.007142857142857143,-0.019087722332624874,-0.8434958546214651,-0.026494020132511453,-0.018549417754889136,-1.1592420436513162,-0.023105655238250367,-0.015474074594102775,-0.7895922886115635,-0.02176674394812672,0.00246663713051558,0.08899968694249948,-0.008697402675166166,-0.018723828698991363,-0.49895014839342844,-0.042177469261306944,-0.026573861673142796,-0.08168961902215377,-0.0008428628783778667,0.0310766505957787,0000018230-15-000061,2015-02-18,19.909446245170077,24.669777205265174,0.32356607207966387,2.076675925634492
-0.0005608669587148984,0.8353230801666993,0.018671346892529736,0.007142857142857143,-0.027960649481676342,-0.7487582348133435,-0.03387677616784379,-0.026117193997391548,-0.989090132994579,-0.03105583167703696,0.04078078279554148,1.2610121840856392,0.03793352257144089,-0.030927436681354056,-0.6762272280766075,-0.03941643709119913,-0.05200265135836428,-0.8397567365074388,-0.06436970415989329,-0.034064260971628735,-0.3073368872561909,-0.0005920456244225554,-0.009483277611936042,0000012927-24-000010,2024-02-01,21.43504101197913,25.581238795268188,,2.4896604679613596
0.0032308741033134913,1.0541626760935556,0.021383030587474143,0.0,-0.04939914959819758,-1.1551016914116667,-0.03502271738216256,0.0005526963720963902,0.018276892559630654,0.007105098236712348,-0.012641373953756464,-0.34132208833874883,-0.0027229707224125654,-0.05049623094899238,-0.9640822368682627,-0.030551467860773784,-0.03090287913333259,-0.43574593417423796,0.0055540455845054515,-0.03549271575815538,0.12144751717940971,0.0009885582681920038,0.15295237174038526,0000012927-23-000007,2023-01-30,21.034509302052058,25.562165363108463,,3.593292309468288
-0.00146985694656855,1.3637463555979121,0.019276497867515372,0.007142857142857143,0.07299050347108194,1.8932511489570172,0.07103240277198397,0.059018579129713006,2.164938766649213,0.06544495388397831,0.03160593559041473,0.9466291826725858,0.04541882122103402,0.10073189590242937,2.133355580457997,0.09636341127409387,0.12441046961280691,1.9459534729968764,0.10614258807381638,0.07272720570013136,0.06219455294775089,-0.0005826619660013274,0.035877231795418754,0000012927-22-000010,2022-01-31,21.495951452469242,25.433716960800712,,5.049592944518597
-0.0008188096493998564,1.603406051155637,0.028808334850473242,0.0,0.016667917086822855,0.28928983874521036,0.03128838048336258,0.035876474026874994,0.8805957790042007,0.043233824246551755,0.019454583812686395,0.3898909555004049,0.0356788580932601,0.042516609116445045,0.6025108038420294,0.059292357071067614,0.040812609445436875,0.42714946259445685,0.056594988936209845,0.03179919194940228,-0.1504116431428434,-0.0018970899885442773,0.06863881483119609,0000012927-21-000011,2021-02-02,22.134663303881613,25.46099033898991,,12.365020456542425
-0.0010048946046414314,0.6196107815522555,0.01663390109273781,0.007142857142857143,0.052783380350152585,1.5866206025836376,0.03476118149996699,-0.012760296028200148,-0.5424399123923729,-0.023228050182033555,-0.01634297196779716,-0.5672523368006375,-0.021080517551649414,0.06341201201304952,1.5563303734265788,0.04264756772606193,0.05415488097659379,0.9816284759460496,0.026295024351282836,0.035484559988899544,-0.036445831489624214,-0.0011370040081721254,0.006898417729392668,0000012927-20-000014,2020-02-03,21.49566833419354,25.911960545873317,,2.5016295416886654
0.0010685280157270319,1.3230312789593286,0.013156839340198692,0.0,-0.010562350798235167,-0.4014015268075644,-0.001774948766813167,-0.005740790834762598,-0.30853550945412017,0.0007892734626754327,-0.008345649547013568,-0.3662249639097437,-0.0005286231318953893,-0.013279671842848296,-0.4120597042786449,0.0016431045606211114,-0.0001733069331050737,-0.003971623052772656,0.02174059690259278,-0.0018515753852967887,0.17322323679266516,0.0005745069518147559,-0.05767398163844223,0000012927-19-000010,2019-02-11,21.163952071586568,26.15597476224474,0.0014818498146289736,1.8542718795797501
0.0027185982523150456,0.9697699459501818,0.013290120319836677,0.0,-0.005725583550165796,-0.21540751371602926,0.004288523483670814,-0.017905068994768063,-0.9526471844589806,-0.012952018535114851,-0.00115799665418574,-0.0503057657812867,0.0060930134085870336,-0.0077010725671604425,-0.23656292303003318,0.008092976077038405,0.0017023659316053007,0.038621369005634336,0.03093957765767441,0.0039961822641501055,0.1532996125458025,0.00229219122440008,0.0005317261692880043,0000012927-18-000007,2018-02-13,21.10162966169241,26.033131081478903,0.0017546204135400734,1.4826232152439864
0.0014486911843700546,1.0482934115412763,0.008563351840682779,0.0,0.0031013524399472765,0.18108285736978416,0.009793011638798754,0.002073142018745814,0.17118679777392526,0.005420551205788993,-0.007795833091374056,-0.5256033405610172,-0.0029662498166651563,0.0095432821007447,0.45496537752123545,0.019331688089596843,0.0316490440158629,1.1143470446337278,0.04909414170860438,0.009930951861635062,0.04230428735044689,0.0005065297390468412,-0.015855942796391628,0000012927-17-000006,2017-02-09,20.008420662277064,25.331731835916454,0.008143117532064825,1.6335986755378178
2.810012958992666e-06,1.0667775707727765,0.00911352869086993,0.007142857142857143,-0.06703479675898907,-3.6777629737505264,-0.06545130607405902,-0.06688619236193338,-5.189612255706451,-0.06771463167872394,-0.07111966217729773,-4.505494797407461,-0.07198960643623853,-0.035856535929166475,-1.6062241083086988,-0.033478466549850316,-0.060691809808617526,-2.007923582726706,-0.057113596865347005,-0.06747675243372298,-0.06977548858880411,-0.0004470078536392557,0.020501690659802247,0000012927-16-000099,2016-02-10,20.18068450616276,25.089651442730244,0.08043581096014514,1.5067888921552517
0.0010687948048163083,0.8420072940072927,0.011460848381025558,0.0,0.029855721083837265,1.302509207488777,0.03345217210606444,0.005429812078712983,0.3350063462826306,0.006671217615489278,-0.0026106386307711248,-0.13151320618881363,-0.0018241999582988555,0.029922916875636953,1.0658879041097598,0.034736935261759805,0.01566545553818094,0.4121259095059637,0.02524114470256489,0.033925190565343266,0.12980036450535282,0.00024680028446463976,0.01755632721641715,0000012927-15-000011,2015-02-13,20.130901272504953,25.370659521573295,0.08306749893883146,1.4824593458601891
-0.0007147199386816738,0.7521317334290589,0.009351694736232907,0.007142857142857143,0.007737448945973621,0.4136923394213815,0.0007318050512812313,0.016938207444785747,1.2807434035402596,0.01668394127854289,0.017325249707052834,1.069617632340915,0.017546891344179083,-0.0015163884891507603,-0.0661979486965431,-0.00943580671025368,0.0033157354553387227,0.1069038162173863,-0.008224973709467176,0.0009209015202871207,-0.10385920489624312,-0.0006420836694586598,0.0077325102998057945,0000773840-24-000014,2024-02-20,20.178876231149832,25.579900230141277,0.12330597442486665,1.059465148877813
0.0011302295627321976,0.8375266406679754,0.009483489088168854,0.014285714285714285,-0.009954437572538399,-0.5248299164996709,-0.005458317469944185,-0.008801706570419478,-0.6562717944941014,-0.00835578157353678,-0.005496115301579315,-0.33460086465673805,-0.004276632297274818,-0.0059147764341962086,-0.25462119956978774,0.004547599169561489,-0.027677585272461724,-0.8799615703229517,-0.010468231772789771,-0.005524757775914435,-0.13737882976012583,0.000546874928062826,8.860708034600252e-05,0000773840-23-000013,2023-02-13,20.17333454543467,25.620673239687424,0.12465836789056411,1.1480161369638238
-0.000771418449556693,0.7978247974635264,0.00941749687623977,0.007142857142857143,-0.0027549599172928736,-0.14626816199130388,-0.004149275202818936,0.005636009056419685,0.42317616612944337,0.0016820055322790406,-0.003282101789037235,-0.20121295247671026,-0.004172370488616073,0.0016317219109489994,0.07073511033893086,0.0021940418712177445,0.017479416105958677,0.5596224051678292,0.013982205028696182,-0.004148894231095768,-0.015066225855556836,-0.0006422119999331738,-0.006873086319584853,0000773840-22-000018,2022-02-14,20.289500626347422,25.57717908789757,0.14479740400511548,1.0096845260929292
0.0012888386437151563,1.0274047979236673,0.013050694579999536,0.0,0.0022132095769268126,0.08479278874239395,0.007172334653136159,-0.009871856624311556,-0.5348724329699461,-0.007318560684786868,-0.009125649696011826,-0.4037100306214385,-0.005154410202288129,0.013557957367388688,0.42411634748551186,0.020917271972474838,0.02223730759407101,0.5137504729252428,0.035981415624752544,0.007097356032203628,-0.08980254842139057,0.00011671125977705105,-0.01005122974351552,0000773840-21-000015,2021-02-16,20.057537458341354,25.676153174703472,0.12394834539943776,1.2501950418956569
-0.0006920338289611698,1.2445842445490312,0.007501807698438875,0.007142857142857143,0.01330048198473717,0.8864851326104372,0.007463357487749733,-0.0005002503804937396,-0.04715269313180143,-0.0014475289176322237,0.0017280983858736672,0.13299701996865962,0.0005396852242532946,0.02583310326300392,1.4058371886408765,0.003008996206387504,0.04760558356172267,1.9133552986290316,0.01196625577010857,0.007403111778138904,-0.03766357906792861,-0.00018598538692556784,-0.013783673351721221,0000773840-20-000009,2020-02-18,19.79937437441722,25.581877276696297,0.14353662001524922,0.9173207700072277
0.00040971712831177075,0.8839502644573403,0.007854683685721163,0.0,-0.001091143017924582,-0.06945811324701363,-0.001073684384738427,-0.001053817341697209,-0.09486841459964684,-0.0018125814847659294,0.0010436807111404243,0.07671465378298302,0.0006161607390685608,0.005489514460268973,0.28531828696749145,0.004890002220717671,0.00850302451223508,0.3263986757763747,0.009359875012342145,-0.0011255212518785918,0.041943129251667544,6.341305279720251e-05,0.0047295596998446696,0000930413-19-000366,2019-02-11,19.794078330453985,25.408627504942263,0.16779041985037002,1.0322916663439476
0.0005031440032521289,0.8786626160143349,0.005695352589327794,0.0,-0.0019147275719251997,-0.16809561321217423,-0.004998210725693619,-0.011402823791582502,-1.4157181493577977,-0.012401941158338481,-0.012154702882980439,-1.2321486459957582,-0.014462982359356946,0.007872195492540413,0.5642864601656329,0.0064584634644881955,-0.0015481194649755656,-0.08195727553838471,-0.0017269144460707597,-0.005299475679701793,-0.013977771116540194,0.0004892092594322618,0.002943281343323738,0000930413-18-000292,2018-02-12,19.85439026389436,25.434785975186617,0.15533023452371297,0.9053362485336057
-0.00035485560791217704,0.9042717812237846,0.008487860740925456,0.0,0.008218232290246178,0.48411681936655576,0.00551783503284109,0.006868193117716763,0.5721754958372203,0.005272691436187138,0.013860939626226731,0.942830881500844,0.011569210712372824,0.006366947121263419,0.306236795945146,0.0022171828208041866,0.012503492682898984,0.4441572506676227,0.006649355161389314,0.005521175683007584,0.016274005196930563,-6.695452906213814e-05,-0.008647195264824069,0000930413-17-000391,2017-02-13,19.543633977775237,25.253189897146356,0.20882677251419027,1.0648408256699344
0.0006975383285508737,1.0948611344413464,0.007599725076745066,0.0,0.002385777590328984,0.1569647300551301,0.007861008201607289,-0.012073231311966057,-1.123338495184269,-0.007548012948062288,-0.015034486377763591,-1.1421682586769644,-0.007960225361409501,-0.029716376647051422,-1.59632879379565,-0.02265636368028512,-0.04319046044028205,-1.713537485734892,-0.02982862788422358,0.00820363564994575,0.093112665066036,0.0005235437171853426,0.012221638212599502,0000930413-16-005457,2016-02-16,19.489475496895057,25.100399733156454,0.22965841415044944,1.0123837306819776
0.00023510214217008126,1.1086021344652268,0.007149065682331146,0.007142857142857143,0.0014117092177042831,0.09873382623923223,0.003041496066465088,0.0004281925982862547,0.0423520923371023,0.0010377622272792486,0.004178030139338182,0.33741287782415647,0.005465227208090839,-0.006864497537533868,-0.39199799094275417,-0.004497841281048576,-0.006306287349515386,-0.26596722740224105,-0.0031563564651885256,0.0030413973997405197,0.021721777640970052,-0.00011629278499882575,0.01087505207529023,0000930413-15-000621,2015-02-17,19.1652959914169,25.12625090453635,0.21613484962625545,0.9000240982267812
-0.0006311270905200662,0.996003124668771,0.01678560695542379,0.0,-0.0015900869507157328,-0.04736459500506598,-0.00416897451693099,-0.013481253611938662,-0.5679083200990387,-0.014778728423165632,-0.004044053720317722,-0.1390974726289721,-0.005981890046104055,-0.019657548679675764,-0.47809773364165997,-0.02348232525134919,-0.019175598418371416,-0.3444415490938339,-0.026225554246783966,-0.004367841296782693,-0.1619224044376414,-0.0012618316922931542,0.0008736919240286472,0000066740-24-000016,2024-02-07,19.742707108280435,24.6710642025974,0.09276135336488184,1.6380419715195638
-0.0010076283023889253,0.8814351314144602,0.0152607411432804,0.007142857142857143,-0.008671775637546064,-0.2841203961238939,-0.013239821697675347,-0.0038546660540631234,-0.17860603757359364,-0.005083299959336873,-0.007194607373476389,-0.2721891725173035,-0.00811708493979002,-0.0032552234247604245,-0.08708223183652668,-0.008532466978357078,-0.00970087658689141,-0.19166332197335492,-0.016507889452260116,-0.013460832357184427,-0.10174747842301346,-0.0008302921721392301,-0.0016701641476374492,0000066740-23-000014,2023-02-09,19.640954934126885,24.87344120262363,0.2320430435363213,2.182958408136112
-0.0010077395497688842,0.6005707133871446,0.009511168341766206,0.0,-0.019774478330422864,-1.0395399187493921,-0.013756172911880915,-0.0007972457956219557,-0.05927115240734601,0.012000182101351453,-0.0009347095729789184,-0.05673906760789031,0.005056380784108749,-0.05212223143883691,-2.23724479637541,-0.04001421383764092,-0.0342744540074833,-1.0865265276700988,-0.0278475379609725,-0.013187300604514895,-0.03183086810879532,-0.0004802830339129032,-0.01799301622055051,0000066740-22-000010,2022-02-10,19.763278307468404,25.260743748722465,0.16099761357259046,1.0332481279160266
-1.9042803909170988e-05,0.581037019690793,0.012788714152460638,0.0,0.016690170199423784,0.6525351180913086,0.012492185209845186,0.014035144148735593,0.7760237256215565,0.00926409930959693,0.016979801079414616,0.7665581236015121,0.007642573208453518,0.008126042254965465,0.2594039415751948,0.0012197160141050878,0.0026454058388996372,0.0623690436686341,0.001883584375185876,0.012622264756076529,-0.03370041119542433,0.0003238724724833549,0.01843146101097661,0001558370-21-000737,2021-02-05,19.82045540577081,25.353700253204874,0.125459971678403,1.4299944845796355
-0.0005749629702361882,1.2227797950998587,0.01121085306106578,0.014285714285714285,-0.004163400096881632,-0.1856861415542374,-0.004218375025624166,-0.018018196807700913,-1.1364691944564558,-0.018739150420954864,-0.01806014518726575,-0.9300835207343572,-0.018615169048696423,-0.011281871904004639,-0.41083447378662924,-0.012439301164999805,-0.005503498788832717,-0.14801436703027265,-0.019797293540199323,-0.004476681703016405,-0.12576471115438248,-0.0015068324542661063,-0.0062933314508397745,0001558370-20-000581,2020-02-07,19.783194106639694,25.26399863012027,0.10732781223613178,1.2105335308103686
0.0002198156415651589,1.0428701494787327,0.009531568800259604,0.0,0.029855243754970118,1.5661243380080818,0.03147613948380168,0.0034701537064292607,0.25743602852753167,0.0039691731870692415,-0.00046794273158101696,-0.028344427628353333,-0.00015024960604004267,0.023929047726402256,1.0249092286325248,0.026342272219005203,0.023377166030607133,0.7394880013995181,0.027206381263064516,0.03207840404491158,-0.022946891793075186,-0.0004811736890121455,0.018668511338053712,0001558370-19-000470,2019-02-08,19.740821392077933,25.46878798557382,0.0851323640545038,1.1105123277661675
0.00070290262510411,0.6781602566516228,0.009192678045837113,0.0,0.007078010680306269,0.38498088614729264,-0.004550061009342965,0.007110518525791063,0.5469457150864003,-0.0007689700493711538,-0.012307058319200231,-0.7729503196014117,-0.007402932568098319,0.023238247374268124,1.032014252714689,0.009011463494053018,0.03966908381700849,1.3011092893926166,0.02335002674163511,-0.004702613440237924,-0.008843144496161859,0.0008090902865241933,0.0031111255675542607,0001558370-18-000535,2018-02-09,19.816652249397823,25.611590285462288,0.08711605329102708,0.7785264525749138
-0.00032279612034095224,0.7841089074664676,0.006007301995599848,0.0,0.0134826329916401,1.122187048488297,0.008346095831663014,0.009623347613234008,1.1327438440779884,0.007075345690352286,0.011704194292440115,1.124867657783406,0.007591472711324432,0.020392365630172875,1.3858381704682088,0.01443440621358516,0.03736058284640191,1.8751578622946794,0.0280839235854774,0.008466370809721235,-0.021574273449907033,-9.78157029486318e-06,-0.0149743055478831,0001558370-17-000479,2017-02-10,19.31188353992526,25.388881025119723,0.09693976366207505,0.7916910514080817
0.00030180824526363317,0.8278817350848242,0.009773373256087613,0.0,-0.0007577397086610139,-0.03876551569280519,-0.0077862674572248824,0.001597090968477424,0.11555005875568633,-0.004001523216509373,-0.0001967434154556899,-0.011622380614991493,-0.003376294731012086,-0.007421364280753557,-0.3100013885830103,-0.01632962613424349,-0.008513760007898533,-0.2626519176267984,-0.014767120408889722,-0.007969426891833331,0.12100588359323705,0.0001086280705122677,0.0003120547369322617,0001558370-16-003162,2016-02-12,19.542543495081866,25.235894169869727,0.12843196577277874,1.040651838022085
0.0009164121772439586,1.0307289067903307,0.006179962590086534,0.007142857142857143,-0.0009835358993134013,-0.07957458358171303,0.00281412254626201,-0.0015926962807289776,-0.18223513881469686,0.0004144320498111753,-0.003755859333486159,-0.3508834180817006,-0.0005359536865212622,0.001450176294604655,0.09579863704891456,0.007259599493572133,0.0031181011678361272,0.15212759979354526,0.013622840748282461,0.002817030295237277,0.003960483687185823,0.0005590310055613772,0.0001071840369888204,0001104659-15-009560,2015-02-13,19.427450926406586,25.380186772578732,0.12447854360937509,0.9564519598760527
-0.0024414397268267525,1.0174218044347692,0.012507688424416498,0.007142857142857143,-0.017104204694960334,-0.683747632439056,-0.0265398503678711,-0.01053657428409578,-0.5956722676442505,-0.015029430335990579,-0.0004355010093520569,-0.020102565434147655,-0.007474420333545728,-0.010422197234032957,-0.340178301480967,-0.0247398827230223,0.026864000830224926,0.6475857677464606,0.0004609241081532378,-0.02656600173130519,-0.11349204517588762,-0.001625910092015298,0.012670979471696707,0001090727-24-000008,2024-02-21,20.081761468120746,25.572806750907816,0.13554011215903192,1.044461233993015
5.065035744113649e-05,0.990744716803156,0.011840143318166914,0.0,0.010101102783402994,0.4265616771675549,0.010551957864248007,-0.014979596061411258,-0.8945984579601418,-0.014678244340125324,-0.016203048643272683,-0.7900947010947496,-0.015825433439911607,0.022935901389300906,0.7908301682516709,0.02348771471419986,0.02284359065944864,0.5817160780601713,0.02360825725583182,0.010031654771102572,-0.004069460200293085,-8.187048956386381e-05,-0.007804035640334925,0001090727-23-000006,2023-02-21,19.909718237019543,25.795785607365676,0.12399114173892092,0.8889656716417911
0.00033031152328514505,0.8154501758408774,0.017605232116784678,0.0,-0.0052511167902246705,-0.14913511947446295,-0.0055491967829819355,-0.0007244343860716186,-0.029096603982152427,0.005206021459110088,0.005601488561111692,0.18369657992393962,0.013184769755132608,-0.012064955457991832,-0.2797746378789231,-0.008395997985371273,0.002699790345770517,0.04623724423691391,0.01379633273841574,-0.005409070255617765,0.051446190250743484,0.0008916114063561336,-0.047930882321126425,0001090727-22-000007,2022-02-22,20.04198203930229,25.93264619475702,0.07789348620951336,0.8687287185354691
0.0014326752211115824,0.8778782603976552,0.019619540770735605,0.0,-0.014591077438846977,-0.3718506362954974,-0.006830580152685228,-0.023423594192652254,-0.8442084596644327,-0.022097946324985296,-0.011465030566089392,-0.3373849857623765,-0.0077623596706154485,-0.008804568890979365,-0.1832076621984495,-9.724292255519629e-05,-0.004997419367224837,-0.07679989304736529,0.01065249348075381,-0.006471165583070149,-0.009027306068788099,0.0016269143674070108,0.006027856209802038,0001090727-21-000013,2021-02-23,19.978597585217603,25.66567371860109,0.00468926632739491,1.2993452133794694
-0.000357441329965066,1.0417175617831889,0.013557144824534871,0.0,-0.03263044509455337,-1.2034408983925893,-0.03731794590545778,-0.020410786680955667,-1.0645756063132548,-0.02296256574499722,-0.018701509577775326,-0.7964303493638745,-0.02176990415325608,-0.011792395801818057,-0.3551061443153557,-0.019380845550178494,0.02063041861920495,0.458821185255873,0.011636811427066518,-0.03487758271197783,-0.12396623148540642,-0.0008756872070632669,-0.016573740692232747,0001090727-20-000005,2020-02-21,19.401062722669877,25.24504053238161,0.03551136251681738,0.8868277777777778
0.00026173678947173174,1.0766228455600748,0.012198247421221723,0.0,-0.004586087549874591,-0.18798141206317934,-0.003055768352131949,-0.007933281601905217,-0.45987567099272814,-0.006824182298835302,0.0018137930045913978,0.08584789628330242,0.0029144234755280607,-0.00034609552336598536,-0.011583049668721035,0.0020195378509726414,-0.027673630539818583,-0.6840256034561786,-0.025669200587487007,-0.003218166988834925,0.054419902172683554,0.00036769256238673877,0.005765208001968027,0001090727-19-000006,2019-02-22,19.443871371088118,25.29574920058986,0.031213784799653782,0.9230452655889145
-0.0003769701906134662,0.9140360509442791,0.010738848300002806,0.0,-0.003220761986607033,-0.14995844510654793,-0.006108540729687806,-0.006113513559698129,-0.40254846461862454,-0.008329006764331348,-0.0008081960045036602,-0.04345085876276382,-0.0029281582848549315,0.027090340130236618,1.0298669594066985,0.025547876818668214,0.03100432018752235,0.870498772895127,0.025623759603427554,-0.006444151037367174,-0.1879703810661838,-0.00026235456415771497,0.035962878645166646,0001090727-18-000009,2018-02-22,19.724958192209492,25.23625162354563,0.010965670097250576,0.8335506314580942
-0.0005274550887053602,0.8857904795689351,0.008222041232516823,0.007142857142857143,-0.010452894854394016,-0.6356630037960971,-0.013348273066045802,-0.015167950400493513,-1.304464461023758,-0.016790009754050317,-0.019112035856699138,-1.3420437497914788,-0.021453257435126938,-0.011924157625005986,-0.5920691502224683,-0.015696234241658114,-0.012204419353611355,-0.44754955430597343,-0.018856722109966473,-0.013616898340816697,-0.0942748153082894,-0.00010383927912066071,0.006350026118730427,0001090727-17-000011,2017-02-21,19.25720451201362,25.270729590873124,0.004290585969244172,0.7262468856172141
0.0008744064840663058,0.7897114557833566,0.008130152150671822,0.014285714285714285,-0.007897045721332279,-0.4856640795264649,-0.009704153625558098,-0.0033247951897624386,-0.28916866267295677,-0.0035691308744467687,-0.008736319871800303,-0.6203963389902594,-0.00903988537795064,-0.0028677353114597024,-0.14400075382470356,-0.004522761554060062,-0.0031255508198367943,-0.1159128405926881,-2.1402609383325277e-05,-0.009776996630979973,0.06490984940329714,0.00025472697521744503,-0.0007135552474314723,0001090727-16-000053,2016-02-25,19.257462347205948,25.192385717364182,0.02829976637187252,0.8793293007769145
-0.00034541616238648254,0.8749664433560977,0.010713035530481483,0.0,-0.007118862229079902,-0.33225233916310715,-0.00829971718596445,-0.0029494925023160765,-0.19467928987190072,-0.0038386751987182777,-0.0012941224832112418,-0.06974325455380781,-0.0021590840697461866,0.0008344217173363302,0.03179782599051713,0.00024176837905542925,-0.0010093131920042644,-0.028406456485223948,-0.0034767607493407793,-0.008284390537161568,-0.10695731310410339,-4.3450381207812515e-05,-0.0007838043948458894,0001090727-15-000008,2015-03-02,19.324972263359278,25.257849200442525,0.02297587896798373,0.8362756550218341
-0.0025004804017863826,1.1107911387059575,0.019365439331298084,0.02142857142857143,0.06968154194499959,1.7991211237945297,0.06118698132581535,0.058037065901988205,2.119156821458776,0.05401240117997008,0.09938596474068186,2.963037012228581,0.09311679266327522,0.046654513342674564,0.9835369592564603,0.032705358446868726,0.03127782172157533,0.48698188155711813,0.006753979997313753,0.061746811379238986,-0.0990013143431171,-0.0008562636399021492,0.011992240233221919,0000037996-24-000009,2024-02-07,20.04040435644658,24.599783082850234,0.8863794175767485,3.5324529014507253
0.0005941871411545768,1.4039944387184438,0.019962378341260224,0.0,-0.04329205640584368,-1.084341145773281,-0.04685535425733334,-0.0609494072758089,-2.158948120171958,-0.06642495103821278,-0.04374778071893458,-1.265269726018582,-0.042690672296835985,-0.02679732627522768,-0.5480290200818536,-0.03185256484631849,-0.013164764968007853,-0.1988403344881051,-0.01630542312434191,-0.04803992357856013,0.09698994706832775,-0.0007958997190002803,-0.021132847548721523,0000037996-23-000012,2023-02-03,20.077862163931165,24.7747112275419,0.7522901847990328,4.012684628799203
0.0027569109547059345,1.5564685835359238,0.02456461988774933,0.007142857142857143,-0.12384509242435866,-2.5208021331142536,-0.09925428795900415,-0.10871003979357945,-3.1292813270615776,-0.10238643521363022,-0.1093729911168928,-2.57062906537807,-0.11386534647678137,-0.11566506123900544,-1.922279430050176,-0.10619717245626081,-0.07635505541013464,-0.9371981136781459,-0.06174566372353685,-0.1019354037824245,0.0841696088389754,0.002171948854600571,-0.033087511032190854,0000037996-22-000013,2022-02-04,21.262027798111713,25.097524725192535,0.6112168856658402,5.074269581558506
0.0036626212644190557,0.8970117940295015,0.02224404189606916,0.014285714285714285,0.010939019763561007,0.24588651232252196,0.024576293091624568,-0.0008012677119554725,-0.025471172699493384,0.005360533169113557,0.0009790203204818352,0.025410743614549067,0.009685678280639154,-0.028463965419619017,-0.5224034946830173,-0.00815784368613115,-0.011626111199831144,-0.15758846510225014,0.028526945558606576,0.024450102989694633,0.2014098396131362,0.0013076539086514113,0.03383754160483055,0000037996-21-000012,2021-02-05,20.13883911193447,24.533765611476152,0.679387986518939,4.9998523282154546
-0.0012610954808527182,1.0187495778263504,0.013258134191700433,0.06428571428571428,-0.02741791073584226,-1.0340033650061342,-0.03233217640971631,-0.019553610404836833,-1.0428684997467679,-0.022114710130379578,-0.12452546694047686,-5.422694537520535,-0.1281367182234927,-0.011320930821527117,-0.3485973657772532,-0.018666785733458258,-0.03835931038371154,-0.872352556071486,-0.052211342797593874,-0.03218608167085091,-0.038149287592867065,-0.00033176970768326864,-0.010229530185248067,0000037996-20-000010,2020-02-06,19.46424385896012,24.219995242492082,1.0053829975990336,2.40210415407855
-0.0009103723185479036,0.7823332670154979,0.018625735324734535,0.014285714285714285,0.006884070909939158,0.1847999767503749,0.0018694400881792417,0.0015819377958454454,0.060056632576118575,-0.0019024260554747485,-0.020475972601317702,-0.6347029036534787,-0.02410312079583854,0.006662606413059743,0.14603437828052448,-0.0010586317882562701,-0.01439612646046789,-0.2330429038172247,-0.021925485331237837,0.0017301592681822076,0.011351266637583346,-0.0007398886306197038,0.00689556735701328,0000037996-19-000012,2019-02-22,19.370236823679914,24.267510776320123,1.0380908697183098,2.640512556618017
-0.00022683988899431282,0.6013684074695125,0.011248406392645119,0.014285714285714285,0.003542184071254716,0.15745270697059843,-0.015250205615476964,0.008835593728777635,0.5554305226305767,-0.0031188765551066755,0.0009667586988425132,0.049621108585043185,0.003748651312023399,-0.015565253585325851,-0.5649234162628352,-0.039771329381532494,0.0013277487024642987,0.03559004560887419,-0.03095710751785985,-0.015853513671454822,-0.12873438859737596,-0.0009831446624460607,0.0005615732222356857,0000037996-18-000015,2018-02-09,19.635352450916624,24.44797688332481,0.8415492074540367,2.3649612578616352
-0.0004207861576529776,1.3474780021961084,0.013556994012489953,0.03571428571428571,-0.001679072995447158,-0.06192644895690893,0.003091066283106736,-0.001214855659426359,-0.06336453893479728,0.0011815793386455997,0.0015133773412215508,0.064450040660545,0.003729940459045844,-0.015107134479118076,-0.45492841696511793,-0.009744111994967608,-0.03002301760402481,-0.6677203219040735,-0.023790635361950474,0.0031090694164563892,-0.0027053747947842766,-0.0005805677910464571,0.002582865461443755,0000037996-17-000013,2017-02-09,19.44027668100618,24.61886959027934,0.5930580637874322,2.140340875912409
-0.00030242594807328583,1.052001758730425,0.010898582804364893,0.014285714285714285,0.039337045258576606,1.8046862589703903,0.04021853920934748,0.012041398242481549,0.7812533523915046,0.011811837203109299,0.011661484531715073,0.6177648373548053,0.011119671797531705,0.03101234767681544,1.161686629316632,0.031045010654123906,0.04739249229560874,1.3111222194152974,0.04674077772409191,0.041532359883652115,-0.08182409532252088,-0.0007399123015946093,0.012692167493662445,0000037996-16-000092,2016-02-11,19.42879354228968,24.530116322502668,0.6363692429068049,1.8678798941798942
-0.0011410486183842023,1.1417738186713264,0.011931115048723238,0.02142857142857143,0.00411480757039329,0.1724401932924794,0.00015966582324267176,-0.01951791056208959,-1.15674409782202,-0.02099582233065589,-0.022619512087454677,-1.0945650376598666,-0.02387113396837215,-0.0032974160117377744,-0.1128280503744007,-0.008709078484253063,0.00990740310020308,0.2503700968281081,-0.0006869760965382277,-1.5898180222517766e-05,0.0655020914487282,-0.00024959013612690353,0.019821935792360898,0000037996-15-000013,2015-02-13,19.291294094696184,24.882153957601137,0.3875761726595459,1.84633422801636
-0.0007340948955130567,1.0669812285830829,0.018104986370058425,0.007142857142857143,-0.010123221418696237,-0.2795699817658457,-0.012799308453346314,0.024164378574322288,0.9437618788445996,0.02245424880791358,0.10352743455125384,3.3013884122843935,0.10104297761876824,0.004580832385070736,0.10329292449506514,0.0011433326948199207,-0.0016957562357680228,-0.02824027216988696,-0.008718699153454912,-0.013058843691390765,-0.06567037730385683,-0.0010717162893525264,-0.02119117156176397,0001467858-24-000031,2024-01-31,20.316812184501988,24.508401197628093,1.4596643579294697,3.3648058694620784
0.0004046331951648402,1.3130996853142722,0.017376558009439796,0.0,0.0386755322713921,1.1128651672667758,0.04300444487747834,0.02163518149510593,0.8804035608824416,0.03031943009840643,0.08549768524646484,2.840730112679419,0.09917111988354699,0.041071414567005415,0.9649399365975543,0.04677060123432675,0.06238674715350363,1.0825108176122777,0.07239686787996258,0.04291527040195775,-0.05868368567297966,-0.0005521657032200611,-0.013289677799236628,0001467858-23-000029,2023-02-01,20.045100853200584,24.727633452871117,1.2362425503857721,2.7933772506370773
-0.0004087675341918265,1.3803485004244054,0.021382537978788262,0.007142857142857143,-0.04312011154378121,-1.008301998260377,-0.049894963860712016,0.0036477336705112787,0.12062820685457237,-0.0028630732691365957,0.019995550675242738,0.539900201575623,0.015686309313020175,-0.07311278737606812,-1.3959133610302699,-0.07198818995391665,-0.04231069339728149,-0.5966155219220047,-0.052463976655181876,-0.048357532285664306,-0.013614880978967792,-0.000511515182621678,0.023168040436813146,0001467858-22-000034,2022-02-02,20.84879418268114,25.087190403966652,0.7604417233093939,3.1206197627915495
0.0041135755736602395,0.9181954763079899,0.026343448689159058,0.0,-0.05804021162029623,-1.1016061774057155,-0.04203451010561621,-0.03735599263402799,-1.0027037849583513,-0.02965022165945741,-0.06220161841236606,-1.3632277822906536,-0.050354034175157936,-0.06645149153199745,-1.0298085166000275,-0.041705664603291615,-0.08664683411360177,-0.9917077966997371,-0.03934086773276346,-0.0417470457045489,0.26562102365644,0.001738147964171861,0.06553888685908292,0001467858-21-000037,2021-02-11,20.74054183619091,25.09369165536097,0.569442831900025,2.973006444623069
-0.00141323995328358,1.2205069296521687,0.011912825320976017,0.014285714285714285,-0.0025644036761827867,-0.10763205230867455,-0.006687113851221338,-0.03501384291579022,-2.078308469575323,-0.03829791456814424,-0.02812952026700729,-1.3632858420021812,-0.030345997514451883,0.0024394935282328507,0.08360057632550962,-0.0034441628070709385,0.004764274415026904,0.12058287988852248,-0.010545942156240273,-0.007486064536372017,-0.10230228237571026,-0.0012860737328616047,-0.034237113798980166,0001467858-20-000028,2020-02-06,19.60394320211514,24.63644698192203,0.8348725409750547,1.4759590308583062
0.00017247981464902566,0.8871991670911736,0.017997664604747145,0.007142857142857143,-0.026785103731808403,-0.7441272053915108,-0.0266499828247998,-0.022920328511378308,-0.900512376097069,-0.021596151726021695,-0.005597972027094679,-0.1795783357306605,-0.00385039697015932,-0.031049323329237103,-0.7043043332342883,-0.03061124453428743,-0.0189269149559284,-0.31707889342296863,-0.019548481193970235,-0.026852672725898308,0.05367228880392161,0.00035675175746899994,0.002011438411306913,0001467858-19-000033,2019-02-07,19.800792067338804,24.753112832242806,0.6908161520340522,2.175954633606207
0.0004624952495948381,1.073140571048727,0.012062884688559653,0.02142857142857143,0.017259377912992188,0.7153918137574857,0.0181082595440758,0.018697360005106196,1.0960089888312914,0.016511096295098948,0.05819299619774249,2.7852162137951413,0.057744866629067415,-0.0052345651444211504,-0.17715516037041915,-0.002289318389999462,-0.031290237325123496,-0.7820982933711359,-0.025880510616558605,0.017867027383548062,-0.048567035605089126,-9.779985160178882e-05,0.021027213538187026,0001467858-18-000022,2018-02-07,19.998254244273113,24.79594587308577,0.5961258934336063,2.323444783435078
0.001383658466171823,1.3694671697216563,0.01437082963916618,0.007142857142857143,-0.014480360531985953,-0.5038108757660469,-0.003308483772578419,-0.012162573216486203,-0.5984510438156077,-0.007013719369159621,-0.06082953684555808,-2.4438359060876693,-0.05421321859481032,0.014554567165830291,0.413467928650252,0.03181883389042972,0.003982374018487729,0.08355334904627366,0.030455367658797527,-0.0033716965778183283,0.021657805640158734,0.00018371326287726602,0.0674910280749408,0001467858-17-000028,2017-02-08,19.912487550052912,24.6855741485474,0.8337239605202525,2.171879558028822
0.00025357121350482614,1.0392967181812263,0.013057248710600877,0.007142857142857143,-0.0045042870324732386,-0.17248224079611474,-0.004738540249718648,0.003939908468825647,0.21336317146958267,0.0037807941472175477,-0.026122701168359345,-1.1550632821497637,-0.02583207352929917,-0.027002735842048896,-0.8442682673581732,-0.027220667046347957,-0.009133666447392167,-0.21090997900975778,-0.006204439059319222,-0.004767476360250211,-0.073403226836119,4.1431354180371694e-05,0.014411473396983236,0001467858-16-000255,2016-02-04,19.715826573383783,24.522494684225233,0.8926331358030953,2.464874147199544
-0.0006682890120145235,1.0918423076926715,0.01272090617828116,0.02857142857142857,0.035197898081669364,1.3834666174082766,0.033746391768294526,-0.001342213620424717,-0.07460854906890793,-0.0020475379383583237,0.05830762388100097,2.6463462485855715,0.05655230967635638,0.03932492490998369,1.2620432178432965,0.03741994778804636,0.021658785925187028,0.5133572698912446,0.017369588361005328,0.033902763926556556,0.04683589891610629,-0.0006906285299284146,0.0018030900802144343,0001467858-15-000036,2015-02-05,19.716344736574243,24.77851287750268,0.6145122926534562,2.5507868394394113
0.0010662899504403215,0.5299165334861161,0.016859363756593387,0.0,0.0014176803358012247,0.042044301204628674,0.005354300896652786,0.0001337065203940689,0.005607850250133478,1.2994009414346586e-05,-0.013852676702454051,-0.474386028952658,-0.013175321020176933,0.007240812137558273,0.1753357492848506,0.012831570650291058,-0.024464919884810865,-0.43752842609922304,-0.01962698234105642,0.005471746763915819,0.05136617792419318,0.0002481172248350702,0.004508274477573588,0000732712-24-000010,2024-02-09,20.38388684722569,25.845994008759938,0.5508589065779365,1.2954977047380656
-0.0014580304934790908,0.476642424620843,0.013763210923098863,0.02142857142857143,0.0016224148516944866,0.05894027421216004,-0.0042895866719501186,0.0055890652743199685,0.2871470892982632,-0.00317195507016943,0.011024180498590948,0.4624512124401443,-0.00034377721962797203,-0.00041221657177260666,-0.012227285599801758,0.002696795487932113,0.00030363803712912286,0.0066518135449123595,-0.00034762536651933296,-0.004236559842892174,-0.03413422489892681,-0.000605680246476915,0.01345975306144476,0000732712-23-000012,2023-02-13,20.384987136907206,25.8474518706224,0.5424033531682652,1.364895256841298
-0.00021330763701813785,0.1799476278660045,0.009184906175507655,0.02142857142857143,0.007230862314768585,0.39362744575716535,0.01323803078234198,-0.0009676842486594589,-0.07449788611876522,-0.011174346163713489,0.007938211654476519,0.49898480703238435,0.01307418813575112,0.016738475853382423,0.7439873659609089,0.03651340302377304,0.012841124984744878,0.4215334142841747,0.030728392449394182,0.01356227487293915,0.08615306384705934,5.372989561705079e-05,-0.00527266686448782,0000732712-22-000008,2022-02-14,20.626934215470087,26.13414354180905,0.36541458593458387,1.1055457479099797
-0.0003578726419545005,0.3349072446062342,0.007549730354440732,0.0,-0.017605719421147647,-1.165983326198664,-0.017636175987210567,-0.025814859997690953,-2.417816491818378,-0.03919433670428796,-0.028113192162221613,-2.149899175285274,-0.025569863965133277,-0.0075009926123870835,-0.4056128188721171,-0.012290129887613244,-0.02046569944156555,-0.8173325756887807,-0.044493979241256865,-0.017310758785684,-0.03311934506965508,-0.0003279069141326934,0.016101461640121766,0000732712-21-000012,2021-02-26,20.448826782905048,26.177754961945674,0.29016439049913073,1.0465104400934575
8.480398807748658e-05,0.4478440559019953,0.007259583027453364,0.0,-0.004961525838167407,-0.34172250798734183,0.057073058386132414,0.009789069665731426,0.9534869311322423,0.045182705355190644,0.01630830412652609,1.2969896124707707,0.0575943769111239,0.01993949761354872,1.1213131363958129,0.06127170450244801,0.04536166297766693,1.8840002166732681,0.1494292026366878,0.0536027557043377,-0.05288133423734498,0.0001113563214972828,0.0026652832449513752,0000732712-20-000014,2020-02-24,20.05406712425379,26.20684740576981,0.2550608409781939,0.7448494354158103
0.0007376101769076978,0.2531701426691967,0.012191826468146554,0.007142857142857143,0.02704560225193155,1.1091694227519269,0.02539518292636922,0.008543469010690762,0.49550778040519133,0.0075721837328750485,0.025965837465857195,1.2296257078309423,0.017607585106341084,0.02053367132156146,0.687578373582995,0.020028817563380374,0.007377742705202571,0.18245610112695337,0.01167097427724717,0.025757248439028713,-0.14321367461188084,0.0006170389836266392,-0.02280430503495974,0000732712-19-000012,2019-02-19,20.306449915164553,26.152276542608817,0.23317018631325165,0.9691398918088926
0.0007009402358824311,0.9544156770359935,0.011561353379599057,0.014285714285714285,0.014950365365560091,0.6465664042386776,0.01891060337614925,-0.005318111422433805,-0.3252623223630754,-0.0038729316285028847,-0.012542779498668754,-0.6263606761402929,-0.011127302153005836,0.013758624914050374,0.48583716074331884,0.01838667035853181,-0.00956463677891325,-0.249438487080314,-0.002467698554004194,0.01851096572866151,-0.0594067352999047,-0.00024196848057142292,0.06358483204392917,0000732712-18-000009,2018-02-26,20.19006221309342,26.006461393383244,0.21876320911131802,0.9480582002112755
-0.0012254829142516943,0.7957820241833411,0.009503945277097657,0.007142857142857143,0.013892370101068575,0.7308738474402847,0.00861301629449851,0.02071923038835934,1.5415396323756347,0.01840370466278296,0.022011017020856144,1.3371359189906402,0.01723488455205846,0.004933347065673468,0.21191520438143335,-0.005062868684830968,0.009026343257098392,0.2863594867940233,-0.004272782342970238,0.008470059987762957,-0.10994527272176768,-0.0004226256746352022,0.030089764948569346,0001193125-17-050292,2017-02-22,19.97656819323242,26.02911899667386,0.11177450869708733,0.8430974145683746
0.0013154179000374375,0.7354590657662908,0.008111807065728163,0.007142857142857143,-0.00751104225191441,-0.46296972986747037,-0.0037829068680872435,-0.004782975072814558,-0.4169322668585684,-0.006328727989705074,-0.005554402577437938,-0.3953294003773844,-0.002490046425096648,-0.0034921781694297847,-0.17575316524579537,-0.004530591725630195,-0.006906979342154132,-0.25672857003987304,-0.001765625847186536,-0.0037295428058816693,0.11818701501071782,0.000649192933764759,0.005786256717103361,0001193125-16-473367,2016-02-24,19.990048250812844,26.052396420566495,0.07964759899492872,0.9383024148103529
-0.00018946358108312428,0.6330710978776851,0.008187374620732882,0.007142857142857143,0.016198783420587323,0.9892538311101068,0.01633597345806348,0.007937957761819797,0.6855657670703639,0.006827723962036236,0.004235022160074516,0.2986416644416575,0.0030466286971267964,0.017594983679933906,0.8773413140132581,0.016771158945717124,-0.004016182746825799,-0.14790146001125187,0.005361177813541174,0.016389192155986443,0.014744710131191718,5.386827582877105e-05,0.015044921064252075,0001193125-15-057710,2015-02-24,19.990168269003107,26.03479188454225,0.0606831387200256,1.2945764966347681
0.0010729643948098814,0.3708365045375416,0.0145448994730513,0.014285714285714285,0.003061549844309103,0.10524479216860604,0.006415615334202651,0.0005762884867692233,0.028016522057733067,0.004031130050966336,0.012032483254501762,0.47762155103770476,0.016341373319096686,-0.009258898990764163,-0.25988008315633165,-0.00804638142825631,0.01766081974453544,0.36610342459818357,0.025747287731204826,0.0062701835814946705,-0.07546282913954716,-0.0005229821323873466,0.031979527909305576,0000732717-24-000009,2024-02-26,20.212192374373263,25.51214748330858,0.8596127238324711,1.3602813077535079
-5.9862425898679094e-05,0.5483250552244567,0.015280048083815405,0.014285714285714285,0.017326787723126572,0.5669742538794452,0.02343941718487763,-0.001736402583383955,-0.08035459278960913,-0.0029820451937893067,0.0020091125408706373,0.07591348272866658,-0.004467442488084061,0.026316743252147612,0.703123798062222,0.04207250712290467,-0.005631388078997988,-0.11112055290822768,0.014295012438520383,0.02341310382943851,-0.010720788543446047,0.0006615590731597144,-0.004317211888516699,0000732717-23-000011,2023-02-14,20.16794861408424,25.64558930194346,0.7100136477181721,1.5817327516631188
-0.0006879279244816751,0.4060935672118985,0.015315057358724456,0.007142857142857143,-0.006329042105964117,-0.2066280901768442,0.013250743983929003,-0.014336303116350759,-0.6619170214822989,-0.0036606509692631573,-0.007992961047103108,-0.30132033488848253,-0.007369193951764386,-0.025564988989120047,-0.6814772420418147,-0.005308953581642961,4.84063357537156e-05,0.0009529875753858124,0.0062667818480093285,0.0129569499845964,0.06222548499085656,-0.0005856484082690094,0.009907685687182418,0000732717-22-000015,2022-02-16,20.89279947734143,25.881504779024947,0.956711734225822,1.593570632438961
-0.0003869033997777934,0.3156894593217409,0.011579718309369698,0.014285714285714285,0.0058824483115616465,0.2539979019524974,0.005776351444476857,-0.023913110652287916,-1.4602360998553028,-0.0377165660633868,-0.04132607771202561,-2.0604665376258273,-0.03876533051022413,0.03590572481909919,1.2658728289963925,0.030866065532891063,0.036322421818846554,0.9457589509806683,0.011394256679241543,0.005655678820581378,-0.010200189170909035,-0.001258626208357039,0.005793070945903057,0000732717-21-000012,2021-02-26,20.6067309517662,26.04227949294393,0.7918067818533401,1.431365707322152
0.0007304207022848311,0.5858323465328356,0.010700501537085133,0.02142857142857143,0.014348877178712173,0.6704768523691496,0.04962833773255082,0.009804515846150198,0.6478985697106215,0.017201880167648675,0.011022328224147778,0.5947145697099393,0.01720112895181025,-0.002646820394067495,-0.10098217334000709,0.053949417410926626,0.02647846571831268,0.7460919260107349,0.07928276216043895,0.04781875519324663,-0.04055784712967869,0.0008057991048433399,-0.006739567824170455,0001562762-20-000064,2020-02-20,20.387234778829843,26.34267227099749,0.6681314721511173,1.026036462440238
-4.988375941352856e-05,0.6310066947144779,0.01379615480360806,0.007142857142857143,0.010080399002162375,0.3653336435281983,0.008653566004147906,0.008010492599737896,0.4105690113333582,0.006846302785008085,0.014121872230406934,0.5909810994259538,0.012252056685372104,0.009113871900916507,0.26969272786666143,0.00883061561823495,-0.021461133085174063,-0.46902743443998474,-0.01728302305476126,0.008689148867411012,-0.07155278492455597,-0.0005011463546411839,0.026593165376859636,0001193125-19-045608,2019-02-21,20.36843993862112,26.138220011364687,0.8191116840209596,1.2449875770060983
-0.00011286186922003613,0.9003286046233037,0.013273040523448548,0.014285714285714285,-0.0015884145870512355,-0.05983612361632947,-0.004358461883236742,-0.0038056858883415996,-0.20274377177996614,-0.0035806006848256855,-0.008396284924510786,-0.365221318566397,-0.007701842151862426,-0.01114243999151454,-0.3427159037219694,-0.01176576498757298,0.0017825411496422171,0.0404923331503683,0.00010310685079251147,-0.004553342558635709,-0.0036373147278278006,-0.0006309832242961792,0.02905766326545025,0000732717-18-000009,2018-02-21,20.286478103347214,26.143098509667947,0.6237166600403996,1.080377646578803
-0.0003665532618079678,0.8070779426848155,0.009113984888715208,0.0,0.017016272435364254,0.9335253812212008,0.014223099627616698,-0.0006027393101332794,-0.04676341454226667,-0.002293870921795671,0.003984981169631611,0.25243951785032337,0.0016034657173138456,0.005543921204090706,0.24833224782265878,0.0023186761616501572,0.007832570255010971,0.25911923466235515,0.0023641680013049005,0.01433300416355876,-0.05100323061196199,0.0003868793311805816,0.04671281117102824,0000732717-17-000021,2017-02-21,19.925129826266275,26.26362765869609,0.48331797563856843,0.8857033058747605
0.0011505132704597832,0.6954046857664493,0.006226713725274747,0.0,-0.005943652551504901,-0.4772704201398502,-0.0032951456379231026,-0.01575922516563048,-1.7896205723463399,-0.01785294984618624,-0.004112467665856536,-0.38131419215215945,-0.00363452454323665,-0.013980409502955576,-0.9166116400051012,-0.01191787943934508,-0.016799612132290875,-0.8134746297764689,-0.017100993094152583,-0.003267874198864318,0.12027192655216967,0.000890507046184253,-0.009137375795651676,0000732717-16-000147,2016-02-19,19.992502706649052,26.150528113635772,0.5391527776694174,1.1674151849894474
-0.00023404640222959283,0.6057877771837905,0.007466465365300305,0.02857142857142857,0.013142448731724682,0.8800984193138413,0.01212202792499506,-0.0018593371888071045,-0.1760873278577052,-0.0032953911807193093,-0.00563013908399437,-0.4353549044539689,-0.009715393917289927,0.015744871009008572,0.8608915140589094,0.013007250750104227,-0.009936277232210048,-0.40124746607735384,-0.0067638844027287925,0.012115556723874876,-0.007384574195534399,0.00023517770843896666,0.0032285623175865013,0000732717-15-000016,2015-02-23,19.806088970171643,25.89871022444423,0.4883104075949674,1.167937533544057
-0.00013378699793293848,0.4390786075981018,0.010821350986127014,0.0,-0.009542224910034465,-0.4408980413937044,-0.010913447544260824,-0.01904336061335406,-1.2443630599863638,-0.018143992818503207,-0.012549906374937088,-0.6695736819888306,-0.011979496800123002,-0.005660436501780934,-0.21354667528054913,-0.011121669473679208,0.03257825879952797,0.9077161093139636,0.02779353194771661,-0.011173611004233197,-0.12385690801121474,-0.0003776552662386965,0.01867522141696862,0001326160-24-000037,2024-02-26,19.466238261928318,24.992646424914533,0.6870987997075567,1.008163934296326
-0.0003411796602386696,0.6278923761899361,0.011024435875719395,0.0,-0.03277704736214025,-1.4865634727999812,-0.03521862015567634,-0.026971587766759182,-1.7299563283095447,-0.027667716088513372,-0.01918765485503504,-1.0048584635582742,-0.016303859592960657,-0.01920355380566311,-0.7111309912246365,-0.02859188201835461,-0.005537921420172974,-0.15145864626414665,0.0013627469530287373,-0.03535011954640355,-0.08790344461015243,0.00028090729423402397,-0.0009123294939472042,0001326160-23-000073,2023-02-27,19.362801258561635,25.035891210666314,0.6608323218597651,0.9207040016613333
0.00023303896892671423,0.17875104583980295,0.009335141950882916,0.0,0.03344482791074775,1.7913400828138744,0.015406738787388408,0.03063739811458726,2.3206837216532765,0.014735923447073085,0.021280603543777046,1.3161409059618359,-0.0066711345576291325,0.07921727011745586,3.4643624350679185,0.07247647238884536,0.0916312630793262,2.9595549250103685,0.10930277299572444,0.015830612638866315,0.06334375152697724,0.0005100128934878718,0.005235739870714448,0001326160-22-000072,2022-02-25,19.41022926816853,25.036190679998125,0.6602862002599581,0.9848063726205587
0.0005124977753671728,0.3816402191050949,0.01344258911506053,0.014285714285714285,0.0007745988771768056,0.028811372219544246,0.004127179837467021,-0.008912580689305285,-0.4688193761884288,-0.01966149505465342,-0.002601789772074835,-0.11174514168548676,0.0022985036957497984,0.012090063857137519,0.3671724144082868,0.012708783211084262,0.03166366147161755,0.7102019605632758,0.018621205219226722,0.0042337075962511905,-0.03850696202791992,-0.0009721527291189181,-0.028236044893074935,0001326160-21-000063,2021-02-26,19.173992521826783,24.927450464656786,0.7162443507866282,1.1719471605510436
0.0005603077020777118,0.2863987444845092,0.007360753240956818,0.0,-0.004229440642243332,-0.28729672791568484,0.05373710193352754,0.02007968650703842,1.9289442300855122,0.05262139950645228,0.02071075779258772,1.624475267033586,0.05653553818784851,-0.06490071467638403,-3.599578052567972,0.031580278743637,0.010342201825226017,0.42363751047483195,0.10308957730231805,0.05159176548184119,0.0815292054518818,0.000381970211509825,0.016323114711917483,0001326160-20-000034,2020-02-21,19.34288175538752,25.03246431464632,0.6294900072300963,1.0778548001081625
0.0010611744610618445,0.13671189540953899,0.010509859720821899,0.014285714285714285,-0.004598127492732249,-0.21875303833135573,0.0036529776785826362,-7.54825996649249e-05,-0.005078493862188658,-0.0005557419374359052,0.0035058444235630186,0.19259060305733247,0.006525987264800137,0.0017143173227969905,0.06659148027997908,0.02094286835171555,-0.002525879493949181,-0.07246350976057186,-0.002755587138475013,0.003679338926210307,-0.009563591011623407,0.0008769956473611406,0.019586636361235157,0001326160-19-000057,2019-03-01,19.245878384079305,24.900476783320602,0.6722069151257517,1.2592452501969564
-0.0007287319787794829,0.028170514371670473,0.007303006764872541,0.007142857142857143,0.016149714085702118,1.1056893828568142,-0.002365073531800821,0.02600619287552305,2.5180252363423046,0.008025754529376039,0.022133332116872538,1.7497841186735879,0.008765825599759025,0.00824549431919375,0.4609346626969876,0.012005501663208906,0.017628183671542376,0.7277957603484821,-0.004337078515827764,-0.0026247270172730097,-0.05954936218804796,-1.3006616267360676e-06,0.0004461813855918816,0001326160-18-000034,2018-02-22,19.13187483069448,24.688601751819316,0.7914409787128112,0.9665379054741621
-0.0008389522102616126,0.7971859222582877,0.009786666567007085,0.007142857142857143,0.0033172876509815364,0.1694799566465671,-0.0013068354205785226,0.010130966170658314,0.7319831354420779,0.008769531481622517,0.02275677160005391,1.3425028960801668,0.02025350941953663,0.0012537797955133713,0.052301103203212365,-0.004485770520672117,-0.006052162272777874,-0.18645731638797639,-0.015831850100697653,-0.0012782741876959935,0.02204519219596257,0.00014244153363260402,-0.03350110476190806,0001326160-17-000016,2017-02-27,18.91863337781536,24.77226194686399,0.7156103322240069,1.1189141339763176
0.001333100538069391,0.5273942899263163,0.011470221228812645,0.0,-0.05166445730571265,-2.2521125039826613,-0.05482572956516518,-0.025547932991995766,-1.5749579980690367,-0.018159885342484028,-0.012986284043023417,-0.6536608526066449,-0.009628395590044025,-0.03711156926279274,-1.320875544223024,-0.04082254885167369,-0.015612654754847757,-0.4104011974710495,-0.01797428627920017,-0.05456569873898498,0.06478013321008913,0.00026411294287853143,-0.004519731034209044,0001326160-16-000221,2016-02-26,18.967108975069433,24.6863547030809,0.7549846894224508,1.2590960154891544
0.0008117717537331296,0.36623804828182793,0.0106379817534288,0.007142857142857143,-0.014848792715636697,-0.6979139962733383,-0.010583854604078513,-0.015333663972621547,-1.0192288374608105,-0.014715505915445126,-0.015189911922011225,-0.8243950723372129,-0.011886388770407597,-0.04916574946875202,-1.886808384825731,-0.03679418386790689,-0.04077669707541391,-1.1557301984171426,-0.025094992807179306,-0.010704544676471084,-0.12388219731039618,0.0005217252276298807,-0.020434027137017814,0001326160-15-000008,2015-03-02,18.991107310083056,24.741046017354435,0.7354582157770931,1.0990016385803918
-0.0018243682847620772,0.6896573483332475,0.019502218614004356,0.0,-0.008538669578943047,-0.2189153385043974,-0.021028085183386502,0.008209637924232942,0.29766308963139126,0.006032273752327955,0.009156157962131865,0.2710619939612163,0.006645147071915436,-0.0158379042188172,-0.33154162866472536,-0.03133041902794653,-0.009644966611855231,-0.14911466787988178,-0.03431903451859042,-0.02101109048145433,-0.14270746535408196,-0.0015162087864861718,0.01954748464515657,0000753308-24-000008,2024-02-20,20.205249812418412,25.48586730552843,0.4055359843071183,1.2363960992536165
-0.0006299555240248493,0.8171552383619101,0.014448869604990503,0.014285714285714285,-0.017278887223255227,-0.5979321460997634,-0.014894280282210515,-0.012487302512025253,-0.6111105246552377,-0.009795062361307671,-0.004575409382804723,-0.18282494832001653,-0.002007119097624077,-0.03577021254940534,-1.0106761651292062,-0.03465228241339935,0.0023908425774377675,0.049890834363128786,-0.00043910657688539523,-0.014675342537347924,-0.15473708448836443,0.0004201084099556864,0.0012336158790002619,0000753308-23-000019,2023-02-21,20.15238456536524,25.7417950077264,0.25947033430559013,1.0747925761390453
-0.00022001344669532512,0.7258489612207019,0.014237855599292483,0.0,0.017997787148548904,0.6320399523311383,0.022810307909707506,-0.008303166496364641,-0.4123672482808535,-0.003997883818307124,0.009278908112434692,0.3762631288918385,0.019168815162438735,0.04677531909760686,1.341209280030106,0.04568396241639616,0.1508971436317454,3.195509348445166,0.1595450155453111,0.02169886315095859,-0.11934829331301089,-0.00038450756819862766,0.021906566154153664,0000753308-22-000014,2022-02-18,20.3795389540534,25.720151790976736,0.25144690356534766,1.0070538465333538
0.0008952943036623464,0.7653094746609123,0.014513511955221004,0.0,-0.05967758308220761,-2.0559318539280063,-0.05441592625760927,-0.030728085232987333,-1.4970902637598504,-0.028728698466873648,-0.0449964635205137,-1.7899678869113642,-0.04320741728700639,-0.10011724011113066,-2.8161820686429992,-0.09154501648370317,-0.08595048889845357,-1.7855807439884566,-0.07239310295125567,-0.05336102669218523,0.05747010767121996,0.00046040942670054204,-0.019679958238137788,0000753308-21-000014,2021-02-16,20.036975807307783,25.816551984893024,0.22411010977998677,1.185575649984339
0.0018514852712721707,0.11597967292524289,0.009065123414054958,0.0,-0.008829875407611279,-0.4870245557783063,0.009668557856215565,-0.017402619936721434,-1.3574564852133106,-0.015278371123084833,-0.008395915977784042,-0.5347289968883935,-0.006049902821778419,-0.03146100298820085,-1.4168478573935075,0.04713525961276943,-0.047371875913435,-1.575616497364563,0.07429452155180138,0.009207665915886287,0.10890801202931755,0.0016580858600260871,-5.662116497067229e-06,0000753308-20-000021,2020-02-18,19.80327323991442,25.637293127169315,0.2717224191571783,0.9621474764089527
0.0005784752908653523,0.24349650523880478,0.010646395155156982,0.0,0.01824089530746082,0.856670029696632,0.015894341803968537,0.006728630407504199,0.44689870326103504,0.005407385933005271,0.01133147483859451,0.6145018997542128,0.0023588912879224377,0.017510363697678777,0.6714550738345614,0.015986835992977344,0.02213997885826072,0.6270155012275627,0.024633240255860445,0.016073749096520595,-0.0388230935996402,0.0009530330789448223,-0.020259068250498155,0000753308-19-000039,2019-02-19,19.681832820740308,25.200624746746957,0.38799142710964346,1.0486484228994188
0.000533575262392461,0.33153295736580773,0.008304886119765821,0.0,-0.002136735851067967,-0.12864329626281606,-0.00378865542174478,-0.024990860270599713,-2.1278084383323033,-0.016344702218122675,-0.015157914197869018,-1.0537683137718568,-0.006227832849781123,-0.025316113693149275,-1.2444794531039778,-0.025265923876994112,-0.01554123706392746,-0.5642292038651909,-0.009027815408878093,-0.004173838758010806,0.019877974269931542,0.0006979492469164243,0.007760884333426481,0000753308-18-000013,2018-02-20,19.350760112083,25.020107551956965,0.3839526315449349,0.9292296733275078
-0.00018330823988235953,0.7400580659497049,0.01104755913990709,0.007142857142857143,0.0005364044178245292,0.024277055729300237,-0.003733813087396287,0.011817563174211813,0.7563914301576548,0.01079814223254505,0.017374310952464923,0.9079890841366657,0.01606266955213942,0.015620580231872783,0.577238383153775,0.012375996085672969,0.014233903561508391,0.3884734489374914,0.011218151060951809,-0.004060029303170731,0.04000023273035236,0.00018289878623817217,-0.012720364464402173,0000753308-17-000060,2017-02-24,19.031008156510165,24.824214428445032,0.403013015855489,1.094379404109482
0.0011507067482515558,0.5549617067722132,0.010327662916651503,0.0,0.0025627307704267493,0.1240711858582645,-0.0007507333258260918,0.008497776727633327,0.5818194878756728,0.009909191377689974,0.011034994562455262,0.6168924308003331,0.013608701617256691,-0.020187825641435446,-0.7980164895787204,-0.01675345823330765,-0.031074206136164406,-0.907197083155699,-0.03775314298138588,-0.0005677292202850293,0.12875512339251638,0.000743663126456075,-0.008276342715393223,0000753308-16-000337,2016-02-22,19.186087502428496,24.690795723427197,0.42710256952135245,1.2654133543480819
0.000707252910607495,0.7124494570918342,0.00869011904848694,0.0,-0.015858534178485907,-0.9124463134510844,-0.013090966285033478,0.0013783354748434346,0.11215385607191056,0.002086780578362424,-0.0020809350337293643,-0.1382522374188827,-0.0024269250901158834,-0.038281826822404774,-1.7984207430163488,-0.035010889987600824,-0.054433477290907945,-1.8886175018376081,-0.042461726950856704,-0.013119612076035181,-0.04716647769324145,0.00037828847442200906,0.010569068393823053,0000753308-15-000079,2015-02-23,18.923379071743884,24.56976084621988,0.425295277592419,1.126600890729246
-0.0002697181935786053,0.45475455972884754,0.011210084649612585,0.0,0.01232866731154631,0.5498918026445225,0.013279929365771492,-0.00908281251720552,-0.5729232672104788,-0.01017718927072142,-0.008725947536086544,-0.44941035829450465,-0.015313364727761458,0.002554011926165202,0.09301187593773398,-0.008741035524712726,-0.012467567806830934,-0.3353331621079193,-0.03029014748683234,0.013156734055385977,-0.09055183959499102,-9.61161971097091e-05,-0.003096924012265273,0000092122-24-000009,2024-02-15,19.444041047840095,25.027084036822483,0.42502384151679395,0.9704038811055407
-0.0004411674983028315,0.6701355389440591,0.011570398201215871,0.0,0.015023457893328498,0.649219570150566,0.0258500236976974,0.020594426691904935,1.2585961619683,0.025173376306345863,0.020977521511959227,1.0467554773169436,0.024200531523538404,0.008951687965296034,0.31585008960314,0.020613893152623075,0.0029350961032029842,0.0764852477115861,0.006110293870265626,0.025023840584723844,-0.15332002994656713,0.00044176006606234984,0.022871626325813615,0000092122-23-000012,2023-02-16,19.357800265850447,25.009694949360355,0.41823015801653857,1.0798271180540473
0.0007555895001890242,0.25633400287917485,0.00872948408277514,0.007142857142857143,-0.009684981284163341,-0.5547281598962744,0.035647783372027786,-0.0010937420734446236,-0.08859543469788463,0.02149241038325389,-0.004382166627030549,-0.2898275611432892,0.01830425108539868,0.014222591210243938,0.6651422343509893,0.03330582994869291,0.05258822392333071,1.8163669185635636,0.0847170682893692,0.03443243403632934,0.02170214490823863,0.00048288733600916736,0.002362047682983384,0000092122-22-000003,2022-02-17,19.521413563061323,24.954133793112195,0.405281414940446,0.9895485671309618
0.0003991901046218521,0.5010658135993409,0.012217362738633173,0.014285714285714285,-0.0010242123989414554,-0.04191626379819022,0.006932588628938197,0.0031068439803176844,0.17981543918839357,0.007033906893793018,0.002362364049192685,0.11163714697709629,0.006848476583084517,-0.015030080540014807,-0.5022364332845937,0.00027470643505245196,-0.014975019566369721,-0.36956734289773474,0.01007104159860328,0.006802873766227457,-0.04987560225897392,-0.0007593531959891724,-0.020349869657882172,0000092122-21-000006,2021-02-18,18.97957968768865,24.86043446870846,0.44665686368481355,1.1075206334948708
0.0016678406796081437,0.2164205923536279,0.0093523053194035,0.014285714285714285,-0.015132234685985799,-0.809010942713264,0.05275802841177013,0.005510151229771838,0.41661014764470594,0.02007736424479134,-0.008559394868455396,-0.5284011548628756,0.003988301912898673,-0.06812100044575481,-2.973628536160881,0.040671138084279135,-0.004109924797621375,-0.13250090854854069,0.09893774781378806,0.05066848368750898,0.07144497056221222,0.0014526173982928178,-0.015910466541557318,0000092122-20-000017,2020-02-20,19.27589497125924,25.004513276017924,0.38026776383117566,1.05397852165071
0.0003524078545455996,0.1833165731484757,0.012064528640857693,0.014285714285714285,0.010828112572811372,0.44875821074935834,0.007424506754823645,0.026028233331058477,1.5255250195492707,0.0281616946228187,0.032814577356819356,1.5703477221764528,0.034076447671393506,0.006758383161923221,0.22869508244283648,0.005149462382050052,0.021479485659217173,0.5368057712604466,0.027730271070919854,0.007200793081290957,0.0033252956138192236,0.0006685919233267693,-0.03183971596170014,0000092122-19-000006,2019-02-20,19.07598857186996,24.647432461940028,0.4884917771267446,1.390763656938517
-0.0003409047593903431,0.019550960331153278,0.009046935820881986,0.03571428571428571,0.014086171462260929,0.7785051061016407,-0.010085084185811888,-0.00955226562363995,-0.7466032623532483,-0.005799551149409332,-0.019568561472050095,-1.2488111397302284,-0.010429567071455037,-0.0069095453968143344,-0.31179729269450096,-0.008425298676057236,0.009292605381927022,0.30969888576729493,0.0012345832995087624,-0.010436162561139106,-0.046484237322192534,-0.00012512157495594682,0.001097350608223848,0000092122-18-000012,2018-02-21,19.249908444012146,24.50346328343276,0.5514470916297491,1.283693327401547
-0.0007543991243498698,0.5742165254803802,0.009283673919233414,0.02857142857142857,0.042698400958520934,2.299649973167449,0.03889389961810219,0.030475741793902292,2.321236600039698,0.029249328861103097,0.03779946182763459,2.350742782573934,0.03324348314640346,0.0338221813856377,1.4873257990932802,0.02378461050222891,0.03982695732176194,1.2934835450917277,0.03190633095221529,0.03937029617130361,-0.04463479047405594,1.398522976688967e-05,0.013125031525964509,0000092122-17-000007,2017-02-22,18.81098091618757,24.591294087537886,0.5174307488306553,1.2843130103552747
0.0015830847511531898,0.43859341243813293,0.009968402455868358,0.02142857142857143,-0.016403503935684054,-0.8227749636064994,-0.023174880228244543,-0.02460192959772091,-1.7451333175840444,-0.030276687434362737,-0.0490685142248772,-2.8419518595770823,-0.05211029272051948,-0.015155549359355036,-0.6206839204565816,-0.0211135586718737,0.0027537369709226068,0.08329147427505687,-0.00039911784070567613,-0.02327967683028387,0.03146384315891004,0.0006466171783527044,0.0025648348492749483,0000092122-16-000126,2016-02-29,18.933369222567503,24.507230341785146,0.4681053722699544,1.4127398206530768
0.0004416094201531189,0.3721192415137148,0.009820841816290062,0.007142857142857143,-0.017869786010289084,-0.9097889134436545,-0.015094942702227998,-0.015324817601424914,-1.1033964958523332,-0.015437654421114777,-0.014010614403503492,-0.8236597380030418,-0.011825635060649708,-0.0374183004809395,-1.55546311499164,-0.027337316166291648,-0.02573674634818598,-0.7901482522228226,-0.01418948705053491,-0.015172078759848717,-0.12734071069560826,0.000480196224866267,-0.00652247753302667,0000092122-15-000015,2015-03-02,18.95336182958265,24.452886717113564,0.4788145758023501,1.3742939604847946
