ticker,cik,sic,accession,form,filing_date,acceptance,period,file,url,downloaded
AAPL,0000320193,3571,0000320193-24-000123,10-K,2024-11-01,2024-11-01T10:01:36.000Z,2024-09-28,AAPL_000032019324000123.htm,https://www.sec.gov/Archives/edgar/data/320193/000032019324000123/aapl-20240928.htm,True
AAPL,0000320193,3571,0000320193-23-000106,10-K,2023-11-03,2023-11-02T22:08:27.000Z,2023-09-30,AAPL_000032019323000106.htm,https://www.sec.gov/Archives/edgar/data/320193/000032019323000106/aapl-20230930.htm,True
AAPL,0000320193,3571,0000320193-22-000108,10-K,2022-10-28,2022-10-27T22:01:14.000Z,2022-09-24,AAPL_000032019322000108.htm,https://www.sec.gov/Archives/edgar/data/320193/000032019322000108/aapl-20220924.htm,True
AAPL,0000320193,3571,0000320193-21-000105,10-K,2021-10-29,2021-10-28T22:04:28.000Z,2021-09-25,AAPL_000032019321000105.htm,https://www.sec.gov/Archives/edgar/data/320193/000032019321000105/aapl-20210925.htm,True
AAPL,0000320193,3571,0000320193-20-000096,10-K,2020-10-30,2020-10-29T22:06:25.000Z,2020-09-26,AAPL_000032019320000096.htm,https://www.sec.gov/Archives/edgar/data/320193/000032019320000096/aapl-20200926.htm,True
AAPL,0000320193,3571,0000320193-19-000119,10-K,2019-10-31,2019-10-30T22:12:36.000Z,2019-09-28,AAPL_000032019319000119.htm,https://www.sec.gov/Archives/edgar/data/320193/000032019319000119/a10-k20199282019.htm,True
AAPL,0000320193,3571,0000320193-18-000145,10-K,2018-11-05,2018-11-05T13:01:40.000Z,2018-09-29,AAPL_000032019318000145.htm,https://www.sec.gov/Archives/edgar/data/320193/000032019318000145/a10-k20189292018.htm,True
AAPL,0000320193,3571,0000320193-17-000070,10-K,2017-11-03,2017-11-03T12:01:37.000Z,2017-09-30,AAPL_000032019317000070.htm,https://www.sec.gov/Archives/edgar/data/320193/000032019317000070/a10-k20179302017.htm,True
AAPL,0000320193,3571,0001628280-16-020309,10-K,2016-10-26,2016-10-26T20:42:16.000Z,2016-09-24,AAPL_000162828016020309.htm,https://www.sec.gov/Archives/edgar/data/320193/000162828016020309/a201610-k9242016.htm,True
AAPL,0000320193,3571,0001193125-15-356351,10-K,2015-10-28,2015-10-28T20:31:09.000Z,2015-09-26,AAPL_000119312515356351.htm,https://www.sec.gov/Archives/edgar/data/320193/000119312515356351/d17062d10k.htm,True
MSFT,0000789019,7372,0000950170-24-087843,10-K,2024-07-30,2024-07-30T20:06:22.000Z,2024-06-30,MSFT_000095017024087843.htm,https://www.sec.gov/Archives/edgar/data/789019/000095017024087843/msft-20240630.htm,True
MSFT,0000789019,7372,0000950170-23-035122,10-K,2023-07-27,2023-07-27T20:01:56.000Z,2023-06-30,MSFT_000095017023035122.htm,https://www.sec.gov/Archives/edgar/data/789019/000095017023035122/msft-20230630.htm,True
MSFT,0000789019,7372,0001564590-22-026876,10-K,2022-07-28,2022-07-28T20:06:19.000Z,2022-06-30,MSFT_000156459022026876.htm,https://www.sec.gov/Archives/edgar/data/789019/000156459022026876/msft-10k_20220630.htm,True
MSFT,0000789019,7372,0001564590-21-039151,10-K,2021-07-29,2021-07-29T20:21:55.000Z,2021-06-30,MSFT_000156459021039151.htm,https://www.sec.gov/Archives/edgar/data/789019/000156459021039151/msft-10k_20210630.htm,True
MSFT,0000789019,7372,0001564590-20-034944,10-K,2020-07-30,2020-07-31T00:44:46.000Z,2020-06-30,MSFT_000156459020034944.htm,https://www.sec.gov/Archives/edgar/data/789019/000156459020034944/msft-10k_20200630.htm,True
MSFT,0000789019,7372,0001564590-19-027952,10-K,2019-08-01,2019-08-01T20:09:55.000Z,2019-06-30,MSFT_000156459019027952.htm,https://www.sec.gov/Archives/edgar/data/789019/000156459019027952/msft-10k_20190630.htm,True
MSFT,0000789019,7372,0001564590-18-019062,10-K,2018-08-03,2018-08-03T15:03:33.000Z,2018-06-30,MSFT_000156459018019062.htm,https://www.sec.gov/Archives/edgar/data/789019/000156459018019062/msft-10k_20180630.htm,True
MSFT,0000789019,7372,0001564590-17-014900,10-K,2017-08-02,2017-08-02T20:15:01.000Z,2017-06-30,MSFT_000156459017014900.htm,https://www.sec.gov/Archives/edgar/data/789019/000156459017014900/msft-10k_20170630.htm,True
MSFT,0000789019,7372,0001193125-16-662209,10-K,2016-07-28,2016-07-28T20:12:18.000Z,2016-06-30,MSFT_000119312516662209.htm,https://www.sec.gov/Archives/edgar/data/789019/000119312516662209/d187868d10k.htm,True
MSFT,0000789019,7372,0001193125-15-272806,10-K,2015-07-31,2015-07-31T19:07:52.000Z,2015-06-30,MSFT_000119312515272806.htm,https://www.sec.gov/Archives/edgar/data/789019/000119312515272806/d918813d10k.htm,True
AMZN,0001018724,5961,0001018724-24-000008,10-K,2024-02-02,2024-02-01T23:48:30.000Z,2023-12-31,AMZN_000101872424000008.htm,https://www.sec.gov/Archives/edgar/data/1018724/000101872424000008/amzn-20231231.htm,True
AMZN,0001018724,5961,0001018724-23-000004,10-K,2023-02-03,2023-02-02T23:27:34.000Z,2022-12-31,AMZN_000101872423000004.htm,https://www.sec.gov/Archives/edgar/data/1018724/000101872423000004/amzn-20221231.htm,True
AMZN,0001018724,5961,0001018724-22-000005,10-K,2022-02-04,2022-02-03T23:46:51.000Z,2021-12-31,AMZN_000101872422000005.htm,https://www.sec.gov/Archives/edgar/data/1018724/000101872422000005/amzn-20211231.htm,True
AMZN,0001018724,5961,0001018724-21-000004,10-K,2021-02-03,2021-02-03T00:44:10.000Z,2020-12-31,AMZN_000101872421000004.htm,https://www.sec.gov/Archives/edgar/data/1018724/000101872421000004/amzn-20201231.htm,True
AMZN,0001018724,5961,0001018724-20-000004,10-K,2020-01-31,2020-01-31T01:46:13.000Z,2019-12-31,AMZN_000101872420000004.htm,https://www.sec.gov/Archives/edgar/data/1018724/000101872420000004/amzn-20191231x10k.htm,True
AMZN,0001018724,5961,0001018724-19-000004,10-K,2019-02-01,2019-02-01T01:22:40.000Z,2018-12-31,AMZN_000101872419000004.htm,https://www.sec.gov/Archives/edgar/data/1018724/000101872419000004/amzn-20181231x10k.htm,True
AMZN,0001018724,5961,0001018724-18-000005,10-K,2018-02-02,2018-02-02T01:41:15.000Z,2017-12-31,AMZN_000101872418000005.htm,https://www.sec.gov/Archives/edgar/data/1018724/000101872418000005/amzn-20171231x10k.htm,True
AMZN,0001018724,5961,0001018724-17-000011,10-K,2017-02-10,2017-02-09T22:56:36.000Z,2016-12-31,AMZN_000101872417000011.htm,https://www.sec.gov/Archives/edgar/data/1018724/000101872417000011/amzn-20161231x10k.htm,True
AMZN,0001018724,5961,0001018724-16-000172,10-K,2016-01-29,2016-01-29T00:38:11.000Z,2015-12-31,AMZN_000101872416000172.htm,https://www.sec.gov/Archives/edgar/data/1018724/000101872416000172/amzn-20151231x10k.htm,True
AMZN,0001018724,5961,0001018724-15-000006,10-K,2015-01-30,2015-01-30T00:38:08.000Z,2014-12-31,AMZN_000101872415000006.htm,https://www.sec.gov/Archives/edgar/data/1018724/000101872415000006/amzn-20141231x10k.htm,True
GOOGL,0001652044,7370,0001652044-24-000022,10-K,2024-01-31,2024-01-31T02:43:43.000Z,2023-12-31,GOOGL_000165204424000022.htm,https://www.sec.gov/Archives/edgar/data/1652044/000165204424000022/goog-20231231.htm,True
GOOGL,0001652044,7370,0001652044-23-000016,10-K,2023-02-03,2023-02-03T02:23:45.000Z,2022-12-31,GOOGL_000165204423000016.htm,https://www.sec.gov/Archives/edgar/data/1652044/000165204423000016/goog-20221231.htm,True
GOOGL,0001652044,7370,0001652044-22-000019,10-K,2022-02-02,2022-02-02T02:08:02.000Z,2021-12-31,GOOGL_000165204422000019.htm,https://www.sec.gov/Archives/edgar/data/1652044/000165204422000019/goog-20211231.htm,True
GOOGL,0001652044,7370,0001652044-21-000010,10-K,2021-02-03,2021-02-03T01:12:25.000Z,2020-12-31,GOOGL_000165204421000010.htm,https://www.sec.gov/Archives/edgar/data/1652044/000165204421000010/goog-20201231.htm,True
GOOGL,0001652044,7370,0001652044-20-000008,10-K,2020-02-04,2020-02-04T02:03:59.000Z,2019-12-31,GOOGL_000165204420000008.htm,https://www.sec.gov/Archives/edgar/data/1652044/000165204420000008/goog10-k2019.htm,True
GOOGL,0001652044,7370,0001652044-19-000004,10-K,2019-02-05,2019-02-05T02:06:38.000Z,2018-12-31,GOOGL_000165204419000004.htm,https://www.sec.gov/Archives/edgar/data/1652044/000165204419000004/goog10-kq42018.htm,True
GOOGL,0001652044,7370,0001652044-18-000007,10-K,2018-02-06,2018-02-06T01:46:29.000Z,2017-12-31,GOOGL_000165204418000007.htm,https://www.sec.gov/Archives/edgar/data/1652044/000165204418000007/goog10-kq42017.htm,True
GOOGL,0001652044,7370,0001652044-17-000008,10-K,2017-02-03,2017-02-02T23:13:47.000Z,2016-12-31,GOOGL_000165204417000008.htm,https://www.sec.gov/Archives/edgar/data/1652044/000165204417000008/goog10-kq42016.htm,True
GOOGL,0001652044,7370,0001652044-16-000012,10-K,2016-02-11,2016-02-11T21:38:35.000Z,2015-12-31,GOOGL_000165204416000012.htm,https://www.sec.gov/Archives/edgar/data/1652044/000165204416000012/goog10-k2015.htm,True
GOOGL,0001288776,7370,0001288776-15-000008,10-K,2015-02-09,2015-02-07T00:40:31.000Z,2014-12-31,GOOGL_000128877615000008.htm,https://www.sec.gov/Archives/edgar/data/1288776/000128877615000008/goog2014123110-k.htm,True
META,0001326801,7370,0001326801-24-000012,10-K,2024-02-02,2024-02-02T00:39:02.000Z,2023-12-31,META_000132680124000012.htm,https://www.sec.gov/Archives/edgar/data/1326801/000132680124000012/meta-20231231.htm,True
META,0001326801,7370,0001326801-23-000013,10-K,2023-02-02,2023-02-02T01:26:31.000Z,2022-12-31,META_000132680123000013.htm,https://www.sec.gov/Archives/edgar/data/1326801/000132680123000013/meta-20221231.htm,True
META,0001326801,7370,0001326801-22-000018,10-K,2022-02-03,2022-02-03T02:11:04.000Z,2021-12-31,META_000132680122000018.htm,https://www.sec.gov/Archives/edgar/data/1326801/000132680122000018/fb-20211231.htm,True
META,0001326801,7370,0001326801-21-000014,10-K,2021-01-28,2021-01-28T02:13:48.000Z,2020-12-31,META_000132680121000014.htm,https://www.sec.gov/Archives/edgar/data/1326801/000132680121000014/fb-20201231.htm,True
META,0001326801,7370,0001326801-20-000013,10-K,2020-01-30,2020-01-30T02:12:14.000Z,2019-12-31,META_000132680120000013.htm,https://www.sec.gov/Archives/edgar/data/1326801/000132680120000013/fb-12312019x10k.htm,True
META,0001326801,7370,0001326801-19-000009,10-K,2019-01-31,2019-01-31T21:58:29.000Z,2018-12-31,META_000132680119000009.htm,https://www.sec.gov/Archives/edgar/data/1326801/000132680119000009/fb-12312018x10k.htm,True
META,0001326801,7370,0001326801-18-000009,10-K,2018-02-01,2018-02-01T21:58:26.000Z,2017-12-31,META_000132680118000009.htm,https://www.sec.gov/Archives/edgar/data/1326801/000132680118000009/fb-12312017x10k.htm,True
META,0001326801,7370,0001326801-17-000007,10-K,2017-02-03,2017-02-03T02:13:52.000Z,2016-12-31,META_000132680117000007.htm,https://www.sec.gov/Archives/edgar/data/1326801/000132680117000007/fb-12312016x10k.htm,True
META,0001326801,7370,0001326801-16-000043,10-K,2016-01-28,2016-01-28T21:17:07.000Z,2015-12-31,META_000132680116000043.htm,https://www.sec.gov/Archives/edgar/data/1326801/000132680116000043/fb-12312015x10k.htm,True
META,0001326801,7370,0001326801-15-000006,10-K,2015-01-29,2015-01-29T21:35:58.000Z,2014-12-31,META_000132680115000006.htm,https://www.sec.gov/Archives/edgar/data/1326801/000132680115000006/fb-12312014x10k.htm,True
NVDA,0001045810,3674,0001045810-24-000029,10-K,2024-02-21,2024-02-21T21:36:57.000Z,2024-01-28,NVDA_000104581024000029.htm,https://www.sec.gov/Archives/edgar/data/1045810/000104581024000029/nvda-20240128.htm,True
NVDA,0001045810,3674,0001045810-23-000017,10-K,2023-02-24,2023-02-24T22:23:43.000Z,2023-01-29,NVDA_000104581023000017.htm,https://www.sec.gov/Archives/edgar/data/1045810/000104581023000017/nvda-20230129.htm,True
NVDA,0001045810,3674,0001045810-22-000036,10-K,2022-03-18,2022-03-18T00:33:34.000Z,2022-01-30,NVDA_000104581022000036.htm,https://www.sec.gov/Archives/edgar/data/1045810/000104581022000036/nvda-20220130.htm,True
NVDA,0001045810,3674,0001045810-21-000010,10-K,2021-02-26,2021-02-26T22:03:14.000Z,2021-01-31,NVDA_000104581021000010.htm,https://www.sec.gov/Archives/edgar/data/1045810/000104581021000010/nvda-20210131.htm,True
NVDA,0001045810,3674,0001045810-20-000010,10-K,2020-02-20,2020-02-20T21:38:18.000Z,2020-01-26,NVDA_000104581020000010.htm,https://www.sec.gov/Archives/edgar/data/1045810/000104581020000010/nvda-2020x10k.htm,True
NVDA,0001045810,3674,0001045810-19-000023,10-K,2019-02-21,2019-02-21T21:37:18.000Z,2019-01-27,NVDA_000104581019000023.htm,https://www.sec.gov/Archives/edgar/data/1045810/000104581019000023/nvda-2019x10k.htm,True
NVDA,0001045810,3674,0001045810-18-000010,10-K,2018-02-28,2018-02-28T21:31:19.000Z,2018-01-28,NVDA_000104581018000010.htm,https://www.sec.gov/Archives/edgar/data/1045810/000104581018000010/nvda-2018x10k.htm,True
NVDA,0001045810,3674,0001045810-17-000027,10-K,2017-03-01,2017-03-01T22:30:49.000Z,2017-01-29,NVDA_000104581017000027.htm,https://www.sec.gov/Archives/edgar/data/1045810/000104581017000027/nvda-2017x10k.htm,True
NVDA,0001045810,3674,0001045810-16-000205,10-K,2016-03-17,2016-03-16T22:07:18.000Z,2016-01-31,NVDA_000104581016000205.htm,https://www.sec.gov/Archives/edgar/data/1045810/000104581016000205/nvda-2016x10k.htm,True
NVDA,0001045810,3674,0001045810-15-000036,10-K,2015-03-12,2015-03-11T23:48:05.000Z,2015-01-25,NVDA_000104581015000036.htm,https://www.sec.gov/Archives/edgar/data/1045810/000104581015000036/nvda-2015x10k.htm,True
INTC,0000050863,3674,0000050863-24-000010,10-K,2024-01-26,2024-01-25T23:38:16.000Z,2023-12-30,INTC_000005086324000010.htm,https://www.sec.gov/Archives/edgar/data/50863/000005086324000010/intc-20231230.htm,True
INTC,0000050863,3674,0000050863-23-000006,10-K,2023-01-27,2023-01-26T23:31:20.000Z,2022-12-31,INTC_000005086323000006.htm,https://www.sec.gov/Archives/edgar/data/50863/000005086323000006/intc-20221231.htm,True
INTC,0000050863,3674,0000050863-22-000007,10-K,2022-01-27,2022-01-26T23:34:53.000Z,2021-12-25,INTC_000005086322000007.htm,https://www.sec.gov/Archives/edgar/data/50863/000005086322000007/intc-20211225.htm,True
INTC,0000050863,3674,0000050863-21-000010,10-K,2021-01-22,2021-01-22T00:06:04.000Z,2020-12-26,INTC_000005086321000010.htm,https://www.sec.gov/Archives/edgar/data/50863/000005086321000010/intc-20201226.htm,True
INTC,0000050863,3674,0000050863-20-000011,10-K,2020-01-24,2020-01-23T23:39:55.000Z,2019-12-28,INTC_000005086320000011.htm,https://www.sec.gov/Archives/edgar/data/50863/000005086320000011/a12282019q4-10kdocument.htm,True
INTC,0000050863,3674,0000050863-19-000007,10-K,2019-02-01,2019-02-01T14:00:50.000Z,2018-12-29,INTC_000005086319000007.htm,https://www.sec.gov/Archives/edgar/data/50863/000005086319000007/a12292018q4-10kdocument.htm,True
INTC,0000050863,3674,0000050863-18-000007,10-K,2018-02-16,2018-02-16T13:31:45.000Z,2017-12-30,INTC_000005086318000007.htm,https://www.sec.gov/Archives/edgar/data/50863/000005086318000007/a12302017q4-10kdocument.htm,True
INTC,0000050863,3674,0000050863-17-000012,10-K,2017-02-17,2017-02-17T13:37:46.000Z,2016-12-31,INTC_000005086317000012.htm,https://www.sec.gov/Archives/edgar/data/50863/000005086317000012/a10kdocument12312016q4.htm,True
INTC,0000050863,3674,0000050863-16-000105,10-K,2016-02-12,2016-02-12T13:09:19.000Z,2015-12-26,INTC_000005086316000105.htm,https://www.sec.gov/Archives/edgar/data/50863/000005086316000105/a10kdocument12262015q4.htm,True
INTC,0000050863,3674,0000050863-15-000015,10-K,2015-02-13,2015-02-13T14:11:52.000Z,2014-12-27,INTC_000005086315000015.htm,https://www.sec.gov/Archives/edgar/data/50863/000005086315000015/a10kdocument12272014.htm,True
CSCO,0000858877,3576,0000858877-24-000017,10-K,2024-09-05,2024-09-05T20:41:20.000Z,2024-07-27,CSCO_000085887724000017.htm,https://www.sec.gov/Archives/edgar/data/858877/000085887724000017/csco-20240727.htm,True
CSCO,0000858877,3576,0000858877-23-000023,10-K,2023-09-07,2023-09-07T20:30:09.000Z,2023-07-29,CSCO_000085887723000023.htm,https://www.sec.gov/Archives/edgar/data/858877/000085887723000023/csco-20230729.htm,True
CSCO,0000858877,3576,0000858877-22-000013,10-K,2022-09-08,2022-09-08T20:47:54.000Z,2022-07-30,CSCO_000085887722000013.htm,https://www.sec.gov/Archives/edgar/data/858877/000085887722000013/csco-20220730.htm,True
CSCO,0000858877,3576,0000858877-21-000013,10-K,2021-09-09,2021-09-09T20:39:49.000Z,2021-07-31,CSCO_000085887721000013.htm,https://www.sec.gov/Archives/edgar/data/858877/000085887721000013/csco-20210731.htm,True
CSCO,0000858877,3576,0000858877-20-000010,10-K,2020-09-03,2020-09-03T21:05:55.000Z,2020-07-25,CSCO_000085887720000010.htm,https://www.sec.gov/Archives/edgar/data/858877/000085887720000010/csco-2020725x10k.htm,True
CSCO,0000858877,3576,0000858877-19-000012,10-K,2019-09-05,2019-09-05T21:17:18.000Z,2019-07-27,CSCO_000085887719000012.htm,https://www.sec.gov/Archives/edgar/data/858877/000085887719000012/csco-2019727x10k.htm,True
CSCO,0000858877,3576,0000858877-18-000011,10-K,2018-09-06,2018-09-06T21:14:48.000Z,2018-07-28,CSCO_000085887718000011.htm,https://www.sec.gov/Archives/edgar/data/858877/000085887718000011/csco-2018728x10k.htm,True
CSCO,0000858877,3576,0000858877-17-000016,10-K,2017-09-07,2017-09-07T21:18:41.000Z,2017-07-29,CSCO_000085887717000016.htm,https://www.sec.gov/Archives/edgar/data/858877/000085887717000016/csco-2017729x10k.htm,True
CSCO,0000858877,3576,0000858877-16-000117,10-K,2016-09-08,2016-09-08T21:12:13.000Z,2016-07-30,CSCO_000085887716000117.htm,https://www.sec.gov/Archives/edgar/data/858877/000085887716000117/csco-2016730x10k.htm,True
CSCO,0000858877,3576,0000858877-15-000070,10-K,2015-09-08,2015-09-08T21:04:32.000Z,2015-07-25,CSCO_000085887715000070.htm,https://www.sec.gov/Archives/edgar/data/858877/000085887715000070/csco-2015725x10k.htm,True
ORCL,0001341439,7372,0000950170-24-075605,10-K,2024-06-20,2024-06-20T20:21:35.000Z,2024-05-31,ORCL_000095017024075605.htm,https://www.sec.gov/Archives/edgar/data/1341439/000095017024075605/orcl-20240531.htm,True
ORCL,0001341439,7372,0000950170-23-028914,10-K,2023-06-20,2023-06-20T20:06:29.000Z,2023-05-31,ORCL_000095017023028914.htm,https://www.sec.gov/Archives/edgar/data/1341439/000095017023028914/orcl-20230531.htm,True
ORCL,0001341439,7372,0001564590-22-023675,10-K,2022-06-21,2022-06-21T12:04:37.000Z,2022-05-31,ORCL_000156459022023675.htm,https://www.sec.gov/Archives/edgar/data/1341439/000156459022023675/orcl-10k_20220531.htm,True
ORCL,0001341439,7372,0001564590-21-033616,10-K,2021-06-21,2021-06-21T20:10:31.000Z,2021-05-31,ORCL_000156459021033616.htm,https://www.sec.gov/Archives/edgar/data/1341439/000156459021033616/orcl-10k_20210531.htm,True
ORCL,0001341439,7372,0001564590-20-030125,10-K,2020-06-22,2020-06-22T20:25:49.000Z,2020-05-31,ORCL_000156459020030125.htm,https://www.sec.gov/Archives/edgar/data/1341439/000156459020030125/orcl-10k_20200531.htm,True
ORCL,0001341439,7372,0001564590-19-023119,10-K,2019-06-21,2019-06-21T20:29:05.000Z,2019-05-31,ORCL_000156459019023119.htm,https://www.sec.gov/Archives/edgar/data/1341439/000156459019023119/orcl-10k_20190531.htm,True
ORCL,0001341439,7372,0001193125-18-201034,10-K,2018-06-22,2018-06-22T20:09:07.000Z,2018-05-31,ORCL_000119312518201034.htm,https://www.sec.gov/Archives/edgar/data/1341439/000119312518201034/d568983d10k.htm,True
ORCL,0001341439,7372,0001193125-17-214833,10-K,2017-06-27,2017-06-27T20:05:35.000Z,2017-05-31,ORCL_000119312517214833.htm,https://www.sec.gov/Archives/edgar/data/1341439/000119312517214833/d385998d10k.htm,True
ORCL,0001341439,7372,0001193125-16-628942,10-K,2016-06-22,2016-06-22T20:24:36.000Z,2016-05-31,ORCL_000119312516628942.htm,https://www.sec.gov/Archives/edgar/data/1341439/000119312516628942/d203801d10k.htm,True
ORCL,0001341439,7372,0001193125-15-235239,10-K,2015-06-25,2015-06-25T21:03:14.000Z,2015-05-31,ORCL_000119312515235239.htm,https://www.sec.gov/Archives/edgar/data/1341439/000119312515235239/d920711d10k.htm,True
IBM,0000051143,3570,0000051143-24-000012,10-K,2024-02-26,2024-02-26T11:41:57.000Z,2023-12-31,IBM_000005114324000012.htm,https://www.sec.gov/Archives/edgar/data/51143/000005114324000012/ibm-20231231.htm,True
IBM,0000051143,3570,0001558370-23-002376,10-K,2023-02-28,2023-02-28T21:26:11.000Z,2022-12-31,IBM_000155837023002376.htm,https://www.sec.gov/Archives/edgar/data/51143/000155837023002376/ibm-20221231x10k.htm,True
IBM,0000051143,3570,0001558370-22-001584,10-K,2022-02-22,2022-02-22T21:07:29.000Z,2021-12-31,IBM_000155837022001584.htm,https://www.sec.gov/Archives/edgar/data/51143/000155837022001584/ibm-20211231x10k.htm,True
IBM,0000051143,3570,0001558370-21-001489,10-K,2021-02-23,2021-02-23T22:08:23.000Z,2020-12-31,IBM_000155837021001489.htm,https://www.sec.gov/Archives/edgar/data/51143/000155837021001489/ibm-20201231x10k.htm,True
IBM,0000051143,3570,0001558370-20-001334,10-K,2020-02-25,2020-02-25T21:54:20.000Z,2019-12-31,IBM_000155837020001334.htm,https://www.sec.gov/Archives/edgar/data/51143/000155837020001334/ibm-20191231x10k2af531.htm,True
IBM,0000051143,3570,0001047469-19-000712,10-K,2019-02-26,2019-02-26T21:27:59.000Z,2018-12-31,IBM_000104746919000712.htm,https://www.sec.gov/Archives/edgar/data/51143/000104746919000712/a2237254z10-k.htm,True
IBM,0000051143,3570,0001047469-18-001117,10-K,2018-02-27,2018-02-27T22:13:57.000Z,2017-12-31,IBM_000104746918001117.htm,https://www.sec.gov/Archives/edgar/data/51143/000104746918001117/a2233835z10-k.htm,True
IBM,0000051143,3570,0001047469-17-001061,10-K,2017-02-28,2017-02-28T21:23:36.000Z,2016-12-31,IBM_000104746917001061.htm,https://www.sec.gov/Archives/edgar/data/51143/000104746917001061/a2230222z10-k.htm,True
IBM,0000051143,3570,0001047469-16-010329,10-K,2016-02-23,2016-02-23T21:19:19.000Z,2015-12-31,IBM_000104746916010329.htm,https://www.sec.gov/Archives/edgar/data/51143/000104746916010329/a2226548z10-k.htm,True
IBM,0000051143,3570,0001047469-15-001106,10-K,2015-02-24,2015-02-24T19:08:09.000Z,2014-12-31,IBM_000104746915001106.htm,https://www.sec.gov/Archives/edgar/data/51143/000104746915001106/a2222209z10-k.htm,True
CRM,0001108524,7372,0001108524-24-000005,10-K,2024-03-06,2024-03-06T21:32:48.000Z,2024-01-31,CRM_000110852424000005.htm,https://www.sec.gov/Archives/edgar/data/1108524/000110852424000005/crm-20240131.htm,True
CRM,0001108524,7372,0001108524-23-000011,10-K,2023-03-08,2023-03-08T21:41:15.000Z,2023-01-31,CRM_000110852423000011.htm,https://www.sec.gov/Archives/edgar/data/1108524/000110852423000011/crm-20230131.htm,True
CRM,0001108524,7372,0001108524-22-000013,10-K,2022-03-11,2022-03-11T13:06:16.000Z,2022-01-31,CRM_000110852422000013.htm,https://www.sec.gov/Archives/edgar/data/1108524/000110852422000013/crm-20220131.htm,True
CRM,0001108524,7372,0001108524-22-000008,10-K,2021-03-17,2022-02-24T21:13:45.000Z,2021-01-31,CRM_000110852422000008.htm,https://www.sec.gov/Archives/edgar/data/1108524/000110852422000008/crm-20210131.htm,True
CRM,0001108524,7372,0001108524-20-000014,10-K,2020-03-05,2020-03-05T21:29:57.000Z,2020-01-31,CRM_000110852420000014.htm,https://www.sec.gov/Archives/edgar/data/1108524/000110852420000014/crm-20200131.htm,True
CRM,0001108524,7372,0001108524-19-000009,10-K,2019-03-08,2019-03-08T13:04:49.000Z,2019-01-31,CRM_000110852419000009.htm,https://www.sec.gov/Archives/edgar/data/1108524/000110852419000009/crmq4fy1910-k.htm,True
CRM,0001108524,7372,0001108524-18-000011,10-K,2018-03-09,2018-03-09T22:01:46.000Z,2018-01-31,CRM_000110852418000011.htm,https://www.sec.gov/Archives/edgar/data/1108524/000110852418000011/crmq4fy1810-k.htm,True
CRM,0001108524,7372,0001108524-17-000006,10-K,2017-03-06,2017-03-06T21:38:50.000Z,2017-01-31,CRM_000110852417000006.htm,https://www.sec.gov/Archives/edgar/data/1108524/000110852417000006/crm-2017131x10k.htm,True
CRM,0001108524,7372,0001108524-16-000053,10-K,2016-03-07,2016-03-04T22:53:06.000Z,2016-01-31,CRM_000110852416000053.htm,https://www.sec.gov/Archives/edgar/data/1108524/000110852416000053/crm-2016131x10k.htm,True
CRM,0001108524,7372,0001108524-15-000008,10-K,2015-03-06,2015-03-05T23:19:38.000Z,2015-01-31,CRM_000110852415000008.htm,https://www.sec.gov/Archives/edgar/data/1108524/000110852415000008/crm-2015131x10k.htm,True
JPM,0000019617,6021,0000019617-24-000225,10-K,2024-02-16,2024-02-16T21:20:22.000Z,2023-12-31,JPM_000001961724000225.htm,https://www.sec.gov/Archives/edgar/data/19617/000001961724000225/jpm-20231231.htm,True
JPM,0000019617,6021,0000019617-23-000231,10-K,2023-02-21,2023-02-21T21:13:55.000Z,2022-12-31,JPM_000001961723000231.htm,https://www.sec.gov/Archives/edgar/data/19617/000001961723000231/jpm-20221231.htm,True
JPM,0000019617,6021,0000019617-22-000272,10-K,2022-02-22,2022-02-22T21:56:31.000Z,2021-12-31,JPM_000001961722000272.htm,https://www.sec.gov/Archives/edgar/data/19617/000001961722000272/jpm-20211231.htm,True
JPM,0000019617,6021,0000019617-21-000236,10-K,2021-02-23,2021-02-23T21:17:29.000Z,2020-12-31,JPM_000001961721000236.htm,https://www.sec.gov/Archives/edgar/data/19617/000001961721000236/jpm-20201231.htm,True
JPM,0000019617,6021,0000019617-20-000257,10-K,2020-02-25,2020-02-25T21:31:02.000Z,2019-12-31,JPM_000001961720000257.htm,https://www.sec.gov/Archives/edgar/data/19617/000001961720000257/corp10k2019.htm,True
JPM,0000019617,6021,0000019617-19-000054,10-K,2019-02-26,2019-02-26T21:57:25.000Z,2018-12-31,JPM_000001961719000054.htm,https://www.sec.gov/Archives/edgar/data/19617/000001961719000054/corp10k2018.htm,True
JPM,0000019617,6021,0000019617-18-000057,10-K,2018-02-27,2018-02-27T21:23:03.000Z,2017-12-31,JPM_000001961718000057.htm,https://www.sec.gov/Archives/edgar/data/19617/000001961718000057/corp10k2017.htm,True
JPM,0000019617,6021,0000019617-17-000314,10-K,2017-02-28,2017-02-28T21:23:41.000Z,2016-12-31,JPM_000001961717000314.htm,https://www.sec.gov/Archives/edgar/data/19617/000001961717000314/corp10k2016.htm,True
JPM,0000019617,6021,0000019617-16-000902,10-K,2016-02-23,2016-02-23T21:17:46.000Z,2015-12-31,JPM_000001961716000902.htm,https://www.sec.gov/Archives/edgar/data/19617/000001961716000902/corp10k2015.htm,True
JPM,0000019617,6021,0000019617-15-000272,10-K,2015-02-24,2015-02-24T21:04:18.000Z,2014-12-31,JPM_000001961715000272.htm,https://www.sec.gov/Archives/edgar/data/19617/000001961715000272/corp10k2014.htm,True
BAC,0000070858,6021,0000070858-24-000122,10-K,2024-02-20,2024-02-20T22:01:30.000Z,2023-12-31,BAC_000007085824000122.htm,https://www.sec.gov/Archives/edgar/data/70858/000007085824000122/bac-20231231.htm,True
BAC,0000070858,6021,0000070858-23-000092,10-K,2023-02-22,2023-02-22T21:33:50.000Z,2022-12-31,BAC_000007085823000092.htm,https://www.sec.gov/Archives/edgar/data/70858/000007085823000092/bac-20221231.htm,True
BAC,0000070858,6021,0000070858-22-000062,10-K,2022-02-22,2022-02-22T22:15:02.000Z,2021-12-31,BAC_000007085822000062.htm,https://www.sec.gov/Archives/edgar/data/70858/000007085822000062/bac-20211231.htm,True
BAC,0000070858,6021,0000070858-21-000023,10-K,2021-02-24,2021-02-24T21:56:31.000Z,2020-12-31,BAC_000007085821000023.htm,https://www.sec.gov/Archives/edgar/data/70858/000007085821000023/bac-20201231.htm,True
BAC,0000070858,6021,0000070858-20-000011,10-K,2020-02-19,2020-02-19T21:18:13.000Z,2019-12-31,BAC_000007085820000011.htm,https://www.sec.gov/Archives/edgar/data/70858/000007085820000011/bac-1231201910xk.htm,True
BAC,0000070858,6021,0000070858-19-000012,10-K,2019-02-26,2019-02-26T21:38:01.000Z,2018-12-31,BAC_000007085819000012.htm,https://www.sec.gov/Archives/edgar/data/70858/000007085819000012/bac-1231201810xk.htm,True
BAC,0000070858,6021,0000070858-18-000009,10-K,2018-02-22,2018-02-22T21:10:05.000Z,2017-12-31,BAC_000007085818000009.htm,https://www.sec.gov/Archives/edgar/data/70858/000007085818000009/bac-1231201710xk.htm,True
BAC,0000070858,6021,0000070858-17-000013,10-K,2017-02-23,2017-02-23T21:11:19.000Z,2016-12-31,BAC_000007085817000013.htm,https://www.sec.gov/Archives/edgar/data/70858/000007085817000013/bac-1231201610xk.htm,True
BAC,0000070858,6021,0000070858-16-000137,10-K,2016-02-24,2016-02-24T21:47:44.000Z,2015-12-31,BAC_000007085816000137.htm,https://www.sec.gov/Archives/edgar/data/70858/000007085816000137/bac-1231201510xk.htm,True
BAC,0000070858,6021,0000070858-15-000008,10-K,2015-02-25,2015-02-25T21:06:24.000Z,2014-12-31,BAC_000007085815000008.htm,https://www.sec.gov/Archives/edgar/data/70858/000007085815000008/bac-12312014x10k.htm,True
WFC,0000072971,6021,0000072971-24-000064,10-K,2024-02-20,2024-02-20T22:06:58.000Z,2023-12-31,WFC_000007297124000064.htm,https://www.sec.gov/Archives/edgar/data/72971/000007297124000064/wfc-20231231.htm,True
WFC,0000072971,6021,0000072971-23-000071,10-K,2023-02-21,2023-02-21T22:13:29.000Z,2022-12-31,WFC_000007297123000071.htm,https://www.sec.gov/Archives/edgar/data/72971/000007297123000071/wfc-20221231.htm,True
WFC,0000072971,6021,0000072971-22-000096,10-K,2022-02-22,2022-02-22T22:01:56.000Z,2021-12-31,WFC_000007297122000096.htm,https://www.sec.gov/Archives/edgar/data/72971/000007297122000096/wfc-20211231.htm,True
WFC,0000072971,6021,0000072971-21-000197,10-K,2021-02-23,2021-02-23T21:58:04.000Z,2020-12-31,WFC_000007297121000197.htm,https://www.sec.gov/Archives/edgar/data/72971/000007297121000197/wfc-20201231.htm,True
WFC,0000072971,6021,0000072971-20-000217,10-K,2020-02-27,2020-02-27T02:51:08.000Z,2019-12-31,WFC_000007297120000217.htm,https://www.sec.gov/Archives/edgar/data/72971/000007297120000217/wfc-12312019x10k.htm,True
WFC,0000072971,6021,0000072971-19-000227,10-K,2019-02-27,2019-02-27T20:23:51.000Z,2018-12-31,WFC_000007297119000227.htm,https://www.sec.gov/Archives/edgar/data/72971/000007297119000227/wfc-12312018x10k.htm,True
WFC,0000072971,6021,0000072971-18-000272,10-K,2018-03-01,2018-03-01T17:38:37.000Z,2017-12-31,WFC_000007297118000272.htm,https://www.sec.gov/Archives/edgar/data/72971/000007297118000272/wfc-12312017x10k.htm,True
WFC,0000072971,6021,0000072971-17-000278,10-K,2017-03-01,2017-03-01T18:42:47.000Z,2016-12-31,WFC_000007297117000278.htm,https://www.sec.gov/Archives/edgar/data/72971/000007297117000278/wfc-12312016x10k.htm,True
WFC,0000072971,6021,0000072971-16-001045,10-K,2016-02-24,2016-02-24T17:12:43.000Z,2015-12-31,WFC_000007297116001045.htm,https://www.sec.gov/Archives/edgar/data/72971/000007297116001045/wfc-12312015x10k.htm,True
WFC,0000072971,6021,0000072971-15-000449,10-K,2015-02-25,2015-02-25T18:17:09.000Z,2014-12-31,WFC_000007297115000449.htm,https://www.sec.gov/Archives/edgar/data/72971/000007297115000449/wfc-12312014x10k.htm,True
GS,0000886982,6211,0000886982-24-000006,10-K,2024-02-23,2024-02-23T01:39:25.000Z,2023-12-31,GS_000088698224000006.htm,https://www.sec.gov/Archives/edgar/data/886982/000088698224000006/gs-20231231.htm,True
GS,0000886982,6211,0000886982-23-000003,10-K,2023-02-24,2023-02-24T00:58:16.000Z,2022-12-31,GS_000088698223000003.htm,https://www.sec.gov/Archives/edgar/data/886982/000088698223000003/gs-20221231.htm,True
GS,0000886982,6211,0001193125-22-052682,10-K,2022-02-25,2022-02-25T02:09:11.000Z,2021-12-31,GS_000119312522052682.htm,https://www.sec.gov/Archives/edgar/data/886982/000119312522052682/d192225d10k.htm,True
GS,0000886982,6211,0001193125-21-049380,10-K,2021-02-22,2021-02-20T02:16:45.000Z,2020-12-31,GS_000119312521049380.htm,https://www.sec.gov/Archives/edgar/data/886982/000119312521049380/d39654d10k.htm,True
GS,0000886982,6211,0001193125-20-043853,10-K,2020-02-21,2020-02-21T02:09:56.000Z,2019-12-31,GS_000119312520043853.htm,https://www.sec.gov/Archives/edgar/data/886982/000119312520043853/d826673d10k.htm,True
GS,0000886982,6211,0001193125-19-050198,10-K,2019-02-26,2019-02-26T00:51:24.000Z,2018-12-31,GS_000119312519050198.htm,https://www.sec.gov/Archives/edgar/data/886982/000119312519050198/d669877d10k.htm,True
GS,0000886982,6211,0001193125-18-056383,10-K,2018-02-26,2018-02-24T01:16:10.000Z,2017-12-31,GS_000119312518056383.htm,https://www.sec.gov/Archives/edgar/data/886982/000119312518056383/d480167d10k.htm,True
GS,0000886982,6211,0001193125-17-056804,10-K,2017-02-27,2017-02-25T00:08:26.000Z,2016-12-31,GS_000119312517056804.htm,https://www.sec.gov/Archives/edgar/data/886982/000119312517056804/d308759d10k.htm,True
GS,0000886982,6211,0001193125-16-470289,10-K,2016-02-22,2016-02-20T00:11:09.000Z,2015-12-31,GS_000119312516470289.htm,https://www.sec.gov/Archives/edgar/data/886982/000119312516470289/d107036d10k.htm,True
GS,0000886982,6211,0001193125-15-056785,10-K,2015-02-23,2015-02-21T02:44:35.000Z,2014-12-31,GS_000119312515056785.htm,https://www.sec.gov/Archives/edgar/data/886982/000119312515056785/d840464d10k.htm,True
AXP,0000004962,6199,0000004962-24-000013,10-K,2024-02-09,2024-02-09T19:08:08.000Z,2023-12-31,AXP_000000496224000013.htm,https://www.sec.gov/Archives/edgar/data/4962/000000496224000013/axp-20231231.htm,True
AXP,0000004962,6199,0000004962-23-000006,10-K,2023-02-10,2023-02-10T20:21:14.000Z,2022-12-31,AXP_000000496223000006.htm,https://www.sec.gov/Archives/edgar/data/4962/000000496223000006/axp-20221231.htm,True
AXP,0000004962,6199,0000004962-22-000008,10-K,2022-02-11,2022-02-11T20:42:21.000Z,2021-12-31,AXP_000000496222000008.htm,https://www.sec.gov/Archives/edgar/data/4962/000000496222000008/axp-20211231.htm,True
AXP,0000004962,6199,0000004962-21-000013,10-K,2021-02-12,2021-02-12T19:26:54.000Z,2020-12-31,AXP_000000496221000013.htm,https://www.sec.gov/Archives/edgar/data/4962/000000496221000013/axp-20201231.htm,True
AXP,0000004962,6199,0000004962-20-000030,10-K,2020-02-13,2020-02-13T21:04:42.000Z,2019-12-31,AXP_000000496220000030.htm,https://www.sec.gov/Archives/edgar/data/4962/000000496220000030/axp-20191231.htm,True
AXP,0000004962,6199,0000004962-19-000018,10-K,2019-02-13,2019-02-13T22:21:47.000Z,2018-12-31,AXP_000000496219000018.htm,https://www.sec.gov/Archives/edgar/data/4962/000000496219000018/axp201810k.htm,True
AXP,0000004962,6199,0000004962-18-000032,10-K,2018-02-16,2018-02-16T21:54:58.000Z,2017-12-31,AXP_000000496218000032.htm,https://www.sec.gov/Archives/edgar/data/4962/000000496218000032/axp201710k.htm,True
AXP,0000004962,6199,0001193125-17-047588,10-K,2017-02-17,2017-02-17T16:45:00.000Z,2016-12-31,AXP_000119312517047588.htm,https://www.sec.gov/Archives/edgar/data/4962/000119312517047588/d321397d10k.htm,True
AXP,0000004962,6199,0001193125-16-469798,10-K,2016-02-19,2016-02-19T19:36:25.000Z,2015-12-31,AXP_000119312516469798.htm,https://www.sec.gov/Archives/edgar/data/4962/000119312516469798/d131774d10k.htm,True
AXP,0000004962,6199,0001193125-15-059931,10-K,2015-02-24,2015-02-24T20:38:15.000Z,2014-12-31,AXP_000119312515059931.htm,https://www.sec.gov/Archives/edgar/data/4962/000119312515059931/d862737d10k.htm,True
V,0001403161,7389,0001403161-24-000058,10-K,2024-11-13,2024-11-13T22:14:01.000Z,2024-09-30,V_000140316124000058.htm,https://www.sec.gov/Archives/edgar/data/1403161/000140316124000058/v-20240930.htm,True
V,0001403161,7389,0001403161-23-000099,10-K,2023-11-15,2023-11-15T21:07:14.000Z,2023-09-30,V_000140316123000099.htm,https://www.sec.gov/Archives/edgar/data/1403161/000140316123000099/v-20230930.htm,True
V,0001403161,7389,0001403161-22-000081,10-K,2022-11-16,2022-11-16T21:06:43.000Z,2022-09-30,V_000140316122000081.htm,https://www.sec.gov/Archives/edgar/data/1403161/000140316122000081/v-20220930.htm,True
V,0001403161,7389,0001403161-21-000060,10-K,2021-11-18,2021-11-18T21:06:50.000Z,2021-09-30,V_000140316121000060.htm,https://www.sec.gov/Archives/edgar/data/1403161/000140316121000060/v-20210930.htm,True
V,0001403161,7389,0001403161-20-000070,10-K,2020-11-19,2020-11-19T21:03:34.000Z,2020-09-30,V_000140316120000070.htm,https://www.sec.gov/Archives/edgar/data/1403161/000140316120000070/v-20200930.htm,True
V,0001403161,7389,0001403161-19-000050,10-K,2019-11-14,2019-11-14T20:35:00.000Z,2019-09-30,V_000140316119000050.htm,https://www.sec.gov/Archives/edgar/data/1403161/000140316119000050/v093019form10k.htm,True
V,0001403161,7389,0001403161-18-000055,10-K,2018-11-16,2018-11-16T21:10:27.000Z,2018-09-30,V_000140316118000055.htm,https://www.sec.gov/Archives/edgar/data/1403161/000140316118000055/v093018.htm,True
V,0001403161,7389,0001403161-17-000044,10-K,2017-11-17,2017-11-17T01:07:25.000Z,2017-09-30,V_000140316117000044.htm,https://www.sec.gov/Archives/edgar/data/1403161/000140316117000044/v093017.htm,True
V,0001403161,7389,0001403161-16-000058,10-K,2016-11-15,2016-11-15T21:44:02.000Z,2016-09-30,V_000140316116000058.htm,https://www.sec.gov/Archives/edgar/data/1403161/000140316116000058/v093016.htm,True
V,0001403161,7389,0001403161-15-000013,10-K,2015-11-20,2015-11-19T23:24:51.000Z,2015-09-30,V_000140316115000013.htm,https://www.sec.gov/Archives/edgar/data/1403161/000140316115000013/v093015.htm,True
MA,0001141391,7389,0001141391-24-000022,10-K,2024-02-13,2024-02-13T17:47:32.000Z,2023-12-31,MA_000114139124000022.htm,https://www.sec.gov/Archives/edgar/data/1141391/000114139124000022/ma-20231231.htm,True
MA,0001141391,7389,0001141391-23-000020,10-K,2023-02-14,2023-02-14T21:48:22.000Z,2022-12-31,MA_000114139123000020.htm,https://www.sec.gov/Archives/edgar/data/1141391/000114139123000020/ma-20221231.htm,True
MA,0001141391,7389,0001141391-22-000023,10-K,2022-02-11,2022-02-11T14:52:16.000Z,2021-12-31,MA_000114139122000023.htm,https://www.sec.gov/Archives/edgar/data/1141391/000114139122000023/ma-20211231.htm,True
MA,0001141391,7389,0001141391-21-000018,10-K,2021-02-12,2021-02-12T15:44:10.000Z,2020-12-31,MA_000114139121000018.htm,https://www.sec.gov/Archives/edgar/data/1141391/000114139121000018/ma-20201231.htm,True
MA,0001141391,7389,0001141391-20-000032,10-K,2020-02-14,2020-02-14T14:29:40.000Z,2019-12-31,MA_000114139120000032.htm,https://www.sec.gov/Archives/edgar/data/1141391/000114139120000032/ma12312019-10xk.htm,True
MA,0001141391,7389,0001141391-19-000013,10-K,2019-02-13,2019-02-13T15:03:54.000Z,2018-12-31,MA_000114139119000013.htm,https://www.sec.gov/Archives/edgar/data/1141391/000114139119000013/ma12312018-10xk.htm,True
MA,0001141391,7389,0001141391-18-000009,10-K,2018-02-14,2018-02-14T17:37:09.000Z,2017-12-31,MA_000114139118000009.htm,https://www.sec.gov/Archives/edgar/data/1141391/000114139118000009/ma12312017-10xk.htm,True
MA,0001141391,7389,0001141391-17-000014,10-K,2017-02-15,2017-02-15T15:22:25.000Z,2016-12-31,MA_000114139117000014.htm,https://www.sec.gov/Archives/edgar/data/1141391/000114139117000014/ma12312016-10xk.htm,True
MA,0001141391,7389,0001141391-16-000085,10-K,2016-02-12,2016-02-12T15:42:08.000Z,2015-12-31,MA_000114139116000085.htm,https://www.sec.gov/Archives/edgar/data/1141391/000114139116000085/ma12312015-10xk.htm,True
MA,0001141391,7389,0001141391-15-000011,10-K,2015-02-13,2015-02-13T15:23:56.000Z,2014-12-31,MA_000114139115000011.htm,https://www.sec.gov/Archives/edgar/data/1141391/000114139115000011/ma12312014-10xk.htm,True
TRV,0000086312,6331,0000086312-24-000012,10-K,2024-02-15,2024-02-15T11:57:30.000Z,2023-12-31,TRV_000008631224000012.htm,https://www.sec.gov/Archives/edgar/data/86312/000008631224000012/trv-20231231.htm,True
TRV,0000086312,6331,0000086312-23-000011,10-K,2023-02-16,2023-02-16T11:49:14.000Z,2022-12-31,TRV_000008631223000011.htm,https://www.sec.gov/Archives/edgar/data/86312/000008631223000011/trv-20221231.htm,True
TRV,0000086312,6331,0000086312-22-000013,10-K,2022-02-17,2022-02-17T11:48:48.000Z,2021-12-31,TRV_000008631222000013.htm,https://www.sec.gov/Archives/edgar/data/86312/000008631222000013/trv-20211231.htm,True
TRV,0000086312,6331,0000086312-21-000011,10-K,2021-02-11,2021-02-11T11:49:05.000Z,2020-12-31,TRV_000008631221000011.htm,https://www.sec.gov/Archives/edgar/data/86312/000008631221000011/trv-20201231.htm,True
TRV,0000086312,6331,0000086312-20-000011,10-K,2020-02-13,2020-02-13T11:52:02.000Z,2019-12-31,TRV_000008631220000011.htm,https://www.sec.gov/Archives/edgar/data/86312/000008631220000011/trv-12312019x10k.htm,True
TRV,0000086312,6331,0000086312-19-000009,10-K,2019-02-14,2019-02-14T13:46:39.000Z,2018-12-31,TRV_000008631219000009.htm,https://www.sec.gov/Archives/edgar/data/86312/000008631219000009/trv-12312018x10k.htm,True
TRV,0000086312,6331,0001047469-18-000812,10-K,2018-02-15,2018-02-15T12:04:51.000Z,2017-12-31,TRV_000104746918000812.htm,https://www.sec.gov/Archives/edgar/data/86312/000104746918000812/a2234469z10-k.htm,True
TRV,0000086312,6331,0001047469-17-000695,10-K,2017-02-16,2017-02-16T12:07:39.000Z,2016-12-31,TRV_000104746917000695.htm,https://www.sec.gov/Archives/edgar/data/86312/000104746917000695/a2230860z10-k.htm,True
TRV,0000086312,6331,0001047469-16-010107,10-K,2016-02-11,2016-02-11T12:00:41.000Z,2015-12-31,TRV_000104746916010107.htm,https://www.sec.gov/Archives/edgar/data/86312/000104746916010107/a2227255z10-k.htm,True
TRV,0000086312,6331,0001047469-15-000743,10-K,2015-02-12,2015-02-12T12:04:17.000Z,2014-12-31,TRV_000104746915000743.htm,https://www.sec.gov/Archives/edgar/data/86312/000104746915000743/a2222930z10-k.htm,True
JNJ,0000200406,2834,0000200406-24-000013,10-K,2024-02-16,2024-02-16T21:12:22.000Z,2023-12-31,JNJ_000020040624000013.htm,https://www.sec.gov/Archives/edgar/data/200406/000020040624000013/jnj-20231231.htm,True
JNJ,0000200406,2834,0000200406-23-000016,10-K,2023-02-16,2023-02-16T21:01:53.000Z,2023-01-01,JNJ_000020040623000016.htm,https://www.sec.gov/Archives/edgar/data/200406/000020040623000016/jnj-20230101.htm,True
JNJ,0000200406,2834,0000200406-22-000022,10-K,2022-02-17,2022-02-17T21:06:50.000Z,2022-01-02,JNJ_000020040622000022.htm,https://www.sec.gov/Archives/edgar/data/200406/000020040622000022/jnj-20220102.htm,True
JNJ,0000200406,2834,0000200406-21-000008,10-K,2021-02-22,2021-02-22T21:36:14.000Z,2021-01-03,JNJ_000020040621000008.htm,https://www.sec.gov/Archives/edgar/data/200406/000020040621000008/jnj-20210103.htm,True
JNJ,0000200406,2834,0000200406-20-000010,10-K,2020-02-18,2020-02-18T21:34:21.000Z,2019-12-29,JNJ_000020040620000010.htm,https://www.sec.gov/Archives/edgar/data/200406/000020040620000010/form10-k20191229.htm,True
JNJ,0000200406,2834,0000200406-19-000009,10-K,2019-02-20,2019-02-20T21:40:34.000Z,2018-12-30,JNJ_000020040619000009.htm,https://www.sec.gov/Archives/edgar/data/200406/000020040619000009/form10-k20181230.htm,True
JNJ,0000200406,2834,0000200406-18-000005,10-K,2018-02-21,2018-02-21T21:49:20.000Z,2017-12-31,JNJ_000020040618000005.htm,https://www.sec.gov/Archives/edgar/data/200406/000020040618000005/form10-k20171231.htm,True
JNJ,0000200406,2834,0000200406-17-000006,10-K,2017-02-27,2017-02-27T21:52:48.000Z,2017-01-01,JNJ_000020040617000006.htm,https://www.sec.gov/Archives/edgar/data/200406/000020040617000006/form10-k20170101.htm,True
JNJ,0000200406,2834,0000200406-16-000071,10-K,2016-02-24,2016-02-24T21:58:53.000Z,2016-01-03,JNJ_000020040616000071.htm,https://www.sec.gov/Archives/edgar/data/200406/000020040616000071/form10-k20160103.htm,True
JNJ,0000200406,2834,0000200406-15-000004,10-K,2015-02-24,2015-02-24T00:11:03.000Z,2014-12-28,JNJ_000020040615000004.htm,https://www.sec.gov/Archives/edgar/data/200406/000020040615000004/a2014122810-k.htm,True
PFE,0000078003,2834,0000078003-24-000039,10-K,2024-02-22,2024-02-22T18:17:37.000Z,2023-12-31,PFE_000007800324000039.htm,https://www.sec.gov/Archives/edgar/data/78003/000007800324000039/pfe-20231231.htm,True
PFE,0000078003,2834,0000078003-23-000024,10-K,2023-02-23,2023-02-23T19:12:53.000Z,2022-12-31,PFE_000007800323000024.htm,https://www.sec.gov/Archives/edgar/data/78003/000007800323000024/pfe-20221231.htm,True
PFE,0000078003,2834,0000078003-22-000027,10-K,2022-02-24,2022-02-24T19:25:01.000Z,2021-12-31,PFE_000007800322000027.htm,https://www.sec.gov/Archives/edgar/data/78003/000007800322000027/pfe-20211231.htm,True
PFE,0000078003,2834,0000078003-21-000038,10-K,2021-02-25,2021-02-25T18:59:00.000Z,2020-12-31,PFE_000007800321000038.htm,https://www.sec.gov/Archives/edgar/data/78003/000007800321000038/pfe-20201231.htm,True
PFE,0000078003,2834,0000078003-20-000014,10-K,2020-02-27,2020-02-27T19:15:12.000Z,2019-12-31,PFE_000007800320000014.htm,https://www.sec.gov/Archives/edgar/data/78003/000007800320000014/pfe-12312019x10kshell.htm,True
PFE,0000078003,2834,0000078003-19-000015,10-K,2019-02-28,2019-02-28T19:35:32.000Z,2018-12-31,PFE_000007800319000015.htm,https://www.sec.gov/Archives/edgar/data/78003/000007800319000015/pfe-12312018x10kshell.htm,True
PFE,0000078003,2834,0000078003-18-000027,10-K,2018-02-22,2018-02-22T20:42:15.000Z,2017-12-31,PFE_000007800318000027.htm,https://www.sec.gov/Archives/edgar/data/78003/000007800318000027/pfe-12312017x10kshell.htm,True
PFE,0000078003,2834,0000078003-17-000014,10-K,2017-02-23,2017-02-23T21:30:32.000Z,2016-12-31,PFE_000007800317000014.htm,https://www.sec.gov/Archives/edgar/data/78003/000007800317000014/pfe-12312016x10kshell.htm,True
PFE,0000078003,2834,0000078003-16-000077,10-K,2016-02-29,2016-02-29T22:26:35.000Z,2015-12-31,PFE_000007800316000077.htm,https://www.sec.gov/Archives/edgar/data/78003/000007800316000077/pfe-12312015x10kshell.htm,True
PFE,0000078003,2834,0000078003-15-000014,10-K,2015-02-27,2015-02-27T21:38:16.000Z,2014-12-31,PFE_000007800315000014.htm,https://www.sec.gov/Archives/edgar/data/78003/000007800315000014/pfe-12312014x10kshell.htm,True
MRK,0000310158,2834,0001628280-24-006850,10-K,2024-02-26,2024-02-26T21:06:55.000Z,2023-12-31,MRK_000162828024006850.htm,https://www.sec.gov/Archives/edgar/data/310158/000162828024006850/mrk-20231231.htm,True
MRK,0000310158,2834,0001628280-23-005061,10-K,2023-02-24,2023-02-24T21:22:30.000Z,2022-12-31,MRK_000162828023005061.htm,https://www.sec.gov/Archives/edgar/data/310158/000162828023005061/mrk-20221231.htm,True
MRK,0000310158,2834,0000310158-22-000003,10-K,2022-02-25,2022-02-25T21:44:28.000Z,2021-12-31,MRK_000031015822000003.htm,https://www.sec.gov/Archives/edgar/data/310158/000031015822000003/mrk-20211231.htm,True
MRK,0000310158,2834,0000310158-21-000004,10-K,2021-02-25,2021-02-25T21:34:56.000Z,2020-12-31,MRK_000031015821000004.htm,https://www.sec.gov/Archives/edgar/data/310158/000031015821000004/mrk-20201231.htm,True
MRK,0000310158,2834,0000310158-20-000005,10-K,2020-02-26,2020-02-26T21:36:07.000Z,2019-12-31,MRK_000031015820000005.htm,https://www.sec.gov/Archives/edgar/data/310158/000031015820000005/mrk1231201910k.htm,True
MRK,0000310158,2834,0000310158-19-000014,10-K,2019-02-27,2019-02-27T21:36:42.000Z,2018-12-31,MRK_000031015819000014.htm,https://www.sec.gov/Archives/edgar/data/310158/000031015819000014/mrk1231201810k.htm,True
MRK,0000310158,2834,0000310158-18-000005,10-K,2018-02-27,2018-02-27T21:33:07.000Z,2017-12-31,MRK_000031015818000005.htm,https://www.sec.gov/Archives/edgar/data/310158/000031015818000005/mrk1231201710k.htm,True
MRK,0000310158,2834,0000310158-17-000010,10-K,2017-02-28,2017-02-28T21:33:13.000Z,2016-12-31,MRK_000031015817000010.htm,https://www.sec.gov/Archives/edgar/data/310158/000031015817000010/mrk1231201610k.htm,True
MRK,0000310158,2834,0000310158-16-000063,10-K,2016-02-26,2016-02-26T21:04:31.000Z,2015-12-31,MRK_000031015816000063.htm,https://www.sec.gov/Archives/edgar/data/310158/000031015816000063/mrk1231201510k.htm,True
MRK,0000310158,2834,0000310158-15-000005,10-K,2015-02-27,2015-02-27T19:02:50.000Z,2014-12-31,MRK_000031015815000005.htm,https://www.sec.gov/Archives/edgar/data/310158/000031015815000005/mrk1231201410k.htm,True
UNH,0000731766,6324,0000731766-24-000081,10-K,2024-02-28,2024-02-28T22:08:12.000Z,2023-12-31,UNH_000073176624000081.htm,https://www.sec.gov/Archives/edgar/data/731766/000073176624000081/unh-20231231.htm,True
UNH,0000731766,6324,0000731766-23-000008,10-K,2023-02-24,2023-02-24T22:28:40.000Z,2022-12-31,UNH_000073176623000008.htm,https://www.sec.gov/Archives/edgar/data/731766/000073176623000008/unh-20221231.htm,True
UNH,0000731766,6324,0000731766-22-000008,10-K,2022-02-15,2022-02-15T21:50:18.000Z,2021-12-31,UNH_000073176622000008.htm,https://www.sec.gov/Archives/edgar/data/731766/000073176622000008/unh-20211231.htm,True
UNH,0000731766,6324,0000731766-21-000013,10-K,2021-03-01,2021-03-01T21:02:27.000Z,2020-12-31,UNH_000073176621000013.htm,https://www.sec.gov/Archives/edgar/data/731766/000073176621000013/unh-20201231.htm,True
UNH,0000731766,6324,0000731766-20-000006,10-K,2020-02-14,2020-02-14T22:18:38.000Z,2019-12-31,UNH_000073176620000006.htm,https://www.sec.gov/Archives/edgar/data/731766/000073176620000006/unh2019123110-k.htm,True
UNH,0000731766,6324,0000731766-19-000005,10-K,2019-02-12,2019-02-12T22:16:04.000Z,2018-12-31,UNH_000073176619000005.htm,https://www.sec.gov/Archives/edgar/data/731766/000073176619000005/unh2018123110-k.htm,True
UNH,0000731766,6324,0000731766-18-000005,10-K,2018-02-13,2018-02-13T21:10:43.000Z,2017-12-31,UNH_000073176618000005.htm,https://www.sec.gov/Archives/edgar/data/731766/000073176618000005/unh2017123110-k.htm,True
UNH,0000731766,6324,0000731766-17-000009,10-K,2017-02-08,2017-02-08T21:22:01.000Z,2016-12-31,UNH_000073176617000009.htm,https://www.sec.gov/Archives/edgar/data/731766/000073176617000009/unh2016123110-k.htm,True
UNH,0000731766,6324,0000731766-16-000058,10-K,2016-02-09,2016-02-09T21:12:06.000Z,2015-12-31,UNH_000073176616000058.htm,https://www.sec.gov/Archives/edgar/data/731766/000073176616000058/unh2015123110-k.htm,True
UNH,0000731766,6324,0000731766-15-000007,10-K,2015-02-10,2015-02-10T21:45:11.000Z,2014-12-31,UNH_000073176615000007.htm,https://www.sec.gov/Archives/edgar/data/731766/000073176615000007/unh2014123110-k.htm,True
AMGN,0000318154,2836,0000318154-24-000011,10-K,2024-02-14,2024-02-14T21:23:32.000Z,2023-12-31,AMGN_000031815424000011.htm,https://www.sec.gov/Archives/edgar/data/318154/000031815424000011/amgn-20231231.htm,True
AMGN,0000318154,2836,0000318154-23-000017,10-K,2023-02-09,2023-02-09T21:26:31.000Z,2022-12-31,AMGN_000031815423000017.htm,https://www.sec.gov/Archives/edgar/data/318154/000031815423000017/amgn-20221231.htm,True
AMGN,0000318154,2836,0000318154-22-000010,10-K,2022-02-16,2022-02-16T21:39:53.000Z,2021-12-31,AMGN_000031815422000010.htm,https://www.sec.gov/Archives/edgar/data/318154/000031815422000010/amgn-20211231.htm,True
AMGN,0000318154,2836,0000318154-21-000010,10-K,2021-02-09,2021-02-09T00:24:56.000Z,2020-12-31,AMGN_000031815421000010.htm,https://www.sec.gov/Archives/edgar/data/318154/000031815421000010/amgn-20201231.htm,True
AMGN,0000318154,2836,0000318154-20-000017,10-K,2020-02-12,2020-02-12T22:15:19.000Z,2019-12-31,AMGN_000031815420000017.htm,https://www.sec.gov/Archives/edgar/data/318154/000031815420000017/amgn-12312019x10kq42019.htm,True
AMGN,0000318154,2836,0000318154-19-000008,10-K,2019-02-13,2019-02-13T22:20:20.000Z,2018-12-31,AMGN_000031815419000008.htm,https://www.sec.gov/Archives/edgar/data/318154/000031815419000008/amgn-12312018x10kq42018.htm,True
AMGN,0000318154,2836,0000318154-18-000004,10-K,2018-02-13,2018-02-13T21:48:04.000Z,2017-12-31,AMGN_000031815418000004.htm,https://www.sec.gov/Archives/edgar/data/318154/000031815418000004/amgn-12312017x10k.htm,True
AMGN,0000318154,2836,0000318154-17-000004,10-K,2017-02-14,2017-02-14T21:21:05.000Z,2016-12-31,AMGN_000031815417000004.htm,https://www.sec.gov/Archives/edgar/data/318154/000031815417000004/amgn-12312016x10k.htm,True
AMGN,0000318154,2836,0000318154-16-000031,10-K,2016-02-16,2016-02-16T12:00:35.000Z,2015-12-31,AMGN_000031815416000031.htm,https://www.sec.gov/Archives/edgar/data/318154/000031815416000031/amgn-12312015x10k.htm,True
AMGN,0000318154,2836,0000318154-15-000005,10-K,2015-02-19,2015-02-19T22:06:08.000Z,2014-12-31,AMGN_000031815415000005.htm,https://www.sec.gov/Archives/edgar/data/318154/000031815415000005/amgn-12312014x10k.htm,True
PG,0000080424,2840,0000080424-24-000083,10-K,2024-08-05,2024-08-05T20:16:53.000Z,2024-06-30,PG_000008042424000083.htm,https://www.sec.gov/Archives/edgar/data/80424/000008042424000083/pg-20240630.htm,True
PG,0000080424,2840,0000080424-23-000073,10-K,2023-08-04,2023-08-04T20:16:13.000Z,2023-06-30,PG_000008042423000073.htm,https://www.sec.gov/Archives/edgar/data/80424/000008042423000073/pg-20230630.htm,True
PG,0000080424,2840,0000080424-22-000064,10-K,2022-08-05,2022-08-05T20:21:50.000Z,2022-06-30,PG_000008042422000064.htm,https://www.sec.gov/Archives/edgar/data/80424/000008042422000064/pg-20220630.htm,True
PG,0000080424,2840,0000080424-21-000100,10-K,2021-08-06,2021-08-06T20:19:59.000Z,2021-06-30,PG_000008042421000100.htm,https://www.sec.gov/Archives/edgar/data/80424/000008042421000100/pg-20210630.htm,True
PG,0000080424,2840,0000080424-20-000053,10-K,2020-08-06,2020-08-06T20:17:03.000Z,2020-06-30,PG_000008042420000053.htm,https://www.sec.gov/Archives/edgar/data/80424/000008042420000053/pg-20200630.htm,True
PG,0000080424,2840,0000080424-19-000050,10-K,2019-08-06,2019-08-06T20:26:04.000Z,2019-06-30,PG_000008042419000050.htm,https://www.sec.gov/Archives/edgar/data/80424/000008042419000050/fy181910-kreport.htm,True
PG,0000080424,2840,0000080424-18-000055,10-K,2018-08-07,2018-08-07T20:19:22.000Z,2018-06-30,PG_000008042418000055.htm,https://www.sec.gov/Archives/edgar/data/80424/000008042418000055/fy171810-kreport.htm,True
PG,0000080424,2840,0000080424-17-000047,10-K,2017-08-07,2017-08-07T20:05:16.000Z,2017-06-30,PG_000008042417000047.htm,https://www.sec.gov/Archives/edgar/data/80424/000008042417000047/fy161710-kreport.htm,True
PG,0000080424,2840,0000080424-16-000212,10-K,2016-08-09,2016-08-09T20:03:15.000Z,2016-06-30,PG_000008042416000212.htm,https://www.sec.gov/Archives/edgar/data/80424/000008042416000212/fy151610-kreport.htm,True
PG,0000080424,2840,0000080424-15-000070,10-K,2015-08-07,2015-08-07T20:02:16.000Z,2015-06-30,PG_000008042415000070.htm,https://www.sec.gov/Archives/edgar/data/80424/000008042415000070/fy141510-kreport.htm,True
KO,0000021344,2080,0000021344-24-000009,10-K,2024-02-20,2024-02-20T18:21:24.000Z,2023-12-31,KO_000002134424000009.htm,https://www.sec.gov/Archives/edgar/data/21344/000002134424000009/ko-20231231.htm,True
KO,0000021344,2080,0000021344-23-000011,10-K,2023-02-21,2023-02-21T21:03:20.000Z,2022-12-31,KO_000002134423000011.htm,https://www.sec.gov/Archives/edgar/data/21344/000002134423000011/ko-20221231.htm,True
KO,0000021344,2080,0000021344-22-000009,10-K,2022-02-22,2022-02-22T20:45:48.000Z,2021-12-31,KO_000002134422000009.htm,https://www.sec.gov/Archives/edgar/data/21344/000002134422000009/ko-20211231.htm,True
KO,0000021344,2080,0000021344-21-000008,10-K,2021-02-25,2021-02-25T18:47:17.000Z,2020-12-31,KO_000002134421000008.htm,https://www.sec.gov/Archives/edgar/data/21344/000002134421000008/ko-20201231.htm,True
KO,0000021344,2080,0000021344-20-000006,10-K,2020-02-24,2020-02-24T21:08:17.000Z,2019-12-31,KO_000002134420000006.htm,https://www.sec.gov/Archives/edgar/data/21344/000002134420000006/a2019123110-k.htm,True
KO,0000021344,2080,0000021344-19-000014,10-K,2019-02-21,2019-02-21T21:55:42.000Z,2018-12-31,KO_000002134419000014.htm,https://www.sec.gov/Archives/edgar/data/21344/000002134419000014/a2018123110-k.htm,True
KO,0000021344,2080,0000021344-18-000008,10-K,2018-02-23,2018-02-23T16:20:20.000Z,2017-12-31,KO_000002134418000008.htm,https://www.sec.gov/Archives/edgar/data/21344/000002134418000008/a2017123110-k.htm,True
KO,0000021344,2080,0000021344-17-000009,10-K,2017-02-24,2017-02-24T16:34:47.000Z,2016-12-31,KO_000002134417000009.htm,https://www.sec.gov/Archives/edgar/data/21344/000002134417000009/a2016123110-k.htm,True
KO,0000021344,2080,0000021344-16-000050,10-K,2016-02-25,2016-02-25T19:48:38.000Z,2015-12-31,KO_000002134416000050.htm,https://www.sec.gov/Archives/edgar/data/21344/000002134416000050/a2015123110-k.htm,True
KO,0000021344,2080,0000021344-15-000005,10-K,2015-02-25,2015-02-25T20:11:06.000Z,2014-12-31,KO_000002134415000005.htm,https://www.sec.gov/Archives/edgar/data/21344/000002134415000005/a2014123110-k.htm,True
PEP,0000077476,2080,0000077476-24-000008,10-K,2024-02-09,2024-02-08T22:58:51.000Z,2023-12-30,PEP_000007747624000008.htm,https://www.sec.gov/Archives/edgar/data/77476/000007747624000008/pep-20231230.htm,True
PEP,0000077476,2080,0000077476-23-000007,10-K,2023-02-09,2023-02-08T23:06:37.000Z,2022-12-31,PEP_000007747623000007.htm,https://www.sec.gov/Archives/edgar/data/77476/000007747623000007/pep-20221231.htm,True
PEP,0000077476,2080,0000077476-22-000010,10-K,2022-02-10,2022-02-09T23:03:39.000Z,2021-12-25,PEP_000007747622000010.htm,https://www.sec.gov/Archives/edgar/data/77476/000007747622000010/pep-20211225.htm,True
PEP,0000077476,2080,0000077476-21-000007,10-K,2021-02-11,2021-02-10T22:41:49.000Z,2020-12-26,PEP_000007747621000007.htm,https://www.sec.gov/Archives/edgar/data/77476/000007747621000007/pep-20201226.htm,True
PEP,0000077476,2080,0000077476-20-000015,10-K,2020-02-13,2020-02-13T11:09:23.000Z,2019-12-28,PEP_000007747620000015.htm,https://www.sec.gov/Archives/edgar/data/77476/000007747620000015/pepsico201910-k.htm,True
PEP,0000077476,2080,0000077476-19-000017,10-K,2019-02-15,2019-02-15T21:23:02.000Z,2018-12-29,PEP_000007747619000017.htm,https://www.sec.gov/Archives/edgar/data/77476/000007747619000017/pepsico201810-k.htm,True
PEP,0000077476,2080,0000077476-18-000012,10-K,2018-02-13,2018-02-13T21:32:31.000Z,2017-12-30,PEP_000007747618000012.htm,https://www.sec.gov/Archives/edgar/data/77476/000007747618000012/pepsico201710-k.htm,True
PEP,0000077476,2080,0000077476-17-000010,10-K,2017-02-15,2017-02-15T21:35:15.000Z,2016-12-31,PEP_000007747617000010.htm,https://www.sec.gov/Archives/edgar/data/77476/000007747617000010/pepsico201610-k.htm,True
PEP,0000077476,2080,0000077476-16-000066,10-K,2016-02-11,2016-02-11T21:40:10.000Z,2015-12-26,PEP_000007747616000066.htm,https://www.sec.gov/Archives/edgar/data/77476/000007747616000066/pepsico201510-k.htm,True
PEP,0000077476,2080,0000077476-15-000012,10-K,2015-02-12,2015-02-12T22:01:46.000Z,2014-12-27,PEP_000007747615000012.htm,https://www.sec.gov/Archives/edgar/data/77476/000007747615000012/pepsico201410-k.htm,True
WMT,0000104169,5331,0000104169-24-000056,10-K,2024-03-15,2024-03-15T20:54:48.000Z,2024-01-31,WMT_000010416924000056.htm,https://www.sec.gov/Archives/edgar/data/104169/000010416924000056/wmt-20240131.htm,True
WMT,0000104169,5331,0000104169-23-000020,10-K,2023-03-17,2023-03-17T21:02:59.000Z,2023-01-31,WMT_000010416923000020.htm,https://www.sec.gov/Archives/edgar/data/104169/000010416923000020/wmt-20230131.htm,True
WMT,0000104169,5331,0000104169-22-000012,10-K,2022-03-18,2022-03-18T21:03:00.000Z,2022-01-31,WMT_000010416922000012.htm,https://www.sec.gov/Archives/edgar/data/104169/000010416922000012/wmt-20220131.htm,True
WMT,0000104169,5331,0000104169-21-000033,10-K,2021-03-19,2021-03-19T20:40:44.000Z,2021-01-31,WMT_000010416921000033.htm,https://www.sec.gov/Archives/edgar/data/104169/000010416921000033/wmt-20210131.htm,True
WMT,0000104169,5331,0000104169-20-000011,10-K,2020-03-20,2020-03-20T20:51:02.000Z,2020-01-31,WMT_000010416920000011.htm,https://www.sec.gov/Archives/edgar/data/104169/000010416920000011/wmtform10-kx1312020.htm,True
WMT,0000104169,5331,0000104169-19-000016,10-K,2019-03-28,2019-03-28T20:56:37.000Z,2019-01-31,WMT_000010416919000016.htm,https://www.sec.gov/Archives/edgar/data/104169/000010416919000016/wmtform10-kx1312019.htm,True
WMT,0000104169,5331,0000104169-18-000028,10-K,2018-03-30,2018-03-30T20:01:22.000Z,2018-01-31,WMT_000010416918000028.htm,https://www.sec.gov/Archives/edgar/data/104169/000010416918000028/wmtform10-kx1312018.htm,True
WMT,0000104169,5331,0000104169-17-000021,10-K,2017-03-31,2017-03-31T20:54:02.000Z,2017-01-31,WMT_000010416917000021.htm,https://www.sec.gov/Archives/edgar/data/104169/000010416917000021/wmtform10-kx1312017.htm,True
WMT,0000104169,5331,0000104169-16-000079,10-K,2016-03-30,2016-03-30T21:18:29.000Z,2016-01-31,WMT_000010416916000079.htm,https://www.sec.gov/Archives/edgar/data/104169/000010416916000079/wmtform10-kx1312016.htm,True
WMT,0000104169,5331,0000104169-15-000011,10-K,2015-04-01,2015-04-01T20:44:17.000Z,2015-01-31,WMT_000010416915000011.htm,https://www.sec.gov/Archives/edgar/data/104169/000010416915000011/wmtform10-kx13115.htm,True
COST,0000909832,5331,0000909832-24-000049,10-K,2024-10-09,2024-10-08T22:40:07.000Z,2024-09-01,COST_000090983224000049.htm,https://www.sec.gov/Archives/edgar/data/909832/000090983224000049/cost-20240901.htm,True
COST,0000909832,5331,0000909832-23-000042,10-K,2023-10-11,2023-10-10T23:13:15.000Z,2023-09-03,COST_000090983223000042.htm,https://www.sec.gov/Archives/edgar/data/909832/000090983223000042/cost-20230903.htm,True
COST,0000909832,5331,0000909832-22-000021,10-K,2022-10-05,2022-10-05T01:59:05.000Z,2022-08-28,COST_000090983222000021.htm,https://www.sec.gov/Archives/edgar/data/909832/000090983222000021/cost-20220828.htm,True
COST,0000909832,5331,0000909832-21-000014,10-K,2021-10-06,2021-10-06T00:49:17.000Z,2021-08-29,COST_000090983221000014.htm,https://www.sec.gov/Archives/edgar/data/909832/000090983221000014/cost-20210829.htm,True
COST,0000909832,5331,0000909832-20-000017,10-K,2020-10-07,2020-10-06T23:07:39.000Z,2020-08-30,COST_000090983220000017.htm,https://www.sec.gov/Archives/edgar/data/909832/000090983220000017/cost-20200830.htm,True
COST,0000909832,5331,0000909832-19-000019,10-K,2019-10-11,2019-10-10T22:06:12.000Z,2019-09-01,COST_000090983219000019.htm,https://www.sec.gov/Archives/edgar/data/909832/000090983219000019/cost10k9119.htm,True
COST,0000909832,5331,0000909832-18-000013,10-K,2018-10-26,2018-10-26T13:21:46.000Z,2018-09-02,COST_000090983218000013.htm,https://www.sec.gov/Archives/edgar/data/909832/000090983218000013/cost10k9218.htm,True
COST,0000909832,5331,0000909832-17-000014,10-K,2017-10-18,2017-10-18T01:17:47.000Z,2017-09-03,COST_000090983217000014.htm,https://www.sec.gov/Archives/edgar/data/909832/000090983217000014/cost10k90317.htm,True
COST,0000909832,5331,0000909832-16-000032,10-K,2016-10-12,2016-10-11T23:26:22.000Z,2016-08-28,COST_000090983216000032.htm,https://www.sec.gov/Archives/edgar/data/909832/000090983216000032/cost10k82816.htm,True
COST,0000909832,5331,0000909832-15-000014,10-K,2015-10-14,2015-10-13T22:50:16.000Z,2015-08-30,COST_000090983215000014.htm,https://www.sec.gov/Archives/edgar/data/909832/000090983215000014/cost10k83015.htm,True
HD,0000354950,5211,0000354950-24-000062,10-K,2024-03-13,2024-03-13T20:31:59.000Z,2024-01-28,HD_000035495024000062.htm,https://www.sec.gov/Archives/edgar/data/354950/000035495024000062/hd-20240128.htm,True
HD,0000354950,5211,0000354950-23-000059,10-K,2023-03-15,2023-03-15T20:22:15.000Z,2023-01-29,HD_000035495023000059.htm,https://www.sec.gov/Archives/edgar/data/354950/000035495023000059/hd-20230129.htm,True
HD,0000354950,5211,0000354950-22-000070,10-K,2022-03-23,2022-03-23T20:25:53.000Z,2022-01-30,HD_000035495022000070.htm,https://www.sec.gov/Archives/edgar/data/354950/000035495022000070/hd-20220130.htm,True
HD,0000354950,5211,0000354950-21-000089,10-K,2021-03-24,2021-03-24T20:46:14.000Z,2021-01-31,HD_000035495021000089.htm,https://www.sec.gov/Archives/edgar/data/354950/000035495021000089/hd-20210131.htm,True
HD,0000354950,5211,0000354950-20-000015,10-K,2020-03-25,2020-03-25T20:41:53.000Z,2020-02-02,HD_000035495020000015.htm,https://www.sec.gov/Archives/edgar/data/354950/000035495020000015/hd10k02022020.htm,True
HD,0000354950,5211,0000354950-19-000010,10-K,2019-03-28,2019-03-28T20:42:29.000Z,2019-02-03,HD_000035495019000010.htm,https://www.sec.gov/Archives/edgar/data/354950/000035495019000010/hd_10kx02032019.htm,True
HD,0000354950,5211,0000354950-18-000019,10-K,2018-03-22,2018-03-22T20:56:00.000Z,2018-01-28,HD_000035495018000019.htm,https://www.sec.gov/Archives/edgar/data/354950/000035495018000019/hd_10k01282018.htm,True
HD,0000354950,5211,0000354950-17-000005,10-K,2017-03-23,2017-03-23T20:29:46.000Z,2017-01-29,HD_000035495017000005.htm,https://www.sec.gov/Archives/edgar/data/354950/000035495017000005/hd-01292017x10xk.htm,True
HD,0000354950,5211,0000354950-16-000060,10-K,2016-03-24,2016-03-24T20:05:36.000Z,2016-01-31,HD_000035495016000060.htm,https://www.sec.gov/Archives/edgar/data/354950/000035495016000060/hd-1312016x10xk.htm,True
HD,0000354950,5211,0000354950-15-000008,10-K,2015-03-26,2015-03-26T20:03:43.000Z,2015-02-01,HD_000035495015000008.htm,https://www.sec.gov/Archives/edgar/data/354950/000035495015000008/hd-212015x10xk.htm,True
LOW,0000060667,5211,0000060667-24-000033,10-K,2024-03-25,2024-03-25T20:18:34.000Z,2024-02-02,LOW_000006066724000033.htm,https://www.sec.gov/Archives/edgar/data/60667/000006066724000033/low-20240202.htm,True
LOW,0000060667,5211,0000060667-23-000034,10-K,2023-03-27,2023-03-27T20:46:36.000Z,2023-02-03,LOW_000006066723000034.htm,https://www.sec.gov/Archives/edgar/data/60667/000006066723000034/low-20230203.htm,True
LOW,0000060667,5211,0000060667-22-000038,10-K,2022-03-21,2022-03-21T20:47:51.000Z,2022-01-28,LOW_000006066722000038.htm,https://www.sec.gov/Archives/edgar/data/60667/000006066722000038/low-20220128.htm,True
LOW,0000060667,5211,0000060667-21-000026,10-K,2021-03-22,2021-03-22T21:06:03.000Z,2021-01-29,LOW_000006066721000026.htm,https://www.sec.gov/Archives/edgar/data/60667/000006066721000026/low-20210129.htm,True
LOW,0000060667,5211,0000060667-20-000036,10-K,2020-03-23,2020-03-23T21:05:45.000Z,2020-01-31,LOW_000006066720000036.htm,https://www.sec.gov/Archives/edgar/data/60667/000006066720000036/form10k01312020.htm,True
LOW,0000060667,5211,0000060667-19-000042,10-K,2019-04-02,2019-04-01T23:26:18.000Z,2019-02-01,LOW_000006066719000042.htm,https://www.sec.gov/Archives/edgar/data/60667/000006066719000042/form10k_02012019.htm,True
LOW,0000060667,5211,0000060667-18-000051,10-K,2018-04-02,2018-04-02T20:36:28.000Z,2018-02-02,LOW_000006066718000051.htm,https://www.sec.gov/Archives/edgar/data/60667/000006066718000051/form10k_02022018.htm,True
LOW,0000060667,5211,0000060667-17-000076,10-K,2017-04-04,2017-04-04T13:27:27.000Z,2017-02-03,LOW_000006066717000076.htm,https://www.sec.gov/Archives/edgar/data/60667/000006066717000076/lowesform10k.htm,True
LOW,0000060667,5211,0000060667-16-000276,10-K,2016-03-29,2016-03-28T23:07:36.000Z,2016-01-29,LOW_000006066716000276.htm,https://www.sec.gov/Archives/edgar/data/60667/000006066716000276/lowesform10k.htm,True
LOW,0000060667,5211,0000060667-15-000057,10-K,2015-03-31,2015-03-31T19:10:12.000Z,2015-01-30,LOW_000006066715000057.htm,https://www.sec.gov/Archives/edgar/data/60667/000006066715000057/lowesform10k.htm,True
MCD,0000063908,5812,0000063908-24-000072,10-K,2024-02-22,2024-02-22T17:31:15.000Z,2023-12-31,MCD_000006390824000072.htm,https://www.sec.gov/Archives/edgar/data/63908/000006390824000072/mcd-20231231.htm,True
MCD,0000063908,5812,0000063908-23-000012,10-K,2023-02-24,2023-02-24T17:34:36.000Z,2022-12-31,MCD_000006390823000012.htm,https://www.sec.gov/Archives/edgar/data/63908/000006390823000012/mcd-20221231.htm,True
MCD,0000063908,5812,0000063908-22-000011,10-K,2022-02-24,2022-02-24T21:19:08.000Z,2021-12-31,MCD_000006390822000011.htm,https://www.sec.gov/Archives/edgar/data/63908/000006390822000011/mcd-20211231.htm,True
MCD,0000063908,5812,0000063908-21-000013,10-K,2021-02-23,2021-02-23T18:50:20.000Z,2020-12-31,MCD_000006390821000013.htm,https://www.sec.gov/Archives/edgar/data/63908/000006390821000013/mcd-20201231.htm,True
MCD,0000063908,5812,0000063908-20-000022,10-K,2020-02-26,2020-02-26T16:58:02.000Z,2019-12-31,MCD_000006390820000022.htm,https://www.sec.gov/Archives/edgar/data/63908/000006390820000022/mcd-12312019x10k.htm,True
MCD,0000063908,5812,0000063908-19-000010,10-K,2019-02-22,2019-02-22T14:48:25.000Z,2018-12-31,MCD_000006390819000010.htm,https://www.sec.gov/Archives/edgar/data/63908/000006390819000010/mcd-12312018x10k.htm,True
MCD,0000063908,5812,0000063908-18-000010,10-K,2018-02-23,2018-02-23T17:45:01.000Z,2017-12-31,MCD_000006390818000010.htm,https://www.sec.gov/Archives/edgar/data/63908/000006390818000010/mcd-12312017x10k.htm,True
MCD,0000063908,5812,0000063908-17-000017,10-K,2017-03-01,2017-03-01T17:16:56.000Z,2016-12-31,MCD_000006390817000017.htm,https://www.sec.gov/Archives/edgar/data/63908/000006390817000017/mcd-12312016x10k.htm,True
MCD,0000063908,5812,0000063908-16-000103,10-K,2016-02-25,2016-02-25T20:46:10.000Z,2015-12-31,MCD_000006390816000103.htm,https://www.sec.gov/Archives/edgar/data/63908/000006390816000103/mcd-12312015x10k.htm,True
MCD,0000063908,5812,0000063908-15-000016,10-K,2015-02-24,2015-02-24T19:40:58.000Z,2014-12-31,MCD_000006390815000016.htm,https://www.sec.gov/Archives/edgar/data/63908/000006390815000016/mcd-12312014x10k.htm,True
NKE,0000320187,3021,0000320187-24-000044,10-K,2024-07-25,2024-07-25T20:16:58.000Z,2024-05-31,NKE_000032018724000044.htm,https://www.sec.gov/Archives/edgar/data/320187/000032018724000044/nke-20240531.htm,True
NKE,0000320187,3021,0000320187-23-000039,10-K,2023-07-20,2023-07-20T20:20:36.000Z,2023-05-31,NKE_000032018723000039.htm,https://www.sec.gov/Archives/edgar/data/320187/000032018723000039/nke-20230531.htm,True
NKE,0000320187,3021,0000320187-22-000038,10-K,2022-07-21,2022-07-21T20:05:53.000Z,2022-05-31,NKE_000032018722000038.htm,https://www.sec.gov/Archives/edgar/data/320187/000032018722000038/nke-20220531.htm,True
NKE,0000320187,3021,0000320187-21-000028,10-K,2021-07-20,2021-07-20T20:11:03.000Z,2021-05-31,NKE_000032018721000028.htm,https://www.sec.gov/Archives/edgar/data/320187/000032018721000028/nke-20210531.htm,True
NKE,0000320187,3021,0000320187-20-000047,10-K,2020-07-24,2020-07-24T20:07:45.000Z,2020-05-31,NKE_000032018720000047.htm,https://www.sec.gov/Archives/edgar/data/320187/000032018720000047/nke-531202010k.htm,True
NKE,0000320187,3021,0000320187-19-000051,10-K,2019-07-23,2019-07-23T20:13:55.000Z,2019-05-31,NKE_000032018719000051.htm,https://www.sec.gov/Archives/edgar/data/320187/000032018719000051/nke-531201910k.htm,True
NKE,0000320187,3021,0000320187-18-000142,10-K,2018-07-25,2018-07-24T22:22:39.000Z,2018-05-31,NKE_000032018718000142.htm,https://www.sec.gov/Archives/edgar/data/320187/000032018718000142/nke-5312018x10k.htm,True
NKE,0000320187,3021,0000320187-17-000090,10-K,2017-07-20,2017-07-20T20:18:16.000Z,2017-05-31,NKE_000032018717000090.htm,https://www.sec.gov/Archives/edgar/data/320187/000032018717000090/nke-5312017x10k.htm,True
NKE,0000320187,3021,0000320187-16-000336,10-K,2016-07-21,2016-07-21T20:11:03.000Z,2016-05-31,NKE_000032018716000336.htm,https://www.sec.gov/Archives/edgar/data/320187/000032018716000336/nke-5312016x10k.htm,True
NKE,0000320187,3021,0000320187-15-000113,10-K,2015-07-23,2015-07-23T21:26:50.000Z,2015-05-31,NKE_000032018715000113.htm,https://www.sec.gov/Archives/edgar/data/320187/000032018715000113/nke-5312015x10k.htm,True
DIS,0001744489,7990,0001744489-24-000276,10-K,2024-11-14,2024-11-14T11:46:46.000Z,2024-09-28,DIS_000174448924000276.htm,https://www.sec.gov/Archives/edgar/data/1744489/000174448924000276/dis-20240928.htm,True
DIS,0001744489,7990,0001744489-23-000216,10-K,2023-11-21,2023-11-21T22:04:04.000Z,2023-09-30,DIS_000174448923000216.htm,https://www.sec.gov/Archives/edgar/data/1744489/000174448923000216/dis-20230930.htm,True
DIS,0001744489,7990,0001744489-22-000213,10-K,2022-11-29,2022-11-29T22:03:15.000Z,2022-10-01,DIS_000174448922000213.htm,https://www.sec.gov/Archives/edgar/data/1744489/000174448922000213/dis-20221001.htm,True
DIS,0001744489,7990,0001744489-21-000220,10-K,2021-11-24,2021-11-24T21:34:25.000Z,2021-10-02,DIS_000174448921000220.htm,https://www.sec.gov/Archives/edgar/data/1744489/000174448921000220/dis-20211002.htm,True
DIS,0001744489,7990,0001744489-20-000197,10-K,2020-11-25,2020-11-25T21:59:53.000Z,2020-10-03,DIS_000174448920000197.htm,https://www.sec.gov/Archives/edgar/data/1744489/000174448920000197/dis-20201003.htm,True
DIS,0001744489,7990,0001744489-19-000225,10-K,2019-11-20,2019-11-20T22:18:30.000Z,2019-09-28,DIS_000174448919000225.htm,https://www.sec.gov/Archives/edgar/data/1744489/000174448919000225/fy2019q410k.htm,True
DIS,0001001039,7990,0001001039-18-000187,10-K,2018-11-21,2018-11-21T17:05:57.000Z,2018-09-29,DIS_000100103918000187.htm,https://www.sec.gov/Archives/edgar/data/1001039/000100103918000187/fy2018_q4x10k.htm,True
DIS,0001001039,7990,0001001039-17-000198,10-K,2017-11-22,2017-11-22T17:01:00.000Z,2017-09-30,DIS_000100103917000198.htm,https://www.sec.gov/Archives/edgar/data/1001039/000100103917000198/fy2017_q4x10k.htm,True
DIS,0001001039,7990,0001001039-16-000516,10-K,2016-11-23,2016-11-23T16:48:43.000Z,2016-10-01,DIS_000100103916000516.htm,https://www.sec.gov/Archives/edgar/data/1001039/000100103916000516/fy2016_q4x10k.htm,True
DIS,0001001039,7990,0001001039-15-000255,10-K,2015-11-25,2015-11-25T17:20:59.000Z,2015-10-03,DIS_000100103915000255.htm,https://www.sec.gov/Archives/edgar/data/1001039/000100103915000255/fy2015_q4x10k.htm,True
NFLX,0001065280,7841,0001065280-24-000030,10-K,2024-01-26,2024-01-26T21:01:56.000Z,2023-12-31,NFLX_000106528024000030.htm,https://www.sec.gov/Archives/edgar/data/1065280/000106528024000030/nflx-20231231.htm,True
NFLX,0001065280,7841,0001065280-23-000035,10-K,2023-01-26,2023-01-26T21:03:50.000Z,2022-12-31,NFLX_000106528023000035.htm,https://www.sec.gov/Archives/edgar/data/1065280/000106528023000035/nflx-20221231.htm,True
NFLX,0001065280,7841,0001065280-22-000036,10-K,2022-01-27,2022-01-27T22:03:33.000Z,2021-12-31,NFLX_000106528022000036.htm,https://www.sec.gov/Archives/edgar/data/1065280/000106528022000036/nflx-20211231.htm,True
NFLX,0001065280,7841,0001065280-21-000040,10-K,2021-01-28,2021-01-28T21:21:59.000Z,2020-12-31,NFLX_000106528021000040.htm,https://www.sec.gov/Archives/edgar/data/1065280/000106528021000040/nflx-20201231.htm,True
NFLX,0001065280,7841,0001065280-20-000040,10-K,2020-01-29,2020-01-29T21:03:25.000Z,2019-12-31,NFLX_000106528020000040.htm,https://www.sec.gov/Archives/edgar/data/1065280/000106528020000040/form10kq419.htm,True
NFLX,0001065280,7841,0001065280-19-000043,10-K,2019-01-29,2019-01-29T22:12:16.000Z,2018-12-31,NFLX_000106528019000043.htm,https://www.sec.gov/Archives/edgar/data/1065280/000106528019000043/form10k_q418.htm,True
NFLX,0001065280,7841,0001065280-18-000069,10-K,2018-01-29,2018-01-29T22:29:30.000Z,2017-12-31,NFLX_000106528018000069.htm,https://www.sec.gov/Archives/edgar/data/1065280/000106528018000069/q4nflx201710k.htm,True
NFLX,0001065280,7841,0001628280-17-000496,10-K,2017-01-27,2017-01-27T20:44:46.000Z,2016-12-31,NFLX_000162828017000496.htm,https://www.sec.gov/Archives/edgar/data/1065280/000162828017000496/nflx201610k.htm,True
NFLX,0001065280,7841,0001065280-16-000047,10-K,2016-01-28,2016-01-28T19:55:13.000Z,2015-12-31,NFLX_000106528016000047.htm,https://www.sec.gov/Archives/edgar/data/1065280/000106528016000047/nflx201510k.htm,True
NFLX,0001065280,7841,0001065280-15-000006,10-K,2015-01-29,2015-01-29T18:55:40.000Z,2014-12-31,NFLX_000106528015000006.htm,https://www.sec.gov/Archives/edgar/data/1065280/000106528015000006/nflx201410k.htm,True
CMCSA,0001166691,4841,0001166691-24-000011,10-K,2024-01-31,2024-01-31T20:42:48.000Z,2023-12-31,CMCSA_000116669124000011.htm,https://www.sec.gov/Archives/edgar/data/1166691/000116669124000011/cmcsa-20231231.htm,True
CMCSA,0001166691,4841,0001166691-23-000010,10-K,2023-02-03,2023-02-03T17:15:04.000Z,2022-12-31,CMCSA_000116669123000010.htm,https://www.sec.gov/Archives/edgar/data/1166691/000116669123000010/cmcsa-20221231.htm,True
CMCSA,0001166691,4841,0001166691-22-000009,10-K,2022-02-02,2022-02-02T20:15:17.000Z,2021-12-31,CMCSA_000116669122000009.htm,https://www.sec.gov/Archives/edgar/data/1166691/000116669122000009/cmcsa-20211231.htm,True
CMCSA,0001166691,4841,0001166691-21-000008,10-K,2021-02-04,2021-02-03T23:08:14.000Z,2020-12-31,CMCSA_000116669121000008.htm,https://www.sec.gov/Archives/edgar/data/1166691/000116669121000008/cmcsa-20201231.htm,True
CMCSA,0001166691,4841,0001166691-20-000008,10-K,2020-01-30,2020-01-30T21:41:57.000Z,2019-12-31,CMCSA_000116669120000008.htm,https://www.sec.gov/Archives/edgar/data/1166691/000116669120000008/cmcsa-12312019x10k.htm,True
CMCSA,0001166691,4841,0001166691-19-000005,10-K,2019-01-31,2019-01-31T22:00:03.000Z,2018-12-31,CMCSA_000116669119000005.htm,https://www.sec.gov/Archives/edgar/data/1166691/000116669119000005/cmcsa-12312018x10k.htm,True
CMCSA,0001166691,4841,0001166691-18-000004,10-K,2018-01-31,2018-01-31T21:35:39.000Z,2017-12-31,CMCSA_000116669118000004.htm,https://www.sec.gov/Archives/edgar/data/1166691/000116669118000004/cmcsa-12312017x10k.htm,True
CMCSA,0001166691,4841,0001193125-17-030512,10-K,2017-02-03,2017-02-03T19:34:03.000Z,2016-12-31,CMCSA_000119312517030512.htm,https://www.sec.gov/Archives/edgar/data/1166691/000119312517030512/d290430d10k.htm,True
CMCSA,0001166691,4841,0001193125-16-452423,10-K,2016-02-05,2016-02-05T22:00:05.000Z,2015-12-31,CMCSA_000119312516452423.htm,https://www.sec.gov/Archives/edgar/data/1166691/000119312516452423/d49239d10k.htm,True
CMCSA,0001166691,4841,0001193125-15-068526,10-K,2015-02-27,2015-02-27T18:16:44.000Z,2014-12-31,CMCSA_000119312515068526.htm,https://www.sec.gov/Archives/edgar/data/1166691/000119312515068526/d817352d10k.htm,True
CVX,0000093410,2911,0000093410-24-000013,10-K,2024-02-26,2024-02-26T21:07:14.000Z,2023-12-31,CVX_000009341024000013.htm,https://www.sec.gov/Archives/edgar/data/93410/000009341024000013/cvx-20231231.htm,True
CVX,0000093410,2911,0000093410-23-000009,10-K,2023-02-23,2023-02-23T16:51:02.000Z,2022-12-31,CVX_000009341023000009.htm,https://www.sec.gov/Archives/edgar/data/93410/000009341023000009/cvx-20221231.htm,True
CVX,0000093410,2911,0000093410-22-000019,10-K,2022-02-24,2022-02-24T16:45:37.000Z,2021-12-31,CVX_000009341022000019.htm,https://www.sec.gov/Archives/edgar/data/93410/000009341022000019/cvx-20211231.htm,True
CVX,0000093410,2911,0000093410-21-000009,10-K,2021-02-25,2021-02-25T19:32:29.000Z,2020-12-31,CVX_000009341021000009.htm,https://www.sec.gov/Archives/edgar/data/93410/000009341021000009/cvx-20201231.htm,True
CVX,0000093410,2911,0000093410-20-000010,10-K,2020-02-21,2020-02-21T16:40:21.000Z,2019-12-31,CVX_000009341020000010.htm,https://www.sec.gov/Archives/edgar/data/93410/000009341020000010/cvx12312019-10kdoc.htm,True
CVX,0000093410,2911,0000093410-19-000008,10-K,2019-02-22,2019-02-22T16:25:08.000Z,2018-12-31,CVX_000009341019000008.htm,https://www.sec.gov/Archives/edgar/data/93410/000009341019000008/cvx12312018-10kdoc.htm,True
CVX,0000093410,2911,0000093410-18-000010,10-K,2018-02-22,2018-02-22T16:49:59.000Z,2017-12-31,CVX_000009341018000010.htm,https://www.sec.gov/Archives/edgar/data/93410/000009341018000010/cvx12312017-10kdoc.htm,True
CVX,0000093410,2911,0000093410-17-000013,10-K,2017-02-23,2017-02-23T17:18:42.000Z,2016-12-31,CVX_000009341017000013.htm,https://www.sec.gov/Archives/edgar/data/93410/000009341017000013/cvx-123116x10kdoc.htm,True
CVX,0000093410,2911,0000093410-16-000049,10-K,2016-02-25,2016-02-25T17:08:14.000Z,2015-12-31,CVX_000009341016000049.htm,https://www.sec.gov/Archives/edgar/data/93410/000009341016000049/cvx-123115x10kdoc.htm,True
CVX,0000093410,2911,0000093410-15-000010,10-K,2015-02-20,2015-02-20T16:36:43.000Z,2014-12-31,CVX_000009341015000010.htm,https://www.sec.gov/Archives/edgar/data/93410/000009341015000010/cvx-123114x10kdoc.htm,True
XOM,0000034088,2911,0000034088-24-000018,10-K,2024-02-28,2024-02-28T21:37:18.000Z,2023-12-31,XOM_000003408824000018.htm,https://www.sec.gov/Archives/edgar/data/34088/000003408824000018/xom-20231231.htm,True
XOM,0000034088,2911,0000034088-23-000020,10-K,2023-02-22,2023-02-22T21:37:14.000Z,2022-12-31,XOM_000003408823000020.htm,https://www.sec.gov/Archives/edgar/data/34088/000003408823000020/xom-20221231.htm,True
XOM,0000034088,2911,0000034088-22-000011,10-K,2022-02-23,2022-02-23T21:11:16.000Z,2021-12-31,XOM_000003408822000011.htm,https://www.sec.gov/Archives/edgar/data/34088/000003408822000011/xom-20211231.htm,True
XOM,0000034088,2911,0000034088-21-000012,10-K,2021-02-24,2021-02-24T22:01:02.000Z,2020-12-31,XOM_000003408821000012.htm,https://www.sec.gov/Archives/edgar/data/34088/000003408821000012/xom-20201231.htm,True
XOM,0000034088,2911,0000034088-20-000016,10-K,2020-02-26,2020-02-26T21:15:19.000Z,2019-12-31,XOM_000003408820000016.htm,https://www.sec.gov/Archives/edgar/data/34088/000003408820000016/xom10k2019.htm,True
XOM,0000034088,2911,0000034088-19-000010,10-K,2019-02-27,2019-02-27T21:19:37.000Z,2018-12-31,XOM_000003408819000010.htm,https://www.sec.gov/Archives/edgar/data/34088/000003408819000010/xom10k2018.htm,True
XOM,0000034088,2911,0000034088-18-000015,10-K,2018-02-28,2018-02-28T21:39:51.000Z,2017-12-31,XOM_000003408818000015.htm,https://www.sec.gov/Archives/edgar/data/34088/000003408818000015/xom10k2017.htm,True
XOM,0000034088,2911,0000034088-17-000017,10-K,2017-02-22,2017-02-22T21:47:56.000Z,2016-12-31,XOM_000003408817000017.htm,https://www.sec.gov/Archives/edgar/data/34088/000003408817000017/xom10k2016.htm,True
XOM,0000034088,2911,0000034088-16-000065,10-K,2016-02-24,2016-02-24T21:09:22.000Z,2015-12-31,XOM_000003408816000065.htm,https://www.sec.gov/Archives/edgar/data/34088/000003408816000065/xom10k2015.htm,True
XOM,0000034088,2911,0000034088-15-000013,10-K,2015-02-25,2015-02-25T21:26:23.000Z,2014-12-31,XOM_000003408815000013.htm,https://www.sec.gov/Archives/edgar/data/34088/000003408815000013/xom10k2014.htm,True
CAT,0000018230,3531,0000018230-24-000009,10-K,2024-02-16,2024-02-16T15:05:13.000Z,2023-12-31,CAT_000001823024000009.htm,https://www.sec.gov/Archives/edgar/data/18230/000001823024000009/cat-20231231.htm,True
CAT,0000018230,3531,0000018230-23-000011,10-K,2023-02-15,2023-02-15T15:27:56.000Z,2022-12-31,CAT_000001823023000011.htm,https://www.sec.gov/Archives/edgar/data/18230/000001823023000011/cat-20221231.htm,True
CAT,0000018230,3531,0000018230-22-000050,10-K,2022-02-16,2022-02-16T15:50:47.000Z,2021-12-31,CAT_000001823022000050.htm,https://www.sec.gov/Archives/edgar/data/18230/000001823022000050/cat-20211231.htm,True
CAT,0000018230,3531,0000018230-21-000063,10-K,2021-02-17,2021-02-17T15:41:38.000Z,2020-12-31,CAT_000001823021000063.htm,https://www.sec.gov/Archives/edgar/data/18230/000001823021000063/cat-20201231.htm,True
CAT,0000018230,3531,0000018230-20-000056,10-K,2020-02-19,2020-02-19T19:12:34.000Z,2019-12-31,CAT_000001823020000056.htm,https://www.sec.gov/Archives/edgar/data/18230/000001823020000056/cat10-k12312019.htm,True
CAT,0000018230,3531,0000018230-19-000034,10-K,2019-02-14,2019-02-14T18:25:13.000Z,2018-12-31,CAT_000001823019000034.htm,https://www.sec.gov/Archives/edgar/data/18230/000001823019000034/cat_10-kx12312018.htm,True
CAT,0000018230,3531,0000018230-18-000042,10-K,2018-02-15,2018-02-15T17:14:45.000Z,2017-12-31,CAT_000001823018000042.htm,https://www.sec.gov/Archives/edgar/data/18230/000001823018000042/cat_10-kx12312017.htm,True
CAT,0000018230,3531,0000018230-17-000041,10-K,2017-02-15,2017-02-15T18:45:35.000Z,2016-12-31,CAT_000001823017000041.htm,https://www.sec.gov/Archives/edgar/data/18230/000001823017000041/cat_10-kx12312016.htm,True
CAT,0000018230,3531,0000018230-16-000410,10-K,2016-02-16,2016-02-16T16:20:14.000Z,2015-12-31,CAT_000001823016000410.htm,https://www.sec.gov/Archives/edgar/data/18230/000001823016000410/cat_10-kx12312015.htm,True
CAT,0000018230,3531,0000018230-15-000061,10-K,2015-02-17,2015-02-17T22:15:52.000Z,2014-12-31,CAT_000001823015000061.htm,https://www.sec.gov/Archives/edgar/data/18230/000001823015000061/cat_10-kx12312014.htm,True
BA,0000012927,3721,0000012927-24-000010,10-K,2024-01-31,2024-01-31T17:45:19.000Z,2023-12-31,BA_000001292724000010.htm,https://www.sec.gov/Archives/edgar/data/12927/000001292724000010/ba-20231231.htm,True
BA,0000012927,3721,0000012927-23-000007,10-K,2023-01-27,2023-01-27T19:26:33.000Z,2022-12-31,BA_000001292723000007.htm,https://www.sec.gov/Archives/edgar/data/12927/000001292723000007/ba-20221231.htm,True
BA,0000012927,3721,0000012927-22-000010,10-K,2022-01-31,2022-01-31T15:33:32.000Z,2021-12-31,BA_000001292722000010.htm,https://www.sec.gov/Archives/edgar/data/12927/000001292722000010/ba-20211231.htm,True
BA,0000012927,3721,0000012927-21-000011,10-K,2021-02-01,2021-02-01T19:20:17.000Z,2020-12-31,BA_000001292721000011.htm,https://www.sec.gov/Archives/edgar/data/12927/000001292721000011/ba-20201231.htm,True
BA,0000012927,3721,0000012927-20-000014,10-K,2020-01-31,2020-01-31T18:23:40.000Z,2019-12-31,BA_000001292720000014.htm,https://www.sec.gov/Archives/edgar/data/12927/000001292720000014/a201912dec3110k.htm,True
BA,0000012927,3721,0000012927-19-000010,10-K,2019-02-08,2019-02-08T18:10:39.000Z,2018-12-31,BA_000001292719000010.htm,https://www.sec.gov/Archives/edgar/data/12927/000001292719000010/a201812dec3110k.htm,True
BA,0000012927,3721,0000012927-18-000007,10-K,2018-02-12,2018-02-12T19:31:00.000Z,2017-12-31,BA_000001292718000007.htm,https://www.sec.gov/Archives/edgar/data/12927/000001292718000007/a201712dec3110k.htm,True
BA,0000012927,3721,0000012927-17-000006,10-K,2017-02-08,2017-02-08T20:37:44.000Z,2016-12-31,BA_000001292717000006.htm,https://www.sec.gov/Archives/edgar/data/12927/000001292717000006/a201612dec3110k.htm,True
BA,0000012927,3721,0000012927-16-000099,10-K,2016-02-10,2016-02-10T15:57:34.000Z,2015-12-31,BA_000001292716000099.htm,https://www.sec.gov/Archives/edgar/data/12927/000001292716000099/a201512dec3110k.htm,True
BA,0000012927,3721,0000012927-15-000011,10-K,2015-02-12,2015-02-12T20:32:40.000Z,2014-12-31,BA_000001292715000011.htm,https://www.sec.gov/Archives/edgar/data/12927/000001292715000011/a201412dec3110k.htm,True
HON,0000773840,3724,0000773840-24-000014,10-K,2024-02-16,2024-02-16T18:40:36.000Z,2023-12-31,HON_000077384024000014.htm,https://www.sec.gov/Archives/edgar/data/773840/000077384024000014/hon-20231231.htm,True
HON,0000773840,3724,0000773840-23-000013,10-K,2023-02-10,2023-02-10T19:09:31.000Z,2022-12-31,HON_000077384023000013.htm,https://www.sec.gov/Archives/edgar/data/773840/000077384023000013/hon-20221231.htm,True
HON,0000773840,3724,0000773840-22-000018,10-K,2022-02-11,2022-02-11T17:37:32.000Z,2021-12-31,HON_000077384022000018.htm,https://www.sec.gov/Archives/edgar/data/773840/000077384022000018/hon-20211231.htm,True
HON,0000773840,3724,0000773840-21-000015,10-K,2021-02-12,2021-02-12T19:31:39.000Z,2020-12-31,HON_000077384021000015.htm,https://www.sec.gov/Archives/edgar/data/773840/000077384021000015/hon-20201231.htm,True
HON,0000773840,3724,0000773840-20-000009,10-K,2020-02-14,2020-02-14T18:25:35.000Z,2019-12-31,HON_000077384020000009.htm,https://www.sec.gov/Archives/edgar/data/773840/000077384020000009/hon1231201910k.htm,True
HON,0000773840,3724,0000930413-19-000366,10-K,2019-02-08,2019-02-08T19:09:10.000Z,2018-12-31,HON_000093041319000366.htm,https://www.sec.gov/Archives/edgar/data/773840/000093041319000366/c92779_10k.htm,True
HON,0000773840,3724,0000930413-18-000292,10-K,2018-02-09,2018-02-09T19:29:41.000Z,2017-12-31,HON_000093041318000292.htm,https://www.sec.gov/Archives/edgar/data/773840/000093041318000292/c89913_10k.htm,True
HON,0000773840,3724,0000930413-17-000391,10-K,2017-02-10,2017-02-10T20:53:13.000Z,2016-12-31,HON_000093041317000391.htm,https://www.sec.gov/Archives/edgar/data/773840/000093041317000391/c86783_10k.htm,True
HON,0000773840,3724,0000930413-16-005457,10-K,2016-02-12,2016-02-12T18:41:09.000Z,2015-12-31,HON_000093041316005457.htm,https://www.sec.gov/Archives/edgar/data/773840/000093041316005457/c83288_10k.htm,True
HON,0000773840,3724,0000930413-15-000621,10-K,2015-02-13,2015-02-13T18:45:03.000Z,2014-12-31,HON_000093041315000621.htm,https://www.sec.gov/Archives/edgar/data/773840/000093041315000621/c79276_10k.htm,True
MMM,0000066740,3841,0000066740-24-000016,10-K,2024-02-07,2024-02-07T14:25:16.000Z,2023-12-31,MMM_000006674024000016.htm,https://www.sec.gov/Archives/edgar/data/66740/000006674024000016/mmm-20231231.htm,True
MMM,0000066740,3841,0000066740-23-000014,10-K,2023-02-08,2023-02-08T17:59:49.000Z,2022-12-31,MMM_000006674023000014.htm,https://www.sec.gov/Archives/edgar/data/66740/000006674023000014/mmm-20221231.htm,True
MMM,0000066740,3841,0000066740-22-000010,10-K,2022-02-09,2022-02-09T20:13:29.000Z,2021-12-31,MMM_000006674022000010.htm,https://www.sec.gov/Archives/edgar/data/66740/000006674022000010/mmm-20211231.htm,True
MMM,0000066740,3841,0001558370-21-000737,10-K,2021-02-04,2021-02-04T18:53:11.000Z,2020-12-31,MMM_000155837021000737.htm,https://www.sec.gov/Archives/edgar/data/66740/000155837021000737/mmm-20201231x10k.htm,True
MMM,0000066740,3841,0001558370-20-000581,10-K,2020-02-06,2020-02-06T21:16:31.000Z,2019-12-31,MMM_000155837020000581.htm,https://www.sec.gov/Archives/edgar/data/66740/000155837020000581/mmm-20191231x10k62bf35.htm,True
MMM,0000066740,3841,0001558370-19-000470,10-K,2019-02-07,2019-02-07T22:15:37.000Z,2018-12-31,MMM_000155837019000470.htm,https://www.sec.gov/Archives/edgar/data/66740/000155837019000470/mmm-20181231x10k.htm,True
MMM,0000066740,3841,0001558370-18-000535,10-K,2018-02-08,2018-02-08T22:14:52.000Z,2017-12-31,MMM_000155837018000535.htm,https://www.sec.gov/Archives/edgar/data/66740/000155837018000535/mmm-20171231x10k.htm,True
MMM,0000066740,3841,0001558370-17-000479,10-K,2017-02-09,2017-02-09T21:56:52.000Z,2016-12-31,MMM_000155837017000479.htm,https://www.sec.gov/Archives/edgar/data/66740/000155837017000479/mmm-20161231x10k.htm,True
MMM,0000066740,3841,0001558370-16-003162,10-K,2016-02-11,2016-02-11T22:16:40.000Z,2015-12-31,MMM_000155837016003162.htm,https://www.sec.gov/Archives/edgar/data/66740/000155837016003162/mmm-20151231x10k.htm,True
MMM,0000066740,3841,0001104659-15-009560,10-K,2015-02-12,2015-02-12T22:09:33.000Z,2014-12-31,MMM_000110465915009560.htm,https://www.sec.gov/Archives/edgar/data/66740/000110465915009560/a15-1770_110k.htm,True
UPS,0001090727,4210,0001090727-24-000008,10-K,2024-02-20,2024-02-20T21:18:27.000Z,2023-12-31,UPS_000109072724000008.htm,https://www.sec.gov/Archives/edgar/data/1090727/000109072724000008/ups-20231231.htm,True
UPS,0001090727,4210,0001090727-23-000006,10-K,2023-02-21,2023-02-21T11:16:30.000Z,2022-12-31,UPS_000109072723000006.htm,https://www.sec.gov/Archives/edgar/data/1090727/000109072723000006/ups-20221231.htm,True
UPS,0001090727,4210,0001090727-22-000007,10-K,2022-02-22,2022-02-22T11:14:14.000Z,2021-12-31,UPS_000109072722000007.htm,https://www.sec.gov/Archives/edgar/data/1090727/000109072722000007/ups-20211231.htm,True
UPS,0001090727,4210,0001090727-21-000013,10-K,2021-02-22,2021-02-22T22:27:26.000Z,2020-12-31,UPS_000109072721000013.htm,https://www.sec.gov/Archives/edgar/data/1090727/000109072721000013/ups-20201231.htm,True
UPS,0001090727,4210,0001090727-20-000005,10-K,2020-02-20,2020-02-20T22:05:25.000Z,2019-12-31,UPS_000109072720000005.htm,https://www.sec.gov/Archives/edgar/data/1090727/000109072720000005/ups-12312019x10k.htm,True
UPS,0001090727,4210,0001090727-19-000006,10-K,2019-02-21,2019-02-21T22:02:11.000Z,2018-12-31,UPS_000109072719000006.htm,https://www.sec.gov/Archives/edgar/data/1090727/000109072719000006/ups-12312018x10k.htm,True
UPS,0001090727,4210,0001090727-18-000009,10-K,2018-02-21,2018-02-21T22:23:42.000Z,2017-12-31,UPS_000109072718000009.htm,https://www.sec.gov/Archives/edgar/data/1090727/000109072718000009/ups-12312017x10k.htm,True
UPS,0001090727,4210,0001090727-17-000011,10-K,2017-02-21,2017-02-21T11:47:45.000Z,2016-12-31,UPS_000109072717000011.htm,https://www.sec.gov/Archives/edgar/data/1090727/000109072717000011/ups-12312016x10k.htm,True
UPS,0001090727,4210,0001090727-16-000053,10-K,2016-02-25,2016-02-24T22:39:52.000Z,2015-12-31,UPS_000109072716000053.htm,https://www.sec.gov/Archives/edgar/data/1090727/000109072716000053/ups-12312015x10k.htm,True
UPS,0001090727,4210,0001090727-15-000008,10-K,2015-02-27,2015-02-27T21:52:14.000Z,2014-12-31,UPS_000109072715000008.htm,https://www.sec.gov/Archives/edgar/data/1090727/000109072715000008/ups-12312014x10k.htm,True
F,0000037996,3711,0000037996-24-000009,10-K,2024-02-07,2024-02-07T00:33:55.000Z,2023-12-31,F_000003799624000009.htm,https://www.sec.gov/Archives/edgar/data/37996/000003799624000009/f-20231231.htm,True
F,0000037996,3711,0000037996-23-000012,10-K,2023-02-03,2023-02-03T00:39:34.000Z,2022-12-31,F_000003799623000012.htm,https://www.sec.gov/Archives/edgar/data/37996/000003799623000012/f-20221231.htm,True
F,0000037996,3711,0000037996-22-000013,10-K,2022-02-04,2022-02-03T23:24:07.000Z,2021-12-31,F_000003799622000013.htm,https://www.sec.gov/Archives/edgar/data/37996/000003799622000013/f-20211231.htm,True
F,0000037996,3711,0000037996-21-000012,10-K,2021-02-05,2021-02-04T23:58:09.000Z,2020-12-31,F_000003799621000012.htm,https://www.sec.gov/Archives/edgar/data/37996/000003799621000012/f-20201231.htm,True
F,0000037996,3711,0000037996-20-000010,10-K,2020-02-05,2020-02-05T17:01:22.000Z,2019-12-31,F_000003799620000010.htm,https://www.sec.gov/Archives/edgar/data/37996/000003799620000010/f1231201910-k.htm,True
F,0000037996,3711,0000037996-19-000012,10-K,2019-02-21,2019-02-21T21:10:10.000Z,2018-12-31,F_000003799619000012.htm,https://www.sec.gov/Archives/edgar/data/37996/000003799619000012/f1231201810-k.htm,True
F,0000037996,3711,0000037996-18-000015,10-K,2018-02-08,2018-02-08T16:41:16.000Z,2017-12-31,F_000003799618000015.htm,https://www.sec.gov/Archives/edgar/data/37996/000003799618000015/f1231201710-k.htm,True
F,0000037996,3711,0000037996-17-000013,10-K,2017-02-09,2017-02-09T13:44:28.000Z,2016-12-31,F_000003799617000013.htm,https://www.sec.gov/Archives/edgar/data/37996/000003799617000013/f1231201610-k.htm,True
F,0000037996,3711,0000037996-16-000092,10-K,2016-02-11,2016-02-11T13:13:33.000Z,2015-12-31,F_000003799616000092.htm,https://www.sec.gov/Archives/edgar/data/37996/000003799616000092/f1231201510-k.htm,True
F,0000037996,3711,0000037996-15-000013,10-K,2015-02-13,2015-02-13T12:03:25.000Z,2014-12-31,F_000003799615000013.htm,https://www.sec.gov/Archives/edgar/data/37996/000003799615000013/f1231201410-k.htm,True
GM,0001467858,3711,0001467858-24-000031,10-K,2024-01-30,2024-01-30T20:40:20.000Z,2023-12-31,GM_000146785824000031.htm,https://www.sec.gov/Archives/edgar/data/1467858/000146785824000031/gm-20231231.htm,True
GM,0001467858,3711,0001467858-23-000029,10-K,2023-01-31,2023-01-31T20:50:27.000Z,2022-12-31,GM_000146785823000029.htm,https://www.sec.gov/Archives/edgar/data/1467858/000146785823000029/gm-20221231.htm,True
GM,0001467858,3711,0001467858-22-000034,10-K,2022-02-02,2022-02-02T11:10:21.000Z,2021-12-31,GM_000146785822000034.htm,https://www.sec.gov/Archives/edgar/data/1467858/000146785822000034/gm-20211231.htm,True
GM,0001467858,3711,0001467858-21-000037,10-K,2021-02-10,2021-02-10T20:48:19.000Z,2020-12-31,GM_000146785821000037.htm,https://www.sec.gov/Archives/edgar/data/1467858/000146785821000037/gm-20201231.htm,True
GM,0001467858,3711,0001467858-20-000028,10-K,2020-02-05,2020-02-05T21:02:53.000Z,2019-12-31,GM_000146785820000028.htm,https://www.sec.gov/Archives/edgar/data/1467858/000146785820000028/gm201910k.htm,True
GM,0001467858,3711,0001467858-19-000033,10-K,2019-02-06,2019-02-06T21:46:41.000Z,2018-12-31,GM_000146785819000033.htm,https://www.sec.gov/Archives/edgar/data/1467858/000146785819000033/gm201810k.htm,True
GM,0001467858,3711,0001467858-18-000022,10-K,2018-02-06,2018-02-06T17:34:06.000Z,2017-12-31,GM_000146785818000022.htm,https://www.sec.gov/Archives/edgar/data/1467858/000146785818000022/gm201710k.htm,True
GM,0001467858,3711,0001467858-17-000028,10-K,2017-02-07,2017-02-07T16:42:59.000Z,2016-12-31,GM_000146785817000028.htm,https://www.sec.gov/Archives/edgar/data/1467858/000146785817000028/gm201610k.htm,True
GM,0001467858,3711,0001467858-16-000255,10-K,2016-02-03,2016-02-03T18:20:41.000Z,2015-12-31,GM_000146785816000255.htm,https://www.sec.gov/Archives/edgar/data/1467858/000146785816000255/gm201510k.htm,True
GM,0001467858,3711,0001467858-15-000036,10-K,2015-02-04,2015-02-04T16:47:54.000Z,2014-12-31,GM_000146785815000036.htm,https://www.sec.gov/Archives/edgar/data/1467858/000146785815000036/gm201410k.htm,True
VZ,0000732712,4813,0000732712-24-000010,10-K,2024-02-09,2024-02-09T15:51:34.000Z,2023-12-31,VZ_000073271224000010.htm,https://www.sec.gov/Archives/edgar/data/732712/000073271224000010/vz-20231231.htm,True
VZ,0000732712,4813,0000732712-23-000012,10-K,2023-02-10,2023-02-10T16:54:36.000Z,2022-12-31,VZ_000073271223000012.htm,https://www.sec.gov/Archives/edgar/data/732712/000073271223000012/vz-20221231.htm,True
VZ,0000732712,4813,0000732712-22-000008,10-K,2022-02-11,2022-02-11T19:04:46.000Z,2021-12-31,VZ_000073271222000008.htm,https://www.sec.gov/Archives/edgar/data/732712/000073271222000008/vz-20211231.htm,True
VZ,0000732712,4813,0000732712-21-000012,10-K,2021-02-25,2021-02-25T19:08:10.000Z,2020-12-31,VZ_000073271221000012.htm,https://www.sec.gov/Archives/edgar/data/732712/000073271221000012/vz-20201231.htm,True
VZ,0000732712,4813,0000732712-20-000014,10-K,2020-02-21,2020-02-21T16:20:18.000Z,2019-12-31,VZ_000073271220000014.htm,https://www.sec.gov/Archives/edgar/data/732712/000073271220000014/a2019q410-k.htm,True
VZ,0000732712,4813,0000732712-19-000012,10-K,2019-02-15,2019-02-15T18:42:40.000Z,2018-12-31,VZ_000073271219000012.htm,https://www.sec.gov/Archives/edgar/data/732712/000073271219000012/a2018q410-k.htm,True
VZ,0000732712,4813,0000732712-18-000009,10-K,2018-02-23,2018-02-23T18:15:54.000Z,2017-12-31,VZ_000073271218000009.htm,https://www.sec.gov/Archives/edgar/data/732712/000073271218000009/a201710-k.htm,True
VZ,0000732712,4813,0001193125-17-050292,10-K,2017-02-21,2017-02-21T20:21:12.000Z,2016-12-31,VZ_000119312517050292.htm,https://www.sec.gov/Archives/edgar/data/732712/000119312517050292/d296602d10k.htm,True
VZ,0000732712,4813,0001193125-16-473367,10-K,2016-02-23,2016-02-23T20:09:48.000Z,2015-12-31,VZ_000119312516473367.htm,https://www.sec.gov/Archives/edgar/data/732712/000119312516473367/d35513d10k.htm,True
VZ,0000732712,4813,0001193125-15-057710,10-K,2015-02-23,2015-02-23T18:10:04.000Z,2014-12-31,VZ_000119312515057710.htm,https://www.sec.gov/Archives/edgar/data/732712/000119312515057710/d820819d10k.htm,True
T,0000732717,4813,0000732717-24-000009,10-K,2024-02-23,2024-02-23T21:45:20.000Z,2023-12-31,T_000073271724000009.htm,https://www.sec.gov/Archives/edgar/data/732717/000073271724000009/t-20231231.htm,True
T,0000732717,4813,0000732717-23-000011,10-K,2023-02-13,2023-02-13T21:11:56.000Z,2022-12-31,T_000073271723000011.htm,https://www.sec.gov/Archives/edgar/data/732717/000073271723000011/t-20221231.htm,True
T,0000732717,4813,0000732717-22-000015,10-K,2022-02-16,2022-02-16T11:29:38.000Z,2021-12-31,T_000073271722000015.htm,https://www.sec.gov/Archives/edgar/data/732717/000073271722000015/t-20211231.htm,True
T,0000732717,4813,0000732717-21-000012,10-K,2021-02-25,2021-02-25T21:19:43.000Z,2020-12-31,T_000073271721000012.htm,https://www.sec.gov/Archives/edgar/data/732717/000073271721000012/t-20201231.htm,True
T,0000732717,4813,0001562762-20-000064,10-K,2020-02-20,2020-02-20T02:42:50.000Z,2019-12-31,T_000156276220000064.htm,https://www.sec.gov/Archives/edgar/data/732717/000156276220000064/t-20191231.htm,True
T,0000732717,4813,0001193125-19-045608,10-K,2019-02-20,2019-02-20T22:21:51.000Z,2018-12-31,T_000119312519045608.htm,https://www.sec.gov/Archives/edgar/data/732717/000119312519045608/d705958d10k.htm,True
T,0000732717,4813,0000732717-18-000009,10-K,2018-02-20,2018-02-20T21:15:55.000Z,2017-12-31,T_000073271718000009.htm,https://www.sec.gov/Archives/edgar/data/732717/000073271718000009/ye17_10k.htm,True
T,0000732717,4813,0000732717-17-000021,10-K,2017-02-17,2017-02-17T22:30:12.000Z,2016-12-31,T_000073271717000021.htm,https://www.sec.gov/Archives/edgar/data/732717/000073271717000021/ye16_10k.htm,True
T,0000732717,4813,0000732717-16-000147,10-K,2016-02-18,2016-02-18T21:33:12.000Z,2015-12-31,T_000073271716000147.htm,https://www.sec.gov/Archives/edgar/data/732717/000073271716000147/ye15_10k.htm,True
T,0000732717,4813,0000732717-15-000016,10-K,2015-02-20,2015-02-20T21:23:15.000Z,2014-12-31,T_000073271715000016.htm,https://www.sec.gov/Archives/edgar/data/732717/000073271715000016/ye14_10k.htm,True
DUK,0001326160,4931,0001326160-24-000037,10-K,2024-02-23,2024-02-23T18:27:16.000Z,2023-12-31,DUK_000132616024000037.htm,https://www.sec.gov/Archives/edgar/data/1326160/000132616024000037/duk-20231231.htm,True
DUK,0001326160,4931,0001326160-23-000073,10-K,2023-02-27,2023-02-27T11:12:41.000Z,2022-12-31,DUK_000132616023000073.htm,https://www.sec.gov/Archives/edgar/data/1326160/000132616023000073/duk-20221231.htm,True
DUK,0001326160,4931,0001326160-22-000072,10-K,2022-02-24,2022-02-24T18:35:41.000Z,2021-12-31,DUK_000132616022000072.htm,https://www.sec.gov/Archives/edgar/data/1326160/000132616022000072/duk-20211231.htm,True
DUK,0001326160,4931,0001326160-21-000063,10-K,2021-02-25,2021-02-25T19:46:09.000Z,2020-12-31,DUK_000132616021000063.htm,https://www.sec.gov/Archives/edgar/data/1326160/000132616021000063/duk-20201231.htm,True
DUK,0001326160,4931,0001326160-20-000034,10-K,2020-02-20,2020-02-20T19:37:25.000Z,2019-12-31,DUK_000132616020000034.htm,https://www.sec.gov/Archives/edgar/data/1326160/000132616020000034/duk-20191231x10k.htm,True
DUK,0001326160,4931,0001326160-19-000057,10-K,2019-02-28,2019-02-28T20:36:52.000Z,2018-12-31,DUK_000132616019000057.htm,https://www.sec.gov/Archives/edgar/data/1326160/000132616019000057/duk-20181231x10k.htm,True
DUK,0001326160,4931,0001326160-18-000034,10-K,2018-02-21,2018-02-21T21:28:38.000Z,2017-12-31,DUK_000132616018000034.htm,https://www.sec.gov/Archives/edgar/data/1326160/000132616018000034/duk-20171231x10k.htm,True
DUK,0001326160,4931,0001326160-17-000016,10-K,2017-02-24,2017-02-24T21:22:25.000Z,2016-12-31,DUK_000132616017000016.htm,https://www.sec.gov/Archives/edgar/data/1326160/000132616017000016/duk-20161231x10k.htm,True
DUK,0001326160,4931,0001326160-16-000221,10-K,2016-02-25,2016-02-25T22:07:24.000Z,2015-12-31,DUK_000132616016000221.htm,https://www.sec.gov/Archives/edgar/data/1326160/000132616016000221/duk-20151231x10k.htm,True
DUK,0001326160,4931,0001326160-15-000008,10-K,2015-03-02,2015-02-28T00:04:35.000Z,2014-12-31,DUK_000132616015000008.htm,https://www.sec.gov/Archives/edgar/data/1326160/000132616015000008/duk-20141231x10k.htm,True
NEE,0000753308,4911,0000753308-24-000008,10-K,2024-02-16,2024-02-16T22:17:00.000Z,2023-12-31,NEE_000075330824000008.htm,https://www.sec.gov/Archives/edgar/data/753308/000075330824000008/nee-20231231.htm,True
NEE,0000753308,4911,0000753308-23-000019,10-K,2023-02-17,2023-02-17T21:25:38.000Z,2022-12-31,NEE_000075330823000019.htm,https://www.sec.gov/Archives/edgar/data/753308/000075330823000019/nee-20221231.htm,True
NEE,0000753308,4911,0000753308-22-000014,10-K,2022-02-18,2022-02-18T11:28:58.000Z,2021-12-31,NEE_000075330822000014.htm,https://www.sec.gov/Archives/edgar/data/753308/000075330822000014/nee-20211231.htm,True
NEE,0000753308,4911,0000753308-21-000014,10-K,2021-02-12,2021-02-12T21:07:50.000Z,2020-12-31,NEE_000075330821000014.htm,https://www.sec.gov/Archives/edgar/data/753308/000075330821000014/nee-20201231.htm,True
NEE,0000753308,4911,0000753308-20-000021,10-K,2020-02-14,2020-02-14T20:24:19.000Z,2019-12-31,NEE_000075330820000021.htm,https://www.sec.gov/Archives/edgar/data/753308/000075330820000021/nee-12312019x10k.htm,True
NEE,0000753308,4911,0000753308-19-000039,10-K,2019-02-15,2019-02-15T22:22:00.000Z,2018-12-31,NEE_000075330819000039.htm,https://www.sec.gov/Archives/edgar/data/753308/000075330819000039/nee-12312018x10k.htm,True
NEE,0000753308,4911,0000753308-18-000013,10-K,2018-02-16,2018-02-16T20:44:58.000Z,2017-12-31,NEE_000075330818000013.htm,https://www.sec.gov/Archives/edgar/data/753308/000075330818000013/nee-12312017x10k.htm,True
NEE,0000753308,4911,0000753308-17-000060,10-K,2017-02-23,2017-02-23T20:57:53.000Z,2016-12-31,NEE_000075330817000060.htm,https://www.sec.gov/Archives/edgar/data/753308/000075330817000060/nee-12312016x10k.htm,True
NEE,0000753308,4911,0000753308-16-000337,10-K,2016-02-22,2016-02-19T22:37:18.000Z,2015-12-31,NEE_000075330816000337.htm,https://www.sec.gov/Archives/edgar/data/753308/000075330816000337/nee-12312015x10k.htm,True
NEE,0000753308,4911,0000753308-15-000079,10-K,2015-02-20,2015-02-20T21:20:04.000Z,2014-12-31,NEE_000075330815000079.htm,https://www.sec.gov/Archives/edgar/data/753308/000075330815000079/nee-12312014x10k.htm,True
SO,0000092122,4911,0000092122-24-000009,10-K,2024-02-15,2024-02-14T22:44:56.000Z,2023-12-31,SO_000009212224000009.htm,https://www.sec.gov/Archives/edgar/data/92122/000009212224000009/so-20231231.htm,True
SO,0000092122,4911,0000092122-23-000012,10-K,2023-02-16,2023-02-15T22:59:03.000Z,2022-12-31,SO_000009212223000012.htm,https://www.sec.gov/Archives/edgar/data/92122/000009212223000012/so-20221231.htm,True
SO,0000092122,4911,0000092122-22-000003,10-K,2022-02-17,2022-02-16T22:44:30.000Z,2021-12-31,SO_000009212222000003.htm,https://www.sec.gov/Archives/edgar/data/92122/000009212222000003/so-20211231.htm,True
SO,0000092122,4911,0000092122-21-000006,10-K,2021-02-18,2021-02-17T22:48:11.000Z,2020-12-31,SO_000009212221000006.htm,https://www.sec.gov/Archives/edgar/data/92122/000009212221000006/so-20201231.htm,True
SO,0000092122,4911,0000092122-20-000017,10-K,2020-02-20,2020-02-19T22:55:30.000Z,2019-12-31,SO_000009212220000017.htm,https://www.sec.gov/Archives/edgar/data/92122/000009212220000017/so10-k12312019.htm,True
SO,0000092122,4911,0000092122-19-000006,10-K,2019-02-20,2019-02-19T23:34:01.000Z,2018-12-31,SO_000009212219000006.htm,https://www.sec.gov/Archives/edgar/data/92122/000009212219000006/so10-k12312018.htm,True
SO,0000092122,4911,0000092122-18-000012,10-K,2018-02-21,2018-02-21T02:22:00.000Z,2017-12-31,SO_000009212218000012.htm,https://www.sec.gov/Archives/edgar/data/92122/000009212218000012/so_10-kx12312017.htm,True
SO,0000092122,4911,0000092122-17-000007,10-K,2017-02-22,2017-02-22T02:23:49.000Z,2016-12-31,SO_000009212217000007.htm,https://www.sec.gov/Archives/edgar/data/92122/000009212217000007/so_10-kx12312016.htm,True
SO,0000092122,4911,0000092122-16-000126,10-K,2016-02-26,2016-02-26T20:42:42.000Z,2015-12-31,SO_000009212216000126.htm,https://www.sec.gov/Archives/edgar/data/92122/000009212216000126/so_10-kx12312015.htm,True
SO,0000092122,4911,0000092122-15-000015,10-K,2015-03-02,2015-03-02T15:52:18.000Z,2014-12-31,SO_000009212215000015.htm,https://www.sec.gov/Archives/edgar/data/92122/000009212215000015/so_10-kx12312014.htm,True
