doc_id,ticker,year,lang,group,industry,n_words,n_fin_neg,n_fin_pos,fin_neg,fin_pos,fin_unc,fin_lit,fin_net,gen_neg,gen_pos,gen_unc,gen_lit,gen_net,n_words_alt,finA_neg,finA_pos,finA_unc,finA_lit,finA_net,fin_neg_tfidf,gen_neg_tfidf,finA_neg_tfidf
0000320193-24-000123,AAPL,2024,en,US,35,25325,638,104,0.02519249753208292,0.004106614017769003,0.017374136229022705,0.01156959526159921,-0.7196765498652291,0.026140177690029614,0.0797563253114015,0.0,0.0,0.5188953488372093,1820.0,0.00934065934065934,0.0019457330887905926,0.012087912087912088,0.006593406593406593,-0.7,22.59507998480067,9.698419155001108,1.7202720088466472
0000320193-23-000106,AAPL,2023,en,US,35,24713,590,89,0.023874074373811355,0.0036013434224901873,0.017723465382592157,0.011572856391372961,-0.7378497790868925,0.0265042690082143,0.07975559422166471,0.0,0.0,0.5011424219345011,1856.0,0.008620689655172414,0.0019457330887905926,0.012392241379310345,0.00646551724137931,-0.7107922594334679,19.75343284641656,9.462691787462845,1.7202720088466472
0000320193-22-000108,AAPL,2022,en,US,35,26805,633,107,0.02361499720201455,0.003991792576011938,0.018242865137101286,0.010371199403096438,-0.7108108108108108,0.026226450289125163,0.0797563253114015,0.0,0.0,0.5064935064935064,2074.0,0.01253616200578592,0.0028929604628736743,0.012054001928640309,0.0057859209257473485,-0.625,19.385818099304853,9.04619858973237,2.502590447521135
0000320193-21-000105,AAPL,2021,en,US,35,27843,648,120,0.023273354164421937,0.0043098804008188775,0.017490931293323277,0.010810616672054017,-0.6875,0.02618252343497468,0.0797563253114015,0.0,0.0,0.509421265141319,2266.0,0.00617828773168579,0.005736981465136805,0.013680494263018535,0.005736981465136805,-0.037037037037037035,20.32162610863593,10.39401952049281,1.8094552670608215
0000320193-20-000096,AAPL,2020,en,US,35,30103,641,114,0.021293558781516793,0.0037869979736238914,0.01896820914858984,0.009666810616882038,-0.6980132450331126,0.026741520778659933,0.07863003687340132,0.0,0.0,0.49243379571248425,3940.0,0.014213197969543147,0.0019457330887905926,0.015736040609137057,0.005583756345177665,-0.7107922594334679,18.36887323028709,10.065256836930818,5.208716003779824
0000320193-19-000119,AAPL,2019,en,US,35,29402,614,119,0.02088293313380042,0.004047343718114414,0.01867219917012448,0.01040745527515135,-0.6753069577080492,0.027447112441330523,0.0787701516903612,0.0,0.0,0.48318924111431316,4147.0,0.011333494092114782,0.0021702435495538942,0.01663853387991319,0.006993006993006993,-0.6785714285714286,18.67615129537033,9.27375449378021,4.660941620945114
0000320193-18-000145,AAPL,2018,en,US,35,35092,648,177,0.01846574717884418,0.005043884646073179,0.019434628975265017,0.009688817964208367,-0.5709090909090909,0.027356662487176563,0.0789638664082982,0.0,0.0,0.48539265612436344,7229.0,0.011619864434914926,0.004841610181214553,0.01701480149398257,0.008438234887259649,-0.4117647058823529,17.108222059917644,8.971225044477727,5.964697034257929
0000320193-17-000070,AAPL,2017,en,US,35,37100,637,180,0.017169811320754718,0.004851752021563342,0.01954177897574124,0.008814016172506739,-0.5593635250917993,0.025983827493261457,0.07897574123989218,0.0,0.0,0.504879301489471,7560.0,0.01455026455026455,0.0033068783068783067,0.01746031746031746,0.007671957671957672,-0.6296296296296297,16.277732700215143,8.713936664142151,8.000877690662609
0001628280-16-020309,AAPL,2016,en,US,35,36428,621,172,0.017047326232568355,0.004721642692434391,0.019298341934775448,0.008921708575820798,-0.5662042875157629,0.02566706928736137,0.0797563253114015,0.0,0.0,0.5134009888108249,7353.0,0.01455188358493132,0.003399972800217598,0.017135862913096694,0.008431932544539644,-0.6212121212121212,16.517133387176866,8.935353631140943,7.457470857946649
0001193125-15-356351,AAPL,2015,en,US,35,37241,637,186,0.01710480384522435,0.004994495314304127,0.01879648774200478,0.008861201364087967,-0.5479951397326853,0.025026180822212078,0.07848876238554281,0.0,0.0,0.5164721141374838,7420.0,0.014420485175202157,0.005525606469002696,0.016172506738544475,0.007142857142857143,-0.44594594594594594,18.243729816241053,10.02793810274613,8.208700315757364
0000950170-24-087843,MSFT,2024,en,US,73,44170,854,311,0.019334389857369256,0.007040978039393253,0.017296807788091464,0.011048222775639575,-0.4660944206008584,0.027756395743717455,0.06160289789449853,0.0,0.0,0.3787686850772739,3960.0,0.008333333333333333,0.006313131313131313,0.007077571912623459,0.0065656565656565654,-0.13793103448275862,29.119299666182766,17.36468012664734,2.4879264925264617
0000950170-23-035122,MSFT,2023,en,US,73,42079,761,343,0.01808503053779795,0.008151334394828775,0.015827372323486775,0.010290168492597257,-0.3786231884057971,0.028779201026640368,0.061218184842795696,0.0,0.0,0.36044362292051757,7281.0,0.011124845488257108,0.005219063315478643,0.009751407773657465,0.0057684384013185,-0.36134453781512604,28.098276079765313,16.56940495805063,4.185569431967344
0001564590-22-026876,MSFT,2022,en,US,73,43091,727,369,0.0168712724234759,0.008563273073263558,0.015455663595646423,0.010210948922048688,-0.3266423357664234,0.027871249216773804,0.062077928105636906,0.0,0.0,0.3802889576883385,7246.0,0.007314380347778085,0.006072315760419542,0.009660502346121999,0.005796301407673199,-0.09278350515463918,27.787744136517336,16.80637294832042,3.345611298094277
0001564590-21-039151,MSFT,2021,en,US,73,43109,745,372,0.017281774107494954,0.008629288547635065,0.0158667563617806,0.010624231598970052,-0.3339301700984781,0.027836414669790532,0.06168085550581085,0.0,0.0,0.3780772220782586,7323.0,0.008603031544448997,0.007100914925576949,0.008876143656971187,0.006281578588010379,-0.09565217391304348,29.11684285477439,17.10317713460209,4.361266594229244
0001564590-20-034944,MSFT,2020,en,US,73,41510,728,309,0.017537942664418212,0.007443989400144543,0.016381594796434595,0.010431221392435557,-0.40405014464802314,0.028860515538424475,0.05873283546133462,0.0,0.0,0.341034103410341,8352.0,0.008740421455938696,0.006704980842911878,0.010296934865900383,0.004669540229885058,-0.13178294573643412,26.309812562988824,16.418072679509503,5.05225628690509
0001564590-19-027952,MSFT,2019,en,US,73,40452,717,301,0.017724710768318008,0.007440917630772273,0.01525264511025413,0.010629882329674677,-0.4086444007858546,0.029763670523089092,0.059230693167210524,0.0,0.0,0.33111111111111113,7959.0,0.009925870084181429,0.006407840180927252,0.009674582233948988,0.005653976630229929,-0.2153846153846154,25.210801633568384,15.434703951233683,3.563924036620513
0001564590-18-019062,MSFT,2018,en,US,73,42383,766,303,0.01807328409975698,0.007149092796640162,0.014274591227614845,0.010994974400113253,-0.4331150608044902,0.028667154283557088,0.0582073000967369,0.0,0.0,0.3400325909831613,5260.0,0.015019011406844106,0.008555133079847909,0.007077571912623459,0.005513307984790874,-0.27419354838709675,24.777712129775782,15.561535151219754,2.1356482863994337
0001564590-17-014900,MSFT,2017,en,US,73,41488,790,312,0.019041650597763207,0.007520246818357115,0.014582529888160433,0.009858272271500193,-0.4337568058076225,0.027550134978789047,0.05772753567296568,0.0,0.0,0.35387224420576596,9142.0,0.01881426383723474,0.005250492233646905,0.01050098446729381,0.004812951214176329,-0.5636363636363636,18.657312873491353,12.717975736014528,4.464562937278951
0001193125-16-662209,MSFT,2016,en,US,73,42715,827,295,0.01936088025283858,0.006906239026103243,0.014608451363689571,0.009575090717546529,-0.4741532976827095,0.026828982792929883,0.05513285731007843,0.0,0.0,0.3453299057412168,6506.0,0.0219797110359668,0.005687058100215186,0.01029818628957885,0.004303719643406086,-0.5888888888888889,19.366725976117245,12.315203536733723,3.41869564239608
0001193125-15-272806,MSFT,2015,en,US,73,41052,784,281,0.019097729708662185,0.006844977102211829,0.014152781837669298,0.01074247296112248,-0.4723004694835681,0.02589398811263763,0.05502776965799474,0.0,0.0,0.3600240818783865,9561.0,0.014015270369208242,0.004811212216295367,0.008994875013073946,0.004288254366698044,-0.4888888888888889,20.911350956621863,13.34080109031052,4.518282491660187
0001018724-24-000008,AMZN,2023,en,US,59,35807,853,203,0.023822157678666182,0.005669282542519619,0.01692406512693049,0.012930432596978245,-0.615530303030303,0.0321724802412936,0.05588292791912196,0.0,0.0,0.269267364414843,6391.0,0.008136441871381631,0.008449381943357847,0.015959943670787045,0.00547645125958379,0.018867924528301886,28.213867127738137,14.68577504412631,6.122573702164038
0001018724-23-000004,AMZN,2022,en,US,59,33853,763,183,0.02253862286946504,0.0054057247511298855,0.01704427967979204,0.011963489203320238,-0.6131078224101479,0.03222757215017871,0.055327445130416805,0.0,0.0,0.26383265856950067,6585.0,0.008352315869400152,0.007593014426727411,0.015641609719058466,0.005315110098709187,-0.047619047619047616,25.34782534869189,13.231691615798056,6.541263760056126
0001018724-22-000005,AMZN,2021,en,US,59,32193,678,167,0.021060478986114992,0.005187463113099121,0.01702233404777436,0.0106544901065449,-0.6047337278106509,0.03159071847917249,0.054856645854688905,0.0,0.0,0.2691340280273087,6662.0,0.007505253677574302,0.007054938456919844,0.015310717502251577,0.005253677574302011,-0.030927835051546393,21.99187414211308,12.723330980319707,6.058401964146708
0001018724-21-000004,AMZN,2020,en,US,59,32241,650,163,0.020160664991780652,0.005055674451784994,0.016872925777736424,0.010669644241803914,-0.5990159901599016,0.030923358456623553,0.05458887751620607,0.0,0.0,0.2767500906782735,7101.0,0.008027038445289396,0.006900436558231235,0.01619490212646106,0.004928883255879453,-0.07547169811320754,20.438203913061002,10.385586595326759,6.026770373792505
0001018724-20-000004,AMZN,2019,en,US,59,33791,695,174,0.020567606759196236,0.005149300109496611,0.016335710692196147,0.012044627267615637,-0.5995397008055235,0.03243467195407061,0.052025687313189906,0.0,0.0,0.2319551506657323,6678.0,0.005989817310572028,0.0071877807726864335,0.015573525007487272,0.0056903264450434265,0.09090909090909091,20.76274961375575,11.81386324949673,4.707994944711223
0001018724-19-000004,AMZN,2018,en,US,59,33056,651,175,0.019693852855759923,0.0052940464666021295,0.017243465634075507,0.012403194578896418,-0.576271186440678,0.03315585672797677,0.051397628267182964,0.0,0.0,0.21574239713774598,6942.0,0.006914433880726016,0.007202535292422933,0.01627772976087583,0.0067703831748775565,0.02040816326530612,18.403833060751253,10.210427410754226,4.3847221984123275
0001018724-18-000005,AMZN,2017,en,US,59,35357,660,175,0.01866674208784682,0.004949514947535142,0.01668693610883276,0.012642475323132618,-0.5808383233532934,0.03408094578159912,0.05238000961620047,0.0,0.0,0.21404408339398348,7492.0,0.006139882541377469,0.006807261078483716,0.01575013347570742,0.00787506673785371,0.05154639175257732,18.564889577487286,9.610678830184618,3.804328589489224
0001018724-17-000011,AMZN,2016,en,US,59,33481,733,163,0.021893013948209434,0.004868432842507691,0.01648696275499537,0.012872972730802545,-0.6361607142857143,0.03464651593441056,0.05250739225232221,0.0,0.0,0.21404408339398348,7012.0,0.007273245864232744,0.006702795208214489,0.014689104392470051,0.005561893896177981,-0.04081632653061224,19.585641073535903,10.711388894383598,3.07694499757863
0001018724-16-000172,AMZN,2015,en,US,59,33496,752,165,0.022450441843802245,0.004925961308812993,0.01677812276092668,0.012270121805588728,-0.6401308615049073,0.034690709338428466,0.05358848817769286,0.0,0.0,0.2140683124788637,8273.0,0.009428260606793182,0.006164631935210927,0.014625891454127887,0.004955880575365648,-0.20930232558139536,19.574508078745072,11.061141682543221,4.80539764743436
0001018724-15-000006,AMZN,2014,en,US,59,33913,874,176,0.02577182791259989,0.0051897502432695424,0.01704361159437384,0.013947453778786896,-0.6647619047619048,0.03529090359221183,0.05428596703329107,0.0,0.0,0.21404408339398348,8012.0,0.008736894658012981,0.00673989016475287,0.01547678482276585,0.005242136794807789,-0.12903225806451613,20.55480885037437,11.346744093958842,4.760664396617714
0001652044-24-000022,GOOGL,2023,en,US,73,44370,1084,310,0.024430921794004957,0.006986702727067838,0.018796484110885733,0.014965066486364661,-0.5552367288378766,0.03058372774397115,0.05706558485463151,0.0,0.0,0.3021342247364361,7749.0,0.008646276938959866,0.005161956381468577,0.012259646405987869,0.00787198348173958,-0.2523364485981308,28.944173384818406,19.6902565448338,4.625580335504815
0001652044-23-000016,GOOGL,2022,en,US,73,41588,1041,285,0.025031259017024143,0.006852938347600269,0.019669135327498317,0.01394633067230932,-0.5701357466063348,0.03190824276233529,0.05672309319996153,0.0,0.0,0.27997829625610415,7378.0,0.011114123068582272,0.005150447275684467,0.012740580103008945,0.005963675792897805,-0.36666666666666664,27.143309004537244,18.592853846114533,5.660420083513445
0001652044-22-000019,GOOGL,2021,en,US,73,42966,1068,294,0.024856863566540988,0.006842619745845552,0.018968486710422193,0.01477912768235349,-0.5682819383259912,0.03160638644509612,0.056858911697621375,0.0,0.0,0.285451197053407,7094.0,0.010572314632083451,0.00493374682830561,0.011136171412461236,0.005074711023400056,-0.36363636363636365,27.72941333980151,18.931334029889353,4.917925839173895
0001652044-21-000010,GOOGL,2020,en,US,73,44988,1089,303,0.024206455054681247,0.006735129367831422,0.01920512136569752,0.012447763848137281,-0.5646551724137931,0.031186094069529654,0.057304170000889124,0.0,0.0,0.2951519718663652,9291.0,0.01087073512000861,0.004951027876439565,0.01399203530298138,0.003982348509310085,-0.3741496598639456,29.594847408924025,18.24563302625108,8.376702350339658
0001652044-20-000008,GOOGL,2019,en,US,73,41640,951,289,0.022838616714697408,0.006940441882804995,0.018323727185398656,0.011791546589817483,-0.5338709677419354,0.031964457252641694,0.055379442843419786,0.0,0.0,0.2680780863348914,7565.0,0.00885657633840053,0.005684071381361533,0.011500330469266358,0.004097818902842036,-0.21818181818181817,25.322568265939022,16.997005136067788,5.316325256027983
0001652044-19-000004,GOOGL,2018,en,US,73,41931,963,275,0.022966301781498177,0.006558393551310486,0.018697383797190624,0.011304285612076984,-0.555735056542811,0.03224344756862464,0.05556747990746703,0.0,0.0,0.26561651276480175,7760.0,0.009149484536082475,0.005154639175257732,0.010438144329896907,0.002577319587628866,-0.27927927927927926,27.381694613351204,17.07271750574102,5.13188285105955
0001652044-18-000007,GOOGL,2017,en,US,73,41789,883,242,0.021129962430304624,0.005790997630955514,0.018976285625403815,0.010864102993610758,-0.5697777777777778,0.03297518485725909,0.053650482184306875,0.0,0.0,0.23867403314917127,8458.0,0.009340269567273587,0.005675100496571293,0.012650744856940175,0.002955781508630882,-0.2440944881889764,24.151936127476482,16.594940835006692,5.130759833792825
0001652044-17-000008,GOOGL,2016,en,US,73,41533,863,236,0.02077865793465437,0.005682228589314521,0.01837093395613127,0.010979221342065346,-0.5705186533212011,0.031517106878867406,0.05301808200707871,0.0,0.0,0.25434349188265454,8157.0,0.008091210003677823,0.004535981365698174,0.012382003187446365,0.0030648522741203873,-0.2815533980582524,24.01130351746007,14.690979704080855,4.94404850856146
0001652044-16-000012,GOOGL,2015,en,US,73,47519,938,264,0.019739472631999832,0.005555672467854963,0.01710894589532608,0.010101222668827205,-0.5607321131447587,0.03141901134283129,0.05368378964203792,0.0,0.0,0.26162215628091,9290.0,0.00968783638320775,0.005166846071044133,0.012378902045209902,0.0036598493003229277,-0.30434782608695654,25.123054048032223,16.540111234639955,6.437521702660462
0001288776-15-000008,GOOGL,2014,en,US,73,39467,875,238,0.022170420857931944,0.0060303544733574885,0.01877517926368865,0.010996528745534244,-0.5723270440251572,0.030861225834241265,0.0551093318468594,0.0,0.0,0.28205128205128205,8375.0,0.01253731343283582,0.005134328358208955,0.01373134328358209,0.0037014925373134327,-0.4189189189189189,22.471329770996523,15.254131597437127,5.570224450661835
0001326801-24-000012,META,2023,en,US,73,66500,2078,299,0.03124812030075188,0.004496240601503759,0.019413533834586466,0.01968421052631579,-0.7484223811527135,0.028661654135338346,0.05234586466165413,0.0,0.0,0.29237052162613697,8902.0,0.012806110986295215,0.003931700741406426,0.015726802965625702,0.008088070096607504,-0.5302013422818792,50.767709986851926,28.775578031633575,6.231520665765682
0001326801-23-000013,META,2022,en,US,73,63463,1890,272,0.02978113231331642,0.0042859618990592945,0.019822573783149236,0.017506263492113514,-0.7483811285846439,0.02755936529946583,0.05086428312560074,0.0,0.0,0.297166968053044,9986.0,0.015221309833767275,0.0035049068696174643,0.018225515722010813,0.00680953334668536,-0.6256684491978609,43.51080604294629,25.193004549448666,9.321417043416997
0001326801-22-000018,META,2021,en,US,73,58506,1669,230,0.028526988684921206,0.003931220729497829,0.02095511571462756,0.01608382046285851,-0.7577672459189047,0.027057053977369842,0.05013161043311797,0.0,0.0,0.29893711248892824,8966.0,0.012380102609859469,0.0026767789426723177,0.019629712246263663,0.0066919473566807944,-0.6444444444444445,37.47012390820106,22.758371037598586,6.452576110952764
0001326801-21-000014,META,2020,en,US,73,57262,1592,225,0.027802032761691874,0.003929307394083336,0.021445286577485942,0.016276064405714087,-0.7523390203632361,0.028029059411127797,0.04928224651601411,0.0,0.0,0.2749039981929072,9131.0,0.012265907348592706,0.002299857627861132,0.022012923009527983,0.00908991348154638,-0.6842105263157895,38.3104760108682,23.032942284042697,9.110896386711456
0001326801-20-000013,META,2019,en,US,73,49992,1267,208,0.02534405504880781,0.004160665706513042,0.02160345655304849,0.014542326772283565,-0.7179661016949153,0.028704592734837574,0.048310516283073104,0.0,0.0,0.25299323269130664,7963.0,0.009920884088911215,0.0022604546025367326,0.020846414667838754,0.00916739922139897,-0.6288659793814433,30.601668278319163,18.06382175496727,6.041288408230338
0001326801-19-000009,META,2018,en,US,73,43227,987,170,0.022832951627455064,0.003932727230666019,0.021514331320702337,0.012630994517315567,-0.7061365600691444,0.029796192194693132,0.048310516283073104,0.0,0.0,0.22851153039832284,7920.0,0.007575757575757576,0.0019457330887905926,0.018055555555555554,0.008712121212121213,-0.6901408450704225,27.424891586456486,16.84326481784691,3.7947539110234403
0001326801-18-000009,META,2017,en,US,73,42298,910,170,0.021514019575393634,0.00401910255804057,0.02205778050971677,0.012151874793134428,-0.6851851851851852,0.03019055274481063,0.049033051208094945,0.0,0.0,0.23783945091017605,8320.0,0.0078125,0.0019457330887905926,0.017427884615384616,0.008052884615384615,-0.6049382716049383,25.49384651299861,15.912816201731374,3.859899939162669
0001326801-17-000007,META,2016,en,US,73,42942,917,169,0.02135438498439756,0.003935540962228121,0.02077220436868334,0.01320385636439849,-0.6887661141804788,0.02908574356108239,0.04841414000279447,0.0,0.0,0.24939903846153846,8364.0,0.006575801052128168,0.002271640363462458,0.016977522716403636,0.00824964131994261,-0.4864864864864865,28.4814786772818,16.89720444364263,3.74732584612946
0001326801-16-000043,META,2015,en,US,73,39700,798,172,0.020100755667506298,0.004332493702770781,0.02100755667506297,0.011536523929471033,-0.6453608247422681,0.027329974811083124,0.04947103274559194,0.0,0.0,0.2882912430305018,7748.0,0.006711409395973154,0.002839442436757873,0.015616933402168302,0.006453278265358802,-0.40540540540540543,22.67253188879538,13.745014496338513,3.8518038329069633
0001326801-15-000006,META,2014,en,US,73,39615,792,171,0.019992427110942824,0.004316546762589928,0.020901173797803863,0.01113214691404771,-0.6448598130841121,0.02731288653287896,0.052303420421557494,0.0,0.0,0.3138871274571972,7130.0,0.007573632538569425,0.0019635343618513326,0.01514726507713885,0.005189340813464236,-0.5882352941176471,22.285329090830974,13.871312488824506,3.288433030873607
0001045810-24-000029,NVDA,2024,en,US,36,44478,1127,244,0.02533836953100409,0.005485858177076307,0.020909213543774452,0.01157875803768155,-0.6440554339897885,0.030464499303026214,0.048310516283073104,0.0,0.0,0.22615648201027985,5343.0,0.009545199326221224,0.0037432154220475387,0.01347557551937114,0.004679019277559424,-0.43661971830985913,36.52650257204121,20.355647966531784,5.414903442075998
0001045810-23-000017,NVDA,2023,en,US,36,41270,998,223,0.024182214683789678,0.005403440755997092,0.020014538405621517,0.011606493821177611,-0.6347256347256347,0.032251029803731526,0.04935788708504967,0.0,0.0,0.21404408339398348,5113.0,0.01056131429689028,0.0029336984158028555,0.010170154508116565,0.003911597887737141,-0.5652173913043478,32.2884594602203,18.029590821357456,6.329212149040036
0001045810-22-000036,NVDA,2022,en,US,36,39679,843,230,0.021245495098162755,0.005796517049320799,0.01864966354998866,0.011467022858438973,-0.5712954333643989,0.03205725950754807,0.05201743995564404,0.0,0.0,0.23741007194244604,5575.0,0.009506726457399103,0.005022421524663677,0.013452914798206279,0.00484304932735426,-0.30864197530864196,25.997111715207332,17.54789357104974,6.433677839862181
0001045810-21-000010,NVDA,2021,en,US,36,39400,776,205,0.019695431472081217,0.0052030456852791875,0.018375634517766498,0.010253807106598985,-0.582059123343527,0.029720812182741117,0.05203045685279188,0.0,0.0,0.2728966159577771,5559.0,0.007015650296815974,0.002698327037236913,0.014750854470228458,0.004317323259579061,-0.4444444444444444,23.8746945626987,16.54717806185496,4.838718017209491
0001045810-20-000010,NVDA,2020,en,US,36,33543,689,200,0.020540798378201115,0.005962495900784068,0.015532301821542497,0.011656679486032853,-0.5500562429696289,0.031392540917628116,0.05235071400888412,0.0,0.0,0.25026699893200427,4515.0,0.008859357696566999,0.004429678848283499,0.009302325581395349,0.0053156146179402,-0.3333333333333333,21.547424048654364,14.534617375328182,4.909240957403503
0001045810-19-000023,NVDA,2019,en,US,36,35887,740,207,0.020620280324351436,0.005768105442082091,0.014573522445453785,0.012400033438292418,-0.5628299894403379,0.03171064730961072,0.05007384289575612,0.0,0.0,0.22453151618398637,6198.0,0.01016456921587609,0.003872216844143272,0.00968054211035818,0.006776379477250726,-0.4482758620689655,23.396573161096153,14.229284335847373,5.855358541094394
0001045810-18-000010,NVDA,2018,en,US,36,37042,705,228,0.019032449651746667,0.006155175206522326,0.014119108039522705,0.010717563846444577,-0.5112540192926045,0.032017709626909995,0.05239997840289401,0.0,0.0,0.24144547489606652,6366.0,0.010524662268300346,0.0051837888784165885,0.008953817153628653,0.007225887527489789,-0.34,20.095875067662114,13.183505705346834,6.486452899074314
0001045810-17-000027,NVDA,2017,en,US,36,41125,795,210,0.01933130699088146,0.005106382978723404,0.014443768996960486,0.009288753799392098,-0.582089552238806,0.028012158054711245,0.05291185410334347,0.0,0.0,0.3076923076923077,7001.0,0.012712469647193258,0.0042851021282673905,0.012569632909584344,0.005284959291529782,-0.4957983193277311,22.02389982944268,13.525971711218775,8.137010560797934
0001045810-16-000205,NVDA,2016,en,US,36,41213,845,210,0.020503239269162643,0.005095479581685391,0.015092325237182442,0.009826996336107539,-0.6018957345971564,0.029165554558027808,0.0528959308955912,0.0,0.0,0.2891780011827321,8122.0,0.015636542723467126,0.005048017729623246,0.012927850283181483,0.005048017729623246,-0.5119047619047619,24.853027184950854,15.062864472013073,9.725611785432182
0001045810-15-000036,NVDA,2015,en,US,36,37151,747,191,0.020107130359882642,0.0051411805873327774,0.01539662458614842,0.010659201636564291,-0.5927505330490405,0.028478372049204597,0.051008048235579126,0.0,0.0,0.28344056891296987,7822.0,0.015085655842495525,0.0054973152646382,0.013040143185885963,0.005241626182562005,-0.4658385093167702,21.859978522364525,13.084993313864956,11.288078573521968
0000050863-24-000010,INTC,2023,en,US,36,61203,1454,612,0.023757005375553485,0.00999950982794961,0.014247667597993563,0.008708723428590102,-0.4075508228460794,0.030929856379589237,0.05601032629119487,0.0,0.0,0.2884796090960346,49777.0,0.02754284107117745,0.0066898366715551355,0.015589529300681037,0.01026578540289692,-0.6091549295774648,44.61161622269055,25.0164834002103,77.64273669404194
0000050863-23-000006,INTC,2022,en,US,36,60791,1418,624,0.023325821256435987,0.010264677337105822,0.014048132124821108,0.008126202891875442,-0.38883447600391774,0.028639107762662236,0.055666134789689264,0.0,0.0,0.32058536585365854,49930.0,0.02695774083717204,0.0071500100140196275,0.015161225716002404,0.009473262567594632,-0.5807398708162067,41.88910882464765,23.82038498584582,77.64273669404194
0000050863-22-000007,INTC,2021,en,US,36,57659,1512,582,0.02622313949253369,0.010093827503078443,0.013805303595275672,0.012175029050104928,-0.44412607449856734,0.028599177925388925,0.053244072911427534,0.0,0.0,0.3011231193049375,47796.0,0.03035818896978827,0.007385555276592183,0.01506402209389907,0.014289898736295924,-0.6086474501108647,45.66789926012637,24.083956966326035,77.64273669404194
0000050863-21-000010,INTC,2020,en,US,36,55738,1368,611,0.02454339947612042,0.010962000789407586,0.013760809501596756,0.010298180774337078,-0.38251642243557354,0.028113674692310454,0.05567117585848075,0.0,0.0,0.32890792291220555,46244.0,0.028327999308018336,0.008001037972493729,0.015180347720785399,0.012001556958740594,-0.5595238095238095,39.575592087940535,20.56263182188339,77.64273669404194
0000050863-20-000011,INTC,2019,en,US,36,51011,1042,577,0.020426966732665502,0.011070014606052003,0.013193232832134246,0.00813550018623434,-0.28721432983323036,0.027307835564878164,0.057340573601772166,0.0,0.0,0.3547938860583604,42905.0,0.02342384337489803,0.008297401235287263,0.014194149865982986,0.009229693508915044,-0.47685525349008084,30.672199483803002,18.34790413005033,77.64273669404194
0000050863-19-000007,INTC,2018,en,US,36,50909,1027,538,0.020173250309375553,0.01056787601406431,0.01551788485336581,0.009212516450922234,-0.3124600638977636,0.02702861969396374,0.057573317095209096,0.0,0.0,0.3610401671697237,41589.0,0.023587967972300367,0.007694342253961384,0.017288225251869484,0.010387362042847868,-0.5080707148347425,30.122194354233915,18.156425031339985,77.31894291648186
0000050863-18-000007,INTC,2017,en,US,36,44146,867,309,0.019639378426131473,0.0069995016536039505,0.016966429574593395,0.010352013772482217,-0.4744897959183674,0.027023965931228196,0.057604312961536716,0.0,0.0,0.3613490364025696,39176.0,0.021850112313661425,0.00576883806412089,0.01756177251378395,0.010874004492546456,-0.5822550831792976,24.486513532226844,14.595639702033607,71.22478129734799
0000050863-17-000012,INTC,2016,en,US,36,47362,880,294,0.018580296440184114,0.006207508128879693,0.01699674844812297,0.010641442506650901,-0.4991482112436116,0.023795447827372154,0.05519192601663781,0.0,0.0,0.3974873028601978,6143.0,0.007488197948884909,0.007488197948884909,0.01041836236366596,0.0043952466221715775,0.0,24.67148001565041,13.097707455133037,2.590064385415947
0000050863-16-000105,INTC,2015,en,US,36,54974,1119,384,0.02035507694546513,0.006985120238658275,0.016189471386473607,0.010477680357987412,-0.48902195608782434,0.024247826245134062,0.057136100702150104,0.0,0.0,0.40411265087170317,10517.0,0.013977369972425597,0.004849291623086432,0.016164305410288106,0.004278786726252734,-0.48484848484848486,26.92550831277588,17.536206755292724,4.777091058767153
0000050863-15-000015,INTC,2014,en,US,36,52012,1060,365,0.020379912327924327,0.007017611320464508,0.016207798200415287,0.01090133046220103,-0.48771929824561405,0.023629162500961316,0.0568330385295701,0.0,0.0,0.4126642771804062,9257.0,0.013395268445500702,0.005509344280004321,0.015339742897266933,0.004321054337258291,-0.41714285714285715,26.806217462219006,17.35238625719112,4.218718076161416
0000858877-24-000017,CSCO,2024,en,US,35,52442,1181,343,0.022520117463102094,0.006540559093856069,0.020498836810190307,0.010831013309942412,-0.5498687664041995,0.029156019983982304,0.0551275695053583,0.0,0.0,0.3081447963800905,8966.0,0.015168414008476466,0.004907428061565916,0.019629712246263663,0.0070265447245148336,-0.5111111111111111,29.87536661067633,16.103368963455537,9.602602834054371
0000858877-23-000023,CSCO,2023,en,US,35,50004,1113,405,0.022258219342452604,0.008099352051835854,0.019758419326453884,0.011279097672186225,-0.466403162055336,0.0300775937924966,0.05665546756259499,0.0,0.0,0.30643301821535623,8763.0,0.015177450644756361,0.00661873787515691,0.018486819582334817,0.00718931872646354,-0.39267015706806285,28.039780803012786,14.697654957755516,9.394765643094535
0000858877-22-000013,CSCO,2022,en,US,35,52620,1214,408,0.02307107563664006,0.007753705815279362,0.020467502850627137,0.011820600532117066,-0.4969173859432799,0.030444697833523375,0.05591030026605853,0.0,0.0,0.2948943661971831,9508.0,0.015671013883045856,0.005574253260412284,0.019457299116533447,0.00725704669751788,-0.4752475247524752,30.34826298016255,15.27937628918823,9.671149125574177
0000858877-21-000013,CSCO,2021,en,US,35,52554,1180,404,0.02245309586330251,0.007687331126079841,0.019732085093427713,0.011207519884309472,-0.4898989898989899,0.0291509685276097,0.055219393385850746,0.0,0.0,0.30897609382047814,8857.0,0.015919611606638816,0.0066613977644800725,0.018968047871739866,0.00711301795190245,-0.41,28.898233190780978,14.819644299435414,9.328361372844869
0000858877-20-000010,CSCO,2020,en,US,35,53305,1274,357,0.023900196979645436,0.0066973079448456995,0.02059844292280274,0.010468061157489916,-0.5622317596566524,0.03119782384391708,0.05292186474064347,0.0,0.0,0.2582515611061552,8797.0,0.016823917244515176,0.005456405592815732,0.018642719108787086,0.0072752074570876435,-0.5102040816326531,29.532812641733997,14.200187210157775,9.71050201430706
0000858877-19-000012,CSCO,2019,en,US,35,54089,1188,346,0.021963800403039434,0.006396864427147849,0.01972674665828542,0.010408770729723234,-0.5488917861799217,0.031947346040784634,0.052395126550684984,0.0,0.0,0.24243752740026303,10047.0,0.01632328058126804,0.004877077734647159,0.01821439235592714,0.008261172489300288,-0.539906103286385,27.79117906752592,14.617126946460164,11.221391439830201
0000858877-18-000011,CSCO,2018,en,US,35,59428,1332,362,0.022413677054587064,0.006091404725045433,0.019166049673554553,0.009675573803594266,-0.5726092089728453,0.03388974893989365,0.05243319647304301,0.0,0.0,0.21481481481481482,13146.0,0.01627871595922714,0.004716263502205994,0.016126578426897915,0.006161570059333638,-0.5507246376811594,30.363487967007995,15.94280963322419,12.412754767044103
0000858877-17-000016,CSCO,2017,en,US,35,63049,1363,407,0.02161810655204682,0.006455296674015449,0.01822392107725737,0.009215054957255468,-0.5401129943502825,0.030960046947612174,0.058383162302336276,0.0,0.0,0.30694123912657556,14543.0,0.01657154644846318,0.004744550642920993,0.013821082307639414,0.005294643471085746,-0.5548387096774193,30.322277700292947,16.230367928492917,13.03182835705878
0000858877-16-000117,CSCO,2016,en,US,35,64222,1361,435,0.021192114851608483,0.006773379838684563,0.017937778331412912,0.00952944473856311,-0.5155902004454342,0.030550278720687614,0.05820435364828252,0.0,0.0,0.31157894736842107,15457.0,0.0140389467555153,0.005434431002134955,0.014168337969851848,0.004916866144788768,-0.4418604651162791,32.640707024143886,16.181367802789026,12.547347053124184
0000858877-15-000070,CSCO,2015,en,US,35,63442,1243,417,0.019592698843037736,0.006572932757479272,0.018284417263011884,0.007455628763279846,-0.4975903614457831,0.03086283534567006,0.05836827338356294,0.0,0.0,0.30824942589648474,15839.0,0.015846960035355767,0.0051139592145968815,0.015278742344845003,0.005240229812488162,-0.5120481927710844,27.77976721782317,15.549006110571229,14.7324554638575
0000950170-24-075605,ORCL,2024,en,US,73,54424,1004,343,0.01844774364251066,0.006302366602969278,0.02140599735410848,0.011998383066294282,-0.49072011878247956,0.024125385859179775,0.050878288990151406,0.0,0.0,0.35668789808917195,9505.0,0.009784324039978958,0.0029458179905312992,0.01841136244082062,0.008311415044713309,-0.5371900826446281,28.66002711141902,15.97253054201712,5.099980676311346
0000950170-23-028914,ORCL,2023,en,US,73,56196,944,335,0.01679834863691366,0.005961278382803047,0.021015730656986264,0.0114598903836572,-0.4761532447224394,0.02290198590647021,0.04936294398177806,0.0,0.0,0.36616596897315934,11446.0,0.009173510396645115,0.0031452035645640397,0.0182596540276079,0.009785077756421458,-0.48936170212765956,26.311477936256743,15.208609698260892,5.813410950708864
0001564590-22-023675,ORCL,2022,en,US,73,56134,980,343,0.01745822496169879,0.0061103787365945775,0.021519934442583818,0.012986781629671857,-0.48148148148148145,0.023408273060890012,0.04943527986603485,0.0,0.0,0.3573000733675715,11802.0,0.009659379766141332,0.0037281816641247245,0.01847144551770886,0.011015082189459414,-0.4430379746835443,27.440311147010398,15.950189312158551,5.807595819950742
0001564590-21-033616,ORCL,2021,en,US,73,57023,999,343,0.017519246619785,0.006015116707293548,0.021535170019115094,0.013187661119197516,-0.488822652757079,0.025024989916349542,0.04955894989740982,0.0,0.0,0.3289442746296732,11724.0,0.008358921869669056,0.0029853292391675197,0.018764926646195838,0.010064824292050495,-0.47368421052631576,28.12500710901745,17.51763345925437,6.558280268275421
0001564590-20-030125,ORCL,2020,en,US,73,58483,1001,321,0.017116085016158543,0.005488774515671221,0.022160285895046424,0.012892635466716824,-0.5143721633888049,0.024195065232631704,0.048424328437323666,0.0,0.0,0.333647280433247,11935.0,0.008211143695014663,0.0027649769585253456,0.01918726434855467,0.009803100125680772,-0.4961832061068702,27.734065398431984,17.41907860279375,5.913374373560179
0001564590-19-023119,ORCL,2019,en,US,73,58434,942,311,0.016120751617209158,0.005322243899099839,0.022059075195947565,0.01261252010815621,-0.5035913806863528,0.024386487319026595,0.048310914878324264,0.0,0.0,0.3290960451977401,12253.0,0.007916428629723334,0.0028564433200032645,0.018852525912021547,0.009793519954296908,-0.4696969696969697,25.923985993909003,15.841291575987956,5.3482181682197645
0001193125-18-201034,ORCL,2018,en,US,73,64365,981,321,0.015241202516895829,0.0049871824749475645,0.021657733240114968,0.011155130894119476,-0.5069124423963134,0.024143556280587276,0.04845801289520702,0.0,0.0,0.33490263214209287,17334.0,0.007557401638398523,0.0027691242644513675,0.01736471674166378,0.008941963770624207,-0.46368715083798884,27.321219821797733,15.435148293430439,7.927034751123675
0001193125-17-214833,ORCL,2017,en,US,73,67972,963,419,0.014167598422880009,0.006164302948272818,0.02021420584946743,0.009827576060730888,-0.39363241678726485,0.022097334196433827,0.051315247454834345,0.0,0.0,0.39799599198396796,17826.0,0.008751262201279031,0.003702457085156513,0.017053741725569393,0.008863457870526198,-0.40540540540540543,25.76653069781727,13.492946239941716,7.553072825555869
0001193125-16-628942,ORCL,2016,en,US,73,69781,1104,438,0.015820925466817615,0.0062767802123787275,0.02003410670526361,0.00997406170734154,-0.43190661478599224,0.023502099425345008,0.05130336337971654,0.0,0.0,0.3716475095785441,19829.0,0.00877502647637299,0.004337082051540673,0.018256089565787482,0.007312522063644158,-0.3384615384615385,26.28443570565012,14.71377342243975,7.454897919363179
0001193125-15-235239,ORCL,2015,en,US,73,71151,966,396,0.01357675928658768,0.005565628030526627,0.021152197439248923,0.008531152056893086,-0.4185022026431718,0.022023583646048544,0.05024525305336538,0.0,0.0,0.39050952936600547,22336.0,0.008416905444126075,0.003939828080229226,0.017997851002865328,0.00828259312320917,-0.36231884057971014,22.86911052171083,13.557007700134307,8.622067132113386
0000051143-24-000012,IBM,2023,en,US,35,13606,296,77,0.021755108040570337,0.005659267970013229,0.019917683374981624,0.01925621049536969,-0.5871313672922251,0.021240629134205498,0.06416286932235778,0.0,0.0,0.5025817555938038,,,,,,,13.934094781112863,6.7737180028705835,
0001558370-23-002376,IBM,2022,en,US,35,12432,251,74,0.02018983268983269,0.005952380952380952,0.019626769626769628,0.019707207207207207,-0.5446153846153846,0.021396396396396396,0.0633043758043758,0.0,0.0,0.49477682811016144,,,,,,,12.439936939540203,6.630505266760667,
0001558370-22-001584,IBM,2021,en,US,35,12649,251,72,0.019843465886631353,0.005692149577041663,0.019448177721559018,0.019131947189501147,-0.5541795665634675,0.0209502727488339,0.06340422167760297,0.0,0.0,0.5032802249297095,,,,,,,12.344403095263266,6.337872675815325,
0001558370-21-001489,IBM,2020,en,US,35,12803,252,75,0.019682886823400764,0.005858002030774037,0.019448566742169805,0.019448566742169805,-0.5412844036697247,0.020854487229555574,0.06498476919471999,0.0,0.0,0.5141037306642402,,,,,,,10.754932916041028,6.172138059889067,
0001558370-20-001334,IBM,2019,en,US,35,15442,235,134,0.015218235979795363,0.00867763243103225,0.01586582048957389,0.01664292190130812,-0.27371273712737126,0.02059318741095713,0.06443465872296335,0.0,0.0,0.5156130997715156,,,,,,,10.905965777083162,6.7593780359126905,
0001047469-19-000712,IBM,2018,en,US,35,14157,207,147,0.014621741894469168,0.010383555838101292,0.015045560500105954,0.017023380659744295,-0.1694915254237288,0.021261566716112172,0.06901179628452356,0.0,0.0,0.5289514866979655,,,,,,,7.938512794888489,5.162902126554096,
0001047469-18-001117,IBM,2017,en,US,35,14384,214,145,0.014877641824249166,0.010080645161290322,0.014669076751946607,0.01703281423804227,-0.19220055710306408,0.021690767519466074,0.06938264738598443,0.0,0.0,0.5236641221374045,,,,,,,9.737992636931578,7.426391933774282,
0001047469-17-001061,IBM,2016,en,US,35,14137,199,147,0.014076536747541911,0.010398245738133974,0.014500954940935135,0.016057154983376953,-0.15028901734104047,0.02072575511070241,0.06939237461979203,0.0,0.0,0.5400313971742543,,,,,,,8.41580458484031,7.5054348364765655,
0001047469-16-010329,IBM,2015,en,US,35,14401,195,166,0.013540726338448718,0.011070014606052003,0.014443441427678633,0.015276716894660093,-0.10304946896459269,0.021317964030275676,0.07020345809318797,0.0,0.0,0.5341426403641881,,,,,,,9.424341265220077,7.632398947967861,
0001047469-15-001106,IBM,2014,en,US,35,14533,190,203,0.013073694350787863,0.011070014606052003,0.014105828115323746,0.013968210280052296,-0.10304946896459269,0.021124337714167756,0.07121722975297598,0.0,0.0,0.5424739195230999,,,,,,,9.179616996353237,8.278965488375242,
0001108524-24-000005,CRM,2024,en,US,73,52944,1285,422,0.024270927772741008,0.007970686007857358,0.022212148685403447,0.01327818071925053,-0.5055653192735794,0.028615140525838623,0.06397325475974615,0.0,0.0,0.3818849449204406,7019.0,0.009687989742128509,0.006268699244906682,0.01909103860948853,0.007123521869212139,-0.21428571428571427,36.4753810747844,19.512554950500828,4.3641718044711855
0001108524-23-000011,CRM,2023,en,US,73,53031,1236,406,0.02330712224925044,0.007655899379608154,0.022703701608493145,0.01312439893647112,-0.5054811205846529,0.028379627010616432,0.062246610473119496,0.0,0.0,0.3736995422388681,7486.0,0.008682874699438953,0.005877638258081752,0.019369489714133048,0.008282126636387924,-0.1926605504587156,35.38143399614119,19.745875482972675,4.513631708422818
0001108524-22-000013,CRM,2022,en,US,73,54836,1213,421,0.022120504777883142,0.0076774381792982715,0.02301407834269458,0.013184769129768766,-0.4847001223990208,0.028466700707564373,0.061747756947990375,0.0,0.0,0.36891045077824947,7603.0,0.007102459555438642,0.006707878469025385,0.019992108378271735,0.006181770353807708,-0.02857142857142857,34.84282176864302,20.487626089229753,4.883131335376255
0001108524-22-000008,CRM,2021,en,US,73,58151,1259,431,0.021650530515382366,0.007411738405186497,0.023404584615913743,0.012347165139034583,-0.48994082840236686,0.02692988942580523,0.06185620195697408,0.0,0.0,0.3933759442184776,9519.0,0.007563819728963126,0.006408236159260426,0.02038029204748398,0.006303183107469272,-0.08270676691729323,36.251327177898965,19.32609713482258,9.658519728735143
0001108524-20-000014,CRM,2020,en,US,73,51807,973,363,0.018781245777597624,0.007006775146215762,0.020711486864709402,0.011735865809639624,-0.4565868263473054,0.026193371552106857,0.06192213407454591,0.0,0.0,0.4054764512595838,7964.0,0.005650426921145153,0.00891511803114013,0.017704671019588145,0.0065293822199899544,0.2040245758412716,27.918965142254155,17.49986978904524,5.561125147727738
0001108524-19-000009,CRM,2019,en,US,73,52829,930,373,0.01760396751784058,0.007060516004467244,0.019477938253610706,0.011906339321206156,-0.4274750575594781,0.027333472145980427,0.06066743644589146,0.0,0.0,0.3787911378791138,10245.0,0.004493904565202522,0.008687164470473402,0.01376281112737921,0.006539775500244022,0.2040245758412716,25.823158486429907,15.879083419994023,3.634813414522312
0001108524-18-000011,CRM,2018,en,US,73,55443,905,375,0.016323070540915894,0.006763703262810454,0.018397272874844436,0.010605486716086791,-0.4140625,0.027577872770232492,0.0636148837544866,0.0,0.0,0.3951740506329114,11857.0,0.005313317027915999,0.007927806359112761,0.011638694442101713,0.005903685586573332,0.19745222929936307,26.238887728013196,14.725243115761236,5.501193623744728
0001108524-17-000006,CRM,2017,en,US,73,54663,867,350,0.01586081993304429,0.006402868485081316,0.018385379507162066,0.009457951447962973,-0.4248151191454396,0.02760551012567916,0.0630408137131149,0.0,0.0,0.39091826437941474,11479.0,0.00688213258994686,0.006795016987542469,0.012109068734210297,0.00548828295147661,-0.006369426751592357,26.54399809044562,13.723123246030003,7.60620882743248
0001108524-16-000053,CRM,2016,en,US,73,49757,863,348,0.01734429326526921,0.006993990795264988,0.01776634443394899,0.010068935024217698,-0.42526837324525185,0.03076953996422614,0.06127781015736479,0.0,0.0,0.3314410480349345,13658.0,0.008859276614438425,0.007614584858690877,0.013764826475325816,0.0052716356714013765,-0.07555555555555556,23.458510302493682,15.293909891769854,6.359053621761345
0001108524-15-000008,CRM,2015,en,US,73,48449,777,285,0.0160374827137815,0.0058824743544758406,0.017998307498606782,0.009597721315197424,-0.4632768361581921,0.029907738033808747,0.06192078267869306,0.0,0.0,0.34861766689143625,13846.0,0.008666762964032933,0.006066734074823054,0.01444460494005489,0.005127834753719486,-0.17647058823529413,19.663987977205533,13.814972134999318,5.511282738298374
0000019617-24-000225,JPM,2023,en,US,60,141983,3179,534,0.022390004437150928,0.003761013642478325,0.0215659621222259,0.010346309065169774,-0.7123619714516564,0.03262362395498052,0.06023960615003204,0.0,0.0,0.29738339021615473,48466.0,0.016712747080427515,0.003342549416085503,0.029773449428465316,0.006746997895431849,-0.6666666666666666,78.96605664082905,35.058226579733144,47.186919887913795
0000019617-23-000231,JPM,2022,en,US,60,131106,3021,492,0.02304242368770308,0.0037526886641343644,0.022302564337253826,0.010960596769026588,-0.7198975234842016,0.03413268652845789,0.060912544048327306,0.0,0.0,0.2817590883556697,44733.0,0.017660340240985402,0.0034426486039389266,0.029861388711350963,0.0073994590123622386,-0.673728813559322,78.96605664082905,35.058226579733144,46.21521782312992
0000019617-22-000272,JPM,2021,en,US,60,131813,3005,509,0.022797447899676058,0.0038615311084642637,0.022091902923080425,0.010795596792425633,-0.7103016505406944,0.03370684226897195,0.06062376245135154,0.0,0.0,0.28534663020749557,44580.0,0.01702557200538358,0.004037685060565276,0.029861388711350963,0.007357559443696725,-0.6166134185303515,78.96422696146632,35.058226579733144,44.385852127037545
0000019617-21-000236,JPM,2020,en,US,60,143188,3232,511,0.022571723887476604,0.003568734810179624,0.021461295639299383,0.010503673492192084,-0.7269569863745659,0.032209403022599656,0.05986535184512669,0.0,0.0,0.3003640776699029,50548.0,0.016598084988525757,0.003541188573237319,0.028982353406662973,0.006963678088153834,-0.6483300589390962,78.96605664082905,35.058226579733144,51.00723611683482
0000019617-20-000257,JPM,2019,en,US,60,129934,2973,475,0.02288084719934736,0.0036557021256945835,0.021179983684024198,0.01069773885203257,-0.724477958236659,0.03259347053119276,0.061184909261625134,0.0,0.0,0.30488305293393514,41387.0,0.017106820982434098,0.004228380892550801,0.029861388711350963,0.00773189648923575,-0.6036240090600227,78.96605664082905,32.89034473194838,44.67155905712961
0000019617-19-000054,JPM,2018,en,US,60,137961,3135,501,0.022723813251571096,0.0036314610650836107,0.020911706931669095,0.011003109574444952,-0.7244224422442245,0.03257442320655837,0.060372134153855075,0.0,0.0,0.29907198003587304,48268.0,0.017837905030247785,0.004060661307698683,0.028507499792823403,0.007437639844203199,-0.6291390728476821,78.96605664082905,34.670493899537504,48.97274988842346
0000019617-18-000057,JPM,2017,en,US,60,135043,3035,512,0.022474322993416913,0.003791384966270003,0.020341668949890035,0.01131491450871204,-0.7113053284465746,0.033655946624408524,0.0608472856793762,0.0,0.0,0.28772919605077574,47499.0,0.01747405208530706,0.004294827259521253,0.027579527990062948,0.006905408534916524,-0.6054158607350096,78.16730944858851,33.08737195915874,48.54474015364665
0000019617-17-000314,JPM,2016,en,US,60,135089,2913,500,0.02156356179999852,0.003701263611396931,0.019535269340953003,0.011740408175351064,-0.7070026369762672,0.030853733464604818,0.06092279904359348,0.0,0.0,0.3276334892724633,47206.0,0.018175655636995296,0.004342668304876499,0.0266703385162903,0.007329576748718383,-0.6142991533396049,68.71720257317043,30.841066745780427,47.16451210031693
0000019617-16-000902,JPM,2015,en,US,60,137874,3071,520,0.022273960282576846,0.003771559539869736,0.018988351683421095,0.011626557581559975,-0.7103870788081315,0.031768136124287395,0.061498179497222104,0.0,0.0,0.31876506726806125,49854.0,0.018955349620893007,0.004533237052192402,0.02525374092349661,0.0074216712801380025,-0.61400512382579,69.98824700262215,30.02099006098798,48.354034675037944
0000019617-15-000272,JPM,2014,en,US,60,141811,3244,551,0.02287551741402289,0.003885453173590201,0.018609275726142543,0.011677514438231167,-0.7096179183135705,0.032712554033185015,0.061180021295950245,0.0,0.0,0.30319188884716486,53137.0,0.020211905075559405,0.0047236388956847395,0.024182772832489603,0.007546530666014265,-0.6211320754716981,72.19099211990077,31.637964403168223,50.8639402005473
0000070858-24-000122,BAC,2023,en,US,60,101808,2617,343,0.025705249096338204,0.003369086908690869,0.02261118969039761,0.01161008958038661,-0.7671416841621089,0.02661873330190162,0.06442519251925193,0.0,0.0,0.4152551515805373,34106.0,0.02005512226587697,0.0046032956078109425,0.02943763560663813,0.0074473699642291676,-0.6266349583828775,64.52809532419668,25.31737073434305,42.59896349673383
0000070858-23-000092,BAC,2022,en,US,60,100537,2534,337,0.025204651024001115,0.003351999761281916,0.022926882640222006,0.011309269224265693,-0.7652385928247997,0.026308722161990112,0.06436436336871003,0.0,0.0,0.4197016235190873,34020.0,0.020017636684303352,0.004526748971193415,0.029482657260435037,0.007583774250440917,-0.6311377245508982,63.60001944113419,24.545072232032446,42.7411264822912
0000070858-22-000062,BAC,2021,en,US,60,103876,2631,400,0.02532827602141014,0.0038507451191805613,0.023133351303477222,0.01144633986676422,-0.7360607060376113,0.025761484847317957,0.06428818976471948,0.0,0.0,0.4278383579217447,34237.0,0.019218973625025556,0.0058124251540730785,0.029091333936968777,0.0076525396500861645,-0.5355892648774796,64.02901684445173,26.68826749763599,40.99280824168095
0000070858-21-000023,BAC,2020,en,US,60,106815,2613,344,0.02446285634040163,0.0032205214623414313,0.021850863642746805,0.01087862191639751,-0.7671416841621089,0.02568927585077002,0.06387679633010344,0.0,0.0,0.4263614508205289,39311.0,0.019714583704306683,0.004120983948513139,0.025946935972119764,0.007224440996158836,-0.6542155816435432,59.08368584355828,26.65608062074485,41.36430343055724
0000070858-20-000011,BAC,2019,en,US,60,98568,2462,314,0.024977680383085787,0.0031856180504829155,0.022218164110056,0.01199172145118091,-0.7671416841621089,0.025586397208018828,0.06482834185536888,0.0,0.0,0.43402154398563736,34772.0,0.02038996894052686,0.004342574485217992,0.02637179339698608,0.007419763027723456,-0.6488372093023256,54.19147357173055,23.715604509828985,35.74639826291303
0000070858-19-000012,BAC,2018,en,US,60,102473,2605,338,0.025421330496813794,0.003298429830296761,0.02137148321997014,0.01244230187464015,-0.7671416841621089,0.026231299952182527,0.06639797800396202,0.0,0.0,0.4336283185840708,38239.0,0.021444075420382333,0.004445722953006093,0.02507910771725202,0.007087005413321478,-0.6565656565656566,55.83957816262925,24.86250930927603,39.719004406296875
0000070858-18-000009,BAC,2017,en,US,60,109570,2708,389,0.024714794195491465,0.0035502418545222234,0.020991147211828057,0.012831979556447933,-0.7487891507910881,0.026083782057132427,0.06606735420279274,0.0,0.0,0.43389125482816676,42639.0,0.021154342268814935,0.004831257768709398,0.024578437580618683,0.007364150191139567,-0.628158844765343,55.92028649476541,26.217866791674712,41.27275905392463
0000070858-17-000013,BAC,2016,en,US,60,118049,3015,429,0.02554024176401325,0.0036340841514964123,0.020669383052800108,0.013468983218832857,-0.7508710801393729,0.025489415412244067,0.06576082813069149,0.0,0.0,0.44132937244708503,48309.0,0.023349686393839657,0.004947318305077729,0.02390858846177731,0.007265726883189468,-0.6503291880029262,58.650778540384735,26.55496373150622,50.40386725826205
0000070858-16-000137,BAC,2015,en,US,60,134563,3673,484,0.02729576480904855,0.003596828251450993,0.020377072449336,0.015331108848643386,-0.7671397642530671,0.026314811649561915,0.06422270609305679,0.0,0.0,0.4186981859968809,57463.0,0.023632598367645266,0.004785688181960566,0.023702208377564694,0.00911891129944486,-0.6631965707287202,65.95472537190507,29.704406150315958,56.91555996818074
0000070858-15-000008,BAC,2014,en,US,60,147459,4114,524,0.027899280477963365,0.0035535301337999035,0.01966648356492313,0.01653340928664917,-0.7671416841621089,0.025702059555537473,0.06405170250713758,0.0,0.0,0.42727616169248206,62704.0,0.024368461342179126,0.004433528961469762,0.022199540699157947,0.009504975759122226,-0.6921373200442967,71.38266136752512,30.14656346623247,60.596087734269275
0000072971-24-000064,WFC,2023,en,US,60,10833,96,44,0.008861811132650235,0.0040616634357980245,0.009323363795809102,0.019846764515831256,-0.37142857142857144,0.01772362226530047,0.07218683651804671,0.0,0.0,0.6057494866529775,,,,,,,6.618772961809028,4.897870368155601,
0000072971-23-000071,WFC,2022,en,US,60,11437,94,48,0.008325196461458835,0.004196904782722742,0.008393809565445484,0.018623764973332166,-0.323943661971831,0.017312232228731312,0.07292122059980764,0.0,0.0,0.6057713383442073,,,,,,,6.382574880322748,5.5023670501697195,
0000072971-22-000096,WFC,2021,en,US,60,10147,86,44,0.00847541145166059,0.004336257021779836,0.008376860155711048,0.02138563122105056,-0.3230769230769231,0.019611707893958805,0.07075983049177097,0.0,0.0,0.5659760087241004,,,,,,,5.117703287439761,5.176031838430598,
0000072971-21-000197,WFC,2020,en,US,60,11435,95,50,0.008325196461458835,0.004372540445999125,0.00874508089199825,0.018714473108876258,-0.3103448275862069,0.01880192391779624,0.07310887625710538,0.0,0.0,0.5908658420551856,,,,,,,6.0450247090966,5.818140227164977,
0000072971-20-000217,WFC,2019,en,US,60,10398,90,30,0.008655510675129832,0.0028851702250432777,0.008751683015964608,0.019619157530294286,-0.5,0.017599538372763995,0.07087901519522985,0.0,0.0,0.6021739130434782,,,,,,,5.443608322786657,4.893198046396591,
0000072971-19-000227,WFC,2018,en,US,60,9279,83,30,0.008944929410496821,0.0032331070158422245,0.009483780579803858,0.02230843840931135,-0.4690265486725664,0.018967561159607717,0.06854186873585516,0.0,0.0,0.5665024630541872,,,,,,,5.273176189213211,4.306479688458922,
0000072971-18-000272,WFC,2017,en,US,60,10681,93,32,0.008707049901694597,0.0029959741597228723,0.009081546671659956,0.01928658365321599,-0.488,0.017309311053253864,0.06787753955622133,0.0,0.0,0.6057713383442073,,,,,,,5.667720942688664,4.064706776176364,
0000072971-17-000278,WFC,2016,en,US,60,10328,90,30,0.0087141750580945,0.0029047250193648335,0.008810999225406662,0.018977536793183578,-0.5,0.017309311053253864,0.066711851278079,0.0,0.0,0.6057713383442073,,,,,,,5.448789108140429,4.062003072563904,
0000072971-16-001045,WFC,2015,en,US,60,11152,100,31,0.008967001434720229,0.0027797704447632713,0.008518651362984218,0.019279053084648494,-0.5267175572519084,0.017309311053253864,0.06707317073170732,0.0,0.0,0.6057713383442073,,,,,,,6.334589869579085,4.477713542009632,
0000072971-15-000449,WFC,2014,en,US,60,10987,101,30,0.009192682260853737,0.0027797171027863473,0.008737598980613452,0.019477564394284153,-0.5419847328244275,0.017309311053253864,0.0669882588513698,0.0,0.0,0.5947995666305526,,,,,,,6.193125524959954,4.4873292373283435,
0000886982-24-000006,GS,2023,en,US,62,135326,3331,672,0.02461463429052806,0.004965786323396834,0.02114153968934277,0.015776716964958692,-0.6642518111416438,0.025796964367527306,0.05625674297622039,0.0,0.0,0.37121757925072046,35539.0,0.014603674836095556,0.003911196150707673,0.029861388711350963,0.006471763414840035,-0.5775075987841946,68.1036533938417,31.136421350453706,29.32723338638161
0000886982-23-000003,GS,2022,en,US,62,131319,3160,705,0.02406353992948469,0.00536860621844516,0.020697690357069427,0.015138708031587204,-0.6351875808538163,0.025738849671410838,0.05686915069411129,0.0,0.0,0.37684365781710916,34316.0,0.015036717566149901,0.004429420678400746,0.029228348292341763,0.006964681198274857,-0.5449101796407185,65.33306185407467,30.530879593020178,28.211396728037
0001193125-22-052682,GS,2021,en,US,62,129358,2947,725,0.02278173750367198,0.005604601184310209,0.020454861701634224,0.014718842282657432,-0.605119825708061,0.025379180259435054,0.05725969789266996,0.0,0.0,0.38578110383536013,34097.0,0.014986655717511805,0.005015103968091034,0.029861388711350963,0.007625304278968824,-0.49853372434017595,63.07236284413406,32.176685980747735,29.941187417112605
0001193125-21-049380,GS,2020,en,US,62,126261,2824,663,0.022366368078820854,0.005251027633235916,0.019824015333317492,0.014097781579426743,-0.6197304273014053,0.024742398682095025,0.05746034008918035,0.0,0.0,0.39801522304653625,34162.0,0.015280135823429542,0.004390843627422282,0.028452666705696388,0.007640067911714771,-0.5535714285714286,62.600085274015775,31.773773496027868,30.961618619998692
0001193125-20-043853,GS,2019,en,US,62,117695,2574,594,0.02187008793916479,0.00504694337057649,0.01981392582522622,0.0144186244105527,-0.625,0.02523471685288245,0.05718169845787841,0.0,0.0,0.38762886597938145,32344.0,0.013943853574078655,0.004266633687855553,0.02810413059609201,0.007760326490230027,-0.5314091680814941,59.277100718240725,30.13005176935658,25.708469328946496
0001193125-19-050198,GS,2018,en,US,62,116813,2469,507,0.021136346125859278,0.0043402703466223795,0.020109063203581794,0.013859758759727085,-0.6592741935483871,0.024988657084399853,0.055507520567060174,0.0,0.0,0.37913431883441456,33999.0,0.014618077002264772,0.003853054501602988,0.029765581340627664,0.007382570075590458,-0.5828025477707006,59.64428041927553,31.723693739771655,26.65063273326347
0001193125-18-056383,GS,2017,en,US,62,115776,2231,503,0.019269969596462135,0.004344596462133776,0.01994368435599779,0.013413833609729132,-0.6320409656181419,0.025514787175234935,0.05612562189054726,0.0,0.0,0.3749471011426153,33577.0,0.013550942609524377,0.004288649968728594,0.02868034666587247,0.007386008279477023,-0.5191986644407346,49.292411079706554,28.380842479789973,24.99128473081728
0001193125-17-056804,GS,2016,en,US,62,116652,2229,524,0.019108116448925006,0.004491993279155094,0.01966532935569043,0.012995919487021225,-0.6193243734108246,0.025074580804443986,0.05717004423413229,0.0,0.0,0.3902439024390244,34862.0,0.014399632838047157,0.004761631575927945,0.02802478343181688,0.007429292639550227,-0.5029940119760479,48.85579315921676,28.140389946025714,27.871313679949175
0001193125-16-470289,GS,2015,en,US,62,115207,2258,502,0.019599503502391348,0.004357374117892142,0.019964064683569576,0.013618964125443767,-0.636231884057971,0.026161604763599435,0.05823430867916012,0.0,0.0,0.38002674071788545,34641.0,0.01431829335180855,0.00476314194162986,0.028607719176698132,0.007274616783580151,-0.5007564296520424,48.94028058603858,28.452821486640268,27.948016579236587
0001193125-15-056785,GS,2014,en,US,62,112798,2269,477,0.020115604886611464,0.0042287983829500525,0.0200003546162166,0.013980744339438642,-0.6525855790240349,0.026569620028723914,0.05739463465664285,0.0,0.0,0.3671206841938549,34048.0,0.015331296992481203,0.005051691729323308,0.02854793233082707,0.006931390977443609,-0.5043227665706052,50.975821979244124,28.753961184894898,30.828749510486208
0000004962-24-000013,AXP,2023,en,US,61,77573,1821,362,0.02347466257589625,0.0046665721320562565,0.02008430768437472,0.013148904902478956,-0.668346312414109,0.028760006703363282,0.06244440720353731,0.0,0.0,0.3693286219081272,20733.0,0.0167366034823711,0.0054984806829691795,0.02363382047942893,0.006848984710365118,-0.5054229934924078,55.049449372562364,26.553055347460955,32.522318270921126
0000004962-23-000006,AXP,2022,en,US,61,73267,1699,350,0.023189157465161668,0.004777048330080391,0.01953130331527154,0.012788840815100932,-0.6583699365544168,0.02856674901388074,0.06338460698540953,0.0,0.0,0.37865518776903667,20377.0,0.015458605290278255,0.006036217303822937,0.023506895028708837,0.005839917554105119,-0.4383561643835616,50.55707373418599,26.79549099088142,30.196285784447568
0000004962-22-000008,AXP,2021,en,US,61,73193,1682,331,0.022980339649966527,0.004522290382960119,0.01938709985927616,0.01252852048693181,-0.6711376055638351,0.02841801811648655,0.06295684013498559,0.0,0.0,0.37799043062200954,20504.0,0.015899336714787358,0.00536480686695279,0.022873585641825987,0.005998829496683574,-0.4954128440366973,49.32204042025919,26.49561149912323,30.296901222932707
0000004962-21-000013,AXP,2020,en,US,61,72909,1708,330,0.023426463125265744,0.004526190182282023,0.018900272942983718,0.012330439314762237,-0.676153091265947,0.029433951912658244,0.06280431771111934,0.0,0.0,0.3617843866171004,20475.0,0.017533577533577534,0.005714285714285714,0.022564102564102566,0.0063003663003663,-0.5084033613445378,50.15377099381715,26.808814392783056,32.3560634601798
0000004962-20-000030,AXP,2019,en,US,61,68833,1505,283,0.02186451266107826,0.004111400055206079,0.019699853268054568,0.01204364185782982,-0.6834451901565995,0.029448084494355906,0.06156930542036523,0.0,0.0,0.35291300877893056,17916.0,0.01507032819825854,0.00429783433802188,0.024279973208305425,0.005860683188211655,-0.5561959654178674,48.66298481626012,24.332930244726082,26.069870871646632
0000004962-19-000018,AXP,2018,en,US,61,71858,1502,295,0.020902335161011996,0.004105318823234713,0.018522641877035263,0.012288123799716107,-0.6716750139120757,0.030462857301900972,0.059645411784352474,0.0,0.0,0.32386100386100386,19002.0,0.01378802231344069,0.004367961267235028,0.02168192821808231,0.006315124723713293,-0.518840579710145,47.46108505087225,24.33315897600675,23.85501895301613
0000004962-18-000032,AXP,2017,en,US,61,74986,1521,312,0.020283786306777265,0.0041607766783132855,0.0180033606273171,0.01236230763075774,-0.6595744680851063,0.0317125863494519,0.06393193396100605,0.0,0.0,0.33686558839933073,21251.0,0.012893510893605006,0.005082113782880805,0.020469624958825466,0.005976189355795022,-0.43455497382198954,48.68910011546379,25.748245676486217,24.361396785471932
0001193125-17-047588,AXP,2016,en,US,61,75102,1556,317,0.020718489520918218,0.004220926207025112,0.017975553247583285,0.012809246091981571,-0.6615056059797116,0.030358712151473996,0.06465873079278847,0.0,0.0,0.3609865470852018,20675.0,0.013301088270858524,0.0046432889963724305,0.02079806529625151,0.0054171704957678354,-0.48247978436657685,48.6606471400567,26.545110734298394,22.897379143093584
0001193125-16-469798,AXP,2015,en,US,61,88591,1733,437,0.019561806504046687,0.004932780982266822,0.016841439875382374,0.012766533846553262,-0.5972350230414747,0.029540246751927398,0.06537910171462112,0.0,0.0,0.377571649423237,22937.0,0.013558878667654881,0.004970135588786676,0.021014082050834895,0.005536905436630771,-0.46352941176470586,53.800246602528134,29.76164095522966,25.324245433815932
0001193125-15-059931,AXP,2014,en,US,61,57093,1210,329,0.02119349132117773,0.005762527805510308,0.016008967824426814,0.018828928239889305,-0.5724496426250812,0.02949573502881264,0.06079554411223793,0.0,0.0,0.3466537342386033,,,,,,,47.607058337426075,28.280479297481737,
0001403161-24-000058,V,2024,en,US,73,51692,1338,301,0.025884082643349068,0.005822951327091232,0.015863189661843226,0.02344656813433413,-0.6327028676021964,0.024143000851195542,0.06391704712528051,0.0,0.0,0.45166959578207383,5905.0,0.018966977138018627,0.004741744284504657,0.017950889077053344,0.018628281117696866,-0.6,28.7577083481776,15.374341659207635,6.928548587508234
0001403161-23-000099,V,2023,en,US,73,48181,1200,270,0.024906083310848676,0.0056038687449409515,0.015607812208131837,0.023224922687366388,-0.6326530612244898,0.025217409352234283,0.06311616612357568,0.0,0.0,0.42904135338345867,5360.0,0.01753731343283582,0.004104477611940298,0.020335820895522386,0.01753731343283582,-0.6206896551724138,24.79123287144713,13.706406410696468,4.731222913406029
0001403161-22-000081,V,2022,en,US,73,49068,1138,252,0.023192304556941386,0.005135730007336757,0.014897692997472895,0.02135811526860683,-0.637410071942446,0.02578054944159126,0.06452270318741339,0.0,0.0,0.4290227939517039,6473.0,0.014676347906689325,0.003862196817549822,0.01714815386992121,0.015603275142901283,-0.5833333333333334,22.14973307928223,13.050058484736656,4.240351555329301
0001403161-21-000060,V,2021,en,US,73,48780,1111,258,0.022775727757277573,0.005289052890528906,0.015190651906519066,0.02181221812218122,-0.623082542001461,0.025071750717507175,0.06494464944649446,0.0,0.0,0.4429514916875427,6284.0,0.012889879057924889,0.004933163590070019,0.0183004455760662,0.015436028007638446,-0.44642857142857145,22.815674080404115,12.895747908328962,4.229869449729298
0001403161-20-000070,V,2020,en,US,73,53199,1216,284,0.02285757251076148,0.005338446211394951,0.015451418259741724,0.02171093441606045,-0.6213333333333333,0.025244835429237392,0.06460647756536778,0.0,0.0,0.4380753138075314,7479.0,0.017114587511699426,0.0054820163123412225,0.01684717208182912,0.0191202032357267,-0.514792899408284,28.427693209534315,15.663321282548985,10.11159156049985
0001403161-19-000050,V,2019,en,US,73,51644,1076,271,0.02083494694446596,0.005247463403299512,0.014696770195956936,0.021125396948338628,-0.5976243504083147,0.024959336999457828,0.06339555417860739,0.0,0.0,0.43502081963620426,7717.0,0.014254243877154335,0.004535441233640016,0.015809252300116625,0.020215109498509784,-0.5172413793103449,23.272674231552386,14.839011279789071,5.083413142720925
0001403161-18-000055,V,2018,en,US,73,52273,1096,285,0.020966847129493236,0.005452145467067128,0.014730357928567328,0.02111988980927056,-0.5872556118754526,0.027222466665391312,0.06311097507317354,0.0,0.0,0.39728928420160947,9596.0,0.01302626094205919,0.005002084201750729,0.013651521467278032,0.018445185493955817,-0.44508670520231214,23.19781628837524,15.705064184124318,5.744532254392733
0001403161-17-000044,V,2017,en,US,73,53719,1186,265,0.022077849550438393,0.004933077682011951,0.014482771458887917,0.02138908021370465,-0.6347346657477602,0.026526927157988794,0.06370185595413169,0.0,0.0,0.4120074272746028,9257.0,0.010262504050988441,0.004537107054121205,0.014475532029815275,0.016528032840012963,-0.38686131386861317,25.701824505066064,16.224147467988576,4.3842567553760565
0001403161-16-000058,V,2016,en,US,73,56161,1209,273,0.021527394455226938,0.004861024554406083,0.014387208204982104,0.021616424208970638,-0.631578947368421,0.026032299994658215,0.06381652748348499,0.0,0.0,0.4205311137534681,9318.0,0.012341704228375187,0.00472204335694355,0.014380768405237176,0.017707662588538314,-0.44654088050314467,26.16128019105112,15.806873187884142,4.420483853465182
0001403161-15-000013,V,2015,en,US,73,55543,1259,217,0.022667122769745963,0.003906882955547954,0.017085861404677456,0.023207244837333236,-0.7059620596205962,0.024989647660371244,0.061141818050879496,0.0,0.0,0.4197324414715719,10131.0,0.010857763300760043,0.0036521567466192874,0.018260783733096437,0.014904747803770605,-0.4965986394557823,27.79120983463481,17.729037243509037,4.26810968463129
0001141391-24-000022,MA,2023,en,US,73,58162,1216,437,0.02090712148825694,0.007513496784842337,0.016488428871084215,0.01815618445032839,-0.47126436781609193,0.025876001513015372,0.06509404765998418,0.0,0.0,0.4311094311094311,7043.0,0.010080931421269345,0.004827488286241658,0.011500780917222774,0.012636660513985518,-0.3523809523809524,28.832153537398774,13.451647887926415,2.906362915581784
0001141391-23-000020,MA,2022,en,US,73,57310,1168,443,0.020380387366951667,0.0077298900715407435,0.016175187576339206,0.01851334845576688,-0.4500310366232154,0.026662013610190195,0.06309544582097365,0.0,0.0,0.4059097978227061,7794.0,0.01077752117013087,0.005260456761611496,0.011290736463946625,0.012317167051578136,-0.344,27.615893860114717,14.49007898505425,3.5913748759666433
0001141391-22-000023,MA,2021,en,US,73,54875,1105,406,0.020136674259681093,0.007398633257403189,0.01612756264236902,0.018952164009111618,-0.4626075446724024,0.026478359908883826,0.0642369020501139,0.0,0.0,0.4162314182402571,6671.0,0.009593764053365313,0.005846199970019487,0.013641133263378805,0.011692399940038975,-0.24271844660194175,25.663176454141762,14.67202398972268,2.854858596852197
0001141391-21-000018,MA,2020,en,US,73,52500,1118,339,0.021295238095238096,0.0064571428571428575,0.01619047619047619,0.019314285714285714,-0.5346602608098833,0.0268,0.0628952380952381,0.0,0.0,0.40242089615629645,6730.0,0.01099554234769688,0.005794947994056464,0.012927191679049033,0.012035661218424963,-0.30973451327433627,27.71196118993535,15.94210824561839,3.3433021509829963
0001141391-20-000032,MA,2019,en,US,73,51070,1059,288,0.0207362443704719,0.005639318582337968,0.016800469943215195,0.019267671822988056,-0.5723830734966593,0.02688466810260427,0.061014294106128845,0.0,0.0,0.38828246825573626,6024.0,0.009628154050464808,0.006142098273572377,0.013114209827357238,0.013280212483399735,-0.22105263157894736,27.174686764604452,14.57751232314843,2.4075965656503073
0001141391-19-000013,MA,2018,en,US,73,51790,1053,282,0.020332110446032052,0.005445066615176675,0.01697238849198687,0.020158331724271096,-0.5775280898876405,0.029503765205638154,0.0614983587565167,0.0,0.0,0.3515807341396138,7326.0,0.00969150969150969,0.0045045045045045045,0.013377013377013377,0.01365001365001365,-0.36538461538461536,26.886247158341433,15.074011674722106,3.6198946890470545
0001141391-18-000009,MA,2017,en,US,73,52899,1112,301,0.021021191326868183,0.005690088659520974,0.018166695022590218,0.019244220117582565,-0.5739561217268223,0.031153708009603206,0.060057846084046955,0.0,0.0,0.31689119170984453,8966.0,0.01059558331474459,0.005130492973455275,0.013383894713361589,0.013830024537140308,-0.3475177304964539,28.09151640801618,15.355536368534189,6.44728408641376
0001141391-17-000014,MA,2016,en,US,73,46121,1044,251,0.022636109364497736,0.0054422063702001255,0.017887730101255394,0.02105331627675029,-0.6123552123552124,0.02777476637540383,0.060558097179159165,0.0,0.0,0.3711340206185567,7555.0,0.01098610191925877,0.0060886829913964265,0.014692256783587028,0.01442753143613501,-0.2868217054263566,25.881454422128737,14.192727544523699,5.002813682400934
0001141391-16-000085,MA,2015,en,US,73,43235,979,231,0.02264369145368336,0.005342893489071354,0.018804209552445935,0.020145715276974674,-0.6181818181818182,0.027292702671446744,0.06133919278362438,0.0,0.0,0.38413361169102295,7332.0,0.012547735951991271,0.006546644844517185,0.01541189307146754,0.014457174031642117,-0.3142857142857143,25.40903264164732,12.620473140041165,5.798993075426615
0001141391-15-000011,MA,2014,en,US,73,44996,1005,231,0.02233531869499511,0.005133789670192906,0.01882389545737399,0.021824162147746465,-0.6262135922330098,0.026246777491332564,0.06173882122855365,0.0,0.0,0.4033846931043193,7248.0,0.012555187637969095,0.004552980132450331,0.014900662251655629,0.011865342163355408,-0.46774193548387094,24.010872365462117,13.143655052133187,7.06728661360663
0000086312-24-000012,TRV,2023,en,US,63,101909,3306,509,0.032234128365208704,0.004994652091571893,0.01916415625705286,0.02244159004602145,-0.7331585845347314,0.03454061957236358,0.0668537616893503,0.0,0.0,0.318687699603213,29325.0,0.03905405993142016,0.006035805626598466,0.021381074168797955,0.02800175910746469,-0.7107922594334679,55.50887139788599,33.852362906477765,46.6844429258727
0000086312-23-000011,TRV,2022,en,US,63,101048,3271,534,0.032234128365208704,0.005284617211622199,0.018921700577943155,0.02234581584989312,-0.7193166885676742,0.0345083524661547,0.06681972923759005,0.0,0.0,0.31887879675749586,29351.0,0.03905405993142016,0.0067800074954856735,0.02149841572689176,0.02800175910746469,-0.7082111436950147,53.570545220800895,32.86059579199322,47.151405855662304
0000086312-22-000013,TRV,2021,en,US,63,101936,3299,529,0.032234128365208704,0.005189530685920578,0.018933448438235755,0.022484696280018836,-0.7236154649947754,0.03369761418929525,0.0661297284570711,0.0,0.0,0.3248820754716981,29529.0,0.03905405993142016,0.0066375427545802435,0.02123336381184598,0.02800175910746469,-0.7107922594334679,53.65763951214937,33.67121233160021,47.313724754653634
0000086312-21-000011,TRV,2020,en,US,63,103804,3346,498,0.032233825286116145,0.0047975029863974415,0.01883357096065662,0.022292011868521443,-0.740894901144641,0.033447651342915496,0.06596084929289815,0.0,0.0,0.32706657621862584,30073.0,0.03905405993142016,0.0060186878595417815,0.02104878129883949,0.027998536893559006,-0.7107922594334679,55.20571837435234,33.857953037632676,50.725691175586626
0000086312-20-000011,TRV,2019,en,US,63,105185,3305,526,0.03142082996624994,0.005000713029424348,0.019242287398393308,0.0228264486381138,-0.7253980683894544,0.03419689119170984,0.063887436421543,0.0,0.0,0.3027042744984007,29609.0,0.03846803336823263,0.00665338241750819,0.021108446756053903,0.02800175910746469,-0.7050898203592815,52.98095649893815,33.0694243708804,46.98365974178606
0000086312-19-000009,TRV,2018,en,US,63,107260,3326,574,0.03100876375163155,0.0053514823792653364,0.018972589968301323,0.022198396419914227,-0.7056410256410256,0.03451426440425135,0.06328547454782771,0.0,0.0,0.294184938036225,31724.0,0.038109948304123065,0.007376119026604464,0.019764216366158115,0.026825116630941875,-0.6756756756756757,52.53073277265372,32.48734473855691,45.464202946538336
0001047469-18-000812,TRV,2017,en,US,63,111535,3496,619,0.03134442103375622,0.005549827408436813,0.01862195723315551,0.02241448872551217,-0.699149453219927,0.035289371049446364,0.06395301923163133,0.0,0.0,0.2888246454060891,33480.0,0.03905405993142016,0.007825567502986857,0.019743130227001193,0.027449223416965353,-0.6673015873015873,54.13149163250246,33.75590126016955,48.85354398826347
0001047469-17-000695,TRV,2016,en,US,63,110432,3521,632,0.031883874239350914,0.005722978846711098,0.018690234714575486,0.023299405969284266,-0.6956417047917168,0.03529090359221183,0.06425673717762967,0.0,0.0,0.28900999091734786,33063.0,0.03892568732419926,0.008408190424341409,0.019810664489005838,0.02800175910746469,-0.6447284345047923,57.24771736820587,35.058226579733144,48.97472614505419
0001047469-16-010107,TRV,2015,en,US,63,112862,3489,643,0.03091385940351934,0.005697223157484361,0.018624514894295688,0.02264712657936241,-0.6887705711519845,0.034325104995481207,0.06460987754957381,0.0,0.0,0.3061078273329751,36437.0,0.03548590718225979,0.007821719680544502,0.018580014820100448,0.02615473282652249,-0.6387832699619772,57.573804738844785,35.055419465898886,50.19723744333871
0001047469-15-000743,TRV,2014,en,US,63,114045,3539,688,0.031031610329255995,0.0060327063878293655,0.018387478626857818,0.022236836336533825,-0.6744736219541045,0.03419702748914902,0.0654127756587312,0.0,0.0,0.31338028169014087,36823.0,0.035385492762675504,0.00820139586671374,0.018792602449555985,0.025120169459305324,-0.6236760124610592,58.50861530051145,34.13795529859251,51.51833263278759
0000200406-24-000013,JNJ,2023,en,US,28,50781,1533,385,0.030188456312400306,0.007581575786219256,0.01545853764203147,0.022961343809692603,-0.5985401459854015,0.03135030818613261,0.07179850731572833,0.0,0.0,0.3921344024436808,8022.0,0.01894789329344303,0.011967090501121914,0.014460234355522314,0.010471204188481676,-0.22580645161290322,43.98745180322078,22.511504159645913,12.381454202359684
0000200406-23-000016,JNJ,2023,en,US,28,55954,1808,337,0.032234128365208704,0.006022804446509633,0.01483361332523144,0.024538968744795178,-0.6857808857808858,0.03370625871251385,0.06971798262858776,0.0,0.0,0.348194228443062,8159.0,0.019242554234587574,0.009192302978306165,0.013849736487314622,0.009192302978306165,-0.35344827586206895,50.22209527686847,25.833035994932192,13.597935475728907
0000200406-22-000022,JNJ,2022,en,US,28,55000,1742,356,0.031672727272727276,0.006472727272727272,0.014672727272727273,0.024538968744795178,-0.6606291706387035,0.03276363636363636,0.07010909090909091,0.0,0.0,0.3630258041710852,8376.0,0.015401146131805158,0.011700095510983763,0.014087870105062083,0.009551098376313277,-0.13656387665198239,48.51202935718432,24.762851115705683,11.42484919242731
0000200406-21-000008,JNJ,2021,en,US,28,53155,1715,334,0.032234128365208704,0.006283510488194902,0.014580001881290565,0.024538968744795178,-0.6739873108833577,0.03316715266672938,0.07028501552064717,0.0,0.0,0.35879250772867793,8612.0,0.019739897816999537,0.009521597770552717,0.014050162563864375,0.010334417092429169,-0.3492063492063492,46.13702903883983,23.822844701208254,12.397293420527552
0000200406-20-000010,JNJ,2019,en,US,28,52788,1640,311,0.03106766689399106,0.005891490490262939,0.013828900507691142,0.024538968744795178,-0.68118913377755,0.03353034780631962,0.06618928544366144,0.0,0.0,0.32750759878419455,8067.0,0.019090120242965167,0.010908640138837238,0.014255609272344118,0.01004090740052064,-0.2727272727272727,44.40321268588217,21.78838792139789,10.614996281579122
0000200406-19-000009,JNJ,2018,en,US,28,48449,1290,326,0.026625936551838016,0.006728725051084646,0.013044644884311337,0.02264236619950876,-0.5965346534653465,0.03149703812256187,0.06635843877066606,0.0,0.0,0.35625395486184347,9279.0,0.01842870999030068,0.012609117361784675,0.01282465782950749,0.009699321047526674,-0.1875,36.816320493325854,17.348197611576925,12.657046329715135
0000200406-18-000005,JNJ,2017,en,US,28,44653,1145,280,0.025642174098044923,0.006270575325286095,0.013145813271224778,0.02118558663471659,-0.6070175438596491,0.030613844534521758,0.06606499003426422,0.0,0.0,0.3666898309010887,8970.0,0.018060200668896322,0.01092530657748049,0.012374581939799331,0.008807134894091417,-0.24615384615384617,34.55291054478937,16.663985495452266,9.8538292709209
0000200406-17-000006,JNJ,2017,en,US,28,44640,1215,285,0.02721774193548387,0.006384408602150538,0.013373655913978495,0.021684587813620072,-0.62,0.03028673835125448,0.06570340501792114,0.0,0.0,0.3689614935822637,9803.0,0.022238090380495765,0.01030296847903703,0.012649189023768234,0.008262776701009895,-0.3667711598746082,37.81199278025676,19.457663839689758,10.19872447893101
0000200406-16-000071,JNJ,2016,en,US,28,39718,1088,237,0.02739312150662168,0.005967067828188731,0.012060023163301273,0.024522886348758748,-0.6422641509433962,0.03038924417140843,0.06324588347852358,0.0,0.0,0.3509007797795106,9971.0,0.022364858088456525,0.011132283622505266,0.013840136395547086,0.009026175910139404,-0.33532934131736525,31.552010588153667,18.138919901576102,12.492380213558704
0000200406-15-000004,JNJ,2014,en,US,28,7327,61,20,0.00832537191210591,0.0027797171027863473,0.008362244893292544,0.019243892452572676,-0.5061728395061729,0.017309311053253864,0.06073427050634639,0.0,0.0,0.6057713383442073,,,,,,,4.997799066073256,4.631373114812814,
0000078003-24-000039,PFE,2023,en,US,28,81220,1887,715,0.023233193794631863,0.008803250430928342,0.01857916769268653,0.016510711647377493,-0.4504227517294389,0.026422063531149963,0.05715341049002709,0.0,0.0,0.36770771950500886,12252.0,0.01803787136793993,0.01069213189683317,0.01665034280117532,0.0075089781260202415,-0.2556818181818182,54.655660744143375,28.451368227214477,16.989948746357086
0000078003-23-000024,PFE,2022,en,US,28,76609,1752,653,0.02286937566082314,0.008523802686368442,0.017621950423579474,0.016460207025284234,-0.456964656964657,0.02557140805910533,0.057029852889347206,0.0,0.0,0.3808470290771176,12587.0,0.017319456582187972,0.009533645825057599,0.016763327242392944,0.0070707873202510525,-0.28994082840236685,49.28676068345626,26.593685311009953,17.57353999455352
0000078003-22-000027,PFE,2021,en,US,28,76690,1764,655,0.023001695136262875,0.008540878862954753,0.016768809492763073,0.016586256356760986,-0.45845390657296403,0.025935584822010693,0.0573216847046551,0.0,0.0,0.37697729052466716,13363.0,0.017062036967746764,0.00935418693407169,0.015640200553767865,0.006809848088004191,-0.29178470254957506,45.38026232638743,26.372130188515836,16.33000940832094
0000078003-21-000038,PFE,2020,en,US,28,77190,1766,642,0.02287861121906983,0.008317139525845316,0.01621971757999741,0.01713952584531675,-0.46677740863787376,0.02701127089001166,0.05748153905946366,0.0,0.0,0.36062557497700093,14172.0,0.014606265876375953,0.009737510584250635,0.013688964154671182,0.0064211120519333895,-0.2,42.529466835294635,25.396368972841532,13.104887569749781
0000078003-20-000014,PFE,2019,en,US,28,33791,783,328,0.023171850492734753,0.009706726643189015,0.019324672250007398,0.016335710692196147,-0.4095409540954095,0.024118848214021486,0.04977656772513391,0.0,0.0,0.34721665999199036,,,,,,,33.67841170755711,17.257126957630398,
0000078003-19-000015,PFE,2018,en,US,28,31457,741,331,0.023555965285945894,0.010522300282925898,0.018406078138411164,0.01637155482086658,-0.3824626865671642,0.02450964809104492,0.05172139746320374,0.0,0.0,0.35696413678065053,,,,,,,31.66577828335415,19.5794475179075,
0000078003-18-000027,PFE,2017,en,US,28,28635,659,310,0.023013794307665446,0.010825912345032303,0.017915138816134102,0.016238868517548456,-0.36016511867905054,0.02566788894709272,0.05070717653221582,0.0,0.0,0.3278463648834019,,,,,,,26.80850538742454,16.919342617090415,
0000078003-17-000014,PFE,2016,en,US,28,27239,615,297,0.022577921362751937,0.010903483975182643,0.017878776753919013,0.016226733727376187,-0.34868421052631576,0.024597085061859834,0.05176401483167517,0.0,0.0,0.3557692307692308,,,,,,,25.523363009190312,15.479458764326228,
0000078003-16-000077,PFE,2015,en,US,28,28680,702,275,0.024476987447698745,0.009588563458856347,0.019944211994421198,0.01680613668061367,-0.43705220061412486,0.024442119944211995,0.05129009762900976,0.0,0.0,0.35451197053406996,,,,,,,30.298736330661917,17.00497785105297,
0000078003-15-000014,PFE,2014,en,US,28,23341,513,237,0.021978492780943406,0.010153806606400754,0.01747997086671522,0.01490938691572769,-0.368,0.024720448995330106,0.05128314982220128,0.0,0.0,0.34949267192784667,,,,,,,22.09289556904077,12.245991499706976,
0001628280-24-006850,MRK,2023,en,US,28,72973,1401,628,0.019198881778191935,0.008605922738547133,0.01604703109369219,0.011977032601099037,-0.38097585017249874,0.02532443506502405,0.07325997286667671,0.0,0.0,0.48623853211009177,16520.0,0.014891041162227604,0.007990314769975786,0.014951573849878934,0.00738498789346247,-0.30158730158730157,41.89112366251693,25.165118479988305,16.030361193699786
0001628280-23-005061,MRK,2022,en,US,28,73392,1427,613,0.01944353608022673,0.008352408981905386,0.016800196206671027,0.011949531284063657,-0.3990196078431373,0.025534118160017442,0.0717925659472422,0.0,0.0,0.4752904941901162,17051.0,0.015072429769514985,0.008445252477860536,0.015365667702774031,0.006744472464958067,-0.2817955112219451,43.55185651502904,26.356730993855724,17.710829362982704
0000310158-22-000003,MRK,2021,en,US,28,75039,1520,585,0.020256133477258492,0.0077959461080238275,0.016231559589013712,0.012660083423286558,-0.44418052256532065,0.026439584749263716,0.07129625927850851,0.0,0.0,0.45895827652031634,17907.0,0.015803875579382363,0.006924666331602167,0.013961020829843077,0.006310381415089071,-0.3906633906633907,39.76478257215838,28.17134715068688,16.46819157221412
0000310158-21-000004,MRK,2020,en,US,28,72095,1382,568,0.019169151813579303,0.007878493654206255,0.01636729315486511,0.012067411054858174,-0.41743589743589743,0.026229280810042305,0.0710867605243082,0.0,0.0,0.46094640820980615,18180.0,0.016446644664466447,0.007095709570957095,0.014026402640264026,0.006160616061606161,-0.397196261682243,38.783438956623165,25.399084448159673,16.43720755904775
0000310158-20-000005,MRK,2019,en,US,28,66962,1237,496,0.018473163883993907,0.007407186165287775,0.01584480750276276,0.011738000657089095,-0.4275822273514137,0.026328365341536993,0.06896448732116722,0.0,0.0,0.4474220341639242,18081.0,0.015817709197500137,0.00768762789668713,0.013550135501355014,0.006304961008793761,-0.3458823529411765,35.883885117959224,23.531720402139033,18.914846737947844
0000310158-19-000014,MRK,2018,en,US,28,71424,1415,561,0.019811267921146954,0.007854502688172043,0.015036962365591398,0.012530801971326165,-0.43218623481781376,0.02805779569892473,0.06961245519713262,0.0,0.0,0.42545871559633025,20490.0,0.01708150317227916,0.008882381649585163,0.01268911664226452,0.0061005368472425575,-0.3157894736842105,39.11028703382662,25.918884965432227,19.663347015956045
0000310158-18-000005,MRK,2017,en,US,28,69830,1484,501,0.021251611055420307,0.007174566805098095,0.016153515680939423,0.013561506515824145,-0.4952141057934509,0.027896319633395388,0.07091507947873407,0.0,0.0,0.4353623188405797,20423.0,0.019096117122851686,0.007932233266415315,0.013905890417666357,0.006512265582921216,-0.41304347826086957,39.92069429459378,24.462397884566066,20.597486802942864
0000310158-17-000010,MRK,2016,en,US,28,70827,1568,466,0.02213845002611998,0.006579411806232087,0.015431968034788994,0.013511796348850014,-0.5417895771878073,0.02760246798537281,0.07117342256484109,0.0,0.0,0.44110920526014863,22127.0,0.020698693903375965,0.007005016495684006,0.013422515478826773,0.00655307994757536,-0.49429037520391517,37.818596754353685,23.64203538740602,21.229531355340953
0000310158-16-000063,MRK,2015,en,US,28,75627,1769,506,0.023391116929139064,0.006690732145926719,0.015536779192616394,0.014769857326087245,-0.5551648351648352,0.027080275562960318,0.07041136102185727,0.0,0.0,0.44445951444459514,25690.0,0.02133125729855975,0.007629427792915531,0.013818606461658233,0.006617360840794083,-0.4731182795698925,43.574254176189974,25.403139246489687,26.589743595803547
0000310158-15-000005,MRK,2014,en,US,28,74960,1736,497,0.023159018143009604,0.0066302027748132335,0.016115261472785487,0.013673959445037354,-0.554858934169279,0.02593383137673426,0.07106456776947706,0.0,0.0,0.4652730023380553,25921.0,0.020639635816519425,0.007870066741252266,0.014467034450831372,0.006442652675436904,-0.4479025710419486,40.92015918666851,26.053531976501585,27.075490984921164
0000731766-24-000081,UNH,2023,en,US,63,37788,726,252,0.019212448396316292,0.006668783740870117,0.017254154758124272,0.01709537419286546,-0.48466257668711654,0.022493913411665078,0.0786757700857415,0.0,0.0,0.5553230447292702,4686.0,0.007255655142979087,0.0076824583866837385,0.015578318395219804,0.008962868117797696,0.02857142857142857,21.485523848756774,11.955843411337913,2.9469810083974233
0000731766-23-000008,UNH,2022,en,US,63,36569,698,255,0.019087205009707675,0.006973119308704093,0.016954250868221717,0.017856654543465775,-0.4648478488982162,0.02214990839235418,0.07834504635073423,0.0,0.0,0.5591836734693878,4484.0,0.007136485280999108,0.00825156110615522,0.015165031222123104,0.008920606601248885,0.07246376811594203,21.272051789863035,11.955727334100745,2.67110230554261
0000731766-22-000008,UNH,2021,en,US,63,38776,712,277,0.018361873323705386,0.007143593975655045,0.017098205075304313,0.01727872911079018,-0.4398382204246714,0.023210233133897255,0.0797563253114015,0.0,0.0,0.5507861242825056,5238.0,0.006681939671630393,0.008209240168003054,0.017373043146239022,0.008018327605956471,0.10256410256410256,22.68012235108353,13.621296940335522,3.83681508357237
0000731766-21-000013,UNH,2020,en,US,63,38971,699,276,0.01793641425675502,0.007082189320263786,0.016653408945113034,0.01688434990120859,-0.4338461538461538,0.022914474865925946,0.07872520592235252,0.0,0.0,0.5491037616763443,5558.0,0.008276358402302987,0.008096437567470314,0.016192875134940627,0.00791651673263764,-0.01098901098901099,22.489894560586805,13.977673026187887,5.228326359394836
0000731766-20-000006,UNH,2019,en,US,63,37970,648,249,0.017066104819594415,0.006557808796418225,0.016091651303660786,0.017461153542270215,-0.44481605351170567,0.022043718725309455,0.07640242296549908,0.0,0.0,0.5521669341894061,4688.0,0.0074658703071672355,0.008959044368600682,0.014931740614334471,0.010452218430034129,0.09090909090909091,19.663424795863968,13.316382774718402,3.7743385002983727
0000731766-19-000005,UNH,2018,en,US,63,37891,644,247,0.016996120450766674,0.006518698371644982,0.016098809743738618,0.017471167295663878,-0.44556677890011226,0.02272307408091631,0.07666728246813227,0.0,0.0,0.5427509293680297,5503.0,0.009449391241141195,0.008177357804833727,0.015991277485008178,0.010176267490459748,-0.07216494845360824,19.74729624125736,12.819217203048343,4.261085470872068
0000731766-18-000005,UNH,2017,en,US,63,38902,653,258,0.016785769369184102,0.0066320497660788645,0.01634877384196185,0.017351292992648194,-0.433589462129528,0.022903706750295613,0.07590869364042979,0.0,0.0,0.536420395421436,5630.0,0.009413854351687389,0.009769094138543518,0.017229129662522203,0.010301953818827708,0.018518518518518517,19.453550452936348,12.575027943699702,4.515853396524733
0000731766-17-000009,UNH,2016,en,US,63,42683,699,272,0.016376543354497106,0.006372560504181993,0.015814258604128106,0.016891971042335356,-0.43975283213182287,0.021319963451491227,0.07450272942389241,0.0,0.0,0.5550122249388753,6200.0,0.011129032258064516,0.00903225806451613,0.017741935483870968,0.01,-0.104,20.025443100490758,12.966541927437678,6.155606440141756
0000731766-16-000058,UNH,2015,en,US,63,44996,725,303,0.016112543337185526,0.0067339319050582274,0.015312472219752868,0.016868166059205263,-0.41050583657587547,0.02153524757756245,0.07531780602720242,0.0,0.0,0.5553005966039468,7209.0,0.011097239561659037,0.01026494659453461,0.016229712858926344,0.010403662089055347,-0.03896103896103896,19.898939190025956,13.626522522168116,7.024103935098095
0000731766-15-000007,UNH,2014,en,US,63,47472,779,320,0.016409673070441524,0.006740815638692282,0.01645180316818335,0.016662453656892486,-0.4176524112829845,0.02201297607010448,0.07433855746545331,0.0,0.0,0.5430695233930913,9803.0,0.011119045190247883,0.009282872590023462,0.01836172600224421,0.011323064368050596,-0.09,20.574774858809228,14.133236764156637,7.116101215109494
0000318154-24-000011,AMGN,2023,en,US,28,76531,1791,509,0.023402281428440763,0.006650899635441847,0.016542316185597993,0.01756151102167749,-0.5573913043478261,0.028459055807450576,0.0535077288941736,0.0,0.0,0.30559540889526543,9506.0,0.013359983168525142,0.004733852303808121,0.020092573111718914,0.011045655375552283,-0.47674418604651164,57.48658176111469,32.389922583999024,10.243054789741505
0000318154-23-000017,AMGN,2022,en,US,28,74212,1684,471,0.022691747965288632,0.006346682477227403,0.016520239314396595,0.018959197973373577,-0.562877030162413,0.02775831401929607,0.053603190858621245,0.0,0.0,0.31765485260019877,9815.0,0.01293937850229241,0.004584819154355578,0.02119205298013245,0.010494141619969435,-0.47674418604651164,56.41526189477414,31.0472353263195,10.289933891789907
0000318154-22-000010,AMGN,2021,en,US,28,74620,1712,480,0.022942910747788797,0.006432591798445457,0.016550522648083623,0.020637898686679174,-0.5620437956204379,0.026990083087644064,0.05355132672205843,0.0,0.0,0.329783693843594,9488.0,0.011066610455311973,0.005375210792580101,0.021922428330522766,0.010539629005059023,-0.34615384615384615,55.59897717771488,30.365711637605237,10.31557696124358
0000318154-21-000010,AMGN,2020,en,US,28,74324,1765,482,0.023747376352187717,0.006485119207792907,0.0159571605403369,0.021365911414886175,-0.570983533600356,0.026989935956084173,0.05262095689144825,0.0,0.0,0.32195369274970426,9184.0,0.012304006968641115,0.00664198606271777,0.018510452961672474,0.01056184668989547,-0.2988505747126437,57.274757884918095,29.80798882592672,12.976720602031955
0000318154-20-000017,AMGN,2019,en,US,28,65759,1614,380,0.024544168859015496,0.005778676683039584,0.015678462263720556,0.023662160312656822,-0.6188565697091274,0.028406758010310375,0.052661993035173896,0.0,0.0,0.29919339711123616,8062.0,0.010667328206400397,0.005581741503349045,0.020962540312577525,0.012031753907219053,-0.31297709923664124,48.82449019771396,25.957891592613155,9.309683876868043
0000318154-19-000008,AMGN,2018,en,US,28,63129,1407,371,0.022287696621204202,0.005876855327979217,0.015381203567298706,0.020291783490947107,-0.5826771653543307,0.028069508466790224,0.052638248665431105,0.0,0.0,0.3044160942100098,8412.0,0.010104612458392772,0.006657156443176415,0.019852591535901094,0.010699001426533523,-0.20567375886524822,43.90144735076913,24.606740095551068,8.037037770616559
0000318154-18-000004,AMGN,2017,en,US,28,61157,1352,384,0.022107035989338913,0.00627892146442762,0.015697303661069053,0.01985054858806024,-0.5576036866359447,0.02814068708406233,0.0535179946694573,0.0,0.0,0.3107729275130156,8806.0,0.010560981149216444,0.00692709516238928,0.018169429934135818,0.009425391778332955,-0.2077922077922078,44.61469877444088,24.04208684132901,9.395095593188696
0000318154-17-000004,AMGN,2016,en,US,28,56306,1226,336,0.021773878449898768,0.005967392462614997,0.016996412460483785,0.021738358256668915,-0.5697823303457106,0.02763471033282421,0.054221574965367815,0.0,0.0,0.32479930570622695,8048.0,0.010934393638170975,0.008076540755467198,0.02000497017892644,0.009940357852882704,-0.1503267973856209,37.90636586594587,22.21839467320423,6.315428626533412
0000318154-16-000031,AMGN,2015,en,US,28,58388,1220,360,0.020894704391313284,0.006165650476125231,0.016801397547441255,0.020329519764335138,-0.5443037974683544,0.025964239227238475,0.054840035623758304,0.0,0.0,0.3573548113607461,9227.0,0.011054513926519996,0.00845345182616235,0.019074455402622738,0.00964560528882627,-0.13333333333333333,37.3199203984547,19.68199703209764,5.849765699379044
0000318154-15-000005,AMGN,2014,en,US,28,60030,1285,355,0.021405963684824253,0.005913709811760787,0.01685823754789272,0.019673496585040813,-0.5670731707317073,0.02595368982175579,0.0549391970681326,0.0,0.0,0.35831960461285006,9503.0,0.01073345259391771,0.006419025570872356,0.018415237293486268,0.00947069346522151,-0.25153374233128833,39.62810516817224,21.585446941159482,7.450889161032972
0000080424-24-000083,PG,2024,en,US,28,37260,720,286,0.01932367149758454,0.007675791733762748,0.016988727858293074,0.007192699946323135,-0.43141153081510936,0.03344068706387547,0.07372517444981214,0.0,0.0,0.37590783871775607,11961.0,0.020483237187526128,0.01145389181506563,0.01805869074492099,0.004096647437505225,-0.28272251308900526,16.391718098651154,12.944853458956583,11.208727078509732
0000080424-23-000073,PG,2023,en,US,28,36893,630,287,0.017076410159108775,0.007779253516927331,0.017374569701569403,0.007399777735613802,-0.37404580152671757,0.03371913371100209,0.07060960073726723,0.0,0.0,0.3535983372304495,12820.0,0.015678627145085805,0.010530421216848674,0.018954758190327613,0.004134165366614664,-0.19642857142857142,15.857481318548414,12.442063049462478,12.000364173750825
0000080424-22-000064,PG,2022,en,US,28,39964,676,325,0.016915223701331198,0.008132319087178461,0.0176408767891102,0.007156440796717046,-0.35064935064935066,0.03410569512561305,0.070688619757782,0.0,0.0,0.34909264565425024,14803.0,0.016618253056812807,0.011484158616496655,0.019860839019117747,0.003445247584948997,-0.18269230769230768,17.309892185607787,13.035852863000915,17.079373212213827
0000080424-21-000100,PG,2021,en,US,28,40549,677,323,0.016695849466078078,0.007965671163283929,0.01672051098670744,0.006929887296850724,-0.354,0.03326839132900935,0.07087721028878641,0.0,0.0,0.3611176888467914,15550.0,0.015755627009646302,0.010932475884244373,0.01877813504823151,0.003536977491961415,-0.18072289156626506,16.54054416201541,12.77993406724754,15.22793776663764
0000080424-20-000053,PG,2020,en,US,28,41098,668,280,0.0162538323032751,0.006812983600175191,0.01669180982042922,0.00610985909829571,-0.4092827004219409,0.032629325027981895,0.07085502944182198,0.0,0.0,0.3693863155419704,15913.0,0.016338842455853705,0.009614780368252373,0.018475460315465344,0.0032049267894174575,-0.25907990314769974,15.784517853713103,12.57110061760964,16.37813979255904
0000080424-19-000050,PG,2019,en,US,28,40420,627,255,0.015512122711528947,0.006308758040573973,0.016130628401781297,0.006110836219693221,-0.4217687074829932,0.033819891142998514,0.06979218208807521,0.0,0.0,0.3471824259789876,14251.0,0.014455125956073258,0.008701143779383903,0.016840923443968845,0.0035085257174935092,-0.24848484848484848,12.325623707045281,10.451778123490563,9.640127227837779
0000080424-18-000055,PG,2018,en,US,28,40079,664,305,0.01656727962274508,0.007609970308640435,0.014945482671723347,0.00610985909829571,-0.37048503611971106,0.03529090359221183,0.06936300805908331,0.0,0.0,0.3147316150390163,15862.0,0.015445719329214475,0.010339175387719076,0.015445719329214475,0.002836968856386332,-0.1980440097799511,11.864934956538109,10.024256065341115,9.377626935870321
0000080424-17-000047,PG,2017,en,US,28,39493,693,278,0.017547413465677463,0.007039222140632517,0.014432937482591852,0.00610985909829571,-0.427394438722966,0.03529090359221183,0.06907553237282556,0.0,0.0,0.32106537530266344,15132.0,0.017842981760507533,0.00971451229183188,0.014406555643669047,0.002577319587628866,-0.2949640287769784,11.93021363267044,9.79484374995445,10.22317986271589
0000080424-16-000212,PG,2016,en,US,28,38155,672,266,0.01761237059363124,0.006971563359979033,0.014965273227624164,0.00610985909829571,-0.43283582089552236,0.03435984798846809,0.07044948237452496,0.0,0.0,0.34433608402100524,13965.0,0.018546365914786967,0.009380594343000358,0.01539563193698532,0.0025778732545649837,-0.3282051282051282,11.739508142251978,9.625947659626636,10.990958797377237
0000080424-15-000070,PG,2015,en,US,28,38909,656,286,0.01685985247629083,0.007350484463748747,0.014957978873782415,0.00610985909829571,-0.39278131634819535,0.03402811688812357,0.0714230640725796,0.0,0.0,0.3546185717767487,14950.0,0.017591973244147158,0.009632107023411371,0.015183946488294315,0.0024654595270689446,-0.29238329238329236,12.940197383556107,10.70624827001918,11.912322273492926
0000021344-24-000009,KO,2023,en,US,20,78512,1480,485,0.018850621561035254,0.006177399633177094,0.015105971061748522,0.013641226818830243,-0.5063613231552163,0.027957509680048908,0.06635928265742816,0.0,0.0,0.4071573261309926,15191.0,0.013363175564478968,0.007306958067276677,0.013034033309196235,0.006714502007767758,-0.2929936305732484,36.84919582766494,20.349476162507862,10.864098989147012
0000021344-23-000011,KO,2022,en,US,20,79364,1486,486,0.018723854644423166,0.006123683282092636,0.015006804092535658,0.01262537170505519,-0.5070993914807302,0.02799758076709843,0.06639030290811955,0.0,0.0,0.4067547723935389,16849.0,0.014481571606623538,0.007656240726452608,0.0140661166834827,0.004866757671078402,-0.30831099195710454,35.28005975769885,20.45326183407421,10.567383762937059
0000021344-22-000009,KO,2021,en,US,20,80011,1449,500,0.018110009873642374,0.006249140743147817,0.015310394820712152,0.012160827886165652,-0.48691636736788096,0.028233617877541837,0.0661284073439902,0.0,0.0,0.40158940397350995,17467.0,0.014140951508558998,0.008358619110322322,0.01396919906108662,0.004866319345050667,-0.25699745547073793,34.77617408818502,19.99084787533444,11.647998272342749
0000021344-21-000008,KO,2020,en,US,20,84622,1534,535,0.018127673654605186,0.0063222329890572195,0.014440689182482097,0.01149819195953771,-0.4828419526341228,0.02851504336933658,0.06640117227198601,0.0,0.0,0.39915338645418325,19473.0,0.015303240384121604,0.008781389616391928,0.013197761002413598,0.004313665074718842,-0.27078891257995735,34.84802712339468,22.097129075210145,12.245081111001829
0000021344-20-000006,KO,2019,en,US,20,86683,1517,573,0.01750054797365112,0.006610292675611135,0.013566673972982016,0.00970201769666486,-0.45167464114832534,0.027490972855115765,0.06543382208737585,0.0,0.0,0.40831781502172565,21513.0,0.014223957607028308,0.009622088969460327,0.011574396876307349,0.0033003300330033004,-0.19298245614035087,29.447386462687845,19.424866155167265,10.251418050797113
0000021344-19-000014,KO,2018,en,US,20,91273,1564,524,0.01713540696591544,0.005741018702135352,0.0131035465033471,0.009926265160562268,-0.49808429118773945,0.027587566969421405,0.06436733754779617,0.0,0.0,0.39997617061837243,24232.0,0.013329481677121162,0.007345658633212281,0.012256520303730605,0.004374380983823044,-0.2894211576846307,30.511275442861194,20.41255355194066,13.541133040659277
0000021344-18-000008,KO,2017,en,US,20,89721,1464,515,0.0163172501421072,0.005740016272667492,0.012761783751852966,0.009228608686929481,-0.47953511874684185,0.02812050690473802,0.06539160285774791,0.0,0.0,0.398569725864124,24998.0,0.013521081686534923,0.007600608048643892,0.01160092807424594,0.004000320025602048,-0.2803030303030303,30.44201757475679,19.045723275484473,13.366765192588366
0000021344-17-000009,KO,2016,en,US,20,90009,1432,482,0.015909520159095202,0.0053550200535502,0.012443200124432001,0.0105878301058783,-0.49634273772204807,0.027208390272083903,0.0660711706607117,0.0,0.0,0.4166269652215341,25007.0,0.013596193065941536,0.007038029351781501,0.011356820090374696,0.003918902707241973,-0.3178294573643411,29.777165556945754,19.44930155332948,12.75062734770778
0000021344-16-000050,KO,2015,en,US,20,89104,1373,495,0.015408960316035196,0.00555530615909499,0.012333901957263423,0.01103205243311187,-0.47002141327623126,0.026205333093912733,0.06760639253007722,0.0,0.0,0.4413207321449934,24542.0,0.013650069269008231,0.008027055659685436,0.012020210251813218,0.003585689837829028,-0.2593984962406015,28.374607358754183,19.191096748972445,13.567162964858547
0000021344-15-000005,KO,2014,en,US,20,83196,1234,487,0.01483244386749363,0.005853646809942786,0.013125631039953845,0.00872638107601327,-0.4340499709471238,0.025830568777345065,0.06752728496562335,0.0,0.0,0.44663319170851035,24683.0,0.012802333589920188,0.008102742778430498,0.012802333589920188,0.003362638253048657,-0.2248062015503876,25.24153522627573,18.042398935819637,13.216657319497697
0000077476-24-000008,PEP,2023,en,US,20,53971,1255,312,0.02325322858572196,0.005780882325693428,0.015008059884011785,0.011061495988586464,-0.6017868538608807,0.029497322636230568,0.053695503140575494,0.0,0.0,0.29086859688195993,31311.0,0.019961036057615535,0.0061959055922838615,0.0164478937114752,0.005684903069208904,-0.5262515262515263,26.034603946939168,20.46840339183384,21.242290933803268
0000077476-23-000007,PEP,2022,en,US,20,52443,1119,292,0.021337452090841483,0.005567949964723605,0.014720744427282955,0.010868943424289228,-0.5861091424521616,0.029308010601986918,0.05381080411113018,0.0,0.0,0.2947923835742143,31345.0,0.01831233051523369,0.005678736640612538,0.01665337374381879,0.005742542670282342,-0.526595744680851,22.84096800415443,18.549734957223055,19.51028859103988
0000077476-22-000010,PEP,2021,en,US,20,50889,914,277,0.01796065947454263,0.005443219556289179,0.014482501129910197,0.011043644009510896,-0.5348446683459278,0.02723574839356246,0.051956218436204286,0.0,0.0,0.31215880893300246,29564.0,0.012887295359220674,0.00541198755242863,0.016303612501691246,0.00602083615207685,-0.40850277264325324,21.990649675941572,16.922710283197983,18.1053969977221
0000077476-21-000007,PEP,2020,en,US,20,50985,848,253,0.01663234284593508,0.004962243797195253,0.014141414141414142,0.010924781798568206,-0.5404178019981835,0.02722369324311072,0.05364322840050995,0.0,0.0,0.32670385641523164,30812.0,0.012917045307023237,0.004803323380501104,0.015708165649746853,0.006393612878099442,-0.45787545787545786,18.86793812715446,15.169384397308503,16.840489872186065
0000077476-20-000015,PEP,2019,en,US,20,58799,1086,344,0.01846970186567799,0.005850439633327097,0.01217707784145989,0.011649857990782156,-0.5188811188811189,0.028741985407915102,0.051259375159441484,0.0,0.0,0.2814625850340136,30192.0,0.013447270800211977,0.005398781134075252,0.01357975622681505,0.00563063063063063,-0.4270650263620387,24.837696916022512,18.39374506917643,12.867137188651014
0000077476-19-000017,PEP,2018,en,US,20,57608,1103,336,0.01914664629912512,0.005832523260658242,0.014806971253992501,0.011387307318427997,-0.5330090340514246,0.029961116511595613,0.0533606443549507,0.0,0.0,0.2808333333333333,30436.0,0.014226573794191089,0.005486923380207649,0.013470889735839138,0.004961230122223682,-0.44333333333333336,25.1094400787468,17.94876451697562,13.86041194785376
0000077476-18-000012,PEP,2017,en,US,20,58337,1106,337,0.018958808303478066,0.005776779745273154,0.014724788727565696,0.011176440338035895,-0.532917532917533,0.030015256183897013,0.05319094228362788,0.0,0.0,0.27853316852080756,31073.0,0.015061307244231326,0.005470987674186593,0.013387828661538956,0.0045698838219676245,-0.4670846394984326,24.8730340641321,17.012366479583573,15.2328280458425
0000077476-17-000010,PEP,2016,en,US,20,56116,1095,336,0.019513151329389123,0.005987597120250909,0.01430964430821869,0.011173283911896785,-0.5303983228511531,0.028262884025946254,0.054351700049896645,0.0,0.0,0.3157894736842105,30561.0,0.016197113968783743,0.006020745394456988,0.012892248290304636,0.0047446091423709955,-0.4580265095729013,23.421926559477114,16.208775958483933,14.6069965794585
0000077476-16-000066,PEP,2015,en,US,20,52891,1030,324,0.019474012591934355,0.006125805902705565,0.014331360722996352,0.011608780321793879,-0.5214180206794683,0.027244710820366416,0.05431926036565767,0.0,0.0,0.3319425127491887,28240.0,0.017209631728045325,0.006338526912181303,0.013279036827195468,0.004284702549575071,-0.4616541353383459,20.693608633771447,14.926350013441278,14.657909916915669
0000077476-15-000012,PEP,2014,en,US,20,51928,1004,341,0.019334463102757663,0.006566784778924665,0.015444461562162995,0.011881836388846094,-0.4929368029739777,0.027499614851332614,0.05469111076875674,0.0,0.0,0.33083411433926896,28593.0,0.015633196936313085,0.007309481341587102,0.014059385164201028,0.004161857797362991,-0.3628048780487805,18.155977161834766,15.82594286660704,13.804925616115916
0000104169-24-000056,WMT,2024,en,US,53,48258,1203,318,0.02492850926271292,0.006589581002113639,0.01601806954287372,0.01765510381698371,-0.5818540433925049,0.02973600232085872,0.06197936093497451,0.0,0.0,0.3515589697243561,7986.0,0.01076884547958928,0.007513148009015778,0.01252191334835963,0.008014024542950162,-0.1780821917808219,32.35462840457993,17.755342847975548,7.193837196301719
0000104169-23-000020,WMT,2023,en,US,53,45483,1005,299,0.02209616779895785,0.00657388474814766,0.015676186707121342,0.016467691225292968,-0.5414110429447853,0.029241694699118352,0.06090187542598333,0.0,0.0,0.35121951219512193,8590.0,0.010942956926658906,0.008032596041909196,0.012922002328288707,0.00710128055878929,-0.15337423312883436,26.710205837365187,15.30683139957457,6.092950717050699
0000104169-22-000012,WMT,2022,en,US,53,43953,973,294,0.022137283006848224,0.006688963210702341,0.015857848155984802,0.01553932609833231,-0.5359116022099447,0.028757991490910746,0.05999590471640161,0.0,0.0,0.35196103563188924,8978.0,0.011361104923145467,0.00935620405435509,0.013477389173535309,0.005457785698373803,-0.0967741935483871,24.655752123663056,15.20028532286338,5.8039242869267245
0000104169-21-000033,WMT,2021,en,US,53,43576,881,246,0.020217550945474574,0.005645309344593354,0.015880301083165044,0.014090324949513493,-0.5634427684117125,0.02811180466311731,0.05883972829080228,0.0,0.0,0.3533913961467406,9463.0,0.011941244848356758,0.008665328120046497,0.013843390045440135,0.005812110324421431,-0.15897435897435896,22.13419839889383,13.649885858408329,5.6677911911915535
0000104169-20-000011,WMT,2020,en,US,53,42047,764,208,0.018170142935286702,0.004946845197041406,0.01610102979998573,0.01253359335981164,-0.5720164609053497,0.028491925702190404,0.05841082598045045,0.0,0.0,0.34428024083196496,9362.0,0.011108737449262978,0.007583849604785303,0.014740440076906645,0.006729331339457381,-0.18857142857142858,21.58338180380775,14.698230053866077,6.011099816547421
0000104169-19-000016,WMT,2019,en,US,53,43861,779,207,0.017760652971888467,0.0047194546407970635,0.015366726704817492,0.013041198331091403,-0.5801217038539553,0.028088734866966097,0.05806981144980734,0.0,0.0,0.347975654935168,8845.0,0.011305822498586773,0.008366308648954211,0.014697569248162803,0.006896551724137931,-0.14942528735632185,22.64371585115269,13.283481914767439,7.352875901801007
0000104169-18-000028,WMT,2018,en,US,53,44663,762,208,0.01706110203076372,0.004657098717058863,0.014956451649015963,0.012672682085842867,-0.5711340206185567,0.027964982200031345,0.05846002283769563,0.0,0.0,0.3528497409326425,9465.0,0.010248283148441627,0.008029582673005811,0.013946117274167988,0.006022187004754358,-0.12138728323699421,21.54764889532481,12.42385307300192,8.00441182461887
0000104169-17-000021,WMT,2017,en,US,53,20013,425,77,0.02123619647229301,0.0038474991255683807,0.015739769150052464,0.015789736671163745,-0.6932270916334662,0.0252835656823065,0.04836856043571679,0.0,0.0,0.31343283582089554,,,,,,,14.595988142034622,8.439705753946699,
0000104169-16-000079,WMT,2016,en,US,53,19714,449,78,0.02277569240133915,0.0039565790808562444,0.015724865577761996,0.015572689459267526,-0.7039848197343453,0.025210510297250684,0.048310516283073104,0.0,0.0,0.3048951048951049,,,,,,,17.41210125270227,9.238441466969546,
0000104169-15-000011,WMT,2015,en,US,53,18701,397,76,0.021228811293513717,0.004063953799262072,0.014972461365702369,0.01491898828939629,-0.678646934460888,0.023581626650981232,0.049088284048981336,0.0,0.0,0.3509933774834437,,,,,,,14.879769127778737,9.390836182325717,
0000909832-24-000049,COST,2024,en,US,53,26679,607,132,0.022751977210540127,0.004947711683346452,0.018066644177068106,0.011732073915813936,-0.6427604871447903,0.028636755500580983,0.060497020128190714,0.0,0.0,0.35744322960470987,3679.0,0.007882576787170427,0.008698015765153574,0.012503397662408263,0.004077194889915738,0.04918032786885246,17.819130595955343,10.973635400510943,2.255778662008811
0000909832-23-000042,COST,2023,en,US,53,25620,612,119,0.023887587822014052,0.004644808743169399,0.017681498829039813,0.012958626073380173,-0.6744186046511628,0.030132708821233412,0.059250585480093675,0.0,0.0,0.325764192139738,3638.0,0.008796041781198461,0.007421660252886202,0.012369433754810335,0.004123144584936778,-0.0847457627118644,17.10265527264152,11.023422770111004,2.7842450803716474
0000909832-22-000021,COST,2022,en,US,53,25843,609,126,0.02356537553689587,0.004875594938668112,0.017722400650079326,0.012343768138374027,-0.6571428571428571,0.03025964477808304,0.05842974886816546,0.0,0.0,0.31762652705061084,3764.0,0.010095642933049946,0.008767268862911796,0.013018065887353878,0.0037194473963868225,-0.07042253521126761,15.092033232534877,10.297167247363591,3.190262101368479
0000909832-21-000014,COST,2021,en,US,53,26857,636,128,0.023680977026473544,0.004765982797780839,0.017835201251070486,0.012250065159921063,-0.6649214659685864,0.030383140335852852,0.05708009085154708,0.0,0.0,0.3052362707535121,3879.0,0.0069605568445475635,0.008249548852797113,0.013921113689095127,0.003609177623098737,0.0847457627118644,16.570479203018856,10.86799083700271,2.012978201284667
0000909832-20-000017,COST,2020,en,US,53,27082,615,132,0.022708810279890704,0.00487408610885459,0.017834724171036112,0.011372867587327376,-0.6465863453815262,0.031312310759914336,0.057233586884277377,0.0,0.0,0.292743953294412,4350.0,0.010344827586206896,0.008275862068965517,0.013333333333333334,0.0034482758620689655,-0.1111111111111111,15.767318983054388,11.058915028385593,3.0870415661635784
0000909832-19-000019,COST,2019,en,US,53,25366,554,120,0.02184025861389261,0.004730741938027281,0.018095087912954347,0.010407632263660017,-0.6439169139465876,0.02980367420957187,0.05806985728928487,0.0,0.0,0.32166890982503366,3850.0,0.008571428571428572,0.008051948051948052,0.015844155844155845,0.003896103896103896,-0.03125,15.295361584445033,10.212385164292053,3.594556808847958
0000909832-18-000013,COST,2018,en,US,53,25222,487,138,0.019308540163349458,0.005471413845055903,0.01807945444453255,0.009277614780746967,-0.5584,0.028744746649750217,0.05689477440329871,0.0,0.0,0.3287037037037037,4677.0,0.006628180457558264,0.009621552277100705,0.013470173187940988,0.005772931366260423,0.18421052631578946,13.067805065372887,8.773318860521014,2.665866879987712
0000909832-17-000014,COST,2017,en,US,53,26671,459,128,0.01720970342319373,0.004799220126729406,0.018109557196955495,0.009148513366577932,-0.5638841567291312,0.02590828990289078,0.05879044655243523,0.0,0.0,0.3882248782647189,5472.0,0.007858187134502924,0.007492690058479532,0.013157894736842105,0.00402046783625731,-0.023809523809523808,12.52654766276894,8.009129947982776,3.192843317281315
0000909832-16-000032,COST,2016,en,US,53,27191,435,134,0.015997940495016735,0.0049281012099591775,0.016990916111948806,0.008826449928285095,-0.5289982425307557,0.02497149792210658,0.05799713140377331,0.0,0.0,0.3980496453900709,5338.0,0.008992131884600974,0.007868115399025852,0.0129261895841139,0.0035593855376545524,-0.06666666666666667,11.887697505262516,7.379099364004431,2.3532074118131625
0000909832-15-000014,COST,2015,en,US,53,26734,428,132,0.016009575821051843,0.004937532729857111,0.01724395900351612,0.008939926685120073,-0.5285714285714286,0.024687663649285554,0.058913742799431436,0.0,0.0,0.40939597315436244,5276.0,0.008150113722517059,0.0077710386656558,0.012130401819560273,0.003032600454890068,-0.023809523809523808,11.857616808710281,7.498953606366019,2.981799699023061
0000354950-24-000062,HD,2024,en,US,52,38065,723,298,0.018993826349665045,0.007828714041770655,0.015683698936030475,0.007776172336792329,-0.41625857002938293,0.027269144883751477,0.06454748456587417,0.0,0.0,0.40600858369098713,3014.0,0.005972130059721301,0.003981420039814201,0.010948905109489052,0.0029860650298606504,-0.2,21.191938285008455,13.4962881363492,1.7669929571341756
0000354950-23-000059,HD,2023,en,US,52,36419,690,277,0.018946154479804498,0.007605919986820067,0.015019632609352261,0.007441170817430462,-0.4270941054808687,0.026854114610505506,0.06405996869765782,0.0,0.0,0.40924192086982786,3125.0,0.004493904565202522,0.00512,0.00928,0.0024654595270689446,0.10344827586206896,18.510633960734964,12.353063800386217,1.7202720088466472
0000354950-22-000070,HD,2022,en,US,52,36634,685,270,0.018698476824807554,0.00737020254408473,0.015641207621335373,0.007397499590544303,-0.43455497382198954,0.026505432112245455,0.06343833597204783,0.0,0.0,0.41062215477996966,3680.0,0.006793478260869565,0.005706521739130435,0.011684782608695652,0.002989130434782609,-0.08695652173913043,16.783693547244116,12.110257049479065,1.9436340133603016
0000354950-21-000089,HD,2021,en,US,52,38201,687,279,0.017983822413025836,0.007303473731054161,0.015496976518939295,0.007172587105049606,-0.422360248447205,0.02588937462370095,0.0641606240674328,0.0,0.0,0.425,4309.0,0.008122534230679972,0.006730099791134834,0.012299837549315386,0.0025527964724994198,-0.09375,17.34145776364473,13.861123575077215,3.5609096961265
0000354950-20-000015,HD,2020,en,US,52,33600,534,233,0.015892857142857143,0.00693452380952381,0.01369047619047619,0.006845238095238095,-0.3924380704041721,0.027142857142857142,0.06226190476190476,0.0,0.0,0.39280958721704395,3755.0,0.012516644474034621,0.0034620505992010654,0.012782956058588549,0.004793608521970706,-0.5666666666666667,12.400616453068753,10.667110457087698,2.418561951008262
0000354950-19-000010,HD,2019,en,US,52,31097,448,207,0.014406534392385118,0.006656590667910088,0.01279866225037785,0.006592275782229797,-0.36793893129770994,0.028330707142168055,0.06151718815319806,0.0,0.0,0.3693629205440229,4063.0,0.009106571498892444,0.004430223972434162,0.008860447944868325,0.0039379768643859215,-0.34545454545454546,11.06990626624515,8.631636971699725,1.8559577884734386
0000354950-18-000019,HD,2018,en,US,52,29063,412,201,0.014176100196125658,0.006916010047138974,0.013763204073908407,0.007500946220280081,-0.3442088091353997,0.02783608023947975,0.0617279702714792,0.0,0.0,0.3784095274683058,3715.0,0.008075370121130552,0.006729475100942127,0.009959623149394347,0.004037685060565276,-0.09090909090909091,10.012566364378468,7.3783604836930365,1.8830781847125815
0000354950-17-000005,HD,2017,en,US,52,30729,437,208,0.014221094080510267,0.0067688502717302874,0.013700413290377168,0.007614956555696573,-0.3550387596899225,0.023756061049822644,0.06528035406293729,0.0,0.0,0.46637426900584794,5595.0,0.009115281501340482,0.008400357462019661,0.011081322609472744,0.004289544235924933,-0.04081632653061224,10.075471650976947,7.865450489245591,2.3278392030832316
0000354950-16-000060,HD,2016,en,US,52,32590,536,222,0.016446762810678122,0.006811905492482356,0.013838600797790734,0.009420067505369745,-0.41424802110817943,0.0238109849647131,0.06376189015035287,0.0,0.0,0.4562018220042046,6774.0,0.018305284912902273,0.007971656333038087,0.012252731030410392,0.01077649837614408,-0.39325842696629215,11.401712402053308,7.340896861726634,10.114314226586076
0000354950-15-000008,HD,2015,en,US,52,30566,550,199,0.017993849375122686,0.006510501864817117,0.014166066871687496,0.010174703919387554,-0.46862483311081443,0.02525682130471766,0.06464699339134987,0.0,0.0,0.438136826783115,6712.0,0.019517282479141834,0.007151370679380214,0.013557806912991657,0.01102502979737783,-0.46368715083798884,13.181257277017657,9.326555115136356,9.971323265671849
0000060667-24-000033,LOW,2024,en,US,52,36347,694,262,0.019093735383938153,0.007208297796241781,0.014994359919663245,0.00844636421162682,-0.45188284518828453,0.02886070377197568,0.07125760035216111,0.0,0.0,0.42346798571036,5203.0,0.015567941572169902,0.004997117047857005,0.01729771285796656,0.003843936190659235,-0.514018691588785,21.011765349003632,13.635956764919214,6.10409227803317
0000060667-23-000034,LOW,2023,en,US,52,36766,675,254,0.018359353750747973,0.006908556818799978,0.014660283958004679,0.008350106076266116,-0.45317545748116256,0.030054942066039276,0.0697111461676549,0.0,0.0,0.3974918211559433,5598.0,0.01607717041800643,0.00660950339406931,0.015898535191139693,0.003929974991068239,-0.41732283464566927,18.04752764613716,12.729952525453738,6.619262212675492
0000060667-22-000038,LOW,2022,en,US,52,35024,640,245,0.01827318410232983,0.006995203289173139,0.014589995431703974,0.008394243947007766,-0.4463276836158192,0.03223503883051622,0.0678391959798995,0.0,0.0,0.3557774607703281,5470.0,0.015722120658135285,0.007129798903107861,0.015539305301645339,0.004936014625228519,-0.376,17.48421725186897,14.540717312781911,5.857205361980039
0000060667-21-000026,LOW,2021,en,US,52,36155,619,263,0.017120730189462037,0.0072742359286405755,0.013220854653574886,0.008131655372700872,-0.4036281179138322,0.029899045775134837,0.06787442953948278,0.0,0.0,0.3884016973125884,7009.0,0.013411328292195749,0.009844485661292623,0.013411328292195749,0.0047082322727921245,-0.15337423312883436,16.998012302230837,13.504448762329574,6.122493076564336
0000060667-20-000036,LOW,2020,en,US,52,37637,715,241,0.01899726333129633,0.006403273374604777,0.012992533942662806,0.008555410898849536,-0.49581589958158995,0.03052846932539788,0.06807131280388978,0.0,0.0,0.3807599029911075,6905.0,0.01723388848660391,0.007965242577842143,0.014047791455467053,0.0060825488776249095,-0.367816091954023,18.36528850236528,12.811700154454734,7.586160485822389
0000060667-19-000042,LOW,2019,en,US,52,40669,767,305,0.01885957363102117,0.007499569696820674,0.013154982910816593,0.008802773611350168,-0.43097014925373134,0.02749022597064103,0.06938946126041949,0.0,0.0,0.43248730964467,9665.0,0.017382307294361098,0.01107087428867046,0.015933781686497672,0.006001034661148474,-0.22181818181818183,18.8761065074971,11.369208294856012,8.666340093127042
0000060667-18-000051,LOW,2018,en,US,52,36161,643,287,0.017781587898564752,0.007936727413511795,0.013439893808246454,0.008655734078150493,-0.3827956989247312,0.027432869666214985,0.06650811647907967,0.0,0.0,0.4159552546364439,8566.0,0.012841466261965912,0.011440579033387813,0.014942797104833061,0.006070511323838431,-0.057692307692307696,16.068388019455416,9.75925921049914,5.736001820054241
0000060667-17-000076,LOW,2017,en,US,52,36147,624,290,0.017262843389492903,0.008022795806014331,0.012781143663374553,0.008078125432262705,-0.36542669584245074,0.025064320690513734,0.06761280327551387,0.0,0.0,0.4591044776119403,8941.0,0.014092383402303992,0.01230287439883682,0.01487529359132088,0.006039592886701711,-0.06779661016949153,14.603248997428416,8.66056435234552,5.857322721256514
0000060667-16-000276,LOW,2016,en,US,52,33821,558,270,0.016498625114573784,0.007983205700600219,0.01298010112060554,0.007894503415037994,-0.34782608695652173,0.025427988527837734,0.06770941131249815,0.0,0.0,0.45396825396825397,8154.0,0.012877115526122149,0.01177336276674025,0.01582045621780721,0.00564140299239637,-0.04477611940298507,13.359698249222797,8.48591375389099,5.104409546742313
0000060667-15-000057,LOW,2015,en,US,52,29579,461,243,0.015585381520673451,0.008215287873153251,0.012610297846445113,0.008485750025355827,-0.3096590909090909,0.02396970823895331,0.0674126914364921,0.0,0.0,0.47539770625231226,6990.0,0.013018597997138769,0.011158798283261802,0.017310443490701002,0.0061516452074391985,-0.07692307692307693,12.21432023063186,7.596591343099728,6.108388095932896
0000063908-24-000072,MCD,2023,en,US,58,33603,531,332,0.01580216052138202,0.00988007023182454,0.015504568044519834,0.00830283010445496,-0.23059096176129779,0.026575008183793113,0.0741898044817427,0.0,0.0,0.47253396337861786,28822.0,0.01772951217819721,0.008708625355631116,0.016584553466102284,0.008396363888696134,-0.34120734908136485,14.233713978905724,9.466767546402432,41.85413131219494
0000063908-23-000012,MCD,2022,en,US,58,32799,501,298,0.0152748559407299,0.00908564285496509,0.014969968596603555,0.00908564285496509,-0.25406758448060074,0.027561815909021615,0.07359980487209976,0.0,0.0,0.4550934297769741,27921.0,0.017227176677053115,0.0077719279395437125,0.01597363991261058,0.009347802729128612,-0.37822349570200575,14.77951802721009,9.893292332554328,40.41871123264099
0000063908-22-000011,MCD,2021,en,US,58,32697,496,303,0.015169587423922683,0.009266905220662446,0.016087102792305106,0.009205737529436951,-0.24155193992490614,0.026455026455026454,0.07282013640395144,0.0,0.0,0.4670363524337646,27624.0,0.01730379380249059,0.007819287576020852,0.017122791775267883,0.009774109470026065,-0.37752161383285304,15.482779223989915,9.265900361255696,42.19265837922859
0000063908-21-000013,MCD,2020,en,US,58,32767,521,267,0.015900143436994536,0.008148442030091251,0.015381328775902585,0.008575701162755212,-0.3223350253807107,0.02835169530320139,0.07190160832544938,0.0,0.0,0.4343987823439878,28055.0,0.017964712172518268,0.006843699875245054,0.016004277312422027,0.00905364462662627,-0.4482758620689655,15.517777475582042,9.941815742588691,42.59859612474797
0000063908-20-000022,MCD,2019,en,US,58,30742,485,265,0.01577646216901958,0.008620128814000391,0.015223472773404464,0.00852254245006831,-0.29333333333333333,0.02930843796760133,0.06974172142345976,0.0,0.0,0.40821018062397374,27853.0,0.017197429361289627,0.008293541090726313,0.015474096147632212,0.008688471618856138,-0.3492957746478873,13.605767519002857,8.358196307035579,40.052389529815535
0000063908-19-000010,MCD,2018,en,US,58,30699,463,278,0.015081924492654483,0.009055669565783901,0.015537965406039285,0.008632203003355158,-0.2496626180836707,0.028893449298022737,0.06830841395485195,0.0,0.0,0.4054959785522788,9697.0,0.007012478086005981,0.012738104091278048,0.0109312158399505,0.00247499226564917,0.2040245758412716,12.670137292737664,8.17996435275074,4.172251467577762
0000063908-18-000010,MCD,2017,en,US,58,31264,457,287,0.014617451381780963,0.009179887410440122,0.015449078812691914,0.008156345957011259,-0.22849462365591397,0.0288510747185261,0.06931294779938588,0.0,0.0,0.4121863799283154,10027.0,0.006283035803331006,0.012738104091278048,0.01007280343073701,0.0024654595270689446,0.2040245758412716,12.763190669971893,8.243426287995547,4.382399912599653
0000063908-17-000017,MCD,2016,en,US,58,30741,477,285,0.015516736605835855,0.00927100614814092,0.015158908298363749,0.008685468917732019,-0.25196850393700787,0.02849614521323314,0.07075241534107543,0.0,0.0,0.4257620452310718,9794.0,0.009087196242597509,0.012738104091278048,0.01000612619971411,0.003675719828466408,0.2040245758412716,13.423302429572436,8.278461941150955,5.704685114255705
0000063908-16-000103,MCD,2015,en,US,58,30992,491,243,0.01584279814145586,0.007840733092410944,0.014164945792462571,0.008679659266907589,-0.33787465940054495,0.029878678368611255,0.07024393391843056,0.0,0.0,0.4031582339671286,10867.0,0.01067451918652802,0.010214410600901813,0.009570258581025122,0.0038649121192601455,-0.022026431718061675,13.872587701850767,8.035605889414924,7.476645366359401
0000063908-15-000016,MCD,2014,en,US,58,29501,485,240,0.01644012067387546,0.008135317446866209,0.014541879936273346,0.008847157723467001,-0.33793103448275863,0.03128707501440629,0.06952306701467748,0.0,0.0,0.3792871553463349,10654.0,0.012483574244415242,0.010137037732307114,0.011357236718603341,0.0032851511169513796,-0.1037344398340249,15.739891950925669,9.09921170348576,10.976828532451725
0000320187-24-000044,NKE,2024,en,US,30,48309,1051,275,0.021755780496387836,0.005692521062327931,0.023908113897384738,0.010205137759009709,-0.5852187028657617,0.03330642323376597,0.05777391376348093,0.0,0.0,0.2686363636363636,8716.0,0.013538320330426802,0.0052776502983019734,0.02179899036255163,0.006769160165213401,-0.43902439024390244,28.828143063374693,15.17322139525306,5.920003199963734
0000320187-23-000039,NKE,2023,en,US,30,47381,1026,283,0.021654249593719,0.005972858318735358,0.023908113897384738,0.009603005424115152,-0.5676088617265088,0.033367805660496824,0.05730144994829151,0.0,0.0,0.2639664804469274,9127.0,0.012819108140681495,0.0062452065300756,0.02235126547606004,0.00558781636901501,-0.3448275862068966,27.87650023866012,14.696455757991616,7.493715619035077
0000320187-22-000038,NKE,2022,en,US,30,50793,1067,297,0.021006831650030516,0.005847262418049731,0.023908113897384738,0.009863563876912174,-0.5645161290322581,0.032268225936644815,0.05721260803654047,0.0,0.0,0.2787678767876788,10902.0,0.012749954136855623,0.006879471656576775,0.021739130434782608,0.007246376811594203,-0.29906542056074764,29.279320913037413,15.240167350685475,7.788989460098628
0000320187-21-000028,NKE,2021,en,US,30,50669,1034,302,0.020406954942864472,0.0059602518305078055,0.023908113897384738,0.009098265211470525,-0.5479041916167665,0.034202372259172276,0.056582920523396946,0.0,0.0,0.2465217391304348,11684.0,0.013779527559055118,0.007617254364943512,0.022167066073262583,0.007446080109551523,-0.288,28.089471570425186,16.53845531817675,10.254031304826606
0000320187-20-000047,NKE,2020,en,US,30,50665,1089,266,0.021494128096318958,0.0052501727030494424,0.023803414586006117,0.009197670976018948,-0.607380073800738,0.03398796013026744,0.05498865094246521,0.0,0.0,0.2360248447204969,12454.0,0.018227075638349126,0.0065039344788822865,0.019832985386221295,0.0073871848402119805,-0.474025974025974,27.8468248639811,14.697798958485807,14.875719901281562
0000320187-19-000051,NKE,2019,en,US,30,44379,827,245,0.018634939949075013,0.005520629126388607,0.023907704094278826,0.009531535185560738,-0.542910447761194,0.033056175218008514,0.05414723179882377,0.0,0.0,0.24186046511627907,10014.0,0.010685040942680248,0.007090073896544837,0.020870780906730578,0.008288396245256641,-0.20224719101123595,18.53282711769655,10.99116764893959,5.302560401631445
0000320187-18-000142,NKE,2018,en,US,30,46477,841,265,0.018094971706435443,0.005701744949114616,0.02375368461819825,0.00888611571314844,-0.5207956600361664,0.03529090359221183,0.05432794715665813,0.0,0.0,0.21404408339398348,12354.0,0.012789379957908369,0.007042253521126761,0.020479197021207707,0.0071231989638983325,-0.2897959183673469,19.55373426675914,12.61468089473597,7.237546095297371
0000320187-17-000090,NKE,2017,en,US,30,47393,837,284,0.01766083598843711,0.005992446141835292,0.023908113897384738,0.008144662713902897,-0.4933095450490633,0.03451986580296668,0.05473382145042517,0.0,0.0,0.2264775413711584,14073.0,0.012648333688623606,0.008242734313934484,0.02074895189369715,0.006182050735450863,-0.2108843537414966,20.473146836143567,12.316717182410365,8.95332469964415
0000320187-16-000336,NKE,2016,en,US,30,48315,827,293,0.01711683742109076,0.006064369243506157,0.02361585428955811,0.007678774707647729,-0.4767857142857143,0.033095312014902206,0.05606954361999379,0.0,0.0,0.2576601671309192,15221.0,0.012548452795479928,0.008672229157085605,0.020038105249326588,0.005912883516194731,-0.1826625386996904,20.18688019206438,13.056105370118336,10.125794098831813
0000320187-15-000113,NKE,2015,en,US,30,48774,858,272,0.017591339648173207,0.005576741706646984,0.02351662771148563,0.0072579653093861485,-0.5185840707964602,0.03231229753557223,0.055357362529216386,0.0,0.0,0.2628624883068288,15365.0,0.012951513179303611,0.007289293849658315,0.019524894240156198,0.005532053368044257,-0.2797427652733119,21.237358137615765,12.38268802170662,11.180733635843415
0001744489-24-000276,DIS,2024,en,US,79,55122,906,304,0.01643626864047023,0.005515039367221799,0.012989369035956605,0.011556184463553573,-0.4975206611570248,0.02362033307935126,0.07067958346939517,0.0,0.0,0.4990380915736822,10049.0,0.015623445118917305,0.005075131853915812,0.009155139814906956,0.004776594686038412,-0.5096153846153846,24.93768406101866,14.78237201472595,6.559267644479808
0001744489-23-000216,DIS,2023,en,US,79,55648,899,329,0.01615511788384129,0.0059121621621621625,0.012848619896492237,0.008715497412305923,-0.46416938110749184,0.025607389304197814,0.06887938470385278,0.0,0.0,0.4579688094332446,13984.0,0.019593821510297482,0.006006864988558352,0.00808066361556064,0.005220251716247139,-0.5307262569832403,21.14352777732855,14.104846990346322,9.18520312194891
0001744489-22-000213,DIS,2022,en,US,79,51960,784,287,0.015088529638183218,0.005523479599692071,0.014203233256351038,0.008583525789068513,-0.46405228758169936,0.022594303310238643,0.06795612009237875,0.0,0.0,0.5009564293304994,10024.0,0.01695929768555467,0.005087789305666401,0.009876296887470071,0.00528731045490822,-0.5384615384615384,18.436226523113316,14.038919514479867,9.115071180856189
0001744489-21-000220,DIS,2021,en,US,79,55393,904,300,0.01631975159316159,0.005415846767642121,0.014370046756810428,0.007979347570992725,-0.5016611295681063,0.022945137472243787,0.0674092394345856,0.0,0.0,0.49210789210789213,11226.0,0.019330126492071976,0.005344735435595938,0.013183680741136647,0.005255656511669339,-0.5667870036101083,21.016523675130223,15.461292586006282,11.774454830125851
0001744489-20-000197,DIS,2020,en,US,79,61865,972,306,0.015711630162450498,0.004946253940030712,0.013852743877798432,0.007791158166976481,-0.5211267605633803,0.02240362078719793,0.06708154853309625,0.0,0.0,0.49927745664739887,12709.0,0.018884255252183492,0.004957117003698166,0.012510819104571563,0.005429223385002754,-0.5841584158415841,21.48363762391839,15.151763695810352,12.80262827579484
0001744489-19-000225,DIS,2019,en,US,79,56007,743,281,0.013266198867998643,0.005017229989108504,0.012801971182173657,0.007874015748031496,-0.451171875,0.023747031621047368,0.06704519077972396,0.0,0.0,0.4768928220255654,12487.0,0.016657323616561224,0.006326579642828542,0.009770160967406103,0.006326579642828542,-0.44947735191637633,15.977826266930133,14.125651619801538,7.0433664577012784
0001001039-18-000187,DIS,2018,en,US,79,49238,693,246,0.014074495308501564,0.00499614119176246,0.012673138632763313,0.008753401844104147,-0.476038338658147,0.02715382428205857,0.0703927860595475,0.0,0.0,0.44326462627524466,11694.0,0.015306995040191552,0.00513083632632119,0.009064477509834103,0.006328031469129468,-0.497907949790795,17.77224428128834,13.43237121945066,7.131373382193232
0001001039-17-000198,DIS,2017,en,US,79,44528,596,221,0.013384836507366151,0.004963169241825369,0.011610671936758894,0.007882680560546173,-0.4589963280293758,0.027016708587854835,0.07143819619116062,0.0,0.0,0.4511861313868613,10820.0,0.017190388170055453,0.005822550831792976,0.009057301293900186,0.006192236598890942,-0.4939759036144578,14.725691849510197,12.709174154061262,7.037287473601949
0001001039-16-000516,DIS,2016,en,US,79,44182,589,240,0.01333122085917342,0.005432076411208184,0.011950568104658006,0.0077633425376850305,-0.4209891435464415,0.027024580145760715,0.07143180480738763,0.0,0.0,0.4510344827586207,11557.0,0.015142337976983646,0.006749156355455568,0.00917193043177295,0.0057108246084624035,-0.383399209486166,15.815017178758596,12.444814140013156,7.162666170293465
0001001039-15-000255,DIS,2015,en,US,79,44489,610,233,0.013711254467396435,0.005237249657218638,0.012317651554316798,0.008406572411157814,-0.4472123368920522,0.02670323001191306,0.07064667670660163,0.0,0.0,0.4513969060263219,12095.0,0.014799503927242661,0.006614303431169905,0.009425382389417114,0.006448945845390657,-0.38223938223938225,15.828685077669439,12.873732736329869,7.608721431525806
0001065280-24-000030,NFLX,2023,en,US,78,29754,651,153,0.021879411171607178,0.00514216575922565,0.021946629024668953,0.010250722591920414,-0.6194029850746269,0.03233178732271291,0.06668011023727902,0.0,0.0,0.3469110658520027,4075.0,0.006134969325153374,0.0034355828220858898,0.014478527607361963,0.00294478527607362,-0.28205128205128205,21.40393000065132,13.154301250399485,3.6334351603416803
0001065280-23-000035,NFLX,2022,en,US,78,27314,570,136,0.020868419125723073,0.004979131580874277,0.022076590759317567,0.010470820824485612,-0.6147308781869688,0.03133923995020869,0.06732811012667496,0.0,0.0,0.3647495361781076,4146.0,0.004582730342498794,0.004582730342498794,0.015918958031837915,0.003376748673420164,0.0,19.28244312664344,12.46437764730073,3.081569329313748
0001065280-22-000036,NFLX,2021,en,US,78,27047,575,138,0.02125928938514438,0.005102229452434651,0.021776906865826156,0.01046326764521019,-0.6129032258064516,0.030761267423374126,0.06651384626760824,0.0,0.0,0.3675408589889776,4212.0,0.00641025641025641,0.004510921177587844,0.015432098765432098,0.0033238366571699905,-0.17391304347826086,20.44641907747655,13.192552486915613,3.71634591955429
0001065280-21-000040,NFLX,2020,en,US,78,28049,617,135,0.02199721915219794,0.004813005811258869,0.02135548504403009,0.010196441940889159,-0.6409574468085106,0.031052800456344256,0.0656707904025099,0.0,0.0,0.3579063767047549,4489.0,0.007128536422365783,0.003787034974381822,0.017153040766317667,0.005569169079973268,-0.30612244897959184,23.516792491148745,14.179668911667681,5.226433416843495
0001065280-20-000040,NFLX,2019,en,US,78,26089,563,117,0.02157997623519491,0.004484648702518303,0.020315075319100005,0.010924144275365097,-0.6558823529411765,0.03189083521790793,0.0640883130821419,0.0,0.0,0.3354632587859425,4065.0,0.004493904565202522,0.0034440344403444036,0.015498154981549815,0.005658056580565805,0.07692307692307693,19.839480384746885,12.579583597687108,1.7202720088466472
0001065280-19-000043,NFLX,2018,en,US,78,27632,542,130,0.01961493920092646,0.004704690214244354,0.018746381007527506,0.01056745801968732,-0.6130952380952381,0.033765199768384484,0.061703821656050956,0.0,0.0,0.2926459438968916,6123.0,0.004493904565202522,0.004246284501061571,0.012575534868528498,0.005389514943655071,0.08333333333333333,19.216293320333488,11.977657137806153,1.7202720088466472
0001065280-18-000069,NFLX,2017,en,US,78,27913,529,129,0.01895174291548741,0.004621502525704869,0.018378533299896107,0.0096012610611543,-0.60790273556231,0.03421344893060581,0.06255149930140078,0.0,0.0,0.2928544983339504,6235.0,0.004493904565202522,0.00400962309542903,0.012349639133921411,0.004651162790697674,0.02040816326530612,18.38498805039416,12.05488867851147,2.105411007242218
0001628280-17-000496,NFLX,2016,en,US,78,26249,505,127,0.019238828145834126,0.0048382795535068,0.0193531182140272,0.0088003352508667,-0.5981012658227848,0.03261076612442379,0.06346908453655377,0.0,0.0,0.32117367168913563,6122.0,0.004573668735707285,0.004246978111728194,0.014537732767069584,0.004083632799738647,-0.037037037037037035,16.320879056351885,11.248569723106,1.9504746514244007
0001065280-16-000047,NFLX,2015,en,US,78,27381,569,122,0.02078083342463752,0.0044556444249662175,0.018918227968299187,0.010554764252583908,-0.6468885672937771,0.032358204594426794,0.0631094554618166,0.0,0.0,0.3221117061973986,6439.0,0.0059015375058238855,0.003727286845783507,0.014753843764559715,0.0045038049386550705,-0.22580645161290322,19.524716450477953,11.625863281722767,2.3354755942458727
0001065280-15-000006,NFLX,2014,en,US,78,27031,556,120,0.02056897636047501,0.004439347415929858,0.0188672265177019,0.010469460989234583,-0.6449704142011834,0.030224556990122452,0.06496245051977359,0.0,0.0,0.3649436455499417,6173.0,0.00566985258383282,0.00388789891462822,0.013283654624979751,0.004535882067066256,-0.1864406779661017,17.470318233978738,10.802364050943629,1.8282926145070941
0001166691-24-000011,CMCSA,2023,en,US,48,50869,693,171,0.01362322829228017,0.0033615758123808214,0.01144115276494525,0.009436002280367218,-0.6041666666666666,0.02184041361143329,0.05411940474552281,0.0,0.0,0.4249482401656315,11230.0,0.009528049866429208,0.002315227070347284,0.007077571912623459,0.00365093499554764,-0.6090225563909775,18.465630358904164,15.247020281876422,3.6425633317181485
0001166691-23-000010,CMCSA,2022,en,US,48,51908,682,189,0.013138629883640287,0.0036410572551437157,0.01103876088464206,0.009632426600909301,-0.56601607347876,0.021576635586036834,0.053691145873468446,0.0,0.0,0.4266700793447658,10545.0,0.00948316737790422,0.0025604551920341396,0.007077571912623459,0.004172593646277857,-0.5748031496062992,19.264671754965132,12.163020039710887,3.3732328921806203
0001166691-22-000009,CMCSA,2021,en,US,48,52750,681,193,0.012909952606635071,0.003658767772511848,0.010748815165876778,0.009554502369668247,-0.5583524027459954,0.020625592417061613,0.05260663507109005,0.0,0.0,0.43670722236603676,11944.0,0.00971198928332217,0.0024279973208305426,0.007077571912623459,0.003851306095110516,-0.6,20.878527777130742,12.52470476481826,5.091265106690711
0001166691-21-000008,CMCSA,2020,en,US,48,55352,710,203,0.012826998121115768,0.003667437490966903,0.011038444861974273,0.009828009828009828,-0.5553121577217963,0.020758057522763405,0.051994507876860815,0.0,0.0,0.42935187484479764,13871.0,0.011751135462475668,0.0037488284910965324,0.0072813784153990336,0.004613942758272655,-0.5162790697674419,20.058739091342535,12.845648673143728,11.017327214077413
0001166691-20-000008,CMCSA,2019,en,US,48,68492,776,246,0.01132979034047772,0.0035916603398937104,0.01078958126496525,0.009212754774280208,-0.5185909980430529,0.02001693628452958,0.052633884249255386,0.0,0.0,0.44895498392282956,12268.0,0.008232800782523638,0.003994131072709488,0.008314313661558527,0.005379850016302576,-0.3466666666666667,17.319164017474925,12.69408814750852,3.1967170142168473
0001166691-19-000005,CMCSA,2018,en,US,48,72038,784,256,0.010883145006801966,0.00355368000222105,0.010605513756628446,0.00966156750603848,-0.5076923076923077,0.02143313251339571,0.0519448069074655,0.0,0.0,0.4158153613318199,12586.0,0.007230255839822024,0.0037343079612267597,0.00794533608771651,0.005005561735261402,-0.3188405797101449,20.021874548705355,13.733897218790178,3.8881980267403233
0001166691-18-000004,CMCSA,2017,en,US,48,66301,747,240,0.011266798389164568,0.0036198549041492585,0.010346751934359964,0.00965294641106469,-0.513677811550152,0.022835251353674906,0.052970543430717484,0.0,0.0,0.39753282928770395,12540.0,0.005342902711323764,0.004784688995215311,0.00733652312599681,0.005342902711323764,-0.05511811023622047,21.91933969070178,14.959421198832453,3.089365731654041
0001193125-17-030512,CMCSA,2016,en,US,48,64117,711,202,0.011089102734064289,0.0031504905095372524,0.01099552380803843,0.009420278553269804,-0.5575027382256298,0.02153874947361854,0.053028058081320086,0.0,0.0,0.4222965906714077,11636.0,0.005156411137848058,0.004297009281540048,0.00799243726366449,0.005156411137848058,-0.09090909090909091,20.64409828657112,14.916616581412837,2.149992734172314
0001193125-16-452423,CMCSA,2015,en,US,48,66524,782,203,0.011755156033912573,0.0030515302747880463,0.00987613492874752,0.010417293007035054,-0.5878172588832488,0.021030004209007275,0.054867416270819556,0.0,0.0,0.44583085759556346,11778.0,0.005773475972151469,0.0042452029206996094,0.007301749023603328,0.004839531329597555,-0.15254237288135594,23.128934506763965,17.447003751727635,2.1963988033661126
0001193125-15-068526,CMCSA,2014,en,US,48,68255,858,206,0.01257050765511684,0.0030180939125338804,0.010709838107098382,0.01133982858398652,-0.6127819548872181,0.022313383634898543,0.05558567137938612,0.0,0.0,0.4271205567049088,13493.0,0.005854887719558289,0.003631512636181724,0.008226487808493292,0.005039650188986882,-0.234375,28.268203781295316,19.588294269131193,4.724445866105203
0000093410-24-000013,CVX,2023,en,US,29,53061,778,266,0.014662369725410377,0.005013098132338252,0.013625826878498332,0.010195812366898475,-0.4904214559386973,0.025310491698234107,0.0613256440700326,0.0,0.0,0.41570589514901024,11840.0,0.014527027027027028,0.00472972972972973,0.017989864864864865,0.008783783783783784,-0.5087719298245614,24.96978655610917,21.8674606139651,14.469630525541142
0000093410-23-000009,CVX,2022,en,US,29,50432,692,238,0.013721446700507614,0.004719225888324873,0.013126586294416244,0.00979536802030457,-0.4881720430107527,0.025479854060913704,0.06125079314720812,0.0,0.0,0.4124371284865112,12018.0,0.012231652521218172,0.0048260941920452655,0.01764020635713097,0.007904809452487935,-0.43414634146341463,23.59316457175047,19.243149404236597,12.858174022838824
0000093410-22-000019,CVX,2021,en,US,29,48608,688,242,0.014154048716260697,0.004978604344963792,0.013228275181040158,0.009916063199473338,-0.47956989247311826,0.02456385780118499,0.06231484529295589,0.0,0.0,0.43452521903859814,11130.0,0.014106019766397125,0.004941599281221923,0.01734052111410602,0.008445642407906559,-0.4811320754716981,22.499322596645566,18.823192031334123,11.847828501918649
0000093410-21-000009,CVX,2020,en,US,29,49934,740,228,0.014819561821604517,0.004566027155845716,0.01375816077221933,0.009252212921055793,-0.5289256198347108,0.02527336083630392,0.0628830055673489,0.0,0.0,0.4266242616992276,11393.0,0.017115772842973755,0.0046519792855262004,0.01729131923110682,0.0071974019134556306,-0.5725806451612904,26.622383104242527,19.087310370520534,17.505590522561764
0000093410-20-000010,CVX,2019,en,US,29,46147,706,177,0.015298936008841312,0.0038355689427265046,0.013175287667670704,0.01120332849372657,-0.5990939977349944,0.02537543068888552,0.0619541898714976,0.0,0.0,0.41885856079404465,9945.0,0.016591251885369532,0.00392156862745098,0.01739567621920563,0.007642031171442936,-0.6176470588235294,22.9103826135085,17.97841601657164,14.024605249444782
0000093410-19-000008,CVX,2018,en,US,29,46822,706,186,0.015078381957199608,0.003972491563794797,0.012494126692580411,0.013861005510230234,-0.5829596412556054,0.026654136944171545,0.06178719405407714,0.0,0.0,0.3972470417773485,10430.0,0.01601150527325024,0.0037392138063279,0.0162032598274209,0.007094918504314478,-0.6213592233009708,24.833525645077824,18.955916701276116,13.899164968215704
0000093410-18-000010,CVX,2017,en,US,29,47060,738,208,0.015682107947301318,0.004419889502762431,0.012558436039099022,0.013302167445813855,-0.5602536997885835,0.027135571610709733,0.06206969825754356,0.0,0.0,0.3916150547879943,10462.0,0.017205123303383675,0.004779200917606577,0.016058115083158096,0.0065952972662970755,-0.5652173913043478,24.52077219721857,19.105711151641994,14.634619687803273
0000093410-17-000013,CVX,2016,en,US,29,47469,738,200,0.015546988560955571,0.004213276032779287,0.012302766015715519,0.013651014346204892,-0.5735607675906184,0.027112431270934715,0.06058690935136615,0.0,0.0,0.38169589238529905,10567.0,0.016277089050818587,0.004637077694709946,0.015898552096148388,0.006719030945396044,-0.5565610859728507,25.628442800314026,20.575332671594392,13.95931397508874
0000093410-16-000049,CVX,2015,en,US,29,45460,661,197,0.014540255169379674,0.004333479982402111,0.012296524417069951,0.01315442146942367,-0.5407925407925408,0.024813022437307524,0.060118785745710515,0.0,0.0,0.4156954156954157,9998.0,0.015303060612122424,0.004300860172034407,0.016403280656131225,0.007001400280056011,-0.5612244897959183,25.4339370298126,19.450032446031866,14.171894600402924
0000093410-15-000010,CVX,2014,en,US,29,46502,627,187,0.013483291041245538,0.004021332415810073,0.012365059567330437,0.012451077373016215,-0.5405405405405406,0.02363339211216722,0.06049202184852264,0.0,0.0,0.4381390593047035,10139.0,0.01578064897918927,0.003945162244797317,0.01607653614754907,0.007101292040635171,-0.6,24.51519285310991,17.51069381593417,16.908551931140074
0000034088-24-000018,XOM,2023,en,US,29,45823,638,366,0.013923139034982433,0.007987255308469545,0.012591929816904174,0.00661239988651987,-0.27091633466135456,0.023634419396373,0.052309975339894815,0.0,0.0,0.3775862068965517,15524.0,0.013656274156145324,0.012738104091278048,0.013076526668384438,0.004058232414326205,-0.011933174224343675,25.60834347813355,12.11616651875977,19.672788659690962
0000034088-23-000020,XOM,2022,en,US,29,45004,640,341,0.014220958137054485,0.007577104257399343,0.012265576393209493,0.006332770420407075,-0.30479102956167176,0.024264509821349214,0.052284241400764375,0.0,0.0,0.3660377358490566,14934.0,0.013860988348734431,0.012387839828579082,0.013258336681398152,0.004352484264095353,-0.05612244897959184,23.764889642721144,11.846542094187564,19.371031847038612
0000034088-22-000011,XOM,2021,en,US,29,42437,565,329,0.013313853476918727,0.007752668661780993,0.01201781464288239,0.006126729033626317,-0.2639821029082774,0.023493649409713224,0.052713434031623346,0.0,0.0,0.383426097711812,13486.0,0.01453359039003411,0.012738104091278048,0.013569627762123684,0.004152454397152602,-0.05945945945945946,19.429637000051432,10.473135944366144,15.745286941992267
0000034088-21-000012,XOM,2020,en,US,29,43527,578,284,0.013279114113079239,0.0065246858271877225,0.012268247294782549,0.006478737335446964,-0.34106728538283065,0.023249936820823856,0.05309348220644657,0.0,0.0,0.3909118266626542,13460.0,0.015007429420505201,0.010846953937592867,0.013670133729569094,0.004011887072808321,-0.16091954022988506,21.807315309946972,9.875926268384351,16.53473193174514
0000034088-20-000016,XOM,2019,en,US,29,40961,463,262,0.011303434974732062,0.006396328214643197,0.012109079368179489,0.007177559141622519,-0.2772413793103448,0.022924245013549473,0.054881472620297356,0.0,0.0,0.41073109507373706,12530.0,0.011731843575418994,0.010614525139664804,0.01452513966480447,0.004628890662410215,-0.05,19.771102612788738,10.057493827305487,12.609539007860265
0000034088-19-000010,XOM,2018,en,US,29,40700,483,248,0.011867321867321867,0.006093366093366094,0.012407862407862407,0.007346437346437347,-0.32147742818057456,0.023857493857493858,0.054963144963144965,0.0,0.0,0.3946384039900249,12297.0,0.011140928681792306,0.00967715703016996,0.015369602342034643,0.004635276896804099,-0.0703125,20.57358526716799,10.451554246368959,11.031244434218259
0000034088-18-000015,XOM,2017,en,US,29,42121,467,234,0.01108710619405997,0.005555423660406923,0.012464091545784763,0.007834571828778994,-0.33238231098430815,0.023147598585028847,0.05415351012559056,0.0,0.0,0.4011056511056511,12643.0,0.010915130902475678,0.009728703630467453,0.01486988847583643,0.005062089693901764,-0.05747126436781609,20.62728537038835,9.910604041140711,11.441908856055585
0000034088-17-000017,XOM,2016,en,US,29,40278,431,218,0.010700630617210388,0.0054123839316748594,0.011966830527831571,0.0068275485376632404,-0.32819722650231126,0.02244401410199116,0.052584537464620884,0.0,0.0,0.4017207147584381,12110.0,0.01147811725846408,0.009496284062758051,0.014616019818331957,0.004624277456647399,-0.09448818897637795,19.48897986166541,9.943131348348563,12.080085942503477
0000034088-16-000065,XOM,2015,en,US,29,38053,386,212,0.010143746879352482,0.005571177042545923,0.012298636112790057,0.006832575618216698,-0.2909698996655518,0.02294168659501222,0.05176989987648806,0.0,0.0,0.38586000703482237,11269.0,0.01055994320702813,0.0100275090957494,0.015440589227083149,0.004525689945869198,-0.02586206896551724,18.547815505173897,9.662102197657315,10.510669018485073
0000034088-15-000013,XOM,2014,en,US,29,36554,388,202,0.010614433440936696,0.005526071018219621,0.011790775291349784,0.007386332549105433,-0.3152542372881356,0.02103736937134103,0.05337309186409148,0.0,0.0,0.4345588235294118,10350.0,0.011980676328502415,0.010144927536231883,0.014589371980676329,0.004251207729468599,-0.08296943231441048,18.190578259052103,8.786024409740056,10.818851128253279
0000018230-24-000009,CAT,2023,en,US,35,52395,942,253,0.017978814772401947,0.004828705029105831,0.015993892546998758,0.009943696917644813,-0.5765690376569038,0.027044565321118427,0.0606355568279416,0.0,0.0,0.38310840226382237,11420.0,0.015499124343257443,0.008231173380035026,0.014185639229422066,0.00446584938704028,-0.3062730627306273,23.395657442123504,12.753420600765978,8.173918601563184
0000018230-23-000011,CAT,2022,en,US,35,52955,952,240,0.017977528089887642,0.004532149938627136,0.015409309791332263,0.0104050609007648,-0.5973154362416108,0.026362005476347844,0.06001321877065433,0.0,0.0,0.3895933537385221,11877.0,0.016418287446324828,0.007914456512587353,0.01338721899469563,0.005051780752715332,-0.3494809688581315,23.722835492967484,12.534503071378493,10.668230183966315
0000018230-22-000050,CAT,2021,en,US,35,54151,903,247,0.016675592325164818,0.004561319273882292,0.01512437443445181,0.009584310539048216,-0.5704347826086956,0.02638917102177245,0.05944488559768056,0.0,0.0,0.3851118760757315,12699.0,0.013859359004646035,0.008110874872037169,0.012284431845027168,0.003937317899047169,-0.2616487455197133,23.99447679628799,13.276770543788738,9.49428632636937
0000018230-21-000063,CAT,2020,en,US,35,55394,969,222,0.017492869263819186,0.004007654258583962,0.014839152254756833,0.008791565873560314,-0.6272040302267002,0.03021987940932231,0.05850814167599379,0.0,0.0,0.3188199389623601,13637.0,0.015179291633057123,0.005719733079122974,0.011439466158245948,0.004106475031165212,-0.45263157894736844,24.4067591381775,13.144558417930241,10.019429142769631
0000018230-20-000056,CAT,2019,en,US,35,58639,1082,242,0.018451883558723715,0.004126946230324528,0.014307883831579665,0.00893603233342997,-0.6344410876132931,0.029656030969150225,0.0584593870973243,0.0,0.0,0.326882136636346,16176.0,0.020153313550939665,0.007109297725024728,0.010818496538081108,0.005625618199802176,-0.47845804988662133,25.71157882040673,12.925691059625208,20.694550765941017
0000018230-19-000034,CAT,2018,en,US,35,60639,1162,323,0.01916258513497914,0.005326604990187833,0.014446148518280315,0.008888669008393938,-0.564983164983165,0.02879335081383268,0.06086841801480895,0.0,0.0,0.35773404450984,17436.0,0.02018811654049094,0.01049552649690296,0.011183757742601514,0.005333792154163799,-0.31588785046728973,24.81567915792373,12.340196595221927,19.775206913912502
0000018230-18-000042,CAT,2017,en,US,35,61912,1298,343,0.02096524098720765,0.005540121462721282,0.014811345135030365,0.008770512986173925,-0.5819622181596588,0.032093939785502006,0.06073136064090968,0.0,0.0,0.30850878719331826,19582.0,0.023593095700132776,0.00944745174139516,0.011745480543356144,0.006128076805229293,-0.4281298299845441,27.02817586599591,13.330925075136397,23.75907807850812
0000018230-17-000041,CAT,2016,en,US,35,63037,1493,332,0.023684502752351795,0.005266748100322033,0.01462633056776179,0.007995304345067183,-0.6361643835616438,0.03412281675841173,0.06013928327807478,0.0,0.0,0.276001346348031,20076.0,0.03187886033074318,0.007670850767085077,0.011605897589161187,0.005329746961546125,-0.6120906801007556,27.320917294759358,12.477363611956678,26.539648090294204
0000018230-16-000410,CAT,2015,en,US,35,60443,1383,355,0.022881061495954865,0.005873302119352117,0.01477425011994772,0.008172989428056185,-0.5914844649021864,0.03295666992042089,0.060453650546796155,0.0,0.0,0.29436769394261425,19616.0,0.029006933115823818,0.009074225122349103,0.01050163132137031,0.005505709624796085,-0.5234270414993306,25.49980979456791,12.670625779096424,23.929814459537347
0000018230-15-000061,CAT,2014,en,US,35,18867,445,83,0.02358615572163036,0.004399215561562517,0.022579106376212434,0.015635766152541475,-0.6856060606060606,0.025388244023957174,0.048310516283073104,0.0,0.0,0.3088023088023088,,,,,,,14.716086447592454,7.543861989054379,
0000012927-24-000010,BA,2023,en,US,37,47233,952,306,0.020155399826392563,0.006478521372769039,0.015878728854826076,0.01253360997607605,-0.5135135135135135,0.028602883577160038,0.05716342387737387,0.0,0.0,0.33300419649469265,10901.0,0.02247500229336758,0.009265205027061737,0.013209797266305844,0.009632143840014677,-0.4161849710982659,25.525004328816056,14.48350830194536,18.00589536928498
0000012927-23-000007,BA,2022,en,US,37,47980,957,305,0.019945810754481035,0.006356815339724885,0.015423092955398083,0.012692788661942477,-0.5166402535657686,0.027803251354731138,0.05619007919966653,0.0,0.0,0.3379652605459057,12373.0,0.0220641719873919,0.008324577709528812,0.012608098278509658,0.00977935828012608,-0.4521276595744681,26.455928212806025,13.29373310734525,20.432834143077557
0000012927-22-000010,BA,2021,en,US,37,54082,1090,308,0.020154580082097556,0.005695055656225731,0.015587441292851596,0.012129728930143116,-0.5593705293276109,0.02738434229503347,0.056229429385007954,0.0,0.0,0.34498009730207874,14503.0,0.02034061918223816,0.0068261738950561954,0.01330759153278632,0.008963662690477832,-0.49746192893401014,29.829046554976323,17.951854085690712,18.650519907437356
0000012927-21-000011,BA,2020,en,US,37,57604,1243,320,0.02157836261370738,0.005555169779876397,0.015710714533712936,0.012221373515728074,-0.5905310300703774,0.027706409277133533,0.05454482327616138,0.0,0.0,0.32629801604052344,15748.0,0.02095504191008382,0.006477012954025908,0.013843027686055371,0.009080518161036322,-0.5277777777777778,31.64820513011255,17.61962102205317,22.143987212604802
0000012927-20-000014,BA,2019,en,US,37,47751,893,270,0.018701179032899834,0.005654331846453477,0.015497057653242864,0.013800758099306821,-0.5356835769561479,0.026889489225356538,0.05432346966555674,0.0,0.0,0.3378029912325941,11686.0,0.016258771179188773,0.008129385589594387,0.013691596782474755,0.011980147184665411,-0.3333333333333333,22.798949541455872,13.608923671781149,14.505924222397708
0000012927-19-000010,BA,2018,en,US,37,43557,707,262,0.016231604564134354,0.006015106641871571,0.014877057648598388,0.014417889202653994,-0.45923632610939114,0.02670064513166655,0.05636292673967445,0.0,0.0,0.35710337202874515,10757.0,0.012549967463047318,0.008645533141210375,0.01320070651668681,0.01171330296551083,-0.18421052631578946,19.477843546641814,11.683213513110063,10.29163892626383
0000012927-18-000007,BA,2017,en,US,37,41784,690,232,0.016513497989661115,0.005552364541451273,0.01517327206586253,0.013880911353628183,-0.4967462039045553,0.026924181504882252,0.056457017040015316,0.0,0.0,0.3541905855338691,10137.0,0.011837821840781295,0.007201341619808622,0.013317549570878958,0.010555391141363323,-0.24352331606217617,19.776654500432898,11.32207917502959,9.084053222988267
0000012927-17-000006,BA,2016,en,US,37,43850,735,241,0.016761687571265678,0.005496009122006842,0.01523375142531357,0.013591790193842646,-0.5061475409836066,0.027320410490307867,0.05514253135689852,0.0,0.0,0.33738938053097345,11402.0,0.013506402385546396,0.007016312927556569,0.014032625855113138,0.011313804595684967,-0.3162393162393162,20.546051307507007,12.113702515341537,11.33750482298651
0000012927-16-000099,BA,2015,en,US,37,44028,763,250,0.017329880984827836,0.005678204778777142,0.015444716998273825,0.014672481148360134,-0.506416584402764,0.026846552194058328,0.05657763241573544,0.0,0.0,0.35638442689899263,11203.0,0.013478532535927876,0.008122824243506204,0.013121485316433099,0.013210747121306793,-0.24793388429752067,22.280164403764616,11.757002065079416,10.530920578829432
0000012927-15-000011,BA,2014,en,US,37,44225,784,248,0.01772752967778406,0.005607687959299039,0.01544375353306953,0.014855850763143018,-0.5193798449612403,0.026772187676653476,0.05716223855285472,0.0,0.0,0.3620689655172414,11074.0,0.013003431461080007,0.008217446270543615,0.013003431461080007,0.013545241105291674,-0.225531914893617,23.584278197538755,12.086004200424629,12.031938809656223
0000773840-24-000014,HON,2023,en,US,37,49678,918,328,0.018479004790853095,0.006602520230283022,0.015137485406014735,0.015781633721164298,-0.47351524879614765,0.02739643302870486,0.06618623938161762,0.0,0.0,0.41449774144977414,42709.0,0.020581142148025006,0.005291624716101993,0.01596853122292725,0.017279730267625092,-0.5909502262443439,25.911682771839427,14.197065775001644,70.48014636221038
0000773840-23-000013,HON,2022,en,US,37,47189,906,338,0.01919938968827481,0.007162686219246011,0.014473712093920192,0.01593591726885503,-0.4565916398713826,0.028184534531352647,0.06482442942211109,0.0,0.0,0.3939393939393939,40235.0,0.021349571268795824,0.005368460295762396,0.015334907418913881,0.017671181806884553,-0.598139534883721,23.570253556864536,14.289947019709462,63.73431528404564
0000773840-22-000018,HON,2021,en,US,37,45552,897,321,0.019691780821917807,0.007046891464699684,0.014313312258517738,0.017408675799086757,-0.4729064039408867,0.028231471724622408,0.06625395152792413,0.0,0.0,0.4024163568773234,39709.0,0.02170792515550631,0.005741771386839256,0.014883275831675438,0.01901332191694578,-0.581651376146789,25.56771930673488,11.925327952678707,67.42083940997121
0000773840-21-000015,HON,2020,en,US,37,44946,934,282,0.020780492146130914,0.006274195701508477,0.014728785653895786,0.01748765184888533,-0.5361842105263158,0.02947982022871891,0.06340942464290482,0.0,0.0,0.3652694610778443,39906.0,0.02255299954894001,0.00513707211948078,0.015185686362952939,0.018844284067558763,-0.6289592760180995,26.42525252958328,12.66027943653624,70.17420420518673
0000773840-20-000009,HON,2019,en,US,37,38951,815,205,0.020923724679725808,0.005263022772200971,0.014941850016687633,0.01812533696182383,-0.5980392156862745,0.031372750378680904,0.061051064157531254,0.0,0.0,0.3211111111111111,6446.0,0.015513496742165685,0.008222153273347813,0.021874030406453613,0.011169717654359293,-0.30718954248366015,20.085874452257688,10.838328224124812,5.75193516812761
0000930413-19-000366,HON,2018,en,US,37,38051,736,200,0.019342461433339467,0.005256103650363986,0.01416519933773094,0.01697721479067567,-0.5726495726495726,0.03130009723791753,0.0639667814249297,0.0,0.0,0.3428965517241379,7480.0,0.013903743315508022,0.008689839572192513,0.017112299465240642,0.00949197860962567,-0.23076923076923078,18.253226556329345,10.148092627398269,5.48358912777639
0000930413-18-000292,HON,2017,en,US,37,35956,712,173,0.019801980198019802,0.004811436199799755,0.014712426298809657,0.0157414617866281,-0.6090395480225989,0.033763488708421406,0.06304928245633552,0.0,0.0,0.30249928181557023,7899.0,0.01595138625142423,0.007975693125712115,0.017470565894417017,0.009874667679453095,-0.3333333333333333,16.943337633809204,9.961362295652235,6.58511452694234
0000930413-17-000391,HON,2016,en,US,37,33719,642,157,0.019039710548948666,0.004656128592188381,0.015184317447136629,0.015095346837094813,-0.6070087609511889,0.03253358640529078,0.0657789376909161,0.0,0.0,0.33815987933634994,7913.0,0.017313281941109565,0.00732971060280551,0.017313281941109565,0.009098951093137875,-0.40512820512820513,15.733041772946269,9.82610176376257,7.470081653101591
0000930413-16-005457,HON,2015,en,US,37,29983,587,137,0.019577760731080945,0.004569255911683287,0.01620918520494947,0.01607577627322149,-0.6215469613259669,0.03305206283560684,0.06303572024147017,0.0,0.0,0.3120444290177022,7118.0,0.016577690362461366,0.00688395616746277,0.01938746838999719,0.009272267490868222,-0.41317365269461076,15.51091931240961,9.087573411159031,6.992292267615724
0000930413-15-000621,HON,2014,en,US,37,30250,547,152,0.018082644628099175,0.005024793388429752,0.015702479338842976,0.015239669421487603,-0.5650929899856938,0.031107438016528925,0.06264462809917355,0.0,0.0,0.33638928067700985,7399.0,0.012839572915258819,0.008109203946479253,0.019191782673334233,0.00892012434112718,-0.22580645161290322,13.002846735402164,8.785256067797368,5.223115419277296
0000066740-24-000016,MMM,2023,en,US,38,62759,1906,265,0.030370146114501506,0.00422250195191128,0.01451584633279689,0.024538968744795178,-0.7558728696453247,0.031103108717474785,0.06639685144760114,0.0,0.0,0.3619872528190881,10808.0,0.024241302738712067,0.0050888230940044415,0.010640266469282013,0.007679496669133975,-0.6529968454258676,42.9037311431831,22.175947516951588,8.331374153748824
0000066740-23-000014,MMM,2022,en,US,38,63882,1805,267,0.02825522056291287,0.004179581102658026,0.013884975423436962,0.023731254500485268,-0.7422779922779923,0.03096333865564635,0.0670611439842209,0.0,0.0,0.36825295432769084,10641.0,0.018701249882529837,0.0062964007142185885,0.011371111737618645,0.005262663283525985,-0.49624060150375937,43.657308509628464,21.922711015088062,10.309977184421834
0000066740-22-000010,MMM,2021,en,US,38,63103,1727,293,0.027367953980000952,0.004643202383404909,0.01340665261556503,0.02419853255788156,-0.7099009900990099,0.030315515902571987,0.06651030854317544,0.0,0.0,0.37381342062193124,10978.0,0.013208234651120422,0.007833849517216251,0.011932956822736382,0.0038258334851521223,-0.2554112554112554,43.27405491270496,23.07061732466419,6.9197417034243545
0001558370-21-000737,MMM,2020,en,US,38,67746,1720,329,0.025388952853304992,0.0048563752841496175,0.01310778496147374,0.019587872346706815,-0.6788677403611518,0.030540548519469784,0.0679744929589939,0.0,0.0,0.3799820197782439,15683.0,0.017726200344321878,0.007077727475610533,0.011541159216986546,0.0037620353248740673,-0.42930591259640105,40.50248569784594,22.001056562809243,13.077845244378345
0001558370-20-000581,MMM,2019,en,US,38,65639,1503,330,0.02289797224211216,0.005027498895473727,0.013254315269885282,0.016910678102957082,-0.6399345335515548,0.03085056140404333,0.06790170477917092,0.0,0.0,0.3751928417155199,15407.0,0.01674563510092815,0.00707470630233011,0.011098851171545401,0.0036996170571818006,-0.40599455040871935,32.96930861726604,22.33552600167104,10.007549585989612
0001558370-19-000470,MMM,2018,en,US,38,61048,1256,319,0.02057397457738173,0.0052253964093827805,0.012891495216878521,0.014300222775520902,-0.594920634920635,0.03127047569125933,0.06621019525619184,0.0,0.0,0.3584271550999832,15686.0,0.014216498788728802,0.007395129414764758,0.009180160652811424,0.00337880912915976,-0.31563421828908556,29.79696241409053,22.590113925994288,9.385277322227445
0001558370-18-000535,MMM,2017,en,US,38,61570,1240,318,0.020139678414812408,0.005164853012830924,0.01276595744680851,0.014390125060906285,-0.5917843388960206,0.030128309241513725,0.06724053922364788,0.0,0.0,0.3811509591326105,14669.0,0.014520417206353534,0.008521371599972731,0.009407594246369895,0.0036130615583884382,-0.2603550295857988,31.028980848718295,22.00321305454468,9.151277367479935
0001558370-17-000479,MMM,2016,en,US,38,58872,1210,301,0.02055306427503737,0.005112787063459709,0.012943334692213615,0.013996466911265118,-0.6015883520847121,0.029198940073379535,0.06906509036553879,0.0,0.0,0.40570440795159896,14080.0,0.01612215909090909,0.006818181818181818,0.009659090909090909,0.0038352272727272727,-0.4055727554179567,29.91176866912191,19.808703468486822,10.485050042299186
0001558370-16-003162,MMM,2015,en,US,38,54301,942,270,0.017347746818658957,0.00497228411999779,0.012872691110660946,0.013241008452883004,-0.5544554455445545,0.0289497430986538,0.0704222758328576,0.0,0.0,0.4173461823573017,12785.0,0.012045365662886194,0.006961282753226437,0.010089949159170903,0.003363316386390301,-0.2674897119341564,23.05415017541511,17.122591881292614,8.430451766145943
0001104659-15-009560,MMM,2014,en,US,38,54620,943,279,0.017264738191138777,0.005108019040644452,0.013328451116807031,0.013474917612596119,-0.5433715220949263,0.029091907726107653,0.06715488831929696,0.0,0.0,0.3954727030625832,13003.0,0.008459586249327078,0.006921479658540337,0.010920556794585866,0.0034607398292701686,-0.1,23.767567773937554,17.447115990400277,7.691003227332521
0001090727-24-000008,UPS,2023,en,US,42,55995,879,303,0.015697830163407447,0.005411197428341816,0.016483614608447182,0.009411554603089562,-0.4873096446700508,0.02944905795160282,0.05668363246718457,0.0,0.0,0.3161932407215426,13000.0,0.016923076923076923,0.0063076923076923076,0.01623076923076923,0.005615384615384615,-0.45695364238410596,21.574681838402697,13.160619737104229,10.703619257887699
0001090727-23-000006,UPS,2022,en,US,42,53620,813,294,0.015162252890712422,0.005483028720626632,0.015852293920179037,0.009418127564341664,-0.46883468834688347,0.030026109660574413,0.05747855277881388,0.0,0.0,0.3137254901960784,12639.0,0.015586676161088693,0.006092254134029591,0.01527019542685339,0.005221932114882507,-0.43795620437956206,18.139507555443373,11.968804159751475,7.863633345750028
0001090727-22-000007,UPS,2021,en,US,42,55550,815,312,0.014671467146714672,0.005616561656165617,0.015499549954995499,0.009756975697569756,-0.44631765749778174,0.029522952295229523,0.0571017101710171,0.0,0.0,0.3183707398171239,12253.0,0.013139639272015016,0.006284175304007182,0.015261568595446013,0.004978372643434261,-0.35294117647058826,17.923928076433295,12.72177289087689,4.913420006356288
0001090727-21-000013,UPS,2020,en,US,42,57306,816,300,0.014239346665270653,0.005235053921055387,0.015373608348165986,0.009702299933689316,-0.46236559139784944,0.028373992252120197,0.057254039716609084,0.0,0.0,0.33727328306500914,12081.0,0.012002317688933036,0.004883701680324476,0.01605827332174489,0.005876996937339624,-0.4215686274509804,19.232772397085032,13.863549594083713,5.867006636970464
0001090727-20-000005,UPS,2019,en,US,42,58391,753,290,0.01289582298641914,0.004966518812830744,0.014950934219314621,0.01020705245671422,-0.4439117929050815,0.02959360175369492,0.05744035895942868,0.0,0.0,0.31995277449822906,11470.0,0.010462074978204011,0.0037489102005231036,0.016477768090671318,0.0061900610287707065,-0.4723926380368098,18.23591105120087,12.61497216595256,5.170391408870294
0001090727-19-000006,UPS,2018,en,US,42,61383,777,345,0.012658227848101266,0.005620448658423342,0.014303634556799115,0.010719580339833504,-0.3850267379679144,0.03240310835247544,0.05670951240571494,0.0,0.0,0.27276051188299816,17454.0,0.008708605477254498,0.004869943852412055,0.013922310072189756,0.0068179213933768764,-0.28270042194092826,19.481461109355973,13.959816664058842,7.962627446529118
0001090727-18-000009,UPS,2017,en,US,42,58506,799,317,0.013656718968994633,0.005418247701090486,0.014032748777903122,0.01051174238539637,-0.43189964157706096,0.03297097733565788,0.05789149830786586,0.0,0.0,0.2742663656884876,16478.0,0.01007403811142129,0.005158393008860299,0.012380143221264716,0.006190071610632358,-0.32270916334661354,20.117287956482546,14.153884841965887,8.735868165390661
0001090727-17-000011,UPS,2016,en,US,42,57757,766,372,0.013262461692954966,0.0064407777412261715,0.01367799574077601,0.009384143913291895,-0.3462214411247803,0.031753726820991396,0.058780753848018424,0.0,0.0,0.29852744310575635,16831.0,0.011645178539599548,0.005882003446022221,0.01235814865426891,0.006357316855801794,-0.3288135593220339,20.6665927836983,16.498862352764544,11.01759365830942
0001090727-16-000053,UPS,2015,en,US,42,57132,810,405,0.014177693761814745,0.007088846880907372,0.013197507526430022,0.00939928586431422,-0.3333333333333333,0.03171602604494854,0.057305888118742564,0.0,0.0,0.2874557609123083,15888.0,0.012965760322255791,0.006419939577039275,0.011832829808660624,0.0062940584088620345,-0.33766233766233766,21.67815402667699,19.259841742196897,11.169932962771872
0001090727-15-000008,UPS,2014,en,US,42,55950,842,411,0.015049151027703307,0.007345844504021448,0.013011617515638963,0.009061662198391421,-0.34397446129289705,0.03136729222520107,0.05676496872207328,0.0,0.0,0.2881768403974853,16348.0,0.014068999265965255,0.006116956202593589,0.011561047222901884,0.005749938830437974,-0.3939393939393939,22.578122044072554,18.35612944463747,12.872649983690575
0000037996-24-000009,F,2023,en,US,37,78151,1766,423,0.022597279625340687,0.005412598687156914,0.01639134496039718,0.010620465509078579,-0.613522156235724,0.02797149108776599,0.0646696779311845,0.0,0.0,0.3961325966850829,19212.0,0.020039558609202583,0.006766604205704768,0.015823443681032688,0.004684572142410993,-0.49514563106796117,47.123433727606496,26.40176100105088,22.92106480840156
0000037996-23-000012,F,2022,en,US,37,74707,1625,424,0.021751643085654623,0.005675505642041576,0.015527326756528839,0.010092762391743745,-0.5861395802830649,0.028297214451122384,0.0655895699198201,0.0,0.0,0.3972055888223553,20307.0,0.019254444280297434,0.008174521101098144,0.014133057566356428,0.004136504653567736,-0.40394973070017953,40.522579039125354,22.218425480096247,23.324073124241856
0000037996-22-000013,F,2021,en,US,37,71989,1507,397,0.02093375376793677,0.005514731417299865,0.014905054938949006,0.009945963966717137,-0.582983193277311,0.02833766269846782,0.06595452082957118,0.0,0.0,0.398939304655274,20925.0,0.01882915173237754,0.007933094384707289,0.013094384707287934,0.004301075268817204,-0.40714285714285714,37.93060756198925,20.62799412029522,24.74453961250785
0000037996-21-000012,F,2020,en,US,37,70261,1478,322,0.021035852037403397,0.0045829122841974925,0.015072373009208523,0.009251220449466987,-0.6422222222222222,0.028721481333883664,0.06464468197150625,0.0,0.0,0.3847560975609756,20386.0,0.01913077602276072,0.005592072991268518,0.013195330128519572,0.003826155204552144,-0.5476190476190477,38.8816248138477,20.286581652860864,27.765167139989895
0000037996-20-000010,F,2019,en,US,37,63371,1311,258,0.02068769626485301,0.0040712628804973885,0.015338246200943649,0.010430638620189045,-0.6711281070745698,0.026952391472440076,0.06545580786164018,0.0,0.0,0.4166666666666667,17962.0,0.018594811268232935,0.005288943324796794,0.013250194855806703,0.004008462309319675,-0.5571095571095571,34.45595404235987,17.44873699478417,21.5051256004385
0000037996-19-000012,F,2018,en,US,37,56348,1091,272,0.01936182295733655,0.004827145595229644,0.015173564279122595,0.01018669695463903,-0.6008804108584006,0.026336338468091147,0.06580535245261589,0.0,0.0,0.4283513097072419,16162.0,0.015530256156416285,0.006558594233386957,0.013550303180299468,0.0037742853607226827,-0.4061624649859944,31.255349723750108,18.185178768396003,19.38422074231314
0000037996-18-000015,F,2017,en,US,37,56915,1093,300,0.019204076254063077,0.005271018185012738,0.014179038917684267,0.009505402793639638,-0.5692749461593682,0.02800667662303435,0.06365632961433718,0.0,0.0,0.3889208357293464,16188.0,0.015937731653076354,0.007783543365455893,0.011798863355572028,0.0037682233753397578,-0.34375,33.67818381079659,18.91970372270517,20.45819680385974
0000037996-17-000013,F,2016,en,US,37,56376,1062,336,0.018837803320561942,0.005959982971477224,0.013746984532425146,0.009010926635447709,-0.51931330472103,0.02713920817369093,0.06314743862636583,0.0,0.0,0.3988212180746562,16760.0,0.01473747016706444,0.010560859188544153,0.010501193317422435,0.003579952267303103,-0.1650943396226415,33.09447638265398,17.631811530566708,22.067518558356802
0000037996-16-000092,F,2015,en,US,37,58544,1103,322,0.018840530199508064,0.005500136649357748,0.014228614375512436,0.008848045914184203,-0.5480701754385965,0.026339163705930584,0.06374692538945068,0.0,0.0,0.4152445961319681,16045.0,0.015020255531318168,0.009971953879713306,0.011779370520411343,0.004238080398878155,-0.20199501246882792,34.89610897144397,18.699693666996033,21.04497149831701
0000037996-15-000013,F,2014,en,US,37,62587,1183,327,0.018901688849122023,0.005224727179765766,0.013948583571668238,0.008564078802307189,-0.5668874172185431,0.026347324524262226,0.06245705977279627,0.0,0.0,0.4066210867218424,17300.0,0.016589595375722542,0.00953757225433526,0.011791907514450866,0.0035260115606936416,-0.26991150442477874,38.25701535414401,19.09576037689908,27.172909727236412
0001467858-24-000031,GM,2023,en,US,37,53658,1116,313,0.02079838980207984,0.005833240150583324,0.01755563010175556,0.009989190800998918,-0.5619314205738278,0.028532558052853256,0.05816467255581647,0.0,0.0,0.3417884780739467,10901.0,0.016512246582882303,0.007522245665535272,0.015411430144023484,0.004770204568388221,-0.37404580152671757,32.94487385450245,19.368062458406335,16.57660235014017
0001467858-23-000029,GM,2022,en,US,37,52512,1018,322,0.0193860450944546,0.006131931748933577,0.017119896404631324,0.009864411943936623,-0.5194029850746269,0.028622029250457037,0.05859613040828763,0.0,0.0,0.34366812227074234,11150.0,0.015515695067264574,0.007982062780269058,0.016591928251121078,0.005201793721973094,-0.32061068702290074,30.649256012202137,19.35443602773047,14.978990626524311
0001467858-22-000034,GM,2021,en,US,37,51205,1001,327,0.019548872180451128,0.006386095107899619,0.017185821697099892,0.009901376818670052,-0.5075301204819277,0.02806366565765062,0.05706473977150669,0.0,0.0,0.3406744666207846,10059.0,0.016999701759618253,0.0096431056765086,0.016701461377870562,0.004970673029128144,-0.27611940298507465,28.927318803350083,18.054106276047804,14.944244310423514
0001467858-21-000037,GM,2020,en,US,37,52943,1208,285,0.022816991859169296,0.005383147913794081,0.016508320268968514,0.012201801937933248,-0.6182183523107837,0.029068998734488035,0.05828910337532818,0.0,0.0,0.3344864864864865,10758.0,0.01831195389477598,0.00827291318088864,0.017382413087934562,0.003997025469418107,-0.3776223776223776,32.7535420933289,19.88886445568123,15.70401536732426
0001467858-20-000028,GM,2019,en,US,37,50599,1179,257,0.023300855748137315,0.005079151761892528,0.015850115614933102,0.013597106662186999,-0.6420612813370473,0.031048044427755488,0.05737267534931521,0.0,0.0,0.29772016092981674,9902.0,0.018885073722480307,0.008786103817410624,0.01656231064431428,0.006665320137345991,-0.36496350364963503,29.788273879620462,18.14829382148255,15.11395834413066
0001467858-19-000033,GM,2018,en,US,37,52494,1193,274,0.022726406827446945,0.005219644149807597,0.015125538156741723,0.013468205890196976,-0.6264485344239945,0.030593972644492703,0.057854230959728734,0.0,0.0,0.3082059013568813,11607.0,0.018178685276126476,0.009821659343499612,0.015163263547859051,0.007150857241319893,-0.29846153846153844,29.499497057469643,15.909382864801847,15.768385139017742
0001467858-18-000022,GM,2017,en,US,37,50096,1210,255,0.024153625039923347,0.005090226764611945,0.015769722133503673,0.01405301820504631,-0.6518771331058021,0.031319865857553496,0.05730996486745449,0.0,0.0,0.29324324324324325,11675.0,0.0206423982869379,0.009164882226980729,0.016274089935760173,0.006937901498929336,-0.3850574712643678,31.33650322527609,18.23474362841649,17.690408722626263
0001467858-17-000028,GM,2016,en,US,37,48079,1145,278,0.023814971193244452,0.00578215021111088,0.015495330601718005,0.013997795295243245,-0.6092761770906535,0.03153143784188523,0.058050292227375774,0.0,0.0,0.2960297190619921,11938.0,0.022616853744345786,0.0108895962472776,0.015496733121125816,0.006198693248450327,-0.35,35.07520762154253,18.25485571568952,17.41310378909615
0001467858-16-000255,GM,2015,en,US,37,50976,1206,322,0.02365819209039548,0.00631669805398619,0.014614720652856246,0.013339610797237916,-0.5785340314136126,0.029249058380414313,0.057733050847457626,0.0,0.0,0.3274695534506089,12508.0,0.022545570834665813,0.011992324912056283,0.014870482890949792,0.005436520626798848,-0.3055555555555556,36.29807476266331,19.376789902640812,16.58581808729855
0001467858-15-000036,GM,2014,en,US,37,56058,1342,377,0.023939491241214455,0.0067251774947375935,0.015252060366049449,0.011149166934246673,-0.5613728912158231,0.028470512683292305,0.059260052088907916,0.0,0.0,0.35095567303782027,14370.0,0.023799582463465554,0.011830201809324982,0.018441196938065414,0.005288796102992345,-0.3359375,39.99804136513626,21.910186988010825,22.862854678213353
0000732712-24-000010,VZ,2023,en,US,48,57655,809,250,0.014031740525539849,0.004336137368831845,0.012887000260168242,0.00959153585985604,-0.5278564683663833,0.027300320874165295,0.05597086115688145,0.0,0.0,0.34430327015205164,15136.0,0.010769027484143764,0.004558668076109936,0.01050475687103594,0.0036997885835095136,-0.4051724137931034,18.436069604740716,12.119848158803197,7.420238743216266
0000732712-23-000012,VZ,2022,en,US,48,59345,705,291,0.01187968657848176,0.004903530204735024,0.012536860729631814,0.008509562726430196,-0.41566265060240964,0.026438621619344512,0.05857275254865616,0.0,0.0,0.377998017839445,16712.0,0.008855911919578746,0.005923887027285783,0.010411680229775013,0.0024654595270689446,-0.19838056680161945,16.201226007082777,11.292867765913547,6.669213039821333
0000732712-22-000008,VZ,2021,en,US,48,59231,682,297,0.011514240853607064,0.005014266178183721,0.012527223919906806,0.00827269504144789,-0.39325842696629215,0.02581418513953842,0.0580439296989752,0.0,0.0,0.3843366217032414,16546.0,0.009126072766831863,0.006648132479149039,0.010274386558684878,0.0024654595270689446,-0.15708812260536398,16.01747302370298,11.086812589419583,6.187499853604837
0000732712-21-000012,VZ,2020,en,US,48,61162,749,293,0.012246165920015695,0.004790556227723096,0.011853765409895033,0.00828946077629901,-0.43761996161228406,0.025996533795493933,0.059056276773159805,0.0,0.0,0.3886966551326413,18033.0,0.011534409138801088,0.006099927909942882,0.009205345755004713,0.0026063328342483226,-0.3081761006289308,16.879862403032085,12.21794063870289,11.062607884795138
0000732712-20-000014,VZ,2019,en,US,48,15646,197,91,0.012591077591716732,0.005816183049980826,0.014125015978524863,0.014316758276875879,-0.3680555555555556,0.022881247603221272,0.05253738974817845,0.0,0.0,0.39322033898305087,,,,,,,7.643477051322546,5.507931659465502,
0000732712-19-000012,VZ,2018,en,US,48,17784,204,149,0.011470985155195682,0.008378317588843904,0.012370670265407108,0.012708052181736392,-0.1558073654390935,0.023110661268556005,0.05746738641475484,0.0,0.0,0.4263782274947662,,,,,,,7.857297903501017,6.871716184880653,
0000732712-18-000009,VZ,2017,en,US,48,18159,198,161,0.010903684123575086,0.008866126989371661,0.011839859023073957,0.011289167905721681,-0.10306406685236769,0.023679718046147914,0.054958973511757256,0.0,0.0,0.39775910364145656,,,,,,,7.860764028273017,6.675832140602565,
0001193125-17-050292,VZ,2016,en,US,48,17555,203,172,0.011563657077755625,0.0097977784107092,0.0122472230133865,0.011848476217601822,-0.10304946896459269,0.024494446026773,0.055140985474223865,0.0,0.0,0.38483547925608014,,,,,,,7.547210963343372,5.791410302101117,
0001193125-16-473367,VZ,2015,en,US,48,17460,206,166,0.011798396334478808,0.009507445589919816,0.011798396334478808,0.011397479954180985,-0.10752688172043011,0.02502863688430699,0.05486827033218786,0.0,0.0,0.3734767025089606,,,,,,,9.131274844940453,6.38412397733605,
0001193125-15-057710,VZ,2014,en,US,48,17449,206,168,0.011805834145223222,0.009628058914550977,0.011748524270731846,0.011805834145223222,-0.10304946896459269,0.024528626282308442,0.05450169064129749,0.0,0.0,0.3792603335750544,,,,,,,8.186932013695738,6.072408374225576,
0000732717-24-000009,T,2023,en,US,48,47339,779,253,0.016455776421132683,0.005344430596337059,0.012780160121675575,0.010308625023764761,-0.5096899224806202,0.026848898371321744,0.06328819789180169,0.0,0.0,0.40426529177408016,8809.0,0.013735951867408332,0.00567601316835055,0.010784425019866047,0.009308661596094904,-0.4152046783625731,22.47612332746026,11.856273676319578,15.517546616029575
0000732717-23-000011,T,2022,en,US,48,48557,786,243,0.016187161480322097,0.005004427785901106,0.012974442407891756,0.010050044277859011,-0.5276967930029155,0.027411083880799884,0.061927219556397635,0.0,0.0,0.3863531581373905,10105.0,0.014547253834735279,0.005343889163780307,0.012172191984166254,0.01029193468579911,-0.4626865671641791,20.228479523234704,11.67395741145871,15.47916177817122
0000732717-22-000015,T,2021,en,US,48,57920,812,291,0.014019337016574585,0.005024171270718232,0.013000690607734807,0.011222375690607736,-0.47234814143245696,0.024637430939226518,0.061256906077348065,0.0,0.0,0.4263316582914573,11102.0,0.012250045036930283,0.006034948657899478,0.011529454152404972,0.012610340479192938,-0.3399014778325123,24.914691020249013,14.894486338319469,17.716487788336625
0000732717-21-000012,T,2020,en,US,48,57469,770,298,0.013398527901999338,0.005185404304929614,0.011745462771233187,0.00988358941342289,-0.4419475655430712,0.024726374219144233,0.06253806399972159,0.0,0.0,0.43330009970089733,13124.0,0.0121914050594331,0.005105150868637611,0.010896068271868333,0.009143553794574825,-0.40969162995594716,22.74330732177354,13.798788251992606,17.997307240785887
0001562762-20-000064,T,2019,en,US,48,53406,570,273,0.010672958094596112,0.005111785192674981,0.011103621315957008,0.01001760101861214,-0.35231316725978645,0.024529079129685803,0.06559188106205295,0.0,0.0,0.45564097236650736,11386.0,0.009836641489548568,0.005357456525557702,0.010275777270331986,0.01203232039346566,-0.2947976878612717,20.019947523018658,12.25234738662957,17.13346638063111
0001193125-19-045608,T,2018,en,US,48,12913,104,63,0.008325196461458835,0.004878804305738403,0.008362244893292544,0.017346859753736545,-0.24550898203592814,0.01742430109192287,0.05699682490513436,0.0,0.0,0.5317377731529657,,,,,,,5.007228780309028,4.334374046928673,
0000732717-18-000009,T,2017,en,US,48,11224,80,67,0.008325196461458835,0.005969351389878831,0.008362244893292544,0.017640769779044902,-0.10304946896459269,0.018620812544547397,0.05666429080541696,0.0,0.0,0.5053254437869823,,,,,,,4.997799066073256,4.062003072563904,
0000732717-17-000021,T,2016,en,US,48,11418,88,63,0.008325196461458835,0.005517603783499738,0.008362244893292544,0.017341040462427744,-0.16556291390728478,0.01786652653704677,0.05613942897179892,0.0,0.0,0.5171597633136095,,,,,,,4.997799066073256,4.062003072563904,
0000732717-16-000147,T,2015,en,US,48,11442,98,62,0.008564936199965041,0.0054186331061003325,0.008362244893292544,0.016605488550952632,-0.225,0.019839188952980247,0.05672085299772767,0.0,0.0,0.4817351598173516,,,,,,,4.997799066073256,4.062003072563904,
0000732717-15-000016,T,2014,en,US,48,10160,90,44,0.008858267716535433,0.004330708661417323,0.008366141732283465,0.019291338582677165,-0.34328358208955223,0.01751968503937008,0.05049212598425197,0.0,0.0,0.48480463096960924,,,,,,,4.997799066073256,4.062003072563904,
0001326160-24-000037,DUK,2023,en,US,49,118939,1514,1008,0.012729214134976753,0.008474932528438948,0.012098638798039331,0.016420181773850462,-0.2006344171292625,0.025080083067791054,0.0579624849712878,0.0,0.0,0.395970436367318,18994.0,0.010687585553332631,0.010687585553332631,0.016320943455828157,0.013583236811624724,0.0,36.76532244219513,24.734165776185577,17.245377193808253
0001326160-23-000073,DUK,2022,en,US,49,113700,1549,949,0.013623570800351804,0.008346525945470536,0.012313104661389622,0.017053649956024625,-0.2401921537229784,0.024837291116974494,0.05783641160949868,0.0,0.0,0.39914893617021274,17842.0,0.012106266113664388,0.009079699585248291,0.016982401076112544,0.013563501849568433,-0.14285714285714285,37.38805639322294,24.907840305330875,16.99528618214087
0001326160-22-000072,DUK,2021,en,US,49,117473,1553,946,0.013220059077405021,0.008052914286687154,0.012309211478382267,0.017425280702799792,-0.24289715886354543,0.023988490972393656,0.05768985213623556,0.0,0.0,0.4126107347576863,18829.0,0.012586966912740985,0.007860215624834032,0.01789792341600722,0.014233363428753518,-0.23116883116883116,40.70819874602563,24.820994668405646,18.489161724314787
0001326160-21-000063,DUK,2020,en,US,49,121713,1642,985,0.013490752836590996,0.008092808492108484,0.012110456565855743,0.017483752762646555,-0.25009516558812334,0.025831258780902616,0.058933721130857014,0.0,0.0,0.3905205001453911,19240.0,0.014501039501039502,0.009043659043659044,0.018503118503118504,0.014604989604989606,-0.23178807947019867,43.60467248269947,26.32702542515358,25.66760489763778
0001326160-20-000034,DUK,2019,en,US,49,116596,1633,1016,0.014005626265051974,0.008713849531716354,0.012178805447871283,0.01667295619060688,-0.23291808229520575,0.025807060276510342,0.05820954406669183,0.0,0.0,0.3856676194365047,20487.0,0.015375604041587347,0.00922536242495241,0.01962219944354957,0.01591252989700786,-0.25,39.7374993003913,24.522881307389493,23.25325239430892
0001326160-19-000057,DUK,2018,en,US,49,124439,1823,1185,0.014649748069335177,0.009522738048361044,0.011756764358440681,0.017478443253320906,-0.21210106382978725,0.02842356495953841,0.05757841191266404,0.0,0.0,0.33900205569052516,24945.0,0.014872719983964722,0.010422930446983364,0.018280216476247745,0.016997394267388253,-0.17591125198098256,41.45691058336453,26.3085929204516,24.686437222917732
0001326160-18-000034,DUK,2017,en,US,49,128215,1977,1354,0.015419412705221697,0.010560386850212534,0.011777093163826385,0.017260070974534962,-0.18703092164515162,0.026931326287875833,0.05945482197870764,0.0,0.0,0.376489707475623,26877.0,0.015887189790527216,0.008334263496670016,0.019012538601778473,0.016519700859470923,-0.3118279569892473,44.139988959098154,24.582814503115006,28.234948970716093
0001326160-17-000016,DUK,2016,en,US,49,119448,1885,1322,0.015780925591052174,0.011067577523273725,0.01234846962695064,0.016685084723059407,-0.17555347676956656,0.026128524546246066,0.05822617373250285,0.0,0.0,0.38050813815005957,25149.0,0.015070181716966877,0.008588810688297746,0.019841743210465626,0.014155632430712951,-0.2739495798319328,46.94925310785623,26.67181848018632,27.235747385931063
0001326160-16-000221,DUK,2015,en,US,49,117694,1941,1332,0.01649191972403011,0.011070014606052003,0.012532499532686458,0.01797032983839448,-0.1860678276810266,0.02582119734226044,0.05764100124050504,0.0,0.0,0.3812480912144966,27196.0,0.01643624062362112,0.0077584938961612,0.019046918664509485,0.017318723341667893,-0.3586626139817629,50.21060726177911,25.940929371161445,30.98974068515205
0001326160-15-000008,DUK,2014,en,US,49,116100,1865,1455,0.016063738156761414,0.011070014606052003,0.011714039621016366,0.017786391042204995,-0.12349397590361445,0.025839793281653745,0.05766580534022395,0.0,0.0,0.3811242908715833,25153.0,0.014749731642348825,0.009104281795412079,0.018765157237705245,0.014113624617341869,-0.23666666666666666,46.63100140320468,24.458193038030224,32.438686158131034
0000753308-24-000008,NEE,2023,en,US,49,66113,1100,244,0.016638180085611,0.0036906508553537125,0.01730370728903544,0.014066824981471118,-0.6369047619047619,0.027937016925566834,0.05579840575983543,0.0,0.0,0.3327312138728324,10802.0,0.012034808368820588,0.004721347898537308,0.017311608961303463,0.011386780225884095,-0.43646408839779005,28.90279950261965,17.511999109194445,5.948687037725393
0000753308-23-000019,NEE,2022,en,US,49,66870,1032,246,0.015432929564827277,0.0036787797218483624,0.01700314042171377,0.014326304770450127,-0.6150234741784038,0.027097353073126964,0.055839688948706445,0.0,0.0,0.34655607645149655,11056.0,0.01148697539797395,0.004341534008683068,0.016642547033285094,0.01184876989869754,-0.4514285714285714,27.953136720452882,17.241204949934307,6.910071842296057
0000753308-22-000014,NEE,2021,en,US,49,66055,985,233,0.014911815910983272,0.0035273635606691395,0.01722806751949133,0.014109454242676558,-0.6174055829228243,0.026387101657709484,0.05624101127848005,0.0,0.0,0.3613045071454745,11180.0,0.011806797853309481,0.004025044722719142,0.016726296958855098,0.012164579606440072,-0.4915254237288136,25.343039376545857,16.286741106558765,6.855140989516757
0000753308-21-000014,NEE,2020,en,US,49,65744,963,236,0.014647724507179362,0.0035896811876368947,0.017568143100511073,0.013643830615721587,-0.6063386155129274,0.02639024093453395,0.055746532002920415,0.0,0.0,0.3574074074074074,11089.0,0.011542970511317523,0.004418793398863739,0.01686355848137794,0.010821534854360177,-0.4463276836158192,23.77583967988023,15.383040936867495,6.6483800560058075
0000753308-20-000021,NEE,2019,en,US,49,62113,875,239,0.014087228116497352,0.0038478257369632765,0.017999452610564615,0.013024648624281552,-0.5709156193895871,0.027385571458470852,0.055173635148841625,0.0,0.0,0.33658346333853356,10795.0,0.01000463177396943,0.005372857804539138,0.017878647522000926,0.011301528485409912,-0.30120481927710846,22.190172029160053,13.418918426409084,6.402538640384878
0000753308-19-000039,NEE,2018,en,US,49,64037,905,257,0.014132454674641222,0.004013304808157783,0.018223839342879897,0.013195496353670535,-0.5576592082616179,0.028452301013476584,0.05626434717428987,0.0,0.0,0.32829493087557604,11481.0,0.009842348227506315,0.005400226461109659,0.019423395174636357,0.011148854629387684,-0.2914285714285714,22.674558589139004,13.69228513494781,6.47185867179685
0000753308-18-000013,NEE,2017,en,US,49,62568,909,252,0.01452819332566168,0.004027617951668585,0.018491880833652986,0.013537271448663854,-0.5658914728682171,0.028481012658227847,0.05646656437795678,0.0,0.0,0.329444967074318,12207.0,0.010240026214467108,0.0050790530023756865,0.019742770541492587,0.010321946424182845,-0.33689839572192515,23.63737849172536,14.306250531971875,8.3949386328754
0000753308-17-000060,NEE,2016,en,US,49,65075,915,259,0.01406069919323857,0.003980023050326546,0.018301959277756435,0.013415290049942375,-0.5587734241908007,0.02742988859008836,0.058040722243565115,0.0,0.0,0.3581445523193096,13894.0,0.010724053548294228,0.006333669209730819,0.017777457895494456,0.010364185979559522,-0.25738396624472576,24.201086365893847,14.877868706349457,10.47350538587464
0000753308-16-000337,NEE,2015,en,US,49,71494,1063,294,0.014868380563403921,0.004112233194393935,0.017973536240803424,0.013413713038856408,-0.5666912306558585,0.026925336391865052,0.05597672531960724,0.0,0.0,0.3504302345199933,14498.0,0.011173955028279763,0.006483652917643813,0.017657607945923574,0.009587529314388192,-0.265625,29.442823361347457,20.7970003072772,9.603753765771739
0000753308-15-000079,NEE,2014,en,US,49,70568,1052,300,0.014907606847296225,0.004251218682689037,0.016891508899217776,0.013816460718739373,-0.5562130177514792,0.027930506745266977,0.05598855005101462,0.0,0.0,0.3343465045592705,14631.0,0.011277424646298955,0.006014626478026109,0.01565169844849976,0.009842116054951815,-0.30434782608695654,28.271169033961396,20.275139639392222,8.568883872096198
0000092122-24-000009,SO,2023,en,US,49,143813,1627,399,0.011313302691689902,0.0027797171027863473,0.010569280941222281,0.013802646492319888,-0.6061204343534057,0.025401041630450656,0.06161473580274384,0.0,0.0,0.41617388524852167,36271.0,0.008243500317057704,0.0029500151636293456,0.011358936891731687,0.011221085715861156,-0.4729064039408867,45.22389475647359,25.009664442807626,26.174438119985133
0000092122-23-000012,SO,2022,en,US,49,144296,1549,394,0.01073487830570494,0.0027797171027863473,0.010838831291234684,0.013749514886067528,-0.5944415851775605,0.02380523368631147,0.060694683151300104,0.0,0.0,0.4365619617813499,35750.0,0.007776223776223776,0.003076923076923077,0.011244755244755244,0.01062937062937063,-0.4329896907216495,42.082989217539506,23.588280849023363,24.601536034083406
0000092122-22-000003,SO,2021,en,US,49,150232,1561,412,0.01039059587837478,0.0027797171027863473,0.01051041056499281,0.013725437989243304,-0.5823618854536239,0.023011076202140688,0.06212391501144896,0.0,0.0,0.45942142298670835,36998.0,0.008000432455808422,0.003189361587112817,0.0111087085788421,0.010027569057786907,-0.42995169082125606,41.18416570274911,23.80949286380026,23.73381479160287
0000092122-21-000006,SO,2020,en,US,49,154695,1634,442,0.010562720191344258,0.002857235204757749,0.01090532984259349,0.014299104689873622,-0.5741811175337187,0.024183069911761855,0.0625747438508032,0.0,0.0,0.4425154608449445,38664.0,0.00856093523691289,0.003595075522449824,0.012181874612042209,0.010345541071798055,-0.4085106382978723,42.2625005197415,25.109132368622394,23.33102991516869
0000092122-20-000017,SO,2019,en,US,49,176919,1933,537,0.010925903944743074,0.0030352873348820646,0.011038950027978906,0.015538184140764983,-0.5651821862348179,0.02570667932782799,0.06255405015854713,0.0,0.0,0.4174831892411143,59045.0,0.010449657041239733,0.0035735456008129394,0.012177153018883903,0.015835379795071557,-0.49033816425120774,43.28324343939999,26.481568992300737,49.43705612561157
0000092122-19-000006,SO,2018,en,US,49,246823,2784,780,0.01127933782508113,0.003160159304440834,0.012231437102701127,0.01628697487673353,-0.5622895622895623,0.028465742657693974,0.06318698014366571,0.0,0.0,0.37883476262045795,74233.0,0.010103323319817331,0.0033677744399391108,0.013659693128393033,0.016771516710896772,-0.5,55.48425354279925,30.005699173878313,50.516901639079286
0000092122-18-000012,SO,2017,en,US,49,345244,3787,1021,0.010969053770666544,0.0029573287298258625,0.011855383438959113,0.01622910173674271,-0.5752911813643927,0.028597166062263212,0.0743097635295617,0.0,0.0,0.4442130150866922,72189.0,0.012647356245411351,0.00303370319577775,0.011511449112745709,0.01620745542949757,-0.6130742049469965,57.15255984616703,32.49174478822313,67.97936471317661
0000092122-17-000007,SO,2016,en,US,49,357622,3783,1190,0.010578208275777217,0.003327535778000235,0.012286716141624396,0.014467790012918669,-0.5214156444801931,0.02674052491177836,0.07274720235332278,0.0,0.0,0.46243570645605553,70780.0,0.011161345012715457,0.003221248940378638,0.012786097767730998,0.013563153433173212,-0.5520628683693517,59.415111343397314,34.418266453493935,60.5551323704144
0000092122-16-000126,SO,2015,en,US,49,282846,2973,825,0.010511020131096073,0.0029167815701830677,0.012360082871951521,0.015404142183378941,-0.5655608214849921,0.026176788782588407,0.07142756128776791,0.0,0.0,0.46361430072083165,59537.0,0.010346507214001377,0.0027881821388380337,0.012714782404219225,0.014092077195693435,-0.5754475703324808,48.02063947049988,28.571132565093947,45.50239878581803
0000092122-15-000015,SO,2014,en,US,49,267370,2944,838,0.0110109585967012,0.003134233459251225,0.0125369338370049,0.01629951004226353,-0.5568482284505553,0.026525040206455474,0.06899801772824177,0.0,0.0,0.4446358653093187,53836.0,0.01099635931347054,0.002860539416004161,0.0125566535403819,0.015119994056021992,-0.5871313672922251,47.16728079603828,27.763531816750458,44.637806448871125
