doc_id,ticker,year,lang,group,industry,n_words,n_fin_neg,n_fin_pos,fin_neg,fin_pos,fin_unc,fin_lit,fin_net,gen_neg,gen_pos,gen_unc,gen_lit,gen_net,fin_neg_tfidf,gen_neg_tfidf
ACB_2023,ACB,2023,vi,VN30,,1081,9,33,0.008325624421831638,0.030527289546716005,0.0018501387604070306,0.0,0.5714285714285714,0.027752081406105456,0.037927844588344126,0.0,0.0,0.15492957746478872,1.9762476857232558,3.783115135369944
ACB_2022,ACB,2022,vi,VN30,,1488,11,37,0.00739247311827957,0.02486559139784946,0.0020161290322580645,0.0,0.5416666666666666,0.0228494623655914,0.04502688172043011,0.0,0.0,0.32673267326732675,2.134128393849171,2.9909167481060432
ACB_2024,ACB,2024,vi,VN30,,1108,11,27,0.009927797833935019,0.024368231046931407,0.0036101083032490976,0.0,0.42105263157894735,0.01895306859205776,0.036101083032490974,0.0,0.0,0.3114754098360656,2.257117255260585,3.282897111020005
ACB_2025,ACB,2025,vi,VN30,,1019,6,24,0.005888125613346418,0.023552502453385672,0.0,0.0,0.6,0.015701668302257114,0.05691854759568204,0.0,0.0,0.5675675675675675,1.2552318143484995,1.674237252995109
ACB_2021,ACB,2021,vi,VN30,,2223,18,59,0.008097165991902834,0.026540710751237068,0.00449842555105713,0.0,0.5324675324675324,0.013945119208277103,0.048133153396311294,0.0,0.0,0.5507246376811594,3.915412298363991,4.83089036195068
ACB_2019,ACB,2019,vi,VN30,,1365,17,24,0.012454212454212455,0.017582417582417582,0.00805860805860806,0.0,0.17073170731707318,0.02857142857142857,0.05787545787545788,0.0,0.0,0.3389830508474576,2.296033219334775,4.476711384925476
ACB_2020,ACB,2020,vi,VN30,,1375,10,30,0.007272727272727273,0.02181818181818182,0.002181818181818182,0.0,0.5,0.02181818181818182,0.04509090909090909,0.0,0.0,0.34782608695652173,1.7303790477166157,4.8589195257571305
ACB_2018,ACB,2018,vi,VN30,,1084,8,33,0.007380073800738007,0.03044280442804428,0.0027675276752767526,0.0,0.6097560975609756,0.021217712177121772,0.03228782287822878,0.0,0.0,0.20689655172413793,1.67568089403271,2.6762517861281303
ACB_2016,ACB,2016,vi,VN30,,1026,8,34,0.007797270955165692,0.03313840155945419,0.007797270955165692,0.0,0.6190476190476191,0.036062378167641324,0.05360623781676413,0.0,0.0,0.1956521739130435,1.9508758138454523,5.365686863288237
ACB_2017,ACB,2017,vi,VN30,,1459,8,46,0.0054832076764907475,0.031528444139821796,0.0006854009595613434,0.0,0.7037037037037037,0.01644962302947224,0.05277587388622344,0.0,0.0,0.5247524752475248,1.0013240688847111,2.7367599943905776
ANV_2019,ANV,2019,vi,VN100,,660,13,11,0.019696969696969695,0.016666666666666666,0.0030303030303030303,0.0,0.0440920716112532,0.03636363636363636,0.03787878787878788,0.0,0.0,0.02040816326530612,3.130414148316435,4.319866422522922
ANV_2018,ANV,2018,vi,VN100,,414,0,11,0.0,0.026570048309178744,0.0,0.0,1.0,0.012077294685990338,0.07004830917874397,0.0,0.0,0.7058823529411765,0.0,0.568095479058322
BAF_2025,BAF,2025,vi,VN100,,2001,9,68,0.004497751124437781,0.03398300849575212,0.0014992503748125937,0.0,0.7662337662337663,0.01899050474762619,0.06446776611694154,0.0,0.0,0.5449101796407185,1.3364110237600602,3.1494485665207534
BAF_2024,BAF,2024,vi,VN100,,2193,16,97,0.00729594163246694,0.044231646146830825,0.0027359781121751026,0.0,0.7168141592920354,0.026447788417692658,0.06885544915640675,0.0,0.0,0.4449760765550239,2.918454769118774,5.489303652301735
BAF_2021,BAF,2021,vi,VN100,,803,5,22,0.0062266500622665,0.0273972602739726,0.0,0.0,0.6296296296296297,0.017434620174346202,0.05977584059775841,0.0,0.0,0.5483870967741935,0.46431573028745854,1.5290997095797523
BCM_2025,BCM,2025,vi,VN100,,617,0,28,0.0,0.04538087520259319,0.0032414910858995136,0.0,1.0,0.017828200972447326,0.07455429497568881,0.0,0.0,0.6140350877192983,0.0,1.1701796358626624
BAF_2023,BAF,2023,vi,VN100,,1147,7,28,0.006102877070619006,0.024411508282476024,0.0017436791630340018,0.0,0.6,0.024411508282476024,0.042720139494333044,0.0,0.0,0.2727272727272727,2.4228382739008354,4.099399615525121
BCM_2023,BCM,2023,vi,VN100,,933,2,38,0.0021436227224008574,0.04072883172561629,0.003215434083601286,0.0,0.9,0.015005359056806002,0.08145766345123258,0.0,0.0,0.6888888888888889,0.1270673844102055,1.9991193553030278
BCM_2024,BCM,2024,vi,VN100,,651,0,17,0.0,0.026113671274961597,0.0015360983102918587,0.0,1.0,0.015360983102918587,0.06912442396313365,0.0,0.0,0.6363636363636364,0.0,1.011606282901367
BCM_2022,BCM,2022,vi,VN100,,689,0,14,0.0,0.020319303338171262,0.0,0.0,1.0,0.011611030478955007,0.06095791001451379,0.0,0.0,0.68,0.0,0.7717870950873555
BCM_2021,BCM,2021,vi,VN100,,282,0,11,0.0,0.03900709219858156,0.0,0.0,1.0,0.010638297872340425,0.06028368794326241,0.0,0.0,0.7,0.0,0.19376411166159946
BID_2025,BID,2025,vi,VN30,,3058,6,125,0.001962066710268149,0.04087638979725311,0.0013080444735120995,0.0,0.9083969465648855,0.023871811641595814,0.06442119032047089,0.0,0.0,0.45925925925925926,0.429015757036024,4.344555172387149
BID_2020,BID,2020,vi,VN30,,986,21,34,0.021235110573551822,0.034482758620689655,0.0,0.0,0.23636363636363636,0.03144016227180527,0.04665314401622718,0.0,0.0,0.19480519480519481,4.775284508495345,4.862650877791136
BID_2018,BID,2018,vi,VN30,,1328,5,61,0.0037650602409638554,0.04593373493975904,0.002259036144578313,0.0,0.8484848484848485,0.024096385542168676,0.05948795180722891,0.0,0.0,0.42342342342342343,0.9566393879968083,3.4614857143072917
BID_2017,BID,2017,vi,VN30,,1679,8,80,0.004764740917212627,0.047647409172126266,0.0005955926146515784,0.0,0.8181818181818182,0.022036926742108397,0.06491959499702203,0.0,0.0,0.4931506849315068,1.4749893144130266,4.15645795472965
BMP_2025,BMP,2025,vi,VN100,,727,2,33,0.002751031636863824,0.0453920220082531,0.005502063273727648,0.0,0.8857142857142857,0.027510316368638238,0.0577716643741403,0.0,0.0,0.3548387096774194,0.33966493202016473,2.0531930616694654
BMP_2024,BMP,2024,vi,VN100,,741,5,46,0.006747638326585695,0.06100409453099783,0.001349527665317139,0.0,0.803921568627451,0.018893387314439947,0.07152496626180836,0.0,0.0,0.582089552238806,0.7256533096484724,1.5178067475506571
BMP_2023,BMP,2023,vi,VN100,,545,7,29,0.012844036697247707,0.05321100917431193,0.003669724770642202,0.0,0.6111111111111112,0.011009174311926606,0.05504587155963303,0.0,0.0,0.6666666666666666,0.6686084657051296,0.6583337541919253
BMP_2021,BMP,2021,vi,VN100,,724,11,23,0.015193370165745856,0.031767955801104975,0.0055248618784530384,0.0,0.35294117647058826,0.022099447513812154,0.058011049723756904,0.0,0.0,0.4482758620689655,2.36132882825925,2.7611876251736964
BMP_2019,BMP,2019,vi,VN100,,621,2,24,0.00322061191626409,0.03864734299516908,0.0,0.0,0.8461538461538461,0.014492753623188406,0.05314009661835749,0.0,0.0,0.5714285714285714,0.37358102647254027,1.4906657566692583
BMP_2018,BMP,2018,vi,VN100,,619,1,31,0.0016155088852988692,0.050080775444264945,0.0,0.0,0.9375,0.022617124394184167,0.06462035541195477,0.0,0.0,0.48148148148148145,0.3156640033235544,1.3786865368175698
BID_2023,BID,2023,vi,VN30,,2177,10,94,0.004593477262287551,0.04317868626550299,0.003215434083601286,0.0,0.8076923076923077,0.025264124942581533,0.05925585668350942,0.0,0.0,0.40217391304347827,1.2977238667160345,5.69264532353078
BMP_2016,BMP,2016,vi,VN100,,621,1,30,0.001610305958132045,0.04830917874396135,0.0,0.0,0.9354838709677419,0.030595813204508857,0.061191626409017714,0.0,0.0,0.3333333333333333,0.05805404730390964,2.51282129064386
BMP_2017,BMP,2017,vi,VN100,,283,2,9,0.007067137809187279,0.03180212014134275,0.0,0.0,0.6363636363636364,0.02120141342756184,0.03180212014134275,0.0,0.0,0.2,0.31405161582768176,1.7120968947009911
BSI_2024,BSI,2024,vi,VN100,,805,5,34,0.006211180124223602,0.0422360248447205,0.008695652173913044,0.0,0.7435897435897436,0.012422360248447204,0.05093167701863354,0.0,0.0,0.6078431372549019,1.2573512781821743,1.642544766453237
BSI_2023,BSI,2023,vi,VN100,,566,4,22,0.007067137809187279,0.038869257950530034,0.00530035335689046,0.0,0.6923076923076923,0.0088339222614841,0.045936395759717315,0.0,0.0,0.6774193548387096,0.8381812445961873,1.0306648958732807
BSI_2022,BSI,2022,vi,VN100,,2938,1,95,0.0003403675970047651,0.032334921715452686,0.0020422055820285907,0.0,0.9791666666666666,0.01906058543226685,0.04731109598366236,0.0,0.0,0.4256410256410256,0.048012864864459985,4.0268498233246595
BSI_2025,BSI,2025,vi,VN100,,982,6,26,0.006109979633401222,0.026476578411405296,0.002036659877800407,0.0,0.625,0.020366598778004074,0.029531568228105907,0.0,0.0,0.1836734693877551,0.7587053447691998,2.819280078451943
BSI_2021,BSI,2021,vi,VN100,,1030,6,34,0.005825242718446602,0.03300970873786408,0.001941747572815534,0.0,0.7,0.01650485436893204,0.059223300970873784,0.0,0.0,0.5641025641025641,2.2979884130021,2.0607419101646283
BSI_2019,BSI,2019,vi,VN100,,1290,11,39,0.008527131782945736,0.030232558139534883,0.0031007751937984496,0.0,0.56,0.020155038759689922,0.05116279069767442,0.0,0.0,0.43478260869565216,3.372809954804632,2.0528542199097655
BSI_2018,BSI,2018,vi,VN100,,742,4,15,0.005390835579514825,0.02021563342318059,0.0,0.0,0.5789473684210527,0.016172506738544475,0.04716981132075472,0.0,0.0,0.48936170212765956,1.1699738165031235,1.0195926783380809
BSI_2017,BSI,2017,vi,VN100,,849,1,37,0.001177856301531213,0.043580683156654886,0.001177856301531213,0.0,0.9473684210526315,0.016489988221436984,0.048292108362779744,0.0,0.0,0.4909090909090909,0.5297794433555935,0.7757270649171709
BSR_2025,BSR,2025,vi,VN30,,829,3,50,0.0036188178528347406,0.06031363088057901,0.0024125452352231603,0.0,0.8867924528301887,0.018094089264173704,0.07117008443908324,0.0,0.0,0.5945945945945946,0.1797030872174366,1.7182027473987591
BSR_2023,BSR,2023,vi,VN30,,815,4,45,0.0049079754601227,0.05521472392638037,0.001226993865030675,0.0,0.8367346938775511,0.014723926380368098,0.06625766871165645,0.0,0.0,0.6363636363636364,0.8970713305787626,1.6642297456191326
BSR_2024,BSR,2024,vi,VN30,,922,3,55,0.0032537960954446853,0.0596529284164859,0.004338394793926247,0.0,0.896551724137931,0.01843817787418655,0.06616052060737528,0.0,0.0,0.5641025641025641,0.49168748447751376,2.0999114177431197
BSR_2022,BSR,2022,vi,VN30,,879,11,30,0.012514220705346985,0.034129692832764506,0.009101251422070534,0.0,0.4634146341463415,0.026166097838452786,0.05460750853242321,0.0,0.0,0.352112676056338,2.3889784062723565,3.578559311758678
BSR_2020,BSR,2020,vi,VN30,,996,18,41,0.018072289156626505,0.04116465863453815,0.004016064257028112,0.0,0.3898305084745763,0.025100401606425703,0.06927710843373494,0.0,0.0,0.46808510638297873,3.854243509061752,3.4755545072869936
BSI_2020,BSI,2020,vi,VN100,,1136,6,18,0.00528169014084507,0.01584507042253521,0.002640845070422535,0.0,0.5,0.017605633802816902,0.04753521126760563,0.0,0.0,0.4594594594594595,1.5914708630015555,2.568763831363298
BSR_2019,BSR,2019,vi,VN30,,1043,7,42,0.006711409395973154,0.040268456375838924,0.0028763183125599234,0.0,0.7142857142857143,0.030680728667305847,0.059443911792905084,0.0,0.0,0.3191489361702128,0.2525340431568804,4.7535894383467205
BSR_2018,BSR,2018,vi,VN30,,1539,10,51,0.00649772579597141,0.03313840155945419,0.002599090318388564,0.0,0.6721311475409836,0.028589993502274202,0.05263157894736842,0.0,0.0,0.296,1.1260493252223909,5.7360515807893195
BVH_2025,BVH,2025,vi,VN100,,843,3,54,0.0035587188612099642,0.06100409453099783,0.004744958481613286,0.0,0.8947368421052632,0.01542111506524318,0.08185053380782918,0.0,0.0,0.6829268292682927,0.6036697934103901,1.3997152841799334
BVH_2020,BVH,2020,vi,VN100,,1240,10,52,0.008064516129032258,0.041935483870967745,0.0024193548387096775,0.0,0.6774193548387096,0.028225806451612902,0.06935483870967742,0.0,0.0,0.4214876033057851,1.833454009138289,3.139063011787071
BVH_2019,BVH,2019,vi,VN100,,2767,2,93,0.0007228044813877846,0.033610408384531984,0.0003614022406938923,0.0,0.9578947368421052,0.007228044813877846,0.061799783158655586,0.0,0.0,0.7905759162303665,0.23382543254103705,2.412316385897285
BVH_2018,BVH,2018,vi,VN100,,979,4,51,0.0040858018386108275,0.05209397344228805,0.0,0.0,0.8545454545454545,0.009193054136874362,0.07865168539325842,0.0,0.0,0.7906976744186046,0.3572506986375054,0.269915135719162
BWE_2024,BWE,2024,vi,VN100,,683,0,20,0.0,0.029282576866764276,0.0014641288433382138,0.0,1.0,0.007320644216691069,0.060029282576866766,0.0,0.0,0.782608695652174,0.0,0.47109332242891
BWE_2025,BWE,2025,vi,VN100,,500,0,4,0.0,0.008038744394618835,0.0,0.0,1.0,0.02,0.05,0.0,0.0,0.42857142857142855,0.0,3.269773257496423
BSR_2021,BSR,2021,vi,VN30,,1017,9,21,0.008849557522123894,0.02064896755162242,0.0029498525073746312,0.0,0.4,0.02261553588987217,0.04031465093411996,0.0,0.0,0.28125,1.41394004007753,3.301614414459125
CII_2024,CII,2024,vi,VN100,,483,3,17,0.006211180124223602,0.035196687370600416,0.006211180124223602,0.0,0.7,0.012422360248447204,0.049689440993788817,0.0,0.0,0.6,0.7667297090417238,0.786872578829896
CII_2025,CII,2025,vi,VN100,,2184,0,34,0.0,0.015567765567765568,0.0013736263736263737,0.0,1.0,0.01098901098901099,0.027472527472527472,0.0,0.0,0.42857142857142855,0.0,1.4437619289551062
CII_2021,CII,2021,vi,VN100,,306,4,1,0.013071895424836602,0.008038744394618835,0.0032679738562091504,0.0,0.0440920716112532,0.026143790849673203,0.032679738562091505,0.0,0.0,0.1111111111111111,0.763539532363935,1.3720753601150166
CII_2020,CII,2020,vi,VN100,,366,3,9,0.00819672131147541,0.02459016393442623,0.00546448087431694,0.0,0.5,0.0064667120142845,0.040983606557377046,0.0,0.0,0.7647058823529411,0.41715174321477955,0.31982595876966324
CII_2019,CII,2019,vi,VN100,,466,12,5,0.021235110573551822,0.01072961373390558,0.0,0.0,0.0440920716112532,0.027896995708154508,0.032188841201716736,0.0,0.0,0.07142857142857142,2.898383867220587,2.2678546865163343
CII_2023,CII,2023,vi,VN100,,789,10,20,0.012674271229404309,0.025348542458808618,0.0025348542458808617,0.0,0.3333333333333333,0.015209125475285171,0.046894803548795945,0.0,0.0,0.5102040816326531,1.4501624838705116,1.0697035532392438
CMG_2024,CMG,2024,vi,VN100,,932,3,28,0.003218884120171674,0.030042918454935622,0.003218884120171674,0.0,0.8064516129032258,0.011802575107296138,0.045064377682403435,0.0,0.0,0.5849056603773585,0.3868390336444413,1.2766644984656834
CMG_2023,CMG,2023,vi,VN100,,1132,9,36,0.007950530035335688,0.03180212014134275,0.0017667844522968198,0.0,0.6,0.018551236749116608,0.04946996466431095,0.0,0.0,0.45454545454545453,1.7480594913360794,1.6374215799933594
CII_2018,CII,2018,vi,VN100,,511,3,12,0.005870841487279843,0.023483365949119372,0.007827788649706457,0.0,0.6,0.025440313111545987,0.046966731898238745,0.0,0.0,0.2972972972972973,1.1093872536402152,1.6415815145357595
CMG_2020,CMG,2020,vi,VN100,,674,10,18,0.01483679525222552,0.026706231454005934,0.005934718100890208,0.0,0.2857142857142857,0.026706231454005934,0.08011869436201781,0.0,0.0,0.5,1.8001626070992225,1.9575919047684245
CMG_2019,CMG,2019,vi,VN100,,742,10,24,0.013477088948787063,0.03234501347708895,0.0026954177897574125,0.0,0.4117647058823529,0.0215633423180593,0.07547169811320754,0.0,0.0,0.5555555555555556,1.736482128194246,1.614326354898152
CII_2017,CII,2017,vi,VN100,,726,3,25,0.004132231404958678,0.03443526170798898,0.0013774104683195593,0.0,0.7857142857142857,0.015151515151515152,0.04269972451790634,0.0,0.0,0.47619047619047616,0.1706799165931101,0.9886266136472077
CII_2016,CII,2016,vi,VN100,,793,5,22,0.006305170239596469,0.027742749054224466,0.0037831021437578815,0.0,0.6296296296296297,0.013871374527112233,0.04287515762925599,0.0,0.0,0.5111111111111111,0.6976814240761828,1.629171144978652
CTD_2024,CTD,2024,vi,VN100,,3682,11,94,0.0029875067897881585,0.025529603476371537,0.005703422053231939,0.0,0.7904761904761904,0.021184139054861488,0.04888647474198805,0.0,0.0,0.3953488372093023,2.106103301268744,8.520166798322432
CTD_2019,CTD,2019,vi,VN100,,625,7,17,0.0112,0.0272,0.0032,0.0,0.4166666666666667,0.0336,0.048,0.0,0.0,0.17647058823529413,1.0659062985774914,2.6937765635762654
CTD_2023,CTD,2023,vi,VN100,,523,4,14,0.0076481835564053535,0.02676864244741874,0.0019120458891013384,0.0,0.5555555555555556,0.011472275334608031,0.06883365200764818,0.0,0.0,0.7142857142857143,0.8838803728753153,0.5323009627712425
CTD_2017,CTD,2017,vi,VN100,,656,2,20,0.003048780487804878,0.03048780487804878,0.001524390243902439,0.0,0.8181818181818182,0.01524390243902439,0.056402439024390245,0.0,0.0,0.574468085106383,0.6710923330757882,1.35371636108879
CTG_2025,CTG,2025,vi,VN30,,639,0,39,0.0,0.06100409453099783,0.006259780907668232,0.0,1.0,0.017214397496087636,0.06885758998435054,0.0,0.0,0.6,0.0,0.6062104236274143
CTG_2024,CTG,2024,vi,VN30,,942,1,51,0.0010615711252653928,0.054140127388535034,0.0010615711252653928,0.0,0.9615384615384616,0.027600849256900213,0.06050955414012739,0.0,0.0,0.37349397590361444,0.29877470330968836,2.492792572080528
CTG_2023,CTG,2023,vi,VN30,,1119,9,39,0.00804289544235925,0.03485254691689008,0.0017873100983020554,0.0,0.625,0.01876675603217158,0.0420017873100983,0.0,0.0,0.38235294117647056,2.3797450921046277,2.657679124294393
CTG_2022,CTG,2022,vi,VN30,,796,10,44,0.01256281407035176,0.05527638190954774,0.005025125628140704,0.0,0.6296296296296297,0.022613065326633167,0.056532663316582916,0.0,0.0,0.42857142857142855,1.443699757630351,1.7302912177800671
CTG_2021,CTG,2021,vi,VN30,,1281,11,80,0.00858704137392662,0.06100409453099783,0.00156128024980484,0.0,0.7582417582417582,0.01795472287275566,0.08196721311475409,0.0,0.0,0.640625,1.9381898576937329,2.612555278339561
CTG_2019,CTG,2019,vi,VN30,,966,3,54,0.003105590062111801,0.055900621118012424,0.0,0.0,0.8947368421052632,0.021739130434782608,0.07039337474120083,0.0,0.0,0.5280898876404494,0.5359784509361121,2.5390953296437195
CTD_2018,CTD,2018,vi,VN100,,1240,5,43,0.004032258064516129,0.03467741935483871,0.004032258064516129,0.0,0.7916666666666666,0.018548387096774192,0.054838709677419356,0.0,0.0,0.4945054945054945,0.5302836003452108,3.07550716626956
CTG_2017,CTG,2017,vi,VN30,,906,2,40,0.002207505518763797,0.04415011037527594,0.0,0.0,0.9047619047619048,0.01545253863134658,0.04415011037527594,0.0,0.0,0.48148148148148145,0.4359749227507388,1.2264447255691997
CTG_2016,CTG,2016,vi,VN30,,977,5,39,0.00511770726714432,0.03991811668372569,0.0010235414534288639,0.0,0.7727272727272727,0.022517911975435005,0.05629477993858751,0.0,0.0,0.42857142857142855,1.2192806638772733,2.9968808863923204
CTR_2025,CTR,2025,vi,VN100,,625,4,22,0.0064,0.0352,0.0016,0.0,0.6923076923076923,0.0096,0.0624,0.0,0.0,0.7333333333333333,0.7305716025347487,2.1852274734707007
CTR_2024,CTR,2024,vi,VN100,,1122,3,35,0.00267379679144385,0.031194295900178252,0.00089126559714795,0.0,0.8421052631578947,0.023172905525846704,0.05525846702317291,0.0,0.0,0.4090909090909091,0.45084182266515516,1.3453023230922567
CTG_2018,CTG,2018,vi,VN30,,1105,6,63,0.005429864253393665,0.05701357466063348,0.0036199095022624436,0.0,0.8260869565217391,0.024434389140271493,0.0751131221719457,0.0,0.0,0.509090909090909,0.723602142417564,2.514320354223588
CTR_2023,CTR,2023,vi,VN100,,913,10,35,0.01095290251916758,0.038335158817086525,0.0032858707557502738,0.0,0.5555555555555556,0.02628696604600219,0.04271631982475356,0.0,0.0,0.23809523809523808,0.780523402621133,2.5724632618599994
CTR_2020,CTR,2020,vi,VN100,,743,10,23,0.013458950201884253,0.03095558546433378,0.0013458950201884253,0.0,0.3939393939393939,0.026917900403768506,0.05652759084791386,0.0,0.0,0.3548387096774194,3.1048683969967446,3.881058251407165
CTR_2022,CTR,2022,vi,VN100,,882,10,28,0.011337868480725623,0.031746031746031744,0.003401360544217687,0.0,0.47368421052631576,0.023809523809523808,0.04308390022675737,0.0,0.0,0.288135593220339,2.6053892128453793,3.4425460585708367
CTR_2019,CTR,2019,vi,VN100,,467,2,3,0.004282655246252677,0.008038744394618835,0.0,0.0,0.2,0.0064667120142845,0.029978586723768737,0.0,0.0,0.6470588235294118,0.13937304186624005,0.09023074280263213
CTS_2025,CTS,2025,vi,VN100,,1377,3,81,0.002178649237472767,0.058823529411764705,0.005809731299927378,0.0,0.9285714285714286,0.023238925199709513,0.04938271604938271,0.0,0.0,0.36,0.3362116772546474,2.4031100113932977
CTS_2024,CTS,2024,vi,VN100,,1925,2,30,0.001038961038961039,0.015584415584415584,0.002077922077922078,0.0,0.875,0.016103896103896103,0.027012987012987013,0.0,0.0,0.25301204819277107,0.6146386957077928,3.6312079993853357
CTS_2022,CTS,2022,vi,VN100,,1955,22,35,0.011253196930946292,0.017902813299232736,0.009718670076726343,0.0,0.22807017543859648,0.02864450127877238,0.06291560102301791,0.0,0.0,0.3743016759776536,4.763363669395702,7.149099089540604
CTS_2021,CTS,2021,vi,VN100,,942,6,10,0.006369426751592357,0.010615711252653927,0.0,0.0,0.25,0.010615711252653927,0.02655822648688891,0.0,0.0,0.42857142857142855,1.7461977060158453,1.8365417873054213
CTS_2019,CTS,2019,vi,VN100,,952,6,29,0.0063025210084033615,0.03046218487394958,0.0031512605042016808,0.0,0.6571428571428571,0.022058823529411766,0.04726890756302521,0.0,0.0,0.36363636363636365,2.078926497512901,1.7001369239086495
CTS_2020,CTS,2020,vi,VN100,,1048,12,31,0.011450381679389313,0.029580152671755726,0.0019083969465648854,0.0,0.4418604651162791,0.019083969465648856,0.05057251908396947,0.0,0.0,0.4520547945205479,2.416440172204252,2.2801760217731823
DBC_2025,DBC,2025,vi,VN100,,336,2,17,0.005952380952380952,0.050595238095238096,0.005952380952380952,0.0,0.7894736842105263,0.0064667120142845,0.08411541863137832,0.0,0.0,0.8260869565217391,0.34116911740194145,0.01814876913574327
DBC_2022,DBC,2022,vi,VN100,,742,18,16,0.021235110573551822,0.0215633423180593,0.006738544474393531,0.0,0.0440920716112532,0.03638814016172507,0.04582210242587601,0.0,0.0,0.11475409836065574,3.4434007590108155,3.420025622258045
CTS_2017,CTS,2017,vi,VN100,,573,0,4,0.0,0.008038744394618835,0.0017452006980802793,0.0,1.0,0.015706806282722512,0.038394415357766144,0.0,0.0,0.41935483870967744,0.0,2.245681352924546
DBC_2020,DBC,2020,vi,VN100,,669,5,19,0.007473841554559043,0.028400597907324365,0.005979073243647235,0.0,0.5833333333333334,0.017937219730941704,0.06278026905829596,0.0,0.0,0.5555555555555556,0.6043068983688901,2.341409364840433
DBC_2017,DBC,2017,vi,VN100,,796,5,14,0.00628140703517588,0.017587939698492462,0.001256281407035176,0.0,0.47368421052631576,0.010050251256281407,0.06658291457286432,0.0,0.0,0.7377049180327869,1.172567375345054,1.429273376041135
DBC_2016,DBC,2016,vi,VN100,,756,6,14,0.007936507936507936,0.018518518518518517,0.0026455026455026454,0.0,0.4,0.009259259259259259,0.062169312169312166,0.0,0.0,0.7407407407407407,0.27401918617333365,0.5447881283643233
DBC_2019,DBC,2019,vi,VN100,,830,3,21,0.0036144578313253013,0.02530120481927711,0.0024096385542168677,0.0,0.75,0.02650602409638554,0.05903614457831325,0.0,0.0,0.38028169014084506,0.5790103308759931,3.885477261902417
DCM_2023,DCM,2023,vi,VN100,,523,2,12,0.0038240917782026767,0.022944550669216062,0.009560229445506692,0.0,0.7142857142857143,0.022944550669216062,0.05162523900573614,0.0,0.0,0.38461538461538464,0.13719876989455546,1.2628297784615097
DCM_2022,DCM,2022,vi,VN100,,647,8,22,0.012364760432766615,0.03400309119010819,0.00463678516228748,0.0,0.4666666666666667,0.03400309119010819,0.04327666151468315,0.0,0.0,0.12,2.1799029323550245,4.025255054133012
DCM_2017,DCM,2017,vi,VN100,,1010,9,31,0.00891089108910891,0.030693069306930693,0.0009900990099009901,0.0,0.55,0.030693069306930693,0.05148514851485148,0.0,0.0,0.25301204819277107,0.4927010200040427,3.0616517002771597
DCM_2018,DCM,2018,vi,VN100,,1359,11,45,0.008094186902133923,0.033112582781456956,0.0,0.0,0.6071428571428571,0.017660044150110375,0.047829286239882265,0.0,0.0,0.4606741573033708,0.5025390740731462,1.7347962553518057
DGW_2024,DGW,2024,vi,VN100,,436,2,16,0.0045871559633027525,0.03669724770642202,0.0022935779816513763,0.0,0.7777777777777778,0.009174311926605505,0.04357798165137615,0.0,0.0,0.6521739130434783,0.4566698243955763,0.345634954359581
DCM_2024,DCM,2024,vi,VN100,,1665,3,48,0.0018018018018018018,0.02882882882882883,0.0012012012012012011,0.0,0.8823529411764706,0.011411411411411412,0.04624624624624624,0.0,0.0,0.6041666666666666,0.26764010924292997,1.8365405654138418
DCM_2016,DCM,2016,vi,VN100,,1135,5,30,0.004405286343612335,0.02643171806167401,0.001762114537444934,0.0,0.7142857142857143,0.02378854625550661,0.055506607929515416,0.0,0.0,0.4,0.6980883904318075,2.6242691093920953
DGW_2021,DGW,2021,vi,VN100,,565,8,10,0.01415929203539823,0.017699115044247787,0.0,0.0,0.1111111111111111,0.01592920353982301,0.05309734513274336,0.0,0.0,0.5384615384615384,1.3512776872126016,0.9057518897369655
DGW_2023,DGW,2023,vi,VN100,,525,4,18,0.007619047619047619,0.03428571428571429,0.0,0.0,0.6363636363636364,0.02666666666666667,0.045714285714285714,0.0,0.0,0.2631578947368421,0.40060779075087316,1.5703096902010203
DGW_2018,DGW,2018,vi,VN100,,851,3,31,0.0035252643948296123,0.036427732079905996,0.0011750881316098707,0.0,0.8235294117647058,0.021151586368977675,0.06580493537015276,0.0,0.0,0.5135135135135135,0.42609584184450194,1.90006957638182
DGW_2020,DGW,2020,vi,VN100,,862,17,20,0.019721577726218097,0.02320185614849188,0.001160092807424594,0.0,0.08108108108108109,0.019721577726218097,0.04756380510440835,0.0,0.0,0.41379310344827586,3.7045552226741876,3.2295648730969666
DGW_2016,DGW,2016,vi,VN100,,926,7,33,0.00755939524838013,0.035637149028077755,0.0,0.0,0.65,0.02159827213822894,0.032397408207343416,0.0,0.0,0.2,1.9600494152784216,3.125104432509699
DIG_2025,DIG,2025,vi,VN100,,1307,5,77,0.0038255547054322878,0.05891354246365723,0.0045906656465187455,0.0,0.8780487804878049,0.02448355011476664,0.08263198163733741,0.0,0.0,0.5428571428571428,0.6253183148889094,3.871765549013001
DIG_2024,DIG,2024,vi,VN100,,1303,8,54,0.0061396776669224865,0.04144282425172678,0.003837298541826554,0.0,0.7419354838709677,0.023791250959324637,0.07597851112816577,0.0,0.0,0.5230769230769231,1.3005506168035645,5.407166498250414
DIG_2021,DIG,2021,vi,VN100,,543,9,18,0.016574585635359115,0.03314917127071823,0.001841620626151013,0.0,0.3333333333333333,0.02394106813996317,0.053406998158379376,0.0,0.0,0.38095238095238093,1.220851996089575,1.3287658962959539
DIG_2020,DIG,2020,vi,VN100,,797,4,21,0.005018820577164366,0.026348808030112924,0.0012547051442910915,0.0,0.68,0.01631116687578419,0.043914680050188205,0.0,0.0,0.4583333333333333,0.5944878930134601,1.304144563616524
DIG_2016,DIG,2016,vi,VN100,,1048,3,27,0.0028625954198473282,0.025763358778625955,0.003816793893129771,0.0,0.8,0.019083969465648856,0.04484732824427481,0.0,0.0,0.40298507462686567,0.4908741439693007,3.0710372428694135
DPM_2025,DPM,2025,vi,VN100,,647,5,25,0.0077279752704791345,0.03863987635239567,0.0061823802163833074,0.0,0.6666666666666666,0.021638330757341576,0.06027820710973725,0.0,0.0,0.4716981132075472,1.2250140477994211,1.7313495511160943
DPM_2024,DPM,2024,vi,VN100,,721,8,30,0.011095700416088766,0.04160887656033287,0.004160887656033287,0.0,0.5789473684210527,0.020804438280166437,0.052704576976421634,0.0,0.0,0.4339622641509434,1.4645184417761863,2.5285444416588123
DPM_2023,DPM,2023,vi,VN100,,1080,7,50,0.006481481481481481,0.046296296296296294,0.004629629629629629,0.0,0.7543859649122807,0.025,0.06296296296296296,0.0,0.0,0.43157894736842106,1.2241783060894622,2.324763838924558
DPM_2022,DPM,2022,vi,VN100,,593,1,10,0.0016863406408094434,0.016863406408094434,0.0016863406408094434,0.0,0.8181818181818182,0.01517706576728499,0.05396290050590219,0.0,0.0,0.5609756097560976,0.3488854757691179,1.4127395274821517
DPM_2021,DPM,2021,vi,VN100,,1657,23,70,0.01388050694025347,0.04224502112251056,0.007845503922751962,0.0,0.5053763440860215,0.025347012673506336,0.06397103198551599,0.0,0.0,0.43243243243243246,3.559248422185129,6.54327488120539
DPM_2020,DPM,2020,vi,VN100,,1595,34,59,0.021235110573551822,0.03699059561128527,0.0025078369905956114,0.0,0.26881720430107525,0.03385579937304075,0.05078369905956113,0.0,0.0,0.2,5.2613941188924835,6.074886776941912
DPM_2019,DPM,2019,vi,VN100,,672,11,28,0.01636904761904762,0.041666666666666664,0.008928571428571428,0.0,0.4358974358974359,0.020833333333333332,0.03869047619047619,0.0,0.0,0.3,0.5496627752447905,2.4519715981083894
DPM_2018,DPM,2018,vi,VN100,,1159,4,28,0.003451251078515962,0.024158757549611734,0.0025884383088869713,0.0,0.75,0.023295944779982744,0.062122519413287315,0.0,0.0,0.45454545454545453,0.3819222053051593,4.148160128160007
DSE_2023,DSE,2023,vi,VN100,,943,1,38,0.0010604453870625664,0.04029692470837752,0.0010604453870625664,0.0,0.9487179487179487,0.012725344644750796,0.036055143160127257,0.0,0.0,0.4782608695652174,0.4628117033268657,0.5408617659711901
DSE_2021,DSE,2021,vi,VN100,,635,1,13,0.0015748031496062992,0.02047244094488189,0.0015748031496062992,0.0,0.8571428571428571,0.014173228346456693,0.03622047244094488,0.0,0.0,0.4375,0.22629654523622092,0.8518657214426746
DXG_2025,DXG,2025,vi,VN100,,1142,2,29,0.0017513134851138354,0.025394045534150613,0.002626970227670753,0.0,0.8709677419354839,0.028021015761821366,0.053415061295971976,0.0,0.0,0.3118279569892473,0.43148259094102137,2.199926101209462
DXG_2024,DXG,2024,vi,VN100,,710,1,25,0.0014084507042253522,0.035211267605633804,0.0014084507042253522,0.0,0.9230769230769231,0.028169014084507043,0.08411541863137832,0.0,0.0,0.5,0.20123902354703044,1.479277799442396
DXG_2021,DXG,2021,vi,VN100,,1218,0,29,0.0,0.023809523809523808,0.0024630541871921183,0.0,1.0,0.034482758620689655,0.06486042692939245,0.0,0.0,0.30578512396694213,0.0,2.62642779511235
DXG_2020,DXG,2020,vi,VN100,,859,7,27,0.008149010477299184,0.03143189755529686,0.0,0.0,0.5882352941176471,0.02910360884749709,0.07566938300349244,0.0,0.0,0.4444444444444444,0.8247208751784646,1.5075178460924994
DXG_2019,DXG,2019,vi,VN100,,584,2,8,0.003424657534246575,0.0136986301369863,0.0,0.0,0.6,0.0273972602739726,0.06164383561643835,0.0,0.0,0.38461538461538464,0.09911335372359226,1.300644128901652
DXG_2018,DXG,2018,vi,VN100,,1144,1,25,0.0008741258741258741,0.021853146853146852,0.0,0.0,0.9230769230769231,0.032342657342657344,0.06555944055944056,0.0,0.0,0.3392857142857143,0.0536438068651224,2.2065819466149943
DXG_2016,DXG,2016,vi,VN100,,360,0,11,0.0,0.030555555555555555,0.0,0.0,1.0,0.038489483645669516,0.05555555555555555,0.0,0.0,0.17647058823529413,0.0,1.0892338074654018
EIB_2025,EIB,2025,vi,VN100,,712,3,30,0.004213483146067416,0.042134831460674156,0.004213483146067416,0.0,0.8181818181818182,0.018258426966292134,0.05337078651685393,0.0,0.0,0.49019607843137253,1.1116768123291814,1.1519844098726062
EIB_2024,EIB,2024,vi,VN100,,920,1,42,0.0010869565217391304,0.04565217391304348,0.004347826086956522,0.0,0.9534883720930233,0.017391304347826087,0.07608695652173914,0.0,0.0,0.627906976744186,0.260184481392823,2.155087022706846
EIB_2023,EIB,2023,vi,VN100,,603,4,20,0.006633499170812604,0.03316749585406302,0.004975124378109453,0.0,0.6666666666666666,0.01658374792703151,0.04311774461028192,0.0,0.0,0.4444444444444444,0.5290630959125634,0.9685997213266514
EIB_2021,EIB,2021,vi,VN100,,543,5,10,0.009208103130755065,0.01841620626151013,0.0055248618784530384,0.0,0.3333333333333333,0.014732965009208104,0.058931860036832415,0.0,0.0,0.6,1.050449155415123,2.041194084913526
EIB_2017,EIB,2017,vi,VN100,,694,4,14,0.005763688760806916,0.020172910662824207,0.0,0.0,0.5555555555555556,0.012968299711815562,0.06195965417867435,0.0,0.0,0.6538461538461539,1.580443469703729,0.8696703730981332
EIB_2016,EIB,2016,vi,VN100,,593,7,10,0.011804384485666104,0.016863406408094434,0.006745362563237774,0.0,0.17647058823529413,0.013490725126475547,0.05564924114671164,0.0,0.0,0.6097560975609756,2.1297721513032646,1.3960525002758677
EIB_2018,EIB,2018,vi,VN100,,773,3,20,0.0038809831824062097,0.0258732212160414,0.00517464424320828,0.0,0.7391304347826086,0.01164294954721863,0.06597671410090557,0.0,0.0,0.7,0.16928041388444115,1.2025575023572201
FPT_2025,FPT,2025,vi,VN30,,1971,9,25,0.0045662100456621,0.012683916793505834,0.004058853373921867,0.0,0.47058823529411764,0.023845763571790968,0.03602232369355657,0.0,0.0,0.2033898305084746,3.023351753402191,5.367910425607702
FPT_2024,FPT,2024,vi,VN30,,1585,0,39,0.0,0.024605678233438486,0.0006309148264984228,0.0,1.0,0.028391167192429023,0.03722397476340694,0.0,0.0,0.1346153846153846,0.0,5.829841468098805
FPT_2023,FPT,2023,vi,VN30,,1444,14,23,0.009695290858725761,0.01592797783933518,0.002770083102493075,0.0,0.24324324324324326,0.029085872576177285,0.038088642659279776,0.0,0.0,0.13402061855670103,3.433884983203688,4.6556786977950635
FPT_2022,FPT,2022,vi,VN30,,2277,15,57,0.006587615283267457,0.025032938076416336,0.0021958717610891525,0.0,0.5833333333333334,0.020202020202020204,0.039964866051822576,0.0,0.0,0.3284671532846715,3.30789655547876,5.187850473262712
FPT_2021,FPT,2021,vi,VN30,,1255,6,27,0.004780876494023904,0.02151394422310757,0.0015936254980079682,0.0,0.6363636363636364,0.020717131474103586,0.04541832669322709,0.0,0.0,0.37349397590361444,2.0293484399719475,4.3127473275547645
FPT_2019,FPT,2019,vi,VN30,,1167,5,33,0.004284490145672665,0.028277634961439587,0.000856898029134533,0.0,0.7368421052631579,0.018851756640959727,0.04798628963153385,0.0,0.0,0.4358974358974359,0.6454979939123728,1.5311464228571794
FPT_2018,FPT,2018,vi,VN30,,977,1,25,0.0010235414534288639,0.0255885363357216,0.0010235414534288639,0.0,0.9230769230769231,0.019447287615148412,0.057318321392016376,0.0,0.0,0.49333333333333335,0.05471742996099871,1.497689857218903
FPT_2017,FPT,2017,vi,VN30,,924,2,35,0.0021645021645021645,0.03787878787878788,0.0010822510822510823,0.0,0.8918918918918919,0.015151515151515152,0.05194805194805195,0.0,0.0,0.5483870967741935,0.09330469639634191,0.46448330113384073
FPT_2020,FPT,2020,vi,VN30,,827,4,10,0.0048367593712212815,0.012091898428053204,0.0024183796856106408,0.0,0.42857142857142855,0.016928657799274487,0.030229746070133012,0.0,0.0,0.28205128205128205,1.1712846645185049,2.2236093967068933
FPT_2016,FPT,2016,vi,VN30,,877,0,18,0.0,0.020524515393386546,0.002280501710376283,0.0,1.0,0.018244013683010263,0.04561003420752566,0.0,0.0,0.42857142857142855,0.0,1.471606464283794
FRT_2025,FRT,2025,vi,VN100,,1654,4,101,0.0024183796856106408,0.06100409453099783,0.0024183796856106408,0.0,0.9238095238095239,0.016324062877871828,0.07980652962515115,0.0,0.0,0.660377358490566,0.9739151744435333,2.623443503269013
FRT_2024,FRT,2024,vi,VN100,,2133,7,101,0.0032817627754336614,0.0473511486169714,0.0009376465072667605,0.0,0.8703703703703703,0.01875293014533521,0.0782934833567745,0.0,0.0,0.6135265700483091,2.0545259733739196,2.425645543876851
FRT_2023,FRT,2023,vi,VN100,,1193,15,35,0.012573344509639563,0.02933780385582565,0.003352891869237217,0.0,0.4,0.024308466051969825,0.05113160100586756,0.0,0.0,0.35555555555555557,3.292164181881994,2.8255316278942435
FRT_2021,FRT,2021,vi,VN100,,956,10,25,0.010460251046025104,0.02615062761506276,0.0,0.0,0.42857142857142855,0.03138075313807531,0.051255230125523014,0.0,0.0,0.24050632911392406,1.4626159891895214,3.4370071408527303
FRT_2020,FRT,2020,vi,VN100,,1364,11,31,0.008064516129032258,0.022727272727272728,0.001466275659824047,0.0,0.47619047619047616,0.03372434017595308,0.045454545454545456,0.0,0.0,0.14814814814814814,1.834020730606186,3.6704986546582714
FRT_2019,FRT,2019,vi,VN100,,350,0,11,0.0,0.03142857142857143,0.0,0.0,1.0,0.017142857142857144,0.07142857142857142,0.0,0.0,0.6129032258064516,0.0,0.3533064221342825
FRT_2022,FRT,2022,vi,VN100,,1037,5,13,0.0048216007714561235,0.01253616200578592,0.003857280617164899,0.0,0.4444444444444444,0.013500482160077145,0.03471552555448409,0.0,0.0,0.44,0.707664936873154,1.7592389682588943
FTS_2025,FTS,2025,vi,VN100,,790,4,33,0.005063291139240506,0.04177215189873418,0.010684589587879727,0.0,0.7837837837837838,0.02531645569620253,0.0620253164556962,0.0,0.0,0.42028985507246375,1.3194942679637625,2.976181103284201
FTS_2023,FTS,2023,vi,VN100,,906,11,24,0.012141280353200883,0.026490066225165563,0.0033112582781456954,0.0,0.37142857142857144,0.029801324503311258,0.03532008830022075,0.0,0.0,0.0847457627118644,1.4994632285844223,3.442053237060917
FTS_2021,FTS,2021,vi,VN100,,754,5,18,0.006631299734748011,0.023872679045092837,0.0,0.0,0.5652173913043478,0.021220159151193633,0.03580901856763926,0.0,0.0,0.2558139534883721,1.33783352032613,2.6740892515183416
FRT_2018,FRT,2018,vi,VN100,,611,3,29,0.004909983633387889,0.04746317512274959,0.0,0.0,0.8125,0.019639934533551555,0.057283142389525366,0.0,0.0,0.48936170212765956,0.12209967005190137,0.9592264010019225
FTS_2019,FTS,2019,vi,VN100,,1148,6,33,0.005226480836236934,0.028745644599303136,0.003484320557491289,0.0,0.6923076923076923,0.0156794425087108,0.05400696864111498,0.0,0.0,0.55,1.601615285167717,1.9857509248150724
FTS_2020,FTS,2020,vi,VN100,,1043,16,24,0.015340364333652923,0.023010546500479387,0.0009587727708533077,0.0,0.2,0.031639501438159155,0.040268456375838924,0.0,0.0,0.12,3.2828079162119277,5.374888901477076
FRT_2017,FRT,2017,vi,VN100,,491,0,5,0.0,0.010183299389002037,0.0,0.0,1.0,0.016293279022403257,0.038696537678207736,0.0,0.0,0.4074074074074074,0.0,0.4843406726138253
FTS_2018,FTS,2018,vi,VN100,,783,5,28,0.006385696040868455,0.035759897828863345,0.002554278416347382,0.0,0.696969696969697,0.020434227330779056,0.0421455938697318,0.0,0.0,0.3469387755102041,1.431989147181484,1.8188509830130417
FTS_2024,FTS,2024,vi,VN100,,1054,14,35,0.013282732447817837,0.03320683111954459,0.0056925996204933585,0.0,0.42857142857142855,0.028462998102466792,0.036053130929791274,0.0,0.0,0.11764705882352941,3.181347501974232,4.725192647310274
GAS_2023,GAS,2023,vi,VN30,,1103,4,21,0.003626473254759746,0.019038984587488667,0.001813236627379873,0.0,0.68,0.024478694469628286,0.04805077062556664,0.0,0.0,0.325,0.900480455237183,4.391067093210029
FTS_2017,FTS,2017,vi,VN100,,739,2,25,0.0027063599458728013,0.03382949932341001,0.0,0.0,0.8518518518518519,0.012178619756427604,0.036535859269282815,0.0,0.0,0.5,0.1309620815873108,0.6311041093845757
GAS_2022,GAS,2022,vi,VN30,,1204,7,30,0.005813953488372093,0.024916943521594685,0.0016611295681063123,0.0,0.6216216216216216,0.018272425249169437,0.054817275747508304,0.0,0.0,0.5,0.9897227895699722,2.9875411350663015
GAS_2018,GAS,2018,vi,VN30,,405,5,9,0.012345679012345678,0.022222222222222223,0.0049382716049382715,0.0,0.2857142857142857,0.019753086419753086,0.044444444444444446,0.0,0.0,0.38461538461538464,1.591473318003977,1.9346686808304774
GAS_2016,GAS,2016,vi,VN30,,1372,10,30,0.007288629737609329,0.021865889212827987,0.0,0.0,0.5,0.02040816326530612,0.05612244897959184,0.0,0.0,0.4666666666666667,1.6132216595579003,1.7032445718061715
GEE_2023,GEE,2023,vi,VN100,,981,7,30,0.007135575942915392,0.03058103975535168,0.0030581039755351682,0.0,0.6216216216216216,0.019367991845056064,0.05504587155963303,0.0,0.0,0.4794520547945205,1.0570837804102409,1.43777895238948
GEE_2024,GEE,2024,vi,VN100,,934,0,40,0.0,0.042826552462526764,0.0021413276231263384,0.0,1.0,0.010706638115631691,0.06423982869379015,0.0,0.0,0.7142857142857143,0.0,0.48657946618008413
GEE_2022,GEE,2022,vi,VN100,,1040,13,25,0.0125,0.02403846153846154,0.008653846153846154,0.0,0.3157894736842105,0.020192307692307693,0.05384615384615385,0.0,0.0,0.45454545454545453,1.8737238794507092,2.3189003391783767
GEE_2021,GEE,2021,vi,VN100,,1332,10,36,0.0075075075075075074,0.02702702702702703,0.0,0.0,0.5652173913043478,0.015765765765765764,0.05405405405405406,0.0,0.0,0.5483870967741935,2.125753330667846,2.7211317244819444
GEE_2025,GEE,2025,vi,VN100,,853,0,35,0.0,0.041031652989449004,0.0035169988276670576,0.0,1.0,0.012895662368112544,0.05158264947245018,0.0,0.0,0.6,0.0,0.9641593027202429
GEX_2025,GEX,2025,vi,VN100,,1679,0,75,0.0,0.04466944609886837,0.00357355568790947,0.0,1.0,0.01846337105419893,0.058368076235854674,0.0,0.0,0.5193798449612403,0.0,2.2433041148487147
GEX_2024,GEX,2024,vi,VN100,,1017,0,44,0.0,0.043264503441494594,0.0019665683382497543,0.0,1.0,0.007866273352999017,0.06588003933136677,0.0,0.0,0.7866666666666666,0.0,0.46850396967182784
GEX_2022,GEX,2022,vi,VN100,,835,12,28,0.01437125748502994,0.033532934131736525,0.0023952095808383233,0.0,0.4,0.013173652694610778,0.0658682634730539,0.0,0.0,0.6666666666666666,1.8666052756317124,1.0301669036922827
GEX_2023,GEX,2023,vi,VN100,,873,1,36,0.001145475372279496,0.041237113402061855,0.004581901489117984,0.0,0.9459459459459459,0.016036655211912942,0.07331042382588775,0.0,0.0,0.6410256410256411,0.0726442977558183,0.9116038118813969
GEX_2021,GEX,2021,vi,VN100,,688,4,25,0.005813953488372093,0.036337209302325583,0.0,0.0,0.7241379310344828,0.00872093023255814,0.07122093023255814,0.0,0.0,0.7818181818181819,0.6963799628915935,0.1911056141120206
GAS_2025,GAS,2025,vi,VN30,,1748,1,45,0.0005720823798627002,0.02574370709382151,0.0005720823798627002,0.0,0.9565217391304348,0.020594965675057208,0.043478260869565216,0.0,0.0,0.35714285714285715,0.050957624667772365,3.4552504017100225
GEX_2018,GEX,2018,vi,VN100,,606,0,28,0.0,0.0462046204620462,0.0016501650165016502,0.0,1.0,0.009900990099009901,0.06435643564356436,0.0,0.0,0.7333333333333333,0.0,0.8338123207711764
GEX_2019,GEX,2019,vi,VN100,,1215,5,42,0.00411522633744856,0.0345679012345679,0.0032921810699588477,0.0,0.7872340425531915,0.014814814814814815,0.06337448559670782,0.0,0.0,0.6210526315789474,1.890970917028327,3.906629995143916
GMD_2025,GMD,2025,vi,VN100,,988,7,35,0.00708502024291498,0.0354251012145749,0.006072874493927126,0.0,0.6666666666666666,0.020242914979757085,0.05161943319838057,0.0,0.0,0.43661971830985913,1.3876092063970307,1.8949739906110379
GMD_2024,GMD,2024,vi,VN100,,1016,4,42,0.003937007874015748,0.04133858267716536,0.004921259842519685,0.0,0.8260869565217391,0.012795275590551181,0.04822834645669291,0.0,0.0,0.5806451612903226,0.9497928045299464,1.8982437562094099
GMD_2023,GMD,2023,vi,VN100,,1044,9,32,0.008620689655172414,0.03065134099616858,0.005747126436781609,0.0,0.5609756097560976,0.019157088122605363,0.04980842911877394,0.0,0.0,0.4444444444444444,1.4848770626601526,2.577267996731164
GEX_2020,GEX,2020,vi,VN100,,714,8,18,0.011204481792717087,0.025210084033613446,0.0,0.0,0.38461538461538464,0.01680672268907563,0.058823529411764705,0.0,0.0,0.5555555555555556,2.442482451726266,2.3660765389869782
GMD_2021,GMD,2021,vi,VN100,,810,7,25,0.008641975308641974,0.030864197530864196,0.0,0.0,0.5625,0.01728395061728395,0.05802469135802469,0.0,0.0,0.5409836065573771,1.2511622561042193,1.3656869588082117
GMD_2018,GMD,2018,vi,VN100,,643,0,19,0.0,0.029548989113530325,0.003110419906687403,0.0,1.0,0.0064667120142845,0.06687402799377916,0.0,0.0,0.8260869565217391,0.0,0.01814876913574327
GMD_2017,GMD,2017,vi,VN100,,750,1,18,0.0013333333333333333,0.024,0.0026666666666666666,0.0,0.8947368421052632,0.012,0.04533333333333334,0.0,0.0,0.5813953488372093,0.6586464409042363,1.3282115224959836
GMD_2016,GMD,2016,vi,VN100,,970,5,36,0.005154639175257732,0.03711340206185567,0.006185567010309278,0.0,0.7560975609756098,0.016494845360824743,0.061855670103092786,0.0,0.0,0.5789473684210527,0.6904028633520143,2.541294487615773
GMD_2020,GMD,2020,vi,VN100,,1030,6,25,0.005825242718446602,0.024271844660194174,0.002912621359223301,0.0,0.6129032258064516,0.018446601941747572,0.04466019417475728,0.0,0.0,0.4153846153846154,0.9143840640705819,1.103078150282332
GVR_2024,GVR,2024,vi,VN30,,2160,4,72,0.001851851851851852,0.03333333333333333,0.001388888888888889,0.0,0.8947368421052632,0.020833333333333332,0.08148148148148149,0.0,0.0,0.5927601809954751,0.7049602964528998,3.2446560364231147
GVR_2023,GVR,2023,vi,VN30,,1801,17,48,0.009439200444197668,0.026651860077734593,0.001110494169905608,0.0,0.47692307692307695,0.028317601332593003,0.07495835646862854,0.0,0.0,0.45161290322580644,1.885515485667747,4.044637891416475
GVR_2025,GVR,2025,vi,VN30,,1908,3,72,0.0015723270440251573,0.03773584905660377,0.0031446540880503146,0.0,0.92,0.018343815513626835,0.08176100628930817,0.0,0.0,0.6335078534031413,0.16219056276541044,2.835992286753697
GVR_2021,GVR,2021,vi,VN30,,1233,15,25,0.012165450121654502,0.0202757502027575,0.0024330900243309003,0.0,0.25,0.0227088402270884,0.07948094079480941,0.0,0.0,0.5555555555555556,1.5992158503098082,3.3247770419113563
GVR_2020,GVR,2020,vi,VN30,,1485,16,27,0.010774410774410775,0.01818181818181818,0.00202020202020202,0.0,0.2558139534883721,0.026262626262626262,0.06127946127946128,0.0,0.0,0.4,2.405495449299152,3.7486570550648777
GVR_2018,GVR,2018,vi,VN30,,1289,12,34,0.009309542280837859,0.026377036462373934,0.0,0.0,0.4782608695652174,0.017067494181536073,0.06671838634600466,0.0,0.0,0.5925925925925926,1.93486025700622,2.158796841643121
HAG_2025,HAG,2025,vi,VN100,,573,9,9,0.015706806282722512,0.015706806282722512,0.0,0.0008077283650241675,0.0440920716112532,0.031413612565445025,0.04886561954624782,0.0,0.0,0.21739130434782608,3.0975404798305033,3.2082036171805055
HAG_2024,HAG,2024,vi,VN100,,1010,8,26,0.007920792079207921,0.02574257425742574,0.0039603960396039604,0.0,0.5294117647058824,0.031683168316831684,0.05643564356435644,0.0,0.0,0.2808988764044944,2.5058012071727647,4.582092867607655
GVR_2022,GVR,2022,vi,VN30,,1372,19,38,0.013848396501457727,0.027696793002915453,0.0007288629737609329,0.0,0.3333333333333333,0.030612244897959183,0.08411541863137832,0.0,0.0,0.4782608695652174,2.825674289023679,4.014384320025801
HAG_2020,HAG,2020,vi,VN100,,691,5,7,0.00723589001447178,0.010130246020260492,0.010130246020260492,0.0,0.16666666666666666,0.038489483645669516,0.04486251808972504,0.0,0.0,0.0008163265306122456,1.219281554347646,4.334735369947088
HAG_2019,HAG,2019,vi,VN100,,872,8,17,0.009174311926605505,0.0194954128440367,0.0011467889908256881,0.0,0.36,0.026376146788990827,0.045871559633027525,0.0,0.0,0.2698412698412698,1.8106272304291242,1.9313088795058126
HAG_2018,HAG,2018,vi,VN100,,678,4,19,0.0058997050147492625,0.028023598820058997,0.007374631268436578,0.0,0.6521739130434783,0.02064896755162242,0.06489675516224189,0.0,0.0,0.5172413793103449,0.40951688156609534,1.01988213718487
HAG_2017,HAG,2017,vi,VN100,,1127,4,24,0.00354924578527063,0.02129547471162378,0.0044365572315882874,0.0,0.7142857142857143,0.01419698314108252,0.05235137533274179,0.0,0.0,0.5733333333333334,0.6253632049531871,0.8016542359733364
HAG_2016,HAG,2016,vi,VN100,,1222,13,28,0.010638297872340425,0.022913256955810146,0.004091653027823241,0.0008077283650241675,0.36585365853658536,0.030278232405891982,0.038461538461538464,0.0,0.0,0.11904761904761904,2.508307034618535,3.1975453973175467
HCM_2025,HCM,2025,vi,VN100,,651,0,32,0.0,0.04915514592933948,0.0030721966205837174,0.0,1.0,0.015360983102918587,0.05069124423963134,0.0,0.0,0.5348837209302325,0.0,0.920433407259198
HAG_2021,HAG,2021,vi,VN100,,1267,9,17,0.007103393843725336,0.013417521704814523,0.003946329913180742,0.0,0.3076923076923077,0.01973164956590371,0.041831097079715863,0.0,0.0,0.358974358974359,1.680262753255649,2.240470554402442
HCM_2023,HCM,2023,vi,VN100,,919,3,25,0.003264417845484222,0.02720348204570185,0.002176278563656148,0.0,0.7857142857142857,0.02176278563656148,0.04026115342763874,0.0,0.0,0.2982456140350877,0.8829211769305565,1.3279502182834275
HCM_2024,HCM,2024,vi,VN100,,660,1,28,0.0015151515151515152,0.04242424242424243,0.004545454545454545,0.0,0.9310344827586207,0.01818181818181818,0.05303030303030303,0.0,0.0,0.48936170212765956,0.05758209235975445,0.8048300326012918
HCM_2022,HCM,2022,vi,VN100,,704,4,25,0.005681818181818182,0.03551136363636364,0.004261363636363636,0.0,0.7241379310344828,0.022727272727272728,0.046875,0.0,0.0,0.3469387755102041,1.2159087856578192,1.8044723387810957
HCM_2020,HCM,2020,vi,VN100,,2261,14,74,0.006191950464396285,0.03272888102609465,0.010172490048651039,0.0,0.6818181818181818,0.020344980097302078,0.057938965059708095,0.0,0.0,0.480225988700565,2.177182099821497,2.958133777612181
HCM_2021,HCM,2021,vi,VN100,,927,4,38,0.004314994606256742,0.040992448759439054,0.006472491909385114,0.0,0.8095238095238095,0.015102481121898598,0.0593311758360302,0.0,0.0,0.5942028985507246,0.6462623289826548,0.8707716920470314
HCM_2019,HCM,2019,vi,VN100,,1634,7,54,0.004283965728274173,0.033047735618115054,0.0024479804161566705,0.0,0.7704918032786885,0.023255813953488372,0.05263157894736842,0.0,0.0,0.3870967741935484,2.6341032106167814,2.277980420148497
HCM_2017,HCM,2017,vi,VN100,,1834,0,36,0.0,0.019629225736095966,0.003816793893129771,0.0,1.0,0.012540894220283533,0.03489640130861505,0.0,0.0,0.47126436781609193,0.0,0.7264320275009246
HCM_2018,HCM,2018,vi,VN100,,3666,10,74,0.002727768685215494,0.020185488270594652,0.004909983633387889,0.0,0.7619047619047619,0.013911620294599018,0.03791598472449536,0.0,0.0,0.4631578947368421,1.9479955874405634,6.664624773083786
HCM_2016,HCM,2016,vi,VN100,,3259,7,76,0.0021478981282602025,0.02332003682111077,0.00490948143602332,0.0,0.8313253012048193,0.0223995090518564,0.032525314513654494,0.0,0.0,0.18435754189944134,2.640552450362267,8.520166798322432
HDB_2025,HDB,2025,vi,VN30,,1090,2,40,0.001834862385321101,0.03669724770642202,0.001834862385321101,0.0,0.9047619047619048,0.02110091743119266,0.047706422018348627,0.0,0.0,0.38666666666666666,0.09137624812253446,2.4937845873517652
HDB_2024,HDB,2024,vi,VN30,,1412,11,75,0.007790368271954674,0.05311614730878187,0.0028328611898017,0.0,0.7441860465116279,0.019121813031161474,0.06940509915014165,0.0,0.0,0.568,1.8587389753455266,3.5162375600872653
HDB_2022,HDB,2022,vi,VN30,,988,15,30,0.015182186234817813,0.030364372469635626,0.005060728744939271,0.0,0.3333333333333333,0.02631578947368421,0.05566801619433198,0.0,0.0,0.35802469135802467,3.2267806993015102,4.2832948247397145
HDB_2021,HDB,2021,vi,VN30,,1269,16,43,0.01260835303388495,0.0338849487785658,0.002364066193853428,0.0,0.4576271186440678,0.029944838455476755,0.0504334121355398,0.0,0.0,0.2549019607843137,3.173140751099823,4.144079450066401
HDB_2018,HDB,2018,vi,VN30,,2174,5,98,0.0022999080036798527,0.045078196872125116,0.003219871205151794,0.00045998160073597056,0.9029126213592233,0.019319227230910764,0.05105795768169273,0.0,0.0,0.45098039215686275,0.7345241385716316,4.434189622733328
HDB_2020,HDB,2020,vi,VN30,,976,11,22,0.011270491803278689,0.022540983606557378,0.0,0.0,0.3333333333333333,0.027663934426229508,0.0471311475409836,0.0,0.0,0.2602739726027397,2.5732413370479135,4.486944280716302
HDB_2016,HDB,2016,vi,VN30,,2077,13,67,0.006259027443428021,0.03225806451612903,0.008184882041405874,0.0,0.675,0.019258545979778528,0.06210881078478575,0.0,0.0,0.5266272189349113,1.7055863481795546,4.601189093682496
HDG_2025,HDG,2025,vi,VN100,,651,1,21,0.0015360983102918587,0.03225806451612903,0.004608294930875576,0.0,0.9090909090909091,0.016897081413210446,0.0629800307219662,0.0,0.0,0.5769230769230769,0.6412762401922154,1.361563257117727
HDG_2024,HDG,2024,vi,VN100,,1238,16,18,0.012924071082390954,0.014539579967689823,0.005654281098546042,0.0008077283650241675,0.058823529411764705,0.029079159935379646,0.05654281098546042,0.0,0.0,0.32075471698113206,4.219061136532856,4.11944512307253
HDG_2023,HDG,2023,vi,VN100,,957,11,20,0.011494252873563218,0.02089864158829676,0.00522466039707419,0.0,0.2903225806451613,0.019853709508881923,0.04911180773249739,0.0,0.0,0.42424242424242425,1.4503636796809525,2.1800941741949553
HDB_2017,HDB,2017,vi,VN30,,686,0,4,0.0,0.008038744394618835,0.0,0.0,1.0,0.013119533527696793,0.02655822648688891,0.0,0.0,0.0008163265306122456,0.0,4.254546688275081
HDG_2019,HDG,2019,vi,VN100,,723,3,22,0.004149377593360996,0.030428769017980636,0.0027662517289073307,0.0,0.76,0.013831258644536652,0.04564315352697095,0.0,0.0,0.5348837209302325,0.6684415092541738,0.5459447807298052
HDG_2018,HDG,2018,vi,VN100,,563,1,16,0.0017761989342806395,0.028419182948490232,0.0,0.0,0.8823529411764706,0.014209591474245116,0.07282415630550622,0.0,0.0,0.673469387755102,0.05883027349811052,0.18422509711534898
HDG_2016,HDG,2016,vi,VN100,,316,0,4,0.0,0.012658227848101266,0.0,0.0,1.0,0.015822784810126583,0.0759493670886076,0.0,0.0,0.6551724137931034,0.0,1.2052030164978333
HHV_2025,HHV,2025,vi,VN100,,886,1,28,0.001128668171557562,0.03160270880361174,0.0,0.0,0.9310344827586207,0.012415349887133182,0.05304740406320542,0.0,0.0,0.6206896551724138,0.05540445978687539,0.9494560267713619
HHV_2024,HHV,2024,vi,VN100,,1000,8,20,0.008,0.02,0.001,0.0,0.42857142857142855,0.024,0.045,0.0,0.0,0.30434782608695654,2.4078105076957033,3.449111210556556
HPG_2025,HPG,2025,vi,VN30,,985,2,26,0.0020304568527918783,0.026395939086294416,0.0010152284263959391,0.0,0.8571428571428571,0.012182741116751269,0.07106598984771574,0.0,0.0,0.7073170731707317,0.533015782327178,1.7674341792083663
HPG_2024,HPG,2024,vi,VN30,,951,2,25,0.002103049421661409,0.026288117770767613,0.002103049421661409,0.0,0.8518518518518519,0.014721345951629864,0.08411541863137832,0.0,0.0,0.7021276595744681,0.3309402166540814,1.0673060235391263
HPG_2023,HPG,2023,vi,VN30,,868,5,17,0.00576036866359447,0.019585253456221197,0.002304147465437788,0.0,0.5454545454545454,0.026497695852534562,0.08064516129032258,0.0,0.0,0.5053763440860215,1.032873819858149,2.241604990059834
HPG_2019,HPG,2019,vi,VN30,,1073,7,31,0.0065237651444548,0.028890959925442685,0.0009319664492078285,0.0,0.631578947368421,0.02702702702702703,0.07082945013979497,0.0,0.0,0.44761904761904764,0.9889887448760262,2.830383275859456
HPG_2016,HPG,2016,vi,VN30,,1092,3,37,0.0027472527472527475,0.03388278388278388,0.0009157509157509158,0.0,0.85,0.016483516483516484,0.06776556776556776,0.0,0.0,0.6086956521739131,0.4523699668329443,1.33206256452317
HSG_2024,HSG,2024,vi,VN100,,797,7,21,0.00878293601003764,0.026348808030112924,0.0037641154328732747,0.0,0.5,0.026348808030112924,0.05771643663739021,0.0,0.0,0.373134328358209,1.361845646604582,4.013451661818071
HSG_2025,HSG,2025,vi,VN100,,790,2,38,0.002531645569620253,0.04810126582278481,0.005063291139240506,0.0,0.9,0.017721518987341773,0.08411541863137832,0.0,0.0,0.6626506024096386,0.7016025757179936,2.281831153219181
HSG_2023,HSG,2023,vi,VN100,,889,14,20,0.015748031496062992,0.02249718785151856,0.006749156355455568,0.0,0.17647058823529413,0.019122609673790775,0.07536557930258718,0.0,0.0,0.5952380952380952,3.0513013449895334,2.7505700593555864
HPG_2017,HPG,2017,vi,VN30,,1214,0,33,0.0,0.027182866556836903,0.0008237232289950577,0.0,1.0,0.019769357495881382,0.06836902800658978,0.0,0.0,0.5514018691588785,0.0,2.2872840751711467
HSG_2019,HSG,2019,vi,VN100,,1294,15,42,0.011591962905718702,0.03245749613601236,0.0007727975270479134,0.0,0.47368421052631576,0.017001545595054096,0.07727975270479134,0.0,0.0,0.639344262295082,2.4302560725684614,2.5512860858244077
HPG_2018,HPG,2018,vi,VN30,,904,4,23,0.004424778761061947,0.025442477876106196,0.00331858407079646,0.0008077283650241675,0.7037037037037037,0.028761061946902654,0.08411541863137832,0.0,0.0,0.5185185185185185,0.6972436986780783,2.5901759235850235
HSG_2021,HSG,2021,vi,VN100,,989,9,21,0.00910010111223458,0.021233569261880688,0.004044489383215369,0.0,0.4,0.022244691607684528,0.055611729019211326,0.0,0.0,0.42857142857142855,1.772536014546472,2.274852435236774
HSG_2017,HSG,2017,vi,VN100,,1110,5,38,0.0045045045045045045,0.03423423423423423,0.006306306306306306,0.0,0.7674418604651163,0.024324324324324326,0.05945945945945946,0.0,0.0,0.41935483870967744,1.0509252562795153,3.2453453458646995
HSG_2016,HSG,2016,vi,VN100,,1159,0,47,0.0,0.04055220017256255,0.003451251078515962,0.0,1.0,0.014667817083692839,0.07679033649698015,0.0,0.0,0.6792452830188679,0.0,1.3026868848960194
HT1_2025,HT1,2025,vi,VN100,,1238,5,25,0.004038772213247173,0.020193861066235864,0.0032310177705977385,0.0,0.6666666666666666,0.01050080775444265,0.02655822648688891,0.0,0.0,0.4090909090909091,0.9647374152654331,2.28633330540312
HSG_2022,HSG,2022,vi,VN100,,765,13,24,0.01699346405228758,0.03137254901960784,0.00784313725490196,0.0,0.2972972972972973,0.018300653594771243,0.07320261437908497,0.0,0.0,0.6,2.9677097119205507,1.326823101551501
HSG_2018,HSG,2018,vi,VN100,,1239,12,54,0.009685230024213076,0.043583535108958835,0.002421307506053269,0.0008071025020177562,0.6363636363636364,0.022598870056497175,0.07102502017756256,0.0,0.0,0.5172413793103449,1.9769714104974532,4.058200248039313
HT1_2021,HT1,2021,vi,VN100,,922,15,19,0.016268980477223426,0.020607375271149676,0.005422993492407809,0.0,0.11764705882352941,0.038489483645669516,0.049891540130151846,0.0,0.0,0.09523809523809523,3.2086507585603585,5.153525415732051
HT1_2024,HT1,2024,vi,VN100,,1137,8,14,0.007036059806508356,0.012313104661389622,0.002638522427440633,0.0,0.2727272727272727,0.019349164467897976,0.02655822648688891,0.0,0.0,0.0008163265306122456,1.6901696692227666,2.8501970163117467
HT1_2019,HT1,2019,vi,VN100,,1223,5,31,0.004088307440719542,0.025347506132461162,0.001635322976287817,0.0,0.7222222222222222,0.03025347506132461,0.044153720359771054,0.0,0.0,0.18681318681318682,1.2979449773382556,4.8831964240654635
HT1_2018,HT1,2018,vi,VN100,,761,5,20,0.006570302233902759,0.026281208935611037,0.001314060446780552,0.0,0.6,0.023653088042049936,0.06701708278580815,0.0,0.0,0.4782608695652174,1.1128271819110178,2.021806607051993
HT1_2016,HT1,2016,vi,VN100,,596,3,11,0.0050335570469798654,0.018456375838926176,0.003355704697986577,0.0,0.5714285714285714,0.02348993288590604,0.040268456375838924,0.0,0.0,0.2631578947368421,0.8330085969371623,1.2699943498709232
HT1_2017,HT1,2017,vi,VN100,,519,7,16,0.01348747591522158,0.030828516377649325,0.005780346820809248,0.0,0.391304347826087,0.025048169556840076,0.04816955684007707,0.0,0.0,0.3157894736842105,1.5656621251929714,2.269986015221671
KBC_2020,KBC,2020,vi,VN100,,531,0,13,0.0,0.02448210922787194,0.0,0.0,1.0,0.011299435028248588,0.06779661016949153,0.0,0.0,0.7142857142857143,0.0,0.7714159625472294
KDC_2025,KDC,2025,vi,VN100,,643,14,13,0.021235110573551822,0.02021772939346812,0.010684589587879727,0.0,0.0440920716112532,0.026438569206842923,0.05287713841368585,0.0,0.0,0.3333333333333333,2.6715313726927854,4.417839893042673
KDC_2024,KDC,2024,vi,VN100,,767,11,12,0.014341590612777053,0.01564537157757497,0.010430247718383311,0.0,0.0440920716112532,0.01955671447196871,0.0469361147327249,0.0,0.0,0.4117647058823529,2.4690328020143273,3.1811629537414583
KDC_2023,KDC,2023,vi,VN100,,694,8,20,0.011527377521613832,0.02881844380403458,0.005763688760806916,0.0,0.42857142857142855,0.01729106628242075,0.059077809798270896,0.0,0.0,0.5471698113207547,1.8571131237291318,1.7593159397818137
KDC_2021,KDC,2021,vi,VN100,,943,6,36,0.006362672322375398,0.03817603393425239,0.0042417815482502655,0.0,0.7142857142857143,0.018027571580063628,0.06256627783669141,0.0,0.0,0.5526315789473685,1.1851096410380364,3.5462648146512508
KDC_2019,KDC,2019,vi,VN100,,945,6,32,0.006349206349206349,0.033862433862433865,0.0010582010582010583,0.0,0.6842105263157895,0.033862433862433865,0.06031746031746032,0.0,0.0,0.2808988764044944,1.1914028445152058,3.664790880166483
KDC_2018,KDC,2018,vi,VN100,,1660,11,49,0.006626506024096385,0.029518072289156625,0.004216867469879518,0.0,0.6333333333333333,0.028313253012048192,0.06144578313253012,0.0,0.0,0.3691275167785235,2.156986695220336,3.9587211593959033
KDC_2017,KDC,2017,vi,VN100,,1942,3,68,0.001544799176107106,0.035015447991761074,0.001544799176107106,0.0,0.9154929577464789,0.013903192584963954,0.061277033985581875,0.0,0.0,0.6301369863013698,0.1056272152500925,3.516043476444513
KDH_2025,KDH,2025,vi,VN100,,761,0,24,0.0,0.03153745072273324,0.001314060446780552,0.0,1.0,0.01971090670170828,0.05781865965834428,0.0,0.0,0.4915254237288136,0.0,0.14039434338159767
KDH_2024,KDH,2024,vi,VN100,,740,0,27,0.0,0.03648648648648649,0.0,0.0,1.0,0.01891891891891892,0.06891891891891892,0.0,0.0,0.5692307692307692,0.0,1.1548171316147633
KDC_2016,KDC,2016,vi,VN100,,1956,1,67,0.0005112474437627812,0.03425357873210634,0.0010224948875255625,0.0,0.9705882352941176,0.018916155419222903,0.06850715746421268,0.0,0.0,0.5672514619883041,0.05028978937788726,3.064706079631203
KDH_2023,KDH,2023,vi,VN100,,810,4,22,0.0049382716049382715,0.027160493827160494,0.0,0.0,0.6923076923076923,0.020987654320987655,0.07530864197530865,0.0,0.0,0.5641025641025641,0.5207702201927835,1.315100543610176
KDH_2021,KDH,2021,vi,VN100,,608,8,13,0.013157894736842105,0.02138157894736842,0.001644736842105263,0.0,0.23809523809523808,0.03289473684210526,0.0625,0.0,0.0,0.3103448275862069,1.3293491917920224,1.5847773911587106
KDH_2022,KDH,2022,vi,VN100,,554,1,18,0.0018050541516245488,0.032490974729241874,0.0,0.0,0.8947368421052632,0.021660649819494584,0.07581227436823104,0.0,0.0,0.5555555555555556,0.20806235756889027,0.3300366967338567
KDH_2019,KDH,2019,vi,VN100,,545,0,19,0.0,0.03486238532110092,0.0,0.0,1.0,0.025688073394495414,0.07889908256880734,0.0,0.0,0.5087719298245614,0.0,0.39555185499101875
KDH_2018,KDH,2018,vi,VN100,,461,1,9,0.0021691973969631237,0.019522776572668113,0.0,0.0,0.8,0.013015184381778741,0.0737527114967462,0.0,0.0,0.7,0.06047872886963513,0.5546695137406061
KDH_2016,KDH,2016,vi,VN100,,590,0,18,0.0,0.030508474576271188,0.0,0.0,1.0,0.025423728813559324,0.06271186440677966,0.0,0.0,0.4230769230769231,0.0,0.7441178366399969
KDH_2017,KDH,2017,vi,VN100,,744,0,17,0.0,0.0228494623655914,0.0,0.0,1.0,0.009408602150537635,0.07258064516129033,0.0,0.0,0.7704918032786885,0.0,0.6692277218978636
KOS_2025,KOS,2025,vi,VN100,,295,0,6,0.0,0.020338983050847456,0.0,0.0,1.0,0.006779661016949152,0.0711864406779661,0.0,0.0,0.8260869565217391,0.0,0.01814876913574327
KOS_2024,KOS,2024,vi,VN100,,295,0,6,0.0,0.020338983050847456,0.0,0.0,1.0,0.006779661016949152,0.0711864406779661,0.0,0.0,0.8260869565217391,0.0,0.01814876913574327
KOS_2023,KOS,2023,vi,VN100,,295,0,6,0.0,0.020338983050847456,0.0,0.0,1.0,0.006779661016949152,0.0711864406779661,0.0,0.0,0.8260869565217391,0.0,0.01814876913574327
KOS_2021,KOS,2021,vi,VN100,,296,1,7,0.0033783783783783786,0.02364864864864865,0.0,0.0,0.75,0.010135135135135136,0.07094594594594594,0.0,0.0,0.75,0.08438811165707157,0.09638026202237807
KOS_2020,KOS,2020,vi,VN100,,305,1,7,0.003278688524590164,0.022950819672131147,0.0,0.0,0.75,0.009836065573770493,0.07213114754098361,0.0,0.0,0.76,0.08401199519086319,0.09595069673347334
KOS_2018,KOS,2018,vi,VN100,,304,0,6,0.0,0.019736842105263157,0.0,0.0,1.0,0.006578947368421052,0.0756578947368421,0.0,0.0,0.8260869565217391,0.0,0.01814876913574327
KOS_2019,KOS,2019,vi,VN100,,311,0,5,0.0,0.01607717041800643,0.0,0.0,1.0,0.00964630225080386,0.0707395498392283,0.0,0.0,0.76,0.0,0.1647204686237038
KOS_2017,KOS,2017,vi,VN100,,309,0,5,0.0,0.016181229773462782,0.0,0.0,1.0,0.009708737864077669,0.06796116504854369,0.0,0.0,0.75,0.0,0.2999331316948976
LPB_2024,LPB,2024,vi,VN30,,620,1,40,0.0016129032258064516,0.06100409453099783,0.0016129032258064516,0.0,0.9512195121951219,0.00967741935483871,0.056451612903225805,0.0,0.0,0.7073170731707317,0.20491036572033156,0.40925566707571925
LPB_2025,LPB,2025,vi,VN30,,546,0,26,0.0,0.047619047619047616,0.0018315018315018315,0.0,1.0,0.018315018315018316,0.05128205128205128,0.0,0.0,0.47368421052631576,0.0,1.505265547065459
LPB_2022,LPB,2022,vi,VN30,,1429,2,39,0.0013995801259622112,0.02729181245626312,0.0013995801259622112,0.0,0.9024390243902439,0.015395381385584325,0.05808257522743177,0.0,0.0,0.580952380952381,0.29549641633088375,2.687025186063103
LPB_2023,LPB,2023,vi,VN30,,979,5,26,0.005107252298263534,0.026557711950970377,0.0020429009193054137,0.0,0.6774193548387096,0.020429009193054137,0.04800817160367722,0.0,0.0,0.40298507462686567,0.23601115499170053,2.782285207365148
LPB_2021,LPB,2021,vi,VN30,,694,10,15,0.01440922190201729,0.021613832853025938,0.001440922190201729,0.0,0.2,0.020172910662824207,0.07780979827089338,0.0,0.0,0.5882352941176471,1.6610465735299837,1.7030609136167882
MBB_2025,MBB,2025,vi,VN30,,1030,3,50,0.002912621359223301,0.04854368932038835,0.0,0.0,0.8867924528301887,0.01262135922330097,0.06407766990291262,0.0,0.0,0.6708860759493671,0.34536051847335936,1.3198962937048173
MBB_2024,MBB,2024,vi,VN30,,1584,6,58,0.003787878787878788,0.036616161616161616,0.004419191919191919,0.0,0.8125,0.02335858585858586,0.0422979797979798,0.0,0.0,0.28846153846153844,1.4377909513388603,5.836666112796728
MBB_2023,MBB,2023,vi,VN30,,946,6,30,0.006342494714587738,0.03171247357293869,0.0021141649048625794,0.0,0.6666666666666666,0.021141649048625793,0.04439746300211417,0.0,0.0,0.3548387096774194,1.5934428224506312,2.3614178877149574
MBB_2021,MBB,2021,vi,VN30,,2426,24,96,0.00989282769991756,0.03957131079967024,0.0028854080791426216,0.0,0.6,0.02679307502061006,0.05276174773289365,0.0,0.0,0.32642487046632124,2.9584247460636086,7.371592449506728
MBB_2020,MBB,2020,vi,VN30,,1603,12,65,0.007485963817841547,0.040548970679975045,0.0031191515907673115,0.0,0.6883116883116883,0.026824703680598878,0.054273237679351216,0.0,0.0,0.3384615384615385,1.918200683706289,4.593372759257667
MBB_2018,MBB,2018,vi,VN30,,1375,3,53,0.002181818181818182,0.03854545454545454,0.002909090909090909,0.0,0.8928571428571429,0.02181818181818182,0.05018181818181818,0.0,0.0,0.3939393939393939,0.5271647116805879,4.549977806223199
MBB_2016,MBB,2016,vi,VN30,,999,6,49,0.006006006006006006,0.04904904904904905,0.002002002002002002,0.0,0.7818181818181819,0.02002002002002002,0.06606606606606606,0.0,0.0,0.5348837209302325,1.2535763581910255,2.9611663180627996
MBB_2017,MBB,2017,vi,VN30,,1276,6,62,0.004702194357366771,0.048589341692789965,0.0023510971786833857,0.0007836990595611285,0.8235294117647058,0.017241379310344827,0.05956112852664577,0.0,0.0,0.5510204081632653,0.9007494882911197,3.062790360224507
MCH_2025,MCH,2025,vi,VN30,,1393,1,39,0.0007178750897343862,0.02799712849964106,0.003589375448671931,0.0,0.95,0.03230437903804738,0.035175879396984924,0.0,0.0,0.0425531914893617,0.18477810571630773,1.7642089786295294
MCH_2018,MCH,2018,vi,VN30,,441,0,13,0.0,0.02947845804988662,0.0,0.0,1.0,0.006802721088435374,0.04308390022675737,0.0,0.0,0.7272727272727273,0.0,0.15660527848625055
MCH_2017,MCH,2017,vi,VN30,,468,0,13,0.0,0.027777777777777776,0.0,0.0,1.0,0.008547008547008548,0.042735042735042736,0.0,0.0,0.6666666666666666,0.0,0.15799122937069743
MCH_2016,MCH,2016,vi,VN30,,1742,2,41,0.001148105625717566,0.023536165327210104,0.0057405281285878304,0.0,0.9069767441860465,0.016647531572904706,0.05166475315729047,0.0,0.0,0.5126050420168067,0.08631381326322038,2.015091725000956
MSB_2025,MSB,2025,vi,VN100,,1431,2,67,0.001397624039133473,0.04682040531097135,0.0069881201956673656,0.0,0.9420289855072463,0.01816911250873515,0.06079664570230608,0.0,0.0,0.5398230088495575,0.5059080699461811,3.6220689109826054
MSB_2024,MSB,2024,vi,VN100,,1366,1,58,0.0007320644216691069,0.0424597364568082,0.004392386530014641,0.0,0.9661016949152542,0.02342606149341142,0.050512445095168376,0.0,0.0,0.36633663366336633,0.2606620301138379,3.895961147542933
MSB_2022,MSB,2022,vi,VN100,,1496,7,54,0.004679144385026738,0.03609625668449198,0.010684589587879727,0.0,0.7704918032786885,0.020053475935828877,0.04879679144385027,0.0,0.0,0.4174757281553398,0.6101239349124655,2.0149010237240623
MSB_2023,MSB,2023,vi,VN100,,1355,11,46,0.008118081180811807,0.03394833948339483,0.006642066420664207,0.0,0.6140350877192983,0.016974169741697416,0.057564575645756455,0.0,0.0,0.5445544554455446,1.6298750539587796,3.815122782706865
MSB_2019,MSB,2019,vi,VN100,,1056,5,31,0.004734848484848485,0.029356060606060608,0.006628787878787879,0.0,0.7222222222222222,0.019886363636363636,0.07102272727272728,0.0,0.0,0.5625,1.1207375850392767,2.3274907061659453
MSB_2020,MSB,2020,vi,VN100,,1136,4,41,0.0035211267605633804,0.03609154929577465,0.006161971830985915,0.0,0.8222222222222222,0.01936619718309859,0.04753521126760563,0.0,0.0,0.42105263157894735,0.5621712359755591,2.2148890478215364
MSB_2017,MSB,2017,vi,VN100,,2224,1,74,0.0004496402877697842,0.03327338129496403,0.003147482014388489,0.0,0.9733333333333334,0.01843525179856115,0.06025179856115108,0.0,0.0,0.5314285714285715,0.2309365836615594,2.634855712061185
MSB_2016,MSB,2016,vi,VN100,,674,6,15,0.008902077151335312,0.02225519287833828,0.001483679525222552,0.0,0.42857142857142855,0.020771513353115726,0.05637982195845697,0.0,0.0,0.46153846153846156,0.4575569875531824,0.9117037420277883
MSB_2018,MSB,2018,vi,VN100,,1885,1,59,0.0005305039787798408,0.03129973474801061,0.002122015915119363,0.0,0.9666666666666667,0.02440318302387268,0.050397877984084884,0.0,0.0,0.3475177304964539,0.06609783974135441,3.5417579076330847
MSN_2023,MSN,2023,vi,VN30,,2330,4,73,0.0017167381974248926,0.03133047210300429,0.002575107296137339,0.0,0.8961038961038961,0.02317596566523605,0.0296137339055794,0.0,0.0,0.12195121951219512,1.4809781054242448,3.911030991407191
MSN_2018,MSN,2018,vi,VN30,,3409,8,85,0.0023467292461132297,0.024933998239953067,0.004400117336462305,0.0,0.8279569892473119,0.02141390437078322,0.045761220299207976,0.0,0.0,0.3624454148471616,1.7903140197830756,6.918615589766166
MSN_2017,MSN,2017,vi,VN30,,3077,21,82,0.0068248293792655184,0.026649333766655833,0.010074748131296718,0.0,0.5922330097087378,0.025999350016249593,0.04354891127721807,0.0,0.0,0.2523364485981308,3.9587750082653748,5.705288817247891
MSN_2016,MSN,2016,vi,VN30,,3769,7,79,0.0018572565667285751,0.020960466967365348,0.004510480233483683,0.0,0.8372093023255814,0.019103210400636773,0.03608384186786946,0.0,0.0,0.3076923076923077,0.6964999579389024,7.010686598246462
MWG_2025,MWG,2025,vi,VN30,,793,3,29,0.0037831021437578815,0.03656998738965952,0.0037831021437578815,0.0,0.8125,0.01639344262295082,0.06683480453972257,0.0,0.0,0.6060606060606061,0.2935036508023619,1.1691012500099767
MWG_2023,MWG,2023,vi,VN30,,1519,13,49,0.008558262014483212,0.03225806451612903,0.004608294930875576,0.0,0.5806451612903226,0.03357472021066491,0.06649111257406189,0.0,0.0,0.32894736842105265,4.7486486839417,5.679037629503658
MWG_2022,MWG,2022,vi,VN30,,1911,27,60,0.0141287284144427,0.03139717425431711,0.003663003663003663,0.0,0.3793103448275862,0.02878074306645735,0.0575614861329147,0.0,0.0,0.3333333333333333,5.2613941188924835,7.144151759750268
MWG_2024,MWG,2024,vi,VN30,,1279,3,28,0.0023455824863174357,0.0218921032056294,0.003909304143862392,0.0,0.8064516129032258,0.01641907740422205,0.05942142298670837,0.0,0.0,0.5670103092783505,0.6328357199233572,2.0276676390920487
MWG_2020,MWG,2020,vi,VN30,,587,4,13,0.0068143100511073255,0.022146507666098807,0.0017035775127768314,0.0,0.5294117647058824,0.030664395229982964,0.05110732538330494,0.0,0.0,0.25,1.3186648548307212,2.7430711065455773
MWG_2021,MWG,2021,vi,VN30,,2056,21,36,0.010214007782101167,0.017509727626459144,0.0019455252918287938,0.0,0.2631578947368421,0.0325875486381323,0.047665369649805445,0.0,0.0,0.18787878787878787,3.9722382380368764,8.520166798322432
MWG_2019,MWG,2019,vi,VN30,,1649,2,43,0.001212856276531231,0.02607640994542147,0.001212856276531231,0.0,0.9111111111111111,0.03699211643420255,0.036385688295936934,0.0,0.0,0.0008163265306122456,0.36304533118643845,3.191193202833151
MWG_2016,MWG,2016,vi,VN30,,748,0,12,0.0,0.016042780748663103,0.0,0.0,1.0,0.038489483645669516,0.04144385026737968,0.0,0.0,0.0008163265306122456,0.0,2.8208613806979286
MWG_2018,MWG,2018,vi,VN30,,1676,1,54,0.0005966587112171838,0.032219570405727926,0.0011933174224343676,0.0,0.9636363636363636,0.031026252983293555,0.041766109785202864,0.0,0.0,0.14754098360655737,0.05121205861576065,2.140433833287048
NKG_2025,NKG,2025,vi,VN100,,703,7,33,0.00995732574679943,0.04694167852062589,0.007112375533428165,0.0,0.65,0.02418207681365576,0.07112375533428165,0.0,0.0,0.4925373134328358,0.8440655992918824,2.049545097641799
NKG_2024,NKG,2024,vi,VN100,,564,4,30,0.0070921985815602835,0.05319148936170213,0.008865248226950355,0.0,0.7647058823529411,0.01773049645390071,0.05673758865248227,0.0,0.0,0.5238095238095238,0.49622371237641455,1.4748370016595147
NKG_2023,NKG,2023,vi,VN100,,1923,3,24,0.0015600624024961,0.0124804992199688,0.0010400416016640667,0.0,0.7777777777777778,0.01612064482579303,0.034841393655746226,0.0,0.0,0.3673469387755102,0.7025451335696282,4.42054590023712
NKG_2022,NKG,2022,vi,VN100,,1540,7,38,0.004545454545454545,0.024675324675324677,0.003246753246753247,0.0,0.6888888888888889,0.023376623376623377,0.05194805194805195,0.0,0.0,0.3793103448275862,1.7484725187635826,4.376173437646553
NKG_2021,NKG,2021,vi,VN100,,1354,6,17,0.004431314623338257,0.012555391432791729,0.0,0.0,0.4782608695652174,0.023633677991137372,0.02655822648688891,0.0,0.0,0.0008163265306122456,0.8255374248234566,5.902287294821665
NKG_2019,NKG,2019,vi,VN100,,382,5,10,0.013089005235602094,0.02617801047120419,0.007853403141361256,0.0,0.3333333333333333,0.034031413612565446,0.07853403141361257,0.0,0.0,0.3953488372093023,1.4456739692991962,2.5921950489541383
NKG_2020,NKG,2020,vi,VN100,,752,17,20,0.021235110573551822,0.026595744680851064,0.0013297872340425532,0.0,0.08108108108108109,0.017287234042553192,0.05452127659574468,0.0,0.0,0.5185185185185185,3.282969703310528,2.4783514258393775
NLG_2025,NLG,2025,vi,VN100,,1339,2,46,0.0014936519790888724,0.03435399551904406,0.0037341299477221808,0.0,0.9166666666666666,0.019417475728155338,0.05825242718446602,0.0,0.0,0.5,0.30088978466111205,2.0441852482560336
NLG_2024,NLG,2024,vi,VN100,,1759,2,87,0.0011370096645821489,0.04945992040932348,0.0022740193291642978,0.0,0.9550561797752809,0.015918135304150087,0.05685048322910745,0.0,0.0,0.5625,0.3042421917399662,2.2313591202015104
NLG_2023,NLG,2023,vi,VN100,,1113,6,34,0.005390835579514825,0.030548068283917342,0.0017969451931716084,0.0,0.7,0.019766397124887692,0.050314465408805034,0.0,0.0,0.4358974358974359,0.409343074396637,1.9899040350519814
NLG_2021,NLG,2021,vi,VN100,,1922,5,53,0.0026014568158168575,0.027575442247658687,0.0026014568158168575,0.0,0.8275862068965517,0.014568158168574402,0.04162330905306972,0.0,0.0,0.48148148148148145,0.6162891776612571,1.9543925077375168
NLG_2022,NLG,2022,vi,VN100,,2705,12,78,0.0044362292051756,0.028835489833641405,0.002587800369685767,0.0,0.7333333333333333,0.02033271719038817,0.04990757855822551,0.0,0.0,0.42105263157894735,1.2961243489910212,6.138885452021929
NLG_2020,NLG,2020,vi,VN100,,2552,4,85,0.001567398119122257,0.03330721003134796,0.00274294670846395,0.0,0.9101123595505618,0.019592476489028215,0.03879310344827586,0.0,0.0,0.3288590604026846,0.5218007124017607,2.6197212126546003
NLG_2018,NLG,2018,vi,VN100,,1927,3,55,0.0015568240788790867,0.028541774779449924,0.0010378827192527244,0.0,0.896551724137931,0.015049299429164505,0.04151530877010898,0.0,0.0,0.46788990825688076,0.15122428732141507,1.6913298335126346
NLG_2017,NLG,2017,vi,VN100,,2982,0,78,0.0,0.026156941649899398,0.0013413816230717639,0.0,1.0,0.01710261569416499,0.051643192488262914,0.0,0.0,0.5024390243902439,0.0,3.736918622152306
NLG_2016,NLG,2016,vi,VN100,,2149,2,62,0.0009306654257794323,0.0288506281991624,0.0009306654257794323,0.0,0.9375,0.015355979525360632,0.04699860400186133,0.0,0.0,0.5074626865671642,0.6616159569893771,1.5828121420533596
NLG_2019,NLG,2019,vi,VN100,,1471,3,34,0.0020394289598912306,0.023113528212100613,0.0020394289598912306,0.0,0.8378378378378378,0.023113528212100613,0.04962610469068661,0.0,0.0,0.3644859813084112,0.3987416440734269,2.6495923456059836
NT2_2025,NT2,2025,vi,VN100,,1014,9,46,0.008875739644970414,0.045364891518737675,0.0029585798816568047,0.0,0.6727272727272727,0.021696252465483234,0.06607495069033531,0.0,0.0,0.5056179775280899,1.573398556658657,2.418898211900894
NT2_2024,NT2,2024,vi,VN100,,921,17,23,0.018458197611292075,0.0249728555917481,0.004343105320304018,0.0,0.15,0.031487513572204126,0.0499457111834962,0.0,0.0,0.22666666666666666,3.947246200802268,4.251333571594013
NT2_2023,NT2,2023,vi,VN100,,1368,13,15,0.009502923976608187,0.010964912280701754,0.0021929824561403508,0.0,0.07142857142857142,0.02046783625730994,0.029239766081871343,0.0,0.0,0.17647058823529413,2.7086644647006497,3.889354448323615
NT2_2022,NT2,2022,vi,VN100,,1018,11,33,0.010805500982318271,0.03241650294695481,0.0009823182711198428,0.0,0.5,0.01768172888015717,0.060903732809430254,0.0,0.0,0.55,2.191645299361895,1.5993639580033374
NT2_2021,NT2,2021,vi,VN100,,1248,22,31,0.017628205128205128,0.024839743589743588,0.0016025641025641025,0.0,0.16981132075471697,0.02403846153846154,0.05128205128205128,0.0,0.0,0.3617021276595745,3.7351048612535545,3.0168821853371512
NT2_2017,NT2,2017,vi,VN100,,1241,5,37,0.0040290088638195,0.029814665592264304,0.0024174053182917004,0.0,0.7619047619047619,0.028203062046736505,0.0652699435938759,0.0,0.0,0.39655172413793105,1.6153234416889046,5.475946464698891
NT2_2019,NT2,2019,vi,VN100,,1208,4,34,0.0033112582781456954,0.028145695364238412,0.0016556291390728477,0.0,0.7894736842105263,0.022350993377483443,0.06539735099337748,0.0,0.0,0.49056603773584906,1.4801187314995232,4.179915232104842
NVL_2025,NVL,2025,vi,VN100,,1248,6,39,0.004807692307692308,0.03125,0.0008012820512820513,0.0,0.7333333333333333,0.021634615384615384,0.0625,0.0,0.0,0.4857142857142857,0.9261208704784201,2.1223869742379278
NT2_2016,NT2,2016,vi,VN100,,1996,3,51,0.001503006012024048,0.02555110220440882,0.0035070140280561123,0.0,0.8888888888888888,0.023547094188376753,0.06162324649298597,0.0,0.0,0.4470588235294118,1.1461403334600004,6.696797546152993
NVL_2024,NVL,2024,vi,VN100,,1713,8,46,0.004670169293636894,0.026853473438412143,0.002335084646818447,0.0,0.7037037037037037,0.023350846468184472,0.06071220081727963,0.0,0.0,0.4444444444444444,1.3720421754901477,4.06268224789016
NVL_2023,NVL,2023,vi,VN100,,1228,7,19,0.005700325732899023,0.015472312703583062,0.003257328990228013,0.0,0.46153846153846156,0.02280130293159609,0.06840390879478828,0.0,0.0,0.5,1.2334632268951808,3.026805644184549
NT2_2018,NT2,2018,vi,VN100,,1057,4,29,0.003784295175023652,0.027436140018921477,0.002838221381267739,0.0,0.7575757575757576,0.02270577105014191,0.06433301797540208,0.0,0.0,0.4782608695652174,1.4464989215116286,3.165565962482117
NVL_2020,NVL,2020,vi,VN100,,3630,23,60,0.006336088154269973,0.01652892561983471,0.0022038567493112946,0.0,0.4457831325301205,0.023140495867768594,0.05371900826446281,0.0,0.0,0.3978494623655914,3.3493617859963267,7.745575358569059
NVL_2019,NVL,2019,vi,VN100,,3679,8,69,0.0021745039412883935,0.018755096493612396,0.0019026909486273443,0.0,0.7922077922077922,0.02364773036151128,0.05871160641478663,0.0,0.0,0.42574257425742573,1.4035236210759514,8.520166798322432
NVL_2017,NVL,2017,vi,VN100,,1955,4,71,0.0020460358056265983,0.03631713554987212,0.0020460358056265983,0.0,0.8933333333333333,0.015856777493606138,0.07365728900255754,0.0,0.0,0.6457142857142857,0.4490956291209205,4.127405035503225
NVL_2021,NVL,2021,vi,VN100,,1483,6,32,0.004045853000674309,0.02157788267026298,0.0006743088334457181,0.0,0.6842105263157895,0.019554956169925825,0.049224544841537425,0.0,0.0,0.43137254901960786,0.5872596251820523,2.32797634540447
NVL_2016,NVL,2016,vi,VN100,,1024,4,31,0.00390625,0.0302734375,0.0009765625,0.0,0.7714285714285715,0.017578125,0.072265625,0.0,0.0,0.6086956521739131,1.0669955693239506,1.7746556221369665
NVL_2018,NVL,2018,vi,VN100,,1770,13,31,0.007344632768361582,0.01751412429378531,0.002824858757062147,0.0,0.4090909090909091,0.020338983050847456,0.05367231638418079,0.0,0.0,0.45038167938931295,1.439397453846441,2.6547066093261127
OCB_2025,OCB,2025,vi,VN100,,793,3,35,0.0037831021437578815,0.044136191677175286,0.006305170239596469,0.0,0.8421052631578947,0.02269861286254729,0.06683480453972257,0.0,0.0,0.49295774647887325,0.6628915399584011,1.8376589261649057
OCB_2020,OCB,2020,vi,VN100,,659,4,26,0.006069802731411229,0.03945371775417299,0.0030349013657056147,0.0,0.7333333333333333,0.009104704097116844,0.057663125948406675,0.0,0.0,0.7272727272727273,0.5142209658687553,0.2523035058921394
OCB_2021,OCB,2021,vi,VN100,,862,6,34,0.0069605568445475635,0.03944315545243619,0.001160092807424594,0.0,0.7,0.024361948955916472,0.04756380510440835,0.0,0.0,0.3225806451612903,0.77217694752255,1.978640548770932
OCB_2017,OCB,2017,vi,VN100,,763,3,36,0.003931847968545216,0.047182175622542594,0.0,0.0,0.8461538461538461,0.028833551769331587,0.053735255570117955,0.0,0.0,0.30158730158730157,0.5197064303194,2.3076689552111547
OCB_2016,OCB,2016,vi,VN100,,410,7,15,0.01707317073170732,0.036585365853658534,0.0024390243902439024,0.0,0.36363636363636365,0.024390243902439025,0.03414634146341464,0.0,0.0,0.16666666666666666,1.485842769316276,2.1890784047414056
PAN_2025,PAN,2025,vi,VN100,,1103,5,28,0.004533091568449683,0.025385312783318223,0.010684589587879727,0.0,0.696969696969697,0.02085222121486854,0.05893019038984588,0.0,0.0,0.4772727272727273,0.7152171531986758,2.957812165390574
PAN_2024,PAN,2024,vi,VN100,,804,0,41,0.0,0.05099502487562189,0.0037313432835820895,0.0,1.0,0.017412935323383085,0.05970149253731343,0.0,0.0,0.5483870967741935,0.0,1.4330480502685647
PAN_2023,PAN,2023,vi,VN100,,1090,15,29,0.013761467889908258,0.026605504587155965,0.008256880733944955,0.0,0.3181818181818182,0.03761467889908257,0.046788990825688076,0.0,0.0,0.10869565217391304,2.910032493606726,6.229796711363269
PAN_2021,PAN,2021,vi,VN100,,1163,14,37,0.012037833190025795,0.03181427343078246,0.0034393809114359416,0.0,0.45098039215686275,0.015477214101461736,0.06276870163370593,0.0,0.0,0.6043956043956044,3.2063227839435915,2.1385716733522875
PAN_2019,PAN,2019,vi,VN100,,805,13,22,0.016149068322981366,0.02732919254658385,0.0037267080745341614,0.0,0.2571428571428571,0.038489483645669516,0.04720496894409938,0.0,0.0,0.10144927536231885,2.665361743104585,4.0104907739426405
PAN_2018,PAN,2018,vi,VN100,,1135,4,37,0.003524229074889868,0.03259911894273128,0.000881057268722467,0.0,0.8048780487804879,0.015859030837004406,0.06519823788546256,0.0,0.0,0.6086956521739131,0.95501483375905,2.020199549836333
PAN_2017,PAN,2017,vi,VN100,,1135,1,37,0.000881057268722467,0.03259911894273128,0.001762114537444934,0.0,0.9473684210526315,0.00881057268722467,0.048458149779735685,0.0,0.0,0.6923076923076923,0.0536965416562998,0.8159123873495211
PC1_2025,PC1,2025,vi,VN100,,523,3,21,0.0057361376673040155,0.040152963671128104,0.0038240917782026767,0.0,0.75,0.019120458891013385,0.07648183556405354,0.0,0.0,0.6,0.555670915028844,1.272934666281762
PAN_2016,PAN,2016,vi,VN100,,2413,9,56,0.0037297969332780773,0.023207625362619146,0.0016576875259013675,0.0,0.7230769230769231,0.014504765851636967,0.06340654786572732,0.0,0.0,0.6276595744680851,1.2011935225894301,3.750496150257007
PC1_2023,PC1,2023,vi,VN100,,1206,5,48,0.0041459369817578775,0.03980099502487562,0.0008291873963515755,0.0,0.8113207547169812,0.02321724709784411,0.08411541863137832,0.0,0.0,0.6056338028169014,0.8189465500363255,3.7913836915633388
PC1_2024,PC1,2024,vi,VN100,,571,4,29,0.0070052539404553416,0.050788091068301226,0.0070052539404553416,0.0,0.7575757575757576,0.01926444833625219,0.07005253940455342,0.0,0.0,0.5686274509803921,0.594505915896143,1.1555098423040098
PC1_2021,PC1,2021,vi,VN100,,1334,13,43,0.009745127436281859,0.03223388305847077,0.0014992503748125937,0.0,0.5357142857142857,0.01649175412293853,0.08395802098950525,0.0,0.0,0.6716417910447762,1.7479665759356264,3.101694601455126
PC1_2022,PC1,2022,vi,VN100,,1037,9,29,0.008678881388621022,0.027965284474445518,0.0009643201542912247,0.0,0.5263157894736842,0.02507232401157184,0.08003857280617165,0.0,0.0,0.5229357798165137,1.7454250021370512,3.0283350484514417
PC1_2018,PC1,2018,vi,VN100,,791,0,34,0.0,0.04298356510745891,0.0,0.0,1.0,0.008849557522123894,0.07332490518331226,0.0,0.0,0.7846153846153846,0.0,1.0534829994235724
PC1_2016,PC1,2016,vi,VN100,,1225,1,33,0.0008163265306122449,0.026938775510204082,0.0016326530612244899,0.0,0.9411764705882353,0.008979591836734694,0.054693877551020405,0.0,0.0,0.717948717948718,0.06961015332061123,0.5761278357520253
PDR_2025,PDR,2025,vi,VN100,,1315,1,43,0.0007604562737642585,0.03269961977186312,0.001520912547528517,0.0,0.9545454545454546,0.018250950570342206,0.048669201520912544,0.0,0.0,0.45454545454545453,0.06900696153995581,0.7701313828327159
PDR_2024,PDR,2024,vi,VN100,,1854,4,70,0.002157497303128371,0.037756202804746494,0.0010787486515641855,0.0,0.8918918918918919,0.021574973031283712,0.06580366774541532,0.0,0.0,0.5061728395061729,0.19781398518953394,2.3428987537022543
PDR_2023,PDR,2023,vi,VN100,,1364,10,38,0.007331378299120235,0.02785923753665689,0.008064516129032258,0.0007331378299120235,0.5833333333333334,0.028592375366568914,0.062316715542521994,0.0,0.0,0.3709677419354839,1.9679033023216945,7.8199247172207675
PDR_2020,PDR,2020,vi,VN100,,1133,5,32,0.00441306266548985,0.02824360105913504,0.00088261253309797,0.0,0.7297297297297297,0.0264783759929391,0.04942630185348632,0.0,0.0,0.3023255813953488,0.9482895358395615,3.984035974520752
PDR_2018,PDR,2018,vi,VN100,,753,1,23,0.0013280212483399733,0.03054448871181939,0.0013280212483399733,0.0,0.9166666666666666,0.025232403718459494,0.03851261620185923,0.0,0.0,0.20833333333333334,0.056586457915979355,1.8423672050831046
PDR_2017,PDR,2017,vi,VN100,,2608,10,98,0.003834355828220859,0.037576687116564415,0.0007668711656441718,0.0,0.8148148148148148,0.018788343558282208,0.041794478527607364,0.0,0.0,0.379746835443038,1.1136517204414411,2.9858824317116777
OCB_2024,OCB,2024,vi,VN100,,1021,7,44,0.0068560235063663075,0.043095004897159644,0.0039177277179236044,0.0,0.7254901960784313,0.02056807051909892,0.058765915768854066,0.0,0.0,0.48148148148148145,1.1544944445567995,1.8330394108521273
PDR_2021,PDR,2021,vi,VN100,,1280,6,40,0.0046875,0.03125,0.0015625,0.00078125,0.7391304347826086,0.0296875,0.04296875,0.0,0.0,0.1827956989247312,1.483029611429114,6.249615432102656
PLX_2025,PLX,2025,vi,VN100,,1080,4,41,0.003703703703703704,0.03796296296296296,0.002777777777777778,0.0,0.8222222222222222,0.020370370370370372,0.07037037037037037,0.0,0.0,0.5510204081632653,0.4287100335443361,1.831453515351849
PLX_2024,PLX,2024,vi,VN100,,2410,8,100,0.0033195020746887966,0.04149377593360996,0.002074688796680498,0.0,0.8518518518518519,0.018257261410788383,0.07344398340248963,0.0,0.0,0.6018099547511312,0.9210840538462133,3.2685323783626363
PNJ_2025,PNJ,2025,vi,VN100,,893,3,32,0.0033594624860022394,0.03583426651735722,0.005599104143337066,0.0,0.8285714285714286,0.026875699888017916,0.05375139977603583,0.0,0.0,0.3333333333333333,0.33674968226958035,3.175167025487335
PNJ_2024,PNJ,2024,vi,VN100,,919,8,38,0.008705114254624592,0.041349292709466814,0.003264417845484222,0.0,0.6521739130434783,0.028291621327529923,0.06311207834602829,0.0,0.0,0.38095238095238093,2.023345427473445,2.798552778479954
PNJ_2021,PNJ,2021,vi,VN100,,1137,17,21,0.014951627088830254,0.018469656992084433,0.0,0.0,0.10526315789473684,0.028144239226033423,0.05364995602462621,0.0,0.0,0.3118279569892473,2.0578038260978833,3.2785052876307543
PNJ_2020,PNJ,2020,vi,VN100,,1123,6,49,0.005342831700801425,0.04363312555654497,0.003561887800534283,0.0,0.7818181818181819,0.02226179875333927,0.0578806767586821,0.0,0.0,0.4444444444444444,1.548301076524952,1.7368446840374638
PNJ_2019,PNJ,2019,vi,VN100,,1202,3,50,0.0024958402662229617,0.04159733777038269,0.0016638935108153079,0.0,0.8867924528301887,0.0324459234608985,0.05574043261231281,0.0,0.0,0.2641509433962264,0.38291842308269114,2.3660491483287083
PNJ_2018,PNJ,2018,vi,VN100,,446,0,4,0.0,0.008968609865470852,0.002242152466367713,0.0,1.0,0.02914798206278027,0.07623318385650224,0.0,0.0,0.44680851063829785,0.0,0.7745095586675064
PNJ_2017,PNJ,2017,vi,VN100,,1093,0,49,0.0,0.04483074107959744,0.0018298261665141812,0.0,1.0,0.025617566331198535,0.04117108874656908,0.0,0.0,0.2328767123287671,0.0,1.6854140611376973
PNJ_2016,PNJ,2016,vi,VN100,,704,2,26,0.002840909090909091,0.036931818181818184,0.002840909090909091,0.0,0.8571428571428571,0.017045454545454544,0.06392045454545454,0.0,0.0,0.5789473684210527,0.1318029456305775,1.1907393041358705
POW_2025,POW,2025,vi,VN100,,756,2,25,0.0026455026455026454,0.03306878306878307,0.0013227513227513227,0.0,0.8518518518518519,0.009259259259259259,0.05555555555555555,0.0,0.0,0.7142857142857143,0.13057161041749196,0.4492517095804077
POW_2024,POW,2024,vi,VN100,,772,2,37,0.0025906735751295338,0.04792746113989637,0.0,0.0,0.8974358974358975,0.018134715025906734,0.05829015544041451,0.0,0.0,0.5254237288135594,0.13021410100976044,2.150501665677761
POW_2023,POW,2023,vi,VN100,,1283,8,36,0.006235385814497272,0.028059236165237724,0.003117692907248636,0.0,0.6363636363636364,0.020265003897116135,0.05066250974279034,0.0,0.0,0.42857142857142855,1.2133191400927505,2.089281441440321
POW_2022,POW,2022,vi,VN100,,873,4,23,0.004581901489117984,0.026345933562428408,0.001145475372279496,0.0,0.7037037037037037,0.022909507445589918,0.06071019473081329,0.0,0.0,0.4520547945205479,0.40896920230764544,1.732530701825323
POW_2020,POW,2020,vi,VN100,,889,3,26,0.003374578177727784,0.02924634420697413,0.0011248593925759281,0.0,0.7931034482758621,0.010123734533183352,0.06074240719910011,0.0,0.0,0.7142857142857143,0.17809115264330436,0.9572521430363856
POW_2021,POW,2021,vi,VN100,,884,6,18,0.006787330316742082,0.020361990950226245,0.0022624434389140274,0.0,0.5,0.013574660633484163,0.04751131221719457,0.0,0.0,0.5555555555555556,0.5770333661418083,1.3343993311079123
POW_2018,POW,2018,vi,VN100,,962,3,32,0.0031185031185031187,0.033264033264033266,0.0,0.0,0.8285714285714286,0.013513513513513514,0.07380457380457381,0.0,0.0,0.6904761904761905,0.5411268865029553,1.1282582573421618
POW_2019,POW,2019,vi,VN100,,544,2,20,0.003676470588235294,0.03676470588235294,0.003676470588235294,0.0,0.8181818181818182,0.007352941176470588,0.07720588235294118,0.0,0.0,0.8260869565217391,0.13645877141124904,0.9946089834432145
PVD_2023,PVD,2023,vi,VN100,,3026,16,110,0.005287508261731659,0.036351619299405155,0.0019828155981493722,0.0,0.746031746031746,0.024124256444150696,0.04230006609385327,0.0,0.0,0.2736318407960199,2.389592550543383,5.570108566326757
PVD_2022,PVD,2022,vi,VN100,,2426,19,80,0.007831821929101401,0.03297609233305853,0.007007419620774938,0.0,0.6161616161616161,0.026380873866446827,0.048227535037098104,0.0,0.0,0.292817679558011,5.2613941188924835,6.257999534646557
PVD_2021,PVD,2021,vi,VN100,,2416,26,91,0.01076158940397351,0.03766556291390728,0.0020695364238410598,0.0,0.5555555555555556,0.022350993377483443,0.04718543046357616,0.0,0.0,0.35714285714285715,3.588004798378033,5.940567677418027
PVD_2020,PVD,2020,vi,VN100,,4683,49,133,0.01046337817638266,0.028400597907324365,0.0025624599615631004,0.0,0.46153846153846156,0.024556907964979714,0.04847320093956865,0.0,0.0,0.32748538011695905,5.2613941188924835,8.520166798322432
PVD_2019,PVD,2019,vi,VN100,,2365,25,68,0.010570824524312896,0.02875264270613108,0.0054968287526427064,0.0,0.46236559139784944,0.027906976744186046,0.055391120507399576,0.0,0.0,0.3299492385786802,5.2613941188924835,5.54618100368719
PVD_2018,PVD,2018,vi,VN100,,2833,25,90,0.008824567596187787,0.03176844334627603,0.0010589481115425344,0.0,0.5652173913043478,0.02400282386163078,0.03847511471937875,0.0,0.0,0.23163841807909605,4.193702639910758,4.750128070485847
PVD_2017,PVD,2017,vi,VN100,,3689,51,63,0.013824884792626729,0.017077798861480076,0.002168609379235565,0.0,0.10526315789473684,0.02737869341284901,0.03876389265383573,0.0,0.0,0.1721311475409836,5.2613941188924835,7.238849533792899
PVD_2016,PVD,2016,vi,VN100,,1873,24,53,0.012813667912439935,0.02829684997330486,0.0058729311265349705,0.0,0.37662337662337664,0.026695141484249868,0.05125467164975974,0.0,0.0,0.3150684931506849,4.86079050617578,6.179336225625499
PVT_2025,PVT,2025,vi,VN100,,628,1,6,0.0015923566878980893,0.009554140127388535,0.0,0.0,0.7142857142857143,0.014331210191082803,0.02655822648688891,0.0,0.0,0.21739130434782608,0.05796661307994079,2.046511704903668
PVT_2024,PVT,2024,vi,VN100,,757,12,29,0.015852047556142668,0.03830911492734478,0.003963011889035667,0.0,0.4146341463414634,0.03302509907529723,0.03302509907529723,0.0,0.0,0.0008163265306122456,3.3230009484447294,4.7076107594396746
PVT_2023,PVT,2023,vi,VN100,,1113,13,47,0.011680143755615454,0.042228212039532795,0.008086253369272238,0.0,0.5666666666666667,0.018867924528301886,0.04851752021563342,0.0,0.0,0.44,3.5516316591312167,3.6628023028614454
PVT_2022,PVT,2022,vi,VN100,,1179,9,46,0.007633587786259542,0.039016115351993216,0.004240882103477523,0.0,0.6727272727272727,0.019508057675996608,0.05343511450381679,0.0,0.0,0.46511627906976744,1.592552057352428,3.066284691649734
PVD_2025,PVD,2025,vi,VN100,,3369,21,130,0.006233303650934996,0.0385871178391214,0.003265063817156426,0.0,0.7218543046357616,0.0192935589195607,0.051350549124369246,0.0,0.0,0.453781512605042,4.190353238250423,8.246450107943105
PVT_2019,PVT,2019,vi,VN100,,1462,17,54,0.011627906976744186,0.036935704514363885,0.0,0.0,0.5211267605633803,0.02667578659370725,0.049247606019151846,0.0,0.0,0.2972972972972973,4.010192943318909,5.2546988086953075
PVT_2018,PVT,2018,vi,VN100,,763,7,27,0.009174311926605505,0.035386631716906945,0.0,0.0,0.5882352941176471,0.01703800786369594,0.03669724770642202,0.0,0.0,0.36585365853658536,0.8999979337127638,1.6124347420772063
PVT_2016,PVT,2016,vi,VN100,,808,1,32,0.0012376237623762376,0.039603960396039604,0.0,0.0,0.9393939393939394,0.017326732673267328,0.04455445544554455,0.0,0.0,0.44,0.19785746399413442,1.7051790019952389
REE_2025,REE,2025,vi,VN100,,1890,6,49,0.0031746031746031746,0.025925925925925925,0.0026455026455026454,0.0,0.7818181818181819,0.021164021164021163,0.05555555555555555,0.0,0.0,0.4482758620689655,1.080838443558327,3.946841251572212
REE_2024,REE,2024,vi,VN100,,1282,3,33,0.00234009360374415,0.02574102964118565,0.0,0.0,0.8333333333333334,0.0187207488299532,0.054602184087363496,0.0,0.0,0.48936170212765956,0.8772616574328037,4.750366248963216
REE_2023,REE,2023,vi,VN100,,1526,15,47,0.009829619921363041,0.030799475753604193,0.0045871559633027525,0.0,0.5161290322580645,0.022935779816513763,0.062254259501965926,0.0,0.0,0.46153846153846156,3.8629002550491256,3.852608358743642
REE_2021,REE,2021,vi,VN100,,1404,5,24,0.0035612535612535613,0.017094017094017096,0.0007122507122507123,0.0,0.6551724137931034,0.017806267806267807,0.04415954415954416,0.0,0.0,0.42528735632183906,1.4364196862749712,2.506432320786779
REE_2020,REE,2020,vi,VN100,,1284,17,34,0.0132398753894081,0.0264797507788162,0.001557632398753894,0.0,0.3333333333333333,0.024922118380062305,0.04906542056074766,0.0,0.0,0.3263157894736842,4.755386814431605,5.292526910749723
REE_2019,REE,2019,vi,VN100,,542,0,3,0.0,0.008038744394618835,0.0018450184501845018,0.0,1.0,0.023985239852398525,0.02952029520295203,0.0,0.0,0.10344827586206896,0.0,1.8722442642534893
REE_2018,REE,2018,vi,VN100,,693,9,24,0.012987012987012988,0.03463203463203463,0.001443001443001443,0.0,0.45454545454545453,0.03318903318903319,0.03896103896103896,0.0,0.0,0.08,2.365619040208537,3.1246848548783217
REE_2017,REE,2017,vi,VN100,,775,0,24,0.0,0.03096774193548387,0.0,0.0,1.0,0.01032258064516129,0.04258064516129032,0.0,0.0,0.6097560975609756,0.0,0.8464508527938527
REE_2016,REE,2016,vi,VN100,,632,0,21,0.0,0.03322784810126582,0.0015822784810126582,0.0,1.0,0.023734177215189875,0.05063291139240506,0.0,0.0,0.3617021276595745,0.0,2.055754986201892
SAB_2025,SAB,2025,vi,VN30,,930,2,48,0.002150537634408602,0.05161290322580645,0.0032258064516129032,0.0,0.92,0.024731182795698924,0.05161290322580645,0.0,0.0,0.352112676056338,0.2968389285668639,1.5450287034133845
SAB_2024,SAB,2024,vi,VN30,,811,1,51,0.0012330456226880395,0.06100409453099783,0.007398273736128237,0.0,0.9615384615384616,0.014796547472256474,0.06411837237977805,0.0,0.0,0.625,0.282027325909095,1.2479440692280295
SAB_2018,SAB,2018,vi,VN30,,600,5,19,0.008333333333333333,0.03166666666666667,0.0,0.0,0.5833333333333334,0.013333333333333334,0.04666666666666667,0.0,0.0,0.5555555555555556,0.888416367353476,0.9402655693508108
SAB_2016,SAB,2016,vi,VN30,,1397,10,52,0.0071581961345740875,0.03722261989978525,0.002863278453829635,0.0,0.6774193548387096,0.02791696492483894,0.05010737294201861,0.0,0.0,0.28440366972477066,1.5910281322483697,3.7956397252103486
SBT_2024,SBT,2024,vi,VN100,,1414,1,56,0.0007072135785007072,0.039603960396039604,0.0007072135785007072,0.0,0.9649122807017544,0.01485148514851485,0.04596888260254597,0.0,0.0,0.5116279069767442,0.05226672531011509,1.3263018481478075
SBT_2023,SBT,2023,vi,VN100,,1063,4,40,0.0037629350893697085,0.03762935089369708,0.0,0.0,0.8181818181818182,0.020696142991533398,0.053621825023518345,0.0,0.0,0.4430379746835443,0.9714872817171627,2.3397163365692575
SBT_2022,SBT,2022,vi,VN100,,2818,7,99,0.00248403122782115,0.035131298793470545,0.0014194464158978,0.0,0.8679245283018868,0.016323633782824698,0.0525195173882186,0.0,0.0,0.5257731958762887,1.4845323973259503,3.6054520781590353
SBT_2019,SBT,2019,vi,VN100,,2308,5,51,0.002166377816291161,0.022097053726169845,0.0030329289428076256,0.0,0.8214285714285714,0.01776429809358752,0.04636048526863085,0.0,0.0,0.44594594594594594,0.5975652237917499,3.937958479207596
SBT_2017,SBT,2017,vi,VN100,,1732,3,50,0.0017321016166281756,0.028868360277136258,0.0005773672055427252,0.0,0.8867924528301887,0.015011547344110854,0.0617782909930716,0.0,0.0,0.6090225563909775,0.2977914894638695,2.402512703382509
SHB_2025,SHB,2025,vi,VN30,,287,2,17,0.006968641114982578,0.059233449477351915,0.003484320557491289,0.0,0.7894736842105263,0.0064667120142845,0.07665505226480836,0.0,0.0,0.8260869565217391,0.10968654609367165,0.1888636294036448
SHB_2024,SHB,2024,vi,VN30,,777,3,30,0.003861003861003861,0.03861003861003861,0.005148005148005148,0.0,0.8181818181818182,0.011583011583011582,0.06048906048906049,0.0,0.0,0.6785714285714286,0.5352785015513213,1.1362776362426295
SHB_2020,SHB,2020,vi,VN30,,939,14,28,0.014909478168264111,0.029818956336528223,0.003194888178913738,0.0,0.3333333333333333,0.0308839190628328,0.05005324813631523,0.0,0.0,0.23684210526315788,3.007097681115321,3.7697829190879677
SHB_2018,SHB,2018,vi,VN30,,540,2,20,0.003703703703703704,0.037037037037037035,0.0,0.0,0.8181818181818182,0.014814814814814815,0.053703703703703705,0.0,0.0,0.5675675675675675,0.13659688713852824,1.0438557343679562
SHB_2016,SHB,2016,vi,VN30,,623,1,23,0.0016051364365971107,0.03691813804173355,0.0,0.0,0.9166666666666666,0.008025682182985553,0.0738362760834671,0.0,0.0,0.803921568627451,0.05802893896371005,0.9218975394790495
SJS_2025,SJS,2025,vi,VN100,,505,1,14,0.0019801980198019802,0.027722772277227723,0.0,0.0,0.8666666666666667,0.009900990099009901,0.03762376237623762,0.0,0.0,0.5833333333333334,0.05971560066749331,0.3335842099362627
NT2_2020,NT2,2020,vi,VN100,,1227,10,46,0.008149959250203748,0.037489812550937245,0.0008149959250203749,0.0,0.6428571428571429,0.027709861450692746,0.07171964140179299,0.0,0.0,0.4426229508196721,1.0648883022391478,4.027035120575902
SSB_2025,SSB,2025,vi,VN30,,940,0,47,0.0,0.05,0.00425531914893617,0.0,1.0,0.015957446808510637,0.07659574468085106,0.0,0.0,0.6551724137931034,0.0,2.068176448414073
SSB_2024,SSB,2024,vi,VN30,,3363,14,103,0.004162949747249479,0.03062741599762117,0.004162949747249479,0.0,0.7606837606837606,0.022598870056497175,0.05292893250074338,0.0,0.0,0.4015748031496063,2.89888363507588,8.520166798322432
SSB_2018,SSB,2018,vi,VN30,,782,1,37,0.0012787723785166241,0.04731457800511509,0.0012787723785166241,0.0,0.9473684210526315,0.02557544757033248,0.06905370843989769,0.0,0.0,0.4594594594594595,0.2624402799909113,2.0024137596306826
SSB_2017,SSB,2017,vi,VN30,,599,0,31,0.0,0.05175292153589316,0.0,0.0,1.0,0.021702838063439065,0.07011686143572621,0.0,0.0,0.5272727272727272,0.0,2.0260773244752235
SSI_2024,SSI,2024,vi,VN30,,911,9,43,0.009879253567508232,0.04720087815587267,0.006586169045005488,0.0,0.6538461538461539,0.01756311745334797,0.06147091108671789,0.0,0.0,0.5555555555555556,1.3317147750333795,2.190432183969343
SSI_2023,SSI,2023,vi,VN30,,939,6,22,0.006389776357827476,0.023429179978700747,0.0,0.0,0.5714285714285714,0.024494142705005325,0.027689030883919063,0.0,0.0,0.061224489795918366,0.995475496246658,3.2388001417251204
SSI_2022,SSI,2022,vi,VN30,,1241,17,37,0.0136986301369863,0.029814665592264304,0.004834810636583401,0.0,0.37037037037037035,0.0273972602739726,0.046736502820306204,0.0,0.0,0.2608695652173913,3.9224675373578157,4.695075738614669
SSI_2021,SSI,2021,vi,VN30,,1452,10,43,0.006887052341597796,0.029614325068870524,0.003443526170798898,0.0,0.6226415094339622,0.026859504132231406,0.05027548209366391,0.0,0.0,0.30357142857142855,2.240541268142551,4.044542149281771
SSI_2020,SSI,2020,vi,VN30,,1244,9,54,0.007234726688102894,0.04340836012861737,0.00482315112540193,0.0,0.7142857142857143,0.02491961414790997,0.05064308681672026,0.0,0.0,0.3404255319148936,1.8460931794165467,4.269230193225428
SSI_2019,SSI,2019,vi,VN30,,1227,19,42,0.015484922575387123,0.034229828850855744,0.007334963325183374,0.0,0.3770491803278688,0.034229828850855744,0.05623471882640587,0.0,0.0,0.24324324324324326,5.2613941188924835,7.962965215253957
SSI_2017,SSI,2017,vi,VN30,,2086,3,54,0.0014381591562799617,0.02588686481303931,0.0023969319271332696,0.0,0.8947368421052632,0.011505273250239693,0.04650047938638543,0.0,0.0,0.6033057851239669,0.8156233087471318,1.7453380533440987
SSI_2016,SSI,2016,vi,VN30,,1599,18,45,0.01125703564727955,0.028142589118198873,0.0025015634771732333,0.0006253908692933083,0.42857142857142855,0.023139462163852407,0.041901188242651655,0.0,0.0,0.28846153846153844,3.426962412703054,3.740019881214443
STB_2025,STB,2025,vi,VN30,,736,4,32,0.005434782608695652,0.043478260869565216,0.009510869565217392,0.0,0.7777777777777778,0.014945652173913044,0.07880434782608696,0.0,0.0,0.6811594202898551,1.332506834811125,1.7488563529988115
STB_2024,STB,2024,vi,VN30,,1156,5,47,0.004325259515570935,0.04065743944636678,0.004325259515570935,0.0,0.8076923076923077,0.01124567474048443,0.05795847750865052,0.0,0.0,0.675,1.2886123679507404,1.2984580898657845
STB_2019,STB,2019,vi,VN30,,778,12,29,0.015424164524421594,0.037275064267352186,0.0,0.0008077283650241675,0.4146341463414634,0.030848329048843187,0.05141388174807198,0.0,0.0,0.25,2.714531354455626,2.5719297063009954
STB_2018,STB,2018,vi,VN30,,921,5,45,0.0054288816503800215,0.048859934853420196,0.004343105320304018,0.0,0.8,0.021715526601520086,0.05971769815418024,0.0,0.0,0.4666666666666667,0.8361296978968624,1.9659250224266727
STB_2016,STB,2016,vi,VN30,,937,5,39,0.005336179295624333,0.0416221985058698,0.0032017075773745998,0.0,0.7727272727272727,0.016008537886873,0.05016008537886873,0.0,0.0,0.5161290322580645,0.4714156269021984,1.8356971645547189
TAL_2024,TAL,2024,vi,VN100,,1246,8,55,0.006420545746388443,0.044141252006420544,0.0032102728731942215,0.0,0.746031746031746,0.021669341894060994,0.06179775280898876,0.0,0.0,0.4807692307692308,1.6512745310700252,2.549575477811338
TCB_2025,TCB,2025,vi,VN30,,1011,1,52,0.0009891196834817012,0.051434223541048464,0.0009891196834817012,0.0,0.9622641509433962,0.024727992087042534,0.03956478733926805,0.0,0.0,0.23076923076923078,0.2741767290422558,2.427441798711718
TAL_2025,TAL,2025,vi,VN100,,1231,0,46,0.0,0.03736799350121852,0.002437043054427295,0.0008077283650241675,1.0,0.01868399675060926,0.06255077173030058,0.0,0.0,0.54,0.0,1.8209953380219752
TCB_2024,TCB,2024,vi,VN30,,1916,0,64,0.0,0.033402922755741124,0.0026096033402922755,0.0,1.0,0.020876826722338204,0.04018789144050104,0.0,0.0,0.3162393162393162,0.0,3.3991004928644726
TCB_2022,TCB,2022,vi,VN30,,1160,7,47,0.00603448275862069,0.04051724137931034,0.0017241379310344827,0.0,0.7407407407407407,0.01206896551724138,0.03706896551724138,0.0,0.0,0.5087719298245614,1.00673589351517,1.1341307461454313
TCB_2023,TCB,2023,vi,VN30,,1848,2,67,0.0010822510822510823,0.036255411255411256,0.0016233766233766235,0.0,0.9420289855072463,0.022186147186147188,0.03354978354978355,0.0,0.0,0.20388349514563106,0.08571552068642654,2.13017326590931
TCB_2021,TCB,2021,vi,VN30,,1119,13,31,0.01161751563896336,0.02770330652368186,0.0,0.0,0.4090909090909091,0.03395889186773905,0.03753351206434316,0.0,0.0,0.05,1.8264448592066205,3.29397805849458
TCB_2019,TCB,2019,vi,VN30,,735,11,32,0.014965986394557823,0.04353741496598639,0.004081632653061225,0.0,0.4883720930232558,0.02585034013605442,0.047619047619047616,0.0,0.0,0.2962962962962963,2.402940816663342,3.3606314533307096
TCB_2020,TCB,2020,vi,VN30,,1020,12,37,0.011764705882352941,0.03627450980392157,0.00196078431372549,0.0,0.5102040816326531,0.027450980392156862,0.059803921568627454,0.0,0.0,0.3707865168539326,1.539577561135522,3.3253013144858112
TCB_2017,TCB,2017,vi,VN30,,603,1,24,0.001658374792703151,0.03980099502487562,0.003316749585406302,0.0,0.92,0.014925373134328358,0.04643449419568822,0.0,0.0,0.5135135135135135,0.27165655193325916,0.8940856798563305
TCB_2016,TCB,2016,vi,VN30,,628,2,21,0.0031847133757961785,0.03343949044585987,0.0031847133757961785,0.0,0.8260869565217391,0.01910828025477707,0.04617834394904458,0.0,0.0,0.4146341463414634,0.12844116771063913,1.5466323643809572
TCH_2024,TCH,2024,vi,VN100,,679,6,15,0.008836524300441826,0.022091310751104567,0.0029455081001472753,0.0,0.42857142857142855,0.025036818851251842,0.041237113402061855,0.0,0.0,0.24444444444444444,1.2888973684870286,2.788288015446387
TCB_2018,TCB,2018,vi,VN30,,730,0,32,0.0,0.043835616438356165,0.0,0.0,1.0,0.026027397260273973,0.036986301369863014,0.0,0.0,0.17391304347826086,0.0,1.551287809314489
SSI_2025,SSI,2025,vi,VN30,,744,3,18,0.004032258064516129,0.024193548387096774,0.009408602150537635,0.0,0.7142857142857143,0.01747311827956989,0.05510752688172043,0.0,0.0,0.5185185185185185,1.3699557977735304,2.601111911581276
TCH_2021,TCH,2021,vi,VN100,,534,5,10,0.009363295880149813,0.018726591760299626,0.0018726591760299626,0.0,0.3333333333333333,0.018726591760299626,0.052434456928838954,0.0,0.0,0.47368421052631576,0.6285768550694879,1.0349387395340006
TCH_2023,TCH,2023,vi,VN100,,513,7,9,0.01364522417153996,0.017543859649122806,0.0,0.0,0.125,0.021442495126705652,0.03508771929824561,0.0,0.0,0.2413793103448276,1.6480038187701467,1.4204605709902822
TCH_2019,TCH,2019,vi,VN100,,431,3,9,0.0069605568445475635,0.02088167053364269,0.0,0.0,0.5,0.01160092807424594,0.07192575406032482,0.0,0.0,0.7222222222222222,0.9476965277770782,0.8860710314356803
TCH_2018,TCH,2018,vi,VN100,,547,2,8,0.003656307129798903,0.014625228519195612,0.0,0.0,0.6,0.009140767824497258,0.062157221206581355,0.0,0.0,0.7435897435897436,0.857711160033034,0.8571589524398078
TCH_2017,TCH,2017,vi,VN100,,538,1,10,0.0018587360594795538,0.01858736059479554,0.0,0.0,0.8181818181818182,0.00929368029739777,0.06319702602230483,0.0,0.0,0.7435897435897436,0.44281521122320666,0.6698463003199597
TCX_2025,TCX,2025,vi,VN30,,1398,0,77,0.0,0.05507868383404864,0.002145922746781116,0.0,1.0,0.022174535050071532,0.04864091559370529,0.0,0.0,0.37373737373737376,0.0,1.5719855225270327
TCH_2016,TCH,2016,vi,VN100,,550,2,12,0.0036363636363636364,0.02181818181818182,0.0,0.0,0.7142857142857143,0.012727272727272728,0.06363636363636363,0.0,0.0,0.6666666666666666,0.6690549701088678,1.252601967670663
TPB_2019,TPB,2019,vi,VN100,,705,6,34,0.00851063829787234,0.04822695035460993,0.0028368794326241137,0.0,0.7,0.019858156028368795,0.04539007092198582,0.0,0.0,0.391304347826087,0.8449523901379549,1.7695900143548202
TPB_2025,TPB,2025,vi,VN100,,1256,6,58,0.004777070063694267,0.04617834394904458,0.003980891719745223,0.0,0.8125,0.024681528662420384,0.05573248407643312,0.0,0.0,0.38613861386138615,1.169766631349405,3.4784906085783938
TPB_2024,TPB,2024,vi,VN100,,1253,12,42,0.009577015163607342,0.0335195530726257,0.0015961691939345571,0.0,0.5555555555555556,0.028731045490822026,0.04389465283320032,0.0,0.0,0.2087912087912088,2.531882981906271,5.232158121198505
TPB_2017,TPB,2017,vi,VN100,,568,1,17,0.0017605633802816902,0.02992957746478873,0.0,0.0,0.8888888888888888,0.01232394366197183,0.05457746478873239,0.0,0.0,0.631578947368421,0.05875942681382741,1.3688798944211262
VCB_2025,VCB,2025,vi,VN30,,1243,7,58,0.0056315366049879325,0.04666130329847144,0.004022526146419952,0.0,0.7846153846153846,0.017699115044247787,0.057924376508447305,0.0,0.0,0.5319148936170213,1.8012939617806896,2.9119444247824404
VCB_2024,VCB,2024,vi,VN30,,847,7,40,0.008264462809917356,0.047225501770956316,0.0023612750885478157,0.0,0.7021276595744681,0.02833530106257379,0.05785123966942149,0.0,0.0,0.3424657534246575,1.3885840487790484,4.025407549437861
VCB_2023,VCB,2023,vi,VN30,,1056,19,39,0.017992424242424244,0.036931818181818184,0.004734848484848485,0.0,0.3448275862068966,0.036931818181818184,0.0625,0.0,0.0,0.2571428571428571,3.395838064622311,6.206266232065394
TPB_2018,TPB,2018,vi,VN100,,521,1,20,0.0019193857965451055,0.03838771593090211,0.0019193857965451055,0.0,0.9047619047619048,0.013435700575815739,0.06525911708253358,0.0,0.0,0.6585365853658537,0.27712907580709517,1.131661211777104
VCB_2021,VCB,2021,vi,VN30,,1314,13,41,0.00989345509893455,0.03120243531202435,0.00380517503805175,0.0,0.5185185185185185,0.01902587519025875,0.0517503805175038,0.0,0.0,0.46236559139784944,2.5892166719526437,4.04108445730246
VCB_2019,VCB,2019,vi,VN30,,943,4,47,0.0042417815482502655,0.04984093319194061,0.0010604453870625664,0.0,0.8431372549019608,0.024390243902439025,0.05832449628844114,0.0,0.0,0.41025641025641024,1.0937640488829052,3.5117811031207835
VCB_2020,VCB,2020,vi,VN30,,1013,26,47,0.021235110573551822,0.04639684106614018,0.0009871668311944718,0.0,0.2876712328767123,0.035538005923000986,0.055281342546890426,0.0,0.0,0.21739130434782608,3.9280034236455337,4.659626647319819
VCB_2017,VCB,2017,vi,VN30,,1361,9,67,0.006612784717119765,0.04922850844966936,0.0007347538574577516,0.0,0.7631578947368421,0.019838354151359296,0.05290227773695812,0.0,0.0,0.45454545454545453,0.8408806699296668,3.236833991518025
VCB_2018,VCB,2018,vi,VN30,,1023,5,35,0.004887585532746823,0.03421309872922776,0.0019550342130987292,0.0,0.75,0.02346041055718475,0.039100684261974585,0.0,0.0,0.25,0.9925402504154921,2.6013461602305203
VCB_2016,VCB,2016,vi,VN30,,1134,10,66,0.008818342151675485,0.0582010582010582,0.0026455026455026454,0.0,0.7368421052631579,0.02292768959435626,0.07142857142857142,0.0,0.0,0.514018691588785,1.7129712300634279,2.937462654844865
VCG_2023,VCG,2023,vi,VN100,,1800,14,52,0.0077777777777777776,0.028888888888888888,0.0,0.0,0.5757575757575758,0.016666666666666666,0.049444444444444444,0.0,0.0,0.4957983193277311,2.9979583913232686,4.572309359897713
VCG_2025,VCG,2025,vi,VN100,,440,2,12,0.004545454545454545,0.02727272727272727,0.0022727272727272726,0.0,0.7142857142857143,0.011363636363636364,0.045454545454545456,0.0,0.0,0.6,0.27570304643468435,0.48996711173432356
VCG_2024,VCG,2024,vi,VN100,,420,1,20,0.002380952380952381,0.047619047619047616,0.004761904761904762,0.0,0.9047619047619048,0.011904761904761904,0.03571428571428571,0.0,0.0,0.5,0.06127886899752547,0.3789607224644473
VCG_2022,VCG,2022,vi,VN100,,720,14,21,0.019444444444444445,0.029166666666666667,0.002777777777777778,0.0,0.2,0.027777777777777776,0.05555555555555555,0.0,0.0,0.3333333333333333,4.345382355582265,3.1512872726490735
VCG_2018,VCG,2018,vi,VN100,,366,0,4,0.0,0.01092896174863388,0.0,0.0,1.0,0.00819672131147541,0.07377049180327869,0.0,0.0,0.8,0.0,0.35640145507448595
VCG_2021,VCG,2021,vi,VN100,,531,10,19,0.018832391713747645,0.035781544256120526,0.005649717514124294,0.0,0.3103448275862069,0.03389830508474576,0.062146892655367235,0.0,0.0,0.29411764705882354,1.4313882621189353,2.567357791968111
VCG_2017,VCG,2017,vi,VN100,,1485,5,50,0.003367003367003367,0.03367003367003367,0.0026936026936026937,0.0,0.8181818181818182,0.014814814814814815,0.052525252525252523,0.0,0.0,0.56,0.38645609669284264,2.007935444267263
TPB_2016,TPB,2016,vi,VN100,,580,3,25,0.005172413793103448,0.04310344827586207,0.0,0.0,0.7857142857142857,0.008620689655172414,0.05344827586206897,0.0,0.0,0.7222222222222222,0.3925524332771725,0.3798803462626882
VCI_2025,VCI,2025,vi,VN100,,1407,0,78,0.0,0.05543710021321962,0.0042643923240938165,0.0,1.0,0.023454157782515993,0.057569296375266525,0.0,0.0,0.42105263157894735,0.0,2.4688574867193878
VCG_2019,VCG,2019,vi,VN100,,1315,10,37,0.0076045627376425855,0.028136882129277566,0.001520912547528517,0.0,0.574468085106383,0.013688212927756654,0.053231939163498096,0.0,0.0,0.5909090909090909,1.1250294480200358,1.797165797840254
VCI_2023,VCI,2023,vi,VN100,,1082,6,38,0.005545286506469501,0.03512014787430684,0.0027726432532347504,0.0,0.7272727272727273,0.022181146025878003,0.048983364140480594,0.0,0.0,0.37662337662337664,1.465049132036186,2.5904681764329895
VCG_2016,VCG,2016,vi,VN100,,667,3,19,0.004497751124437781,0.02848575712143928,0.0014992503748125937,0.0,0.7272727272727273,0.01649175412293853,0.05847076461769116,0.0,0.0,0.56,0.6742254393090868,1.5330102162519614
VCI_2022,VCI,2022,vi,VN100,,1323,6,36,0.0045351473922902496,0.027210884353741496,0.010684589587879727,0.0,0.7142857142857143,0.012093726379440665,0.05668934240362812,0.0,0.0,0.6483516483516484,1.240375485878259,1.3747436486868363
VCI_2021,VCI,2021,vi,VN100,,860,4,34,0.004651162790697674,0.03953488372093023,0.004651162790697674,0.0,0.7894736842105263,0.022093023255813953,0.07209302325581396,0.0,0.0,0.5308641975308642,0.5078826947957035,1.689540606928697
VCI_2024,VCI,2024,vi,VN100,,1286,3,47,0.0023328149300155523,0.03654743390357698,0.0007776049766718507,0.0,0.88,0.013219284603421462,0.04665629860031104,0.0,0.0,0.5584415584415584,0.15871995006268597,0.9290446785460766
VCI_2018,VCI,2018,vi,VN100,,619,0,22,0.0,0.035541195476575124,0.0,0.0,1.0,0.0064667120142845,0.050080775444264945,0.0,0.0,0.7714285714285715,0.0,0.12350727538111904
VCK_2025,VCK,2025,vi,VN100,,1573,0,36,0.0,0.02288620470438652,0.006993006993006993,0.0,1.0,0.014621741894469168,0.036872218690400506,0.0,0.0,0.43209876543209874,0.0,1.3106225110056282
VCI_2017,VCI,2017,vi,VN100,,749,2,32,0.0026702269692923898,0.042723631508678236,0.0013351134846461949,0.0,0.8823529411764706,0.012016021361815754,0.03204272363150868,0.0,0.0,0.45454545454545453,0.30527201452987207,0.9753586324854049
VGC_2016,VGC,2016,vi,VN100,,897,0,30,0.0,0.033444816053511704,0.0011148272017837235,0.0,1.0,0.006688963210702341,0.057971014492753624,0.0,0.0,0.7931034482758621,0.0,0.2960583627532915
VHC_2025,VHC,2025,vi,VN100,,524,6,12,0.011450381679389313,0.022900763358778626,0.007633587786259542,0.0,0.3333333333333333,0.030534351145038167,0.04389312977099236,0.0,0.0,0.1794871794871795,1.0227880528146545,0.9059344508712024
VHC_2024,VHC,2024,vi,VN100,,558,3,21,0.005376344086021506,0.03763440860215054,0.0035842293906810036,0.0,0.75,0.01971326164874552,0.06989247311827956,0.0,0.0,0.56,0.6148330209780397,0.604321620091657
VHC_2023,VHC,2023,vi,VN100,,1079,6,17,0.005560704355885079,0.015755329008341055,0.0009267840593141798,0.0,0.4782608695652174,0.012974976830398516,0.037998146431881374,0.0,0.0,0.4909090909090909,1.6324110059830703,2.1491046422736044
VHC_2021,VHC,2021,vi,VN100,,859,8,11,0.009313154831199068,0.012805587892898719,0.0,0.0,0.15789473684210525,0.015133876600698487,0.02910360884749709,0.0,0.0,0.3157894736842105,1.2924549212960237,1.9743187791899417
VHC_2019,VHC,2019,vi,VN100,,730,0,14,0.0,0.019178082191780823,0.0,0.0,1.0,0.01780821917808219,0.0410958904109589,0.0,0.0,0.3953488372093023,0.0,1.561606383922312
VHC_2018,VHC,2018,vi,VN100,,911,1,17,0.0010976948408342481,0.018660812294182216,0.0,0.0,0.8888888888888888,0.013172338090010977,0.052689352360043906,0.0,0.0,0.6,0.05520717613730806,1.5163816536254506
VHC_2017,VHC,2017,vi,VN100,,1047,6,27,0.0057306590257879654,0.025787965616045846,0.0,0.0008077283650241675,0.6363636363636364,0.02387774594078319,0.049665711556829036,0.0,0.0,0.35064935064935066,1.2577515305609375,1.6992706775141966
VHC_2016,VHC,2016,vi,VN100,,801,1,22,0.0012484394506866417,0.02746566791510612,0.0,0.0,0.9130434782608695,0.02372034956304619,0.062421972534332085,0.0,0.0,0.4492753623188406,0.07345784740911754,1.2858754677569326
VHM_2025,VHM,2025,vi,VN30,,2327,2,75,0.0008594757198109154,0.03223033949290933,0.0034379028792436614,0.0,0.948051948051948,0.019767941555651054,0.0588740868070477,0.0,0.0,0.4972677595628415,0.34875922977365226,4.161842703720674
VHM_2024,VHM,2024,vi,VN30,,1542,3,71,0.0019455252918287938,0.046044098573281456,0.0012970168612191958,0.0,0.918918918918919,0.022697795071335927,0.06420233463035019,0.0,0.0,0.47761194029850745,0.36869700050411475,2.5298562408172383
VHM_2023,VHM,2023,vi,VN30,,1513,5,42,0.003304692663582287,0.02775941837409121,0.0,0.0,0.7872340425531915,0.026437541308658295,0.04758757435558493,0.0,0.0,0.2857142857142857,0.7911270082933677,2.4799614765455265
VHM_2018,VHM,2018,vi,VN30,,1781,4,44,0.0022459292532285235,0.024705221785513758,0.003368893879842785,0.0,0.8333333333333334,0.019651880965749578,0.04997192588433464,0.0,0.0,0.43548387096774194,1.6402025676850724,2.892933775724423
VIB_2025,VIB,2025,vi,VN30,,2616,3,111,0.0011467889908256881,0.04243119266055046,0.0061162079510703364,0.0,0.9473684210526315,0.02217125382262997,0.05122324159021407,0.0,0.0,0.3958333333333333,0.6793675974533528,4.286342810997645
VIB_2023,VIB,2023,vi,VN30,,1766,5,78,0.0028312570781426952,0.044167610419026046,0.0056625141562853904,0.0,0.8795180722891566,0.026613816534541337,0.05492638731596829,0.0,0.0,0.3472222222222222,0.6695719872026848,4.620090722983093
VIB_2024,VIB,2024,vi,VN30,,1833,4,82,0.002182214948172395,0.0447354064375341,0.002727768685215494,0.0,0.9069767441860465,0.031642116748499725,0.03873431533006001,0.0,0.0,0.10077519379844961,1.3844634365183177,3.3200428102270325
VIB_2022,VIB,2022,vi,VN30,,1466,3,65,0.0020463847203274215,0.04433833560709413,0.010684589587879727,0.0,0.9117647058823529,0.022510231923601638,0.049795361527967257,0.0,0.0,0.37735849056603776,0.707460985571142,2.8078371763887495
VIB_2021,VIB,2021,vi,VN30,,1430,2,65,0.0013986013986013986,0.045454545454545456,0.008391608391608392,0.0,0.9402985074626866,0.026573426573426574,0.043356643356643354,0.0,0.0,0.24,0.345891440643628,2.591434462586827
VIC_2025,VIC,2025,vi,VN30,,1599,5,47,0.0031269543464665416,0.029393370856785492,0.0006253908692933083,0.0,0.8076923076923077,0.024390243902439025,0.05065666041275797,0.0,0.0,0.35,1.0144484508886464,2.3805204779336164
VIC_2024,VIC,2024,vi,VN30,,1607,1,60,0.0006222775357809583,0.037336652146857496,0.0,0.0,0.9672131147540983,0.023024268823895456,0.06160547604231487,0.0,0.0,0.45588235294117646,0.18162776749859375,2.5876163935180863
VIC_2023,VIC,2023,vi,VN30,,237,0,1,0.0,0.008038744394618835,0.0,0.0,1.0,0.008438818565400843,0.06329113924050633,0.0,0.0,0.7647058823529411,0.0,0.5510118056577249
VIC_2022,VIC,2022,vi,VN30,,2495,20,71,0.008016032064128256,0.02845691382765531,0.0032064128256513026,0.0,0.5604395604395604,0.03567134268537074,0.047294589178356716,0.0,0.0,0.14009661835748793,2.195052573529934,7.5967394859575474
VIC_2021,VIC,2021,vi,VN30,,1631,14,46,0.008583690987124463,0.028203556100551808,0.002452483139178418,0.0,0.5333333333333333,0.03801348865726548,0.061312078479460456,0.0,0.0,0.2345679012345679,2.2384751015716002,4.048953621044775
VIC_2020,VIC,2020,vi,VN30,,1748,11,48,0.006292906178489702,0.02745995423340961,0.0,0.0,0.6271186440677966,0.02402745995423341,0.05434782608695652,0.0,0.0,0.38686131386861317,1.8519135058217406,3.375989275349002
VIC_2019,VIC,2019,vi,VN30,,1751,0,31,0.0,0.01770416904625928,0.0,0.0,1.0,0.018846373500856654,0.06681896059394632,0.0,0.0,0.56,0.0,1.7284258954873237
VIC_2017,VIC,2017,vi,VN30,,1620,0,53,0.0,0.03271604938271605,0.0,0.0,1.0,0.019753086419753086,0.056790123456790124,0.0,0.0,0.4838709677419355,0.0,1.7688074106913145
VIC_2016,VIC,2016,vi,VN30,,5256,1,125,0.0001902587519025875,0.02378234398782344,0.0005707762557077625,0.0,0.9841269841269841,0.021689497716894976,0.0532724505327245,0.0,0.0,0.4213197969543147,0.04509388357543043,4.086508333152009
VJC_2025,VJC,2025,vi,VN30,,781,1,34,0.0012804097311139564,0.04353393085787452,0.0012804097311139564,0.0,0.9428571428571428,0.016645326504481434,0.04737516005121639,0.0,0.0,0.48,0.0563167696580339,1.200519621606259
VJC_2024,VJC,2024,vi,VN30,,956,0,24,0.0,0.02510460251046025,0.0010460251046025104,0.0,1.0,0.016736401673640166,0.03556485355648536,0.0,0.0,0.36,0.0,1.2401436518498068
VJC_2023,VJC,2023,vi,VN30,,2282,7,26,0.003067484662576687,0.011393514460999123,0.0013146362839614374,0.0,0.5757575757575758,0.009202453987730062,0.034618755477651184,0.0,0.0,0.58,1.280278275443707,3.9556044640373926
VJC_2021,VJC,2021,vi,VN30,,781,11,24,0.014084507042253521,0.030729833546734954,0.0,0.0,0.37142857142857144,0.02176696542893726,0.056338028169014086,0.0,0.0,0.4426229508196721,1.090070657240469,1.9274420325631314
VJC_2019,VJC,2019,vi,VN30,,1059,7,34,0.0066100094428706326,0.03210576015108593,0.0,0.0,0.6585365853658537,0.0169971671388102,0.05854579792256846,0.0,0.0,0.55,1.2849539799636691,2.137345855366722
VJC_2018,VJC,2018,vi,VN30,,744,2,23,0.002688172043010753,0.030913978494623656,0.0,0.0,0.84,0.016129032258064516,0.05510752688172043,0.0,0.0,0.5471698113207547,0.7713046925460921,0.9269194000415825
VJC_2017,VJC,2017,vi,VN30,,626,1,16,0.001597444089456869,0.025559105431309903,0.0,0.0,0.8823529411764706,0.022364217252396165,0.04313099041533546,0.0,0.0,0.3170731707317073,0.057991467620281456,0.7640214180095719
VND_2024,VND,2024,vi,VN100,,2177,12,26,0.005512172714745062,0.011943040881947635,0.0009186954524575103,0.0,0.3684210526315789,0.021589343132751494,0.028938906752411574,0.0,0.0,0.14545454545454545,1.5167728798918882,4.327557178271181
VND_2021,VND,2021,vi,VN100,,2476,1,74,0.0004038772213247173,0.02988691437802908,0.002827140549273021,0.0,0.9733333333333334,0.023424878836833602,0.045234248788368334,0.0,0.0,0.3176470588235294,0.048944779461442496,4.0424995088727105
VND_2023,VND,2023,vi,VN100,,2021,16,28,0.007916872835230085,0.013854527461652647,0.010684589587879727,0.0,0.2727272727272727,0.02078179119247897,0.03809995051954478,0.0,0.0,0.29411764705882354,2.165157865535155,4.3316635547364255
VND_2019,VND,2019,vi,VN100,,1633,6,31,0.003674219228413962,0.018983466013472138,0.007960808328230252,0.0,0.6756756756756757,0.019595835884874464,0.04409063074096754,0.0,0.0,0.38461538461538464,0.4626450655836106,3.696335238896057
VND_2017,VND,2017,vi,VN100,,1572,7,44,0.004452926208651399,0.027989821882951654,0.003816793893129771,0.0,0.7254901960784313,0.01272264631043257,0.04389312977099236,0.0,0.0,0.550561797752809,1.2104241059246639,2.594333442421611
VNM_2025,VNM,2025,vi,VN30,,844,0,30,0.0,0.035545023696682464,0.0035545023696682463,0.0,1.0,0.017772511848341232,0.05687203791469194,0.0,0.0,0.5238095238095238,0.0,0.8291439461714565
VNM_2024,VNM,2024,vi,VN30,,854,2,31,0.00234192037470726,0.03629976580796253,0.00117096018735363,0.0,0.8787878787878788,0.03395784543325527,0.05503512880562061,0.0,0.0,0.23684210526315788,0.4110521171237294,2.213804736860355
VND_2018,VND,2018,vi,VN100,,1412,4,31,0.0028328611898017,0.021954674220963172,0.0035410764872521247,0.0,0.7714285714285715,0.026912181303116147,0.05311614730878187,0.0,0.0,0.3274336283185841,0.4691313367689803,3.4637773499856017
VNM_2022,VNM,2022,vi,VN30,,738,5,20,0.006775067750677507,0.02710027100271003,0.005420054200542005,0.0,0.6,0.038489483645669516,0.044715447154471545,0.0,0.0,0.03125,0.961138904322905,2.308888559313423
VNM_2021,VNM,2021,vi,VN30,,524,9,13,0.01717557251908397,0.02480916030534351,0.0057251908396946565,0.0,0.18181818181818182,0.019083969465648856,0.06297709923664122,0.0,0.0,0.5348837209302325,1.2406735319033344,1.2943737476296526
VNM_2023,VNM,2023,vi,VN30,,986,2,28,0.002028397565922921,0.028397565922920892,0.004056795131845842,0.0,0.8666666666666667,0.02636916835699797,0.058823529411764705,0.0,0.0,0.38095238095238093,0.3866975623399582,1.7415642037477306
VNM_2018,VNM,2018,vi,VN30,,958,10,42,0.010438413361169102,0.04384133611691023,0.003131524008350731,0.0,0.6153846153846154,0.019832985386221295,0.04279749478079332,0.0,0.0,0.36666666666666664,0.5117928803517929,1.6878656860884538
VPB_2025,VPB,2025,vi,VN30,,1407,1,69,0.0007107320540156361,0.04904051172707889,0.0014214641080312722,0.0,0.9714285714285714,0.02203269367448472,0.0511727078891258,0.0,0.0,0.39805825242718446,0.24375401652600168,2.8680597457814088
VPB_2024,VPB,2024,vi,VN30,,1350,7,57,0.005185185185185185,0.042222222222222223,0.0022222222222222222,0.0,0.78125,0.022962962962962963,0.04814814814814815,0.0,0.0,0.3541666666666667,1.2737906878436247,3.0264114278663112
VPB_2023,VPB,2023,vi,VN30,,1183,20,45,0.0169061707523246,0.03803888419273035,0.0033812341504649195,0.0,0.38461538461538464,0.027895181741335588,0.052409129332206254,0.0,0.0,0.30526315789473685,2.9824588902419675,4.1318042381164375
VPB_2021,VPB,2021,vi,VN30,,905,2,37,0.0022099447513812156,0.04088397790055249,0.0033149171270718232,0.0,0.8974358974358975,0.023204419889502764,0.049723756906077346,0.0,0.0,0.36363636363636365,0.29787489450744026,1.8264670560815486
VND_2020,VND,2020,vi,VN100,,1893,1,36,0.0005282620179609086,0.01901743264659271,0.002641310089804543,0.0,0.9459459459459459,0.016376122556788168,0.036978341257263604,0.0,0.0,0.38613861386138615,0.05048244536492906,2.413233952044115
VPB_2019,VPB,2019,vi,VN30,,2021,5,72,0.002474022761009401,0.035625927758535375,0.0019792182088075212,0.0,0.8701298701298701,0.01880257298367145,0.03908955962394854,0.0,0.0,0.3504273504273504,0.877909724081235,2.918022964438852
VPB_2018,VPB,2018,vi,VN30,,783,0,30,0.0,0.038314176245210725,0.001277139208173691,0.0,1.0,0.01532567049808429,0.02655822648688891,0.0,0.0,0.25,0.0,0.826953781886054
VPB_2020,VPB,2020,vi,VN30,,1519,14,72,0.009216589861751152,0.04739960500329164,0.003949967083607637,0.0,0.6744186046511628,0.027649769585253458,0.048716260697827515,0.0,0.0,0.27586206896551724,2.1932524762624204,3.8881936105525394
VPB_2016,VPB,2016,vi,VN30,,1103,1,33,0.0009066183136899365,0.029918404351767906,0.004533091568449683,0.0,0.9411764705882353,0.014505893019038985,0.056210335448776065,0.0,0.0,0.5897435897435898,0.07052231819994777,2.494536780579757
VPI_2025,VPI,2025,vi,VN100,,782,1,32,0.0012787723785166241,0.04092071611253197,0.0,0.0,0.9393939393939394,0.015345268542199489,0.06010230179028133,0.0,0.0,0.5932203389830508,0.05630736430939894,0.7677587083011537
VPB_2017,VPB,2017,vi,VN30,,691,2,26,0.002894356005788712,0.03762662807525326,0.002894356005788712,0.0,0.8571428571428571,0.013024602026049204,0.053545586107091175,0.0,0.0,0.6086956521739131,0.5772963564145404,0.9381567524733709
VPI_2023,VPI,2023,vi,VN100,,1287,10,45,0.00777000777000777,0.03496503496503497,0.002331002331002331,0.0,0.6363636363636364,0.018648018648018648,0.05827505827505827,0.0,0.0,0.5151515151515151,1.6188123838236332,3.3396943849695755
VPI_2022,VPI,2022,vi,VN100,,681,4,14,0.005873715124816446,0.020558002936857563,0.002936857562408223,0.0,0.5555555555555556,0.024963289280469897,0.042584434654919234,0.0,0.0,0.2608695652173913,0.9443460188411515,1.9066027152196543
VPI_2021,VPI,2021,vi,VN100,,724,3,23,0.004143646408839779,0.031767955801104975,0.004143646408839779,0.0,0.7692307692307693,0.011049723756906077,0.07044198895027624,0.0,0.0,0.7288135593220338,0.35369927724682537,1.8024773677468722
VPI_2020,VPI,2020,vi,VN100,,1141,6,36,0.0052585451358457495,0.03155127081507449,0.0052585451358457495,0.0,0.7142857142857143,0.014022787028921999,0.058720420683610865,0.0,0.0,0.6144578313253012,1.0393928888059847,1.9274998556536727
VPI_2019,VPI,2019,vi,VN100,,1222,4,32,0.0032733224222585926,0.02618657937806874,0.0016366612111292963,0.0,0.7777777777777778,0.00900163666121113,0.05646481178396072,0.0,0.0,0.725,1.0626895734442785,0.7771751076535982
VPI_2017,VPI,2017,vi,VN100,,718,0,22,0.0,0.03064066852367688,0.0,0.0,1.0,0.008356545961002786,0.06406685236768803,0.0,0.0,0.7692307692307693,0.0,0.5123927750115689
VPL_2025,VPL,2025,vi,VN30,,1264,2,66,0.0015822784810126582,0.05221518987341772,0.0015822784810126582,0.0,0.9411764705882353,0.01977848101265823,0.06566455696202532,0.0,0.0,0.5370370370370371,0.43982835318799757,1.4563412116424765
VPL_2024,VPL,2024,vi,VN30,,2070,7,72,0.003381642512077295,0.034782608695652174,0.0004830917874396135,0.0,0.8227848101265823,0.02753623188405797,0.04927536231884058,0.0,0.0,0.2830188679245283,1.4381175448506653,5.458752333619201
VPX_2025,VPX,2025,vi,VN100,,1009,0,49,0.0,0.048562933597621406,0.0019821605550049554,0.0,1.0,0.014866204162537165,0.05450941526263627,0.0,0.0,0.5714285714285714,0.0,0.7778861426175037
VPB_2022,VPB,2022,vi,VN30,,1341,11,65,0.00820283370618941,0.048471290082028336,0.005219985085756898,0.0,0.7105263157894737,0.01640566741237882,0.058165548098434,0.0,0.0,0.56,1.2017465754727126,2.787330568973801
VPX_2023,VPX,2023,vi,VN100,,1690,1,47,0.000591715976331361,0.027810650887573965,0.0053254437869822485,0.0,0.9583333333333334,0.020118343195266272,0.04082840236686391,0.0,0.0,0.33980582524271846,0.23845634918035838,3.4186784112713644
VRE_2025,VRE,2025,vi,VN30,,1662,2,63,0.0012033694344163659,0.03790613718411552,0.0024067388688327317,0.0,0.9384615384615385,0.030084235860409144,0.052948255114320095,0.0,0.0,0.2753623188405797,0.27636043641244107,1.6583126774984152
VRE_2024,VRE,2024,vi,VN30,,918,0,33,0.0,0.03594771241830065,0.0,0.0,1.0,0.034858387799564274,0.05991285403050109,0.0,0.0,0.26436781609195403,0.0,2.7410830556318118
VRE_2023,VRE,2023,vi,VN30,,1827,5,56,0.002736726874657909,0.03065134099616858,0.0005473453749315818,0.0,0.8360655737704918,0.027914614121510674,0.03940886699507389,0.0,0.0,0.17073170731707318,0.4677482202833607,1.5545634723122264
VRE_2022,VRE,2022,vi,VN30,,1479,2,51,0.001352265043948614,0.034482758620689655,0.000676132521974307,0.0,0.9245283018867925,0.03313049357674104,0.05544286680189317,0.0,0.0,0.25190839694656486,0.25522562146059513,2.714750495848442
VRE_2021,VRE,2021,vi,VN30,,1501,7,43,0.004663557628247834,0.028647568287808126,0.001998667554963358,0.0,0.72,0.02531645569620253,0.04397068620919387,0.0,0.0,0.2692307692307692,0.9677135431881465,2.7305869740906044
VRE_2019,VRE,2019,vi,VN30,,2896,0,70,0.0,0.024171270718232045,0.0003453038674033149,0.0,1.0,0.02175414364640884,0.048687845303867404,0.0,0.0,0.38235294117647056,0.0,2.2348538175963673
VPI_2018,VPI,2018,vi,VN100,,902,0,29,0.0,0.03215077605321508,0.0011086474501108647,0.0,1.0,0.013303769401330377,0.057649667405764965,0.0,0.0,0.625,0.0,1.0739556988352148
VRE_2020,VRE,2020,vi,VN30,,1957,10,61,0.005109862033725089,0.031170158405723045,0.000510986203372509,0.0,0.7183098591549296,0.02350536535513541,0.04854368932038835,0.0,0.0,0.3475177304964539,1.5443537791265074,2.067134190062345
VRE_2018,VRE,2018,vi,VN30,,1581,1,22,0.0006325110689437065,0.013915243516761544,0.002530044275774826,0.0,0.9130434782608695,0.022770398481973434,0.030360531309297913,0.0,0.0,0.14285714285714285,0.05156926822970686,2.1979871369327757
VTP_2024,VTP,2024,vi,VN100,,823,0,24,0.0,0.02916160388821385,0.0,0.0,1.0,0.009720534629404616,0.05589307411907655,0.0,0.0,0.7037037037037037,0.0,0.9926525832359092
VTP_2025,VTP,2025,vi,VN100,,958,3,32,0.003131524008350731,0.033402922755741124,0.0041753653444676405,0.0,0.8285714285714286,0.011482254697286013,0.04384133611691023,0.0,0.0,0.5849056603773585,0.6510104820341711,0.4950854184019824
VTP_2022,VTP,2022,vi,VN100,,488,3,8,0.006147540983606557,0.01639344262295082,0.006147540983606557,0.0,0.45454545454545453,0.022540983606557378,0.05942622950819672,0.0,0.0,0.45,0.37310397140171875,0.8030653610217547
VTP_2020,VTP,2020,vi,VN100,,876,17,24,0.019406392694063926,0.0273972602739726,0.001141552511415525,0.0,0.17073170731707318,0.038489483645669516,0.04337899543378995,0.0,0.0,0.02702702702702703,4.4874049204419,8.520166798322432
VTP_2021,VTP,2021,vi,VN100,,1096,14,20,0.012773722627737226,0.01824817518248175,0.0009124087591240876,0.0,0.17647058823529413,0.03193430656934307,0.035583941605839414,0.0,0.0,0.05405405405405406,3.623880646462378,4.4095453493097345
VTP_2019,VTP,2019,vi,VN100,,746,3,18,0.004021447721179625,0.024128686327077747,0.0,0.0,0.7142857142857143,0.022788203753351208,0.04825737265415549,0.0,0.0,0.3584905660377358,1.0183745624129217,3.511561691529783
DPM_2017,DPM,2017,vi,VN100,,780,7,28,0.008974358974358974,0.035897435897435895,0.005128205128205128,0.0,0.6,0.021794871794871794,0.06025641025641026,0.0,0.0,0.46875,2.0495045830776224,1.758530956877726
GAS_2017,GAS,2017,vi,VN30,,1517,8,32,0.005273566249176005,0.02109426499670402,0.004614370468029005,0.0,0.6,0.02043506921555702,0.053394858272907054,0.0,0.0,0.44642857142857145,0.8933339679117578,4.746898553148771
VTP_2023,VTP,2023,vi,VN100,,567,0,18,0.0,0.031746031746031744,0.0,0.0,1.0,0.0064667120142845,0.07054673721340388,0.0,0.0,0.8260869565217391,0.0,0.01814876913574327
HDB_2019,HDB,2019,vi,VN30,,1061,6,30,0.005655042412818096,0.02827521206409048,0.002827521206409048,0.0,0.6666666666666666,0.02639019792648445,0.058435438265786996,0.0,0.0,0.37777777777777777,0.9389465403028104,2.269565760412212
