alpha,beta,sigma,zero_ret_share,car_0_3,scar_0_3,carma_0_3,car_0_1,scar_0_1,carma_0_1,car_m1_1,scar_m1_1,carma_m1_1,car_0_5,scar_0_5,carma_0_5,car_0_10,scar_0_10,carma_0_10,bhar_0_3,pre_ret,pre_alpha,placebo_car_0_3,doc_id,day0,log_tradeval,ticker,year,lang,group,industry,n_words,n_fin_neg,n_fin_pos,fin_neg,fin_pos,fin_unc,fin_lit,fin_net,gen_neg,gen_pos,gen_unc,gen_lit,gen_net,fin_neg_tfidf,gen_neg_tfidf,log_len,vn30,period,fin_neg_z,gen_neg_z,fin_net_z,fin_unc_z,fin_neg_tfidf_z,tone_grp
0.0013899509352711,0.7830311582270643,0.0096732838989294,0.1071428571428571,0.0126680551858971,0.6547959988695798,0.0183384372800462,0.0066462357559176,0.4858327762812754,0.0080783189162907,0.0127567942508633,0.7613896864484375,0.0131231132995452,0.0001466365464093,0.0061886035824684,0.0102871384084738,-0.031301975781271,-0.9756666820040378,-0.0120233875165266,0.0184305657795372,-0.0759765855942183,0.0008509468004284,0.0131663807581468,ACB_2023,2024-03-27,19.043280805876638,ACB,2023,vi,VN30,,1074,9,42,0.0083798882681564,0.0391061452513966,0.0018621973929236,0.0,0.6470588235294118,0.0279329608938547,0.0446927374301676,0.0,0.0,0.2307692307692307,1.9671444815387145,3.763383897348191,6.97914527506881,1,2024,0.47164721664528486,0.9098248203010256,-0.19957244467585578,-0.4286605832462329,0.6292807504374703,T2 Trung tính
0.0018508786197119,1.2161985133454636,0.0158794947742813,0.0571428571428571,-0.0022396572182299,-0.0705204180002424,0.0096682462811803,0.0112084820267361,0.499108678240134,0.016607918445342,0.0049556689398974,0.1801793342379153,0.012624317612438,-0.0073115418258873,-0.1879735151213971,0.0067910112098443,-0.0070300805201608,-0.1334834048723411,0.0149943398691575,0.0098037138126885,-0.0073862406211437,0.0017665338649193,-0.0224425282463204,ACB_2022,2023-03-30,17.57415236485071,ACB,2022,vi,VN30,,1436,13,42,0.0090529247910863,0.0292479108635097,0.0027855153203342,0.0,0.5272727272727272,0.0229805013927576,0.0487465181058495,0.0,0.0,0.3592233009708738,2.832353912584879,2.778559657900756,7.269616749608169,1,2023,0.6077740521578002,0.21205310897317617,-0.7017132038730525,-0.06189648402655824,1.3662556517608817,T1 Tiêu cực
0.0002691907919871,1.040285330461935,0.0062402943121227,0.1071428571428571,-0.0063871514045499,-0.51176684023876,-0.005250319429579,-0.0007491680150237,-0.0848905127186452,9.488109082844698e-05,-0.0051229040638476,-0.4739696386674016,-0.0040720427868168,0.0064380858920163,0.421188076685618,0.0075959332439672,-0.0061451211443604,-0.2969128772067609,-0.0092125046669934,-0.0052921731156539,-0.0162556709175063,0.0004435828377783,-0.0049262698164855,ACB_2024,2025-03-24,18.61808948016639,ACB,2024,vi,VN30,,1102,11,30,0.0099818511796733,0.0272232304900181,0.0036297640653357,0.0,0.4634146341463415,0.0181488203266787,0.0399274047186932,0.0,0.0,0.375,2.237119081648287,2.457649047536184,7.004881989712859,1,2025,0.7956565895748496,-0.46870164839967826,-0.9694049674868885,0.2734594332425743,0.859241840938995,T1 Tiêu cực
-0.0007825447345581,0.8849636830642938,0.0139463574498421,0.1285714285714285,0.0279331623523975,1.0014501081324876,0.0315121331295048,0.0041453611234763,0.2101776733759508,0.0070414919100101,0.0030961864197826,0.1281756952918925,0.0049716674942676,0.034838674970157,1.019823961184483,0.0347000327081813,0.0120093212955371,0.2596338595440733,0.0044603064741418,0.0304338989587273,0.0593735238787862,-0.0002915540399453,-0.0464522570549416,ACB_2025,2026-03-19,19.51392784270985,ACB,2025,vi,VN30,,1002,6,28,0.0059880239520958,0.0279441117764471,0.0029940119760479,0.0,0.6470588235294118,0.0159680638722554,0.0648702594810379,0.0,0.0,0.6049382716049383,1.2456141056472392,1.5810350433774183,6.90975328164481,1,2026,-0.012125816805010138,-0.7759570964967522,-0.19957244467585578,0.020923404825382196,0.014689925957551473,T2 Trung tính
-0.0003798235996113,0.6615639814976529,0.0125711261696394,0.0785714285714285,0.0137965185931016,0.548738371046726,0.0153982137468605,-0.0127540264072381,-0.7173946421579046,-0.0143205288596152,-0.0125479674631446,-0.5762866663549684,-0.0200035324585515,0.0310829884139859,1.009422442451055,0.0426180502993408,0.0008430356715309,0.020219733333375,0.02185676755794,0.0152783688879961,-0.0141718208303446,2.6841246179281844e-05,-0.0372944528215219,ACB_2021,2022-04-04,18.23826140829621,ACB,2021,vi,VN30,,1869,18,58,0.0096308186195826,0.0310326377742108,0.005350454788657,0.0,0.5263157894736842,0.0160513643659711,0.0476190476190476,0.0,0.0,0.4957983193277311,3.9786921589992144,4.70289158291589,7.533158807455563,1,2022,0.7246575428084365,-0.7642205587135392,-0.7057246667049849,0.9569591947434058,2.3426926688804746,T1 Tiêu cực
0.0019235056777847,1.2593728018465309,0.017068664984314,0.1642857142857142,-0.0362747787581901,-1.0626132386899143,-0.0226457394908067,-0.0183288938008452,-0.7593145164039664,-0.0076394372972166,-0.0379430527551703,-1.2834297083108517,-0.0197326083836073,-0.0284531949504569,-0.6805434524278289,-0.0095204933120615,-0.034619482097966,-0.611539719452936,0.0007341431424944,-0.0229437282636744,-0.1062902676738891,0.0009554515150241,0.10540866551723907,ACB_2019,2020-05-11,17.14300460226453,ACB,2019,vi,VN30,,1365,17,24,0.0124542124542124,0.0175824175824175,0.008058608058608,0.0,0.1707317073170731,0.0285714285714285,0.0578754578754578,0.0,0.0,0.3389830508474576,2.310959259848186,4.432558178790108,7.21890970761906,1,2020,1.2957107546617435,0.9997810701016548,-2.1963255507169723,2.032702841775069,0.9221380092999593,T1 Tiêu cực
0.0017432811461067,0.9593269448072248,0.013792814641598,0.0928571428571428,-0.0223694448980647,-0.8109093567675516,-0.0157444763084239,-0.0127258517656454,-0.652407526214687,-0.009753272581281,0.0025767662924783,0.1078602700941381,0.007013356817128,-0.0177417167373187,-0.5251303462064991,-0.008210347972645,-0.0742319229067943,-1.6227120763820575,-0.056256460613869,-0.0157399187431451,0.0510732632797058,0.0016065782663039,0.0044286343996771,ACB_2020,2021-04-05,18.42474289094033,ACB,2020,vi,VN30,,1379,14,43,0.0101522842639593,0.0311820159535895,0.0036258158085569,0.0,0.5087719298245614,0.0275562001450326,0.0507614213197969,0.0,0.0,0.2962962962962963,2.487650428465471,4.262188705134866,7.229113877793302,1,2021,0.8301279973514932,0.8567415003044623,-0.7792681519570802,0.2718910906403401,1.0726414040664616,T1 Tiêu cực
-0.0006634393291528,1.3184492764747318,0.010949586559782,0.1071428571428571,0.0054417189837101,0.2484897011407543,-0.0003956308875496,-7.282638252782171e-06,-0.0004703011264722,-0.0010090351316643,-0.0008546525231628,-0.0450641548534872,-0.0046364392656438,0.0041890042290971,0.1561843276855969,-0.0048916792416824,0.0069797096011179,0.1921955331468942,-0.0010016953628395,-0.0003898904891918,-0.0012229832422568,-8.714224984554497e-05,-0.0183257074795859,ACB_2018,2019-04-11,16.22125424358698,ACB,2018,vi,VN30,,1100,8,41,0.0072727272727272,0.0372727272727272,0.0027272727272727,0.0,0.673469387755102,0.0209090909090909,0.0381818181818181,0.0,0.0,0.2923076923076923,1.656424936266477,2.669530144312509,7.003065458786462,1,2019,0.24771535325313826,-0.07979615051705778,-0.0888599230598561,-0.08503184352328728,0.3646136097437113,T2 Trung tính
0.0024406280161246,1.5004714732935078,0.0176178825649486,0.2,-0.1014356310583802,-2.8787690769431484,-0.0900137019520532,-0.0504002231251249,-2.0228503291306112,-0.0409257705213745,-0.0561564754214178,-1.840286770091242,-0.0448772300757025,-0.1001640597025599,-2.3210397724438194,-0.0887857286762831,-0.1082036084882399,-1.8517898143084923,-0.0888007927943022,-0.0872526854056962,0.1071064953779302,0.0010277936969575,0.0942935042795626,ACB_2016,2017-04-07,15.808482447599568,ACB,2016,vi,VN30,,1093,8,41,0.0073193046660567,0.0375114364135407,0.0082342177493138,0.0,0.673469387755102,0.0329368709972552,0.0594693504117108,0.0,0.0,0.2871287128712871,1.8996783133579167,4.999869231499666,6.996681488176539,1,2017,0.2571359908327529,1.6148456115678718,-0.0888599230598561,2.1024592367435773,0.571813886515758,T2 Trung tính
0.0017460839331482,1.0143110708239982,0.0162534245669453,0.0714285714285714,-0.0009525984248318,-0.0293045450485917,0.0054330843408226,0.0064583458712139,0.2809709511970114,0.0096525797768032,-0.0018222564127824,-0.0647297574808996,0.0030442679060584,0.0107029815045053,0.2688340468855333,0.020457486232398,-0.0919469497753277,-1.7056742929710718,-0.0746570075996305,0.0045184678218096,0.1248096855927265,0.0013707992186895,-0.0675480753709867,ACB_2017,2018-04-11,17.265528052458507,ACB,2017,vi,VN30,,1455,8,50,0.0054982817869415,0.0343642611683848,0.0006872852233676,0.0,0.7241379310344828,0.0171821305841924,0.0563573883161512,0.0,0.0,0.5327102803738317,0.9859444249735176,2.994577903184387,7.282761179605593,1,2018,-0.11117995263300941,-0.6049024100188938,0.12354152906864546,-0.8953639697362169,-0.20649355913206818,T2 Trung tính
-0.0016678962861539,0.9530117642672,0.022214855106335,0.1,0.0207980907691721,0.4681122309737947,0.012460223273725,0.016343255261998,0.5202116586898635,0.0121964102793576,0.0249442870356035,0.6482865076460514,0.0190301439178857,-0.0135935761213633,-0.2498127575567392,-0.0237320105739061,0.0847970262535873,1.1509084925169717,0.0663042151747687,0.0125450101077,0.1354995786764146,-0.0007418025565825,0.029016851090384,ANV_2019,2020-04-15,14.181252532594756,ANV,2019,vi,VN100,,660,13,10,0.0196969696969696,0.0151515151515151,0.003030303030303,0.0,0.0588235294117647,0.0363636363636363,0.0409090909090909,0.0,0.0,0.0588235294117647,3.1039902412958167,4.278322906644666,6.492239835020471,0,2020,2.7606143523890534,2.097656209713915,-2.6654422443049453,0.035339084872808575,1.5976321825339443,T1 Tiêu cực
0.0034524347445877,1.2687115034795762,0.0249441112270483,0.1,0.0449161915138095,0.9003365785409148,0.0573884193673709,-0.0185659291721758,-0.5263003478928967,-0.0087666930311509,0.0224412269952826,0.519419125770355,0.0363616332114571,0.0517885483097914,0.847598301684583,0.0714399911984073,0.034443022582251,0.4163292071451216,0.0666814713660406,0.0581012848609377,-0.1166506551955198,0.0017659929360334,-0.0205034291960004,ANV_2018,2019-04-05,15.20532512712096,ANV,2018,vi,VN100,,414,0,11,0.0,0.0265700483091787,0.0,0.0,1.0,0.0120772946859903,0.0700483091787439,0.0,0.0,0.7058823529411765,0.0,0.5831664808442742,6.025865973825314,0,2019,-1.2232499145337272,-1.3241430378215526,1.2799494351015976,-1.168370199088151,-1.0463090641787947,T3 Tích cực
0.0005113249976369,0.3147844439365266,0.0121294314726692,0.1071428571428571,0.0038832897355146,0.160077153833002,-0.0081369601121256,0.0028885387448341,0.1683925037042823,-0.0026061921130168,-0.0037296068314461,-0.1775260046572528,-0.0160117294691001,0.0049408557958859,0.1662976485455194,-0.0046213047937682,-0.019049013807968,-0.4735171453882589,-0.0400949103092499,-0.0081617303599521,-0.0390512768135981,0.0001334826142769,0.0002688227959688,BAF_2025,2026-04-17,18.136004493112143,BAF,2025,vi,VN100,,737,0,23,0.0,0.0312075983717774,0.0,0.0,1.0,0.0149253731343283,0.0746268656716417,0.0,0.0,0.6666666666666666,0.0,0.7643400369441725,6.602587892189336,0,2026,-1.2232499145337272,-0.9228659405625981,1.2799494351015976,-1.168370199088151,-1.0463090641787947,T3 Tích cực
0.004495960874643,0.7941424570921257,0.0153037565039022,0.0928571428571428,0.0283536543135308,0.9263625668083828,0.048569069255605,0.0214191462234172,0.98966704925961,0.0289127075656181,0.0282358296727557,1.0652262964456545,0.0431578146279008,0.0751604228861444,2.0050053819129543,0.0998833122141563,0.0310564047301562,0.6118666580687526,0.0751368880928282,0.0489744793321557,-0.0150459873950565,0.0024926194429216,0.0071444955216991,BAF_2024,2025-04-17,18.33933234375155,BAF,2024,vi,VN100,,2193,16,97,0.0072959416324669,0.0442316461468308,0.0027359781121751,0.0,0.7168141592920354,0.0264477884176926,0.0688554491564067,0.0,0.0,0.4449760765550239,2.8929168244655203,5.492203463941356,7.693025748417888,0,2025,0.25241063682565207,0.7005729647171328,0.0928404342182131,-0.08157385515622143,1.417842405679093,T2 Trung tính
-0.0013472284502337,0.7575342886354163,0.0208026945171483,0.0928571428571428,-0.0410368589123634,-0.9863351807270808,-0.0534622677023005,-0.0050643108233573,-0.172141571481545,-0.0099402746329719,0.010117459279142,0.2807962128902373,0.0042486730859206,-0.053557768918258,-1.051059399248187,-0.069414964453386,-0.0638904495931684,-0.9260192397977282,-0.0907851726929832,-0.0544054391044197,-0.086094318183591,-0.0008385314670062,-0.11250834785860442,BCM_2025,2026-04-20,17.989296780431545,BCM,2025,vi,VN100,,617,0,28,0.0,0.0453808752025931,0.0032414910858995,0.0,1.0,0.0178282009724473,0.0745542949756888,0.0,0.0,0.6140350877192983,0.0,1.1674297203662012,6.424869023905388,0,2026,-1.2232499145337272,-0.5138749840801248,1.2799494351015976,0.11922806252325571,-1.0463090641787947,T3 Tích cực
0.0027722556326074,0.6050981257037693,0.014588309531449,0.1428571428571428,-0.018853416007234,-0.646182340955625,0.0126837687414649,-0.0543539721063709,-2.6345795705790485,-0.0360272991277643,-0.0678246515480785,-2.684243897112185,-0.0466127647348346,0.0058034458792747,0.1624072243535758,0.0437300266812246,0.0281771070375617,0.5823647634355417,0.0712420709350616,0.011515947247118,0.0243102947249137,0.0009548980940384,0.0192006028258945,BAF_2023,2024-04-12,17.813275168929774,BAF,2023,vi,VN100,,1147,7,28,0.006102877070619,0.024411508282476,0.001743679163034,0.0,0.6,0.024411508282476,0.042720139494333,0.0,0.0,0.2727272727272727,2.3943941616821625,4.061627938824239,7.044905117129371,0,2024,0.011104113578627426,0.41367335970708985,-0.3968420286461831,-0.4757388761463545,0.9932068469011324,T1 Tiêu cực
-0.0006027712699803,0.7919530512467786,0.0151310480981358,0.0928571428571428,-0.0408473259021138,-1.3497850789049473,-0.0455571162418652,-0.0255060067931527,-1.1919511621042531,-0.0262664369808053,-0.033517453255997,-1.2789140933525045,-0.0310009953228072,-0.0402910080534318,-1.0870849826262696,-0.0468814899016171,-0.0237080778095104,-0.4724229525501528,-0.0402754078724968,-0.0473937757576077,-0.1308512761055207,-0.0015171440674473,0.032773102442159,BCM_2023,2024-04-19,17.86161582484418,BCM,2023,vi,VN100,,933,2,38,0.0021436227224008,0.0407288317256162,0.0032154340836012,0.0,0.9,0.015005359056806,0.0814576634512325,0.0,0.0,0.6888888888888889,0.1249894461636703,2.088743737761137,6.838405200847344,0,2024,-0.7896856608988062,-0.9115964059006716,0.8607515691646526,0.10887759418229907,-0.9398445696325907,T3 Tích cực
0.0003520513491565,1.1399957420392997,0.0131348598653011,0.1214285714285714,0.0254478710230025,0.968714979983496,0.027369193197363,-0.0157973174869497,-0.8504384846227576,-0.017629796979422,-0.0085548926096237,-0.3760351919781491,-0.0098202523301721,0.0251312966091793,0.7811129302522242,0.0281528571758364,0.0610942359009612,1.402421145056316,0.0707277854029492,0.0243080619171567,-0.249041834859079,0.0001278345346385,-0.0236677402974259,BCM_2024,2025-04-21,17.462520202046175,BCM,2024,vi,VN100,,651,0,17,0.0,0.0261136712749615,0.0015360983102918,0.0,1.0,0.0153609831029185,0.0691244239631336,0.0,0.0,0.6363636363636364,0.0,1.0109449859283122,6.478509642208569,0,2025,-1.2232499145337272,-0.8614911199936828,1.2799494351015976,-0.5581949860204006,-1.0463090641787947,T3 Tích cực
0.000654243115851,0.7315405874644518,0.0154424870598617,0.1428571428571428,0.0018633004761675,0.0603303233781131,0.0079692397457065,0.001443211678915,0.0660842234086089,0.0042195311735642,0.0012082063915559,0.0451713692682656,0.004330519992113,-0.0041353308754343,-0.1093244730498489,0.0034138115522068,-0.0239607078867568,-0.4678278326519603,-0.0164223997729695,0.0079158257937727,-0.0720566152058495,0.0018788997935793,-0.0093702899757207,BCM_2022,2023-04-19,15.729777349122717,BCM,2022,vi,VN100,,689,0,14,0.0,0.0203193033381712,0.0,0.0,1.0,0.011611030478955,0.0609579100145137,0.0,0.0,0.68,0.0,0.777975454811543,6.535241271013659,0,2023,-1.2232499145337272,-1.389836855933921,1.2799494351015976,-1.168370199088151,-1.0463090641787947,T3 Tích cực
0.002231765959731,1.6327042799855882,0.0253655610228353,0.0714285714285714,0.0153431057871295,0.3024397089683321,-0.0149453486588482,0.065777295018398,1.8336504094565629,0.0474306345317279,0.1072304871175445,2.4406931329811736,0.0852876233784457,0.1284881700552293,2.067964344358672,0.0754919504912368,0.1666579812639215,1.981003770043324,0.1430827725579621,-0.0153768885700358,-0.0146765521152838,0.0009604281905848,-0.0594920637418022,BCM_2021,2022-04-18,17.163054000517697,BCM,2021,vi,VN100,,282,0,11,0.0,0.0390070921985815,0.0,0.0,1.0,0.0106382978723404,0.0602836879432624,0.0,0.0,0.7,0.0,0.1937161636506361,5.641907070938114,0,2022,-1.2232499145337272,-1.5268890207081125,1.2799494351015976,-1.168370199088151,-1.0463090641787947,T3 Tích cực
0.0003807823251011,1.6812041094370178,0.0173238146746514,0.0785714285714285,-0.0251741645741961,-0.7265768263796883,-0.018056739542086,-0.0225290539451969,-0.9195692240737304,-0.0205049442867158,-0.0283067094813834,-0.9433768858577408,-0.0231339612493354,-0.0334137815747996,-0.7874200608832923,-0.0224743894789971,-0.0827846906892179,-1.4408214281282494,-0.0921009123828126,-0.0182388025499983,0.033858099098999,0.0011013699893442,-0.0049274257072049,BID_2018,2019-04-22,17.027573785200058,BID,2018,vi,VN30,,1328,5,61,0.0037650602409638,0.045933734939759,0.0022590361445783,0.0,0.8484848484848485,0.0240963855421686,0.0594879518072289,0.0,0.0,0.4234234234234234,0.9495337676337936,3.492373605362454,7.191429330036379,1,2019,-0.4617373982660576,0.3692744638183086,0.6448011533789535,-0.2710266816774921,-0.23750771551686134,T3 Tích cực
0.0017170362520837,1.483317000864951,0.0205509504298136,0.0714285714285714,-0.0346806449138628,-0.8437722876201125,-0.0600827597849834,-0.0225685598303293,-0.7765276721454718,-0.0439518974333064,0.017030752921658,0.478455233367541,-0.0006197812617867,0.0016233656644318,0.0322484480494195,-0.0346130853103804,-0.0762673454161558,-1.1189492156256629,-0.0955468543507694,-0.0577735026219746,0.0461144256279996,0.0011484502344189,-0.0074108527645399,BID_2017,2018-04-18,17.726184739663374,BID,2017,vi,VN30,,1632,8,78,0.0049019607843137,0.0477941176470588,0.0006127450980392,0.0,0.813953488372093,0.0226715686274509,0.065563725490196,0.0,0.0,0.4861111111111111,1.466190767273731,4.185468663505551,7.397561535524052,1,2018,-0.2317904815891439,0.16852634327513286,0.500046428707281,-0.9249731012284018,0.20257445148783057,T2 Trung tính
-0.0004950430529829,0.3772257963467527,0.0244058500237473,0.0214285714285714,0.094019023090863,1.9261575195983915,0.0716380466724183,0.0580133316164951,1.6808109590664886,0.042345757480551,0.0640957755846639,1.516264061760453,0.0447445544730322,0.1118971068341128,1.8717562604223807,0.0829228346003287,0.0738115542371503,0.9118723970590326,0.035215800334552,0.0721305406537,-0.1195876619278508,0.000314444321368,-0.0798449103866097,BMP_2025,2026-04-14,17.154112840110006,BMP,2025,vi,VN100,,727,2,33,0.0027510316368638,0.0453920220082531,0.0055020632737276,0.0,0.8857142857142857,0.0275103163686382,0.0577716643741403,0.0,0.0,0.3548387096774194,0.3430712211005833,2.051098226539581,6.588926477533519,0,2026,-0.6668325161274156,0.8502767526028784,0.8008661597450887,1.0171817332756299,-0.754085158330022,T3 Tích cực
0.0017844950507068,0.579520337882635,0.0204897386598561,0.05,0.0448812745949721,1.0952134465947168,0.0595718159572368,0.0433575615914645,1.49628193536233,0.0575396277540365,0.0325753929866026,0.9178941821557092,0.0420135573713655,0.0916141617944152,1.8253685689084496,0.1174923622760053,0.1400066904824496,2.0602315235943816,0.1646291140217693,0.0580434028039094,0.1138047380509587,0.0010003330573001,-0.0812804210137691,BMP_2024,2025-04-15,16.977511030317476,BMP,2024,vi,VN100,,741,5,46,0.0067476383265856,0.0620680267329428,0.0013495276653171,0.0,0.803921568627451,0.0188933873144399,0.0715249662618083,0.0,0.0,0.582089552238806,0.7232109491974813,1.5000802525548491,6.608000625296087,0,2025,0.14151205794058574,-0.3637966449093394,0.4579928352252347,-0.6323053357857095,-0.4302867477364466,T2 Trung tính
0.0015223197548611,1.0673196604469175,0.0208927451168007,0.0214285714285714,-0.0486935515060199,-1.1653220109133355,-0.048099336048234,0.0196400156679688,0.6647086433014117,0.0194697085803714,0.0718428920693938,1.985306997416589,0.0741793919026274,-0.0381232116015996,-0.7449349463814461,-0.034328753753604,-0.0026804918677619,-0.0386832224612144,0.0111961429596866,-0.0449850007165085,-0.0176006672224573,0.0028743624005128,0.003303917497552,BMP_2023,2024-04-15,16.902082684016744,BMP,2023,vi,VN100,,545,7,29,0.0128440366972477,0.0532110091743119,0.0036697247706422,0.0,0.6111111111111112,0.0110091743119266,0.055045871559633,0.0,0.0,0.6666666666666666,0.6692197689598763,0.6447489601998095,6.300785794663244,0,2024,1.3745557189431012,-1.474634764437281,-0.35026448798652227,0.28933278699302484,-0.47627578033382745,T2 Trung tính
0.0007494491456888,0.6180065223459573,0.0160313566096901,0.1,0.0283145359884262,0.8830985635773176,0.0545044378914231,0.0152824991623066,0.6740763775794777,0.0270988816459015,0.0393110242880987,1.415739853303181,0.0531905080067967,0.0228523806570182,0.5819498351510659,0.0520293205512349,0.0128552691291153,0.24177676128081,0.048608766006741,0.0530420047198763,0.0256489144056649,4.8623457390517305e-05,0.008101413539007,BMP_2021,2022-04-15,15.296691614913628,BMP,2021,vi,VN100,,724,11,23,0.0151933701657458,0.0317679558011049,0.005524861878453,0.0,0.3529411764705882,0.0220994475138121,0.0580110497237569,0.0,0.0,0.4482758620689655,2.335652728803256,2.7319266357753964,6.584791392385716,0,2022,1.8497265599519745,0.08791792467784723,-1.4325073444904006,1.0262378876915057,0.9431716067082663,T1 Tiêu cực
0.0013451455703327,0.9908242845756624,0.0156982708289652,0.05,0.080395245595551,2.5606401644954406,0.085613711612415,0.0345225316926728,1.555019436827076,0.0372220224313663,0.0234568372482619,0.8626944615220362,0.0272406864695374,0.081783549554117,2.1268580888495023,0.0898144711015196,0.0817526052730795,1.57019446327428,0.0966781624095404,0.0889462893781896,-0.0033324371892299,0.0016546021334587,0.0255214487831671,BMP_2019,2020-06-17,15.484064865523896,BMP,2019,vi,VN100,,621,2,24,0.003220611916264,0.038647342995169,0.0,0.0,0.8461538461538461,0.0144927536231884,0.0531400966183574,0.0,0.0,0.5714285714285714,0.3614302671758841,1.4376108764536566,6.431331081933479,0,2020,-0.5718562774300545,-0.9838194236905335,0.6350296413524512,-1.168370199088151,-0.738447145515741,T3 Tích cực
0.0015651294168824,0.9432320060321896,0.0138055144542897,0.0785714285714285,0.0071884267113417,0.2603462093043607,0.0152404626648515,-0.0097230117631494,-0.4980044440968485,-0.0046700209188813,0.0015047023835053,0.0629270520155925,0.0081662171871881,-0.0138958955679425,-0.4109209858756243,-0.0040436022353796,-0.0470114651548218,-1.0267266834809348,-0.0313646148400315,0.0135954925766426,-0.0432105323768844,0.0007092410393963,0.0422056204201711,BID_2023,2024-04-17,18.089773837753043,BID,2023,vi,VN30,,2162,10,93,0.0046253469010175,0.0430157261794634,0.0032377428307123,0.0,0.8058252427184466,0.0254394079555966,0.0596669750231267,0.0,0.0,0.4021739130434782,1.2761004115515324,5.674398405306391,7.6787889981991535,1,2024,-0.28773777614014395,0.558498231839373,0.4659729963890826,0.11773916536598485,0.04065779163183704,T2 Trung tính
0.0015423065097191,0.4180338717998883,0.0119963073854399,0.1285714285714285,-0.0243859830944141,-1.0163953919691842,-0.0207443288732097,-0.0174558353989402,-1.028911579645572,-0.0180885580342999,-0.016536808021735,-0.7958724510905628,-0.0122006765659231,-0.0632422785218823,-2.152208280602596,-0.0571945362160425,-0.0514908303338795,-1.2941540249490824,-0.0386746385626446,-0.0208829202230942,0.0312785850158194,0.0004533636761584,-0.0170051813570033,BMP_2016,2017-03-29,14.78157340343292,BMP,2016,vi,VN100,,621,1,30,0.001610305958132,0.0483091787439613,0.0,0.0,0.935483870967742,0.0305958132045088,0.0611916264090177,0.0,0.0,0.3333333333333333,0.0570307313862933,2.4864802033516824,6.431331081933479,0,2017,-0.8975530959818908,1.2850046705162208,1.0094991990132463,-1.168370199088151,-0.9977309787723576,T3 Tích cực
-0.0023102090688872,0.9621875881640036,0.0232808706490327,0.0142857142857142,0.0171710334204224,0.3687798811153102,0.009511945485798,0.0305296789952486,0.9272738709145188,0.0266964557334367,0.0378013063817884,0.9374475183621108,0.0318528497450448,-0.0441525613997991,-0.7742497255710492,-0.0561061655058185,-0.1421600404290061,-1.8411195002605971,-0.1625073328712398,0.0089812083181618,-0.249041834859079,-0.002575239024648487,-0.0297649095646144,BMP_2017,2018-04-11,16.815625940273105,BMP,2017,vi,VN100,,283,2,9,0.0070671378091872,0.0318021201413427,0.0,0.0,0.6363636363636364,0.0212014134275618,0.032056911014542,0.0,0.0,0.2,0.3150424219628813,1.7820549380423432,5.645446897643238,0,2018,0.2061332962132252,-0.03860966854220858,-0.24440644103274847,-1.168370199088151,-0.7779597495417069,T2 Trung tính
0.0008127848358614,2.0830433265424944,0.0146641517721565,0.05,-0.14570269167523225,-5.945150845606031,-0.0427557709198728,-0.07193939944892218,-6.484441710944156,-0.0094031006576758,-0.11220082485040792,-5.272933450866672,-0.044841628741495,-0.1600556886496192,-4.4559318728746256,-0.0360335253329889,-0.1834269053431925,-5.574270850235491,-0.1373878734310024,-0.0473919673813154,0.1268153067845133,5.325988925655809e-05,-0.0076402842652319,BSI_2024,2025-04-10,17.349820351651253,BSI,2024,vi,VN100,,805,5,34,0.0062111801242236,0.0422360248447205,0.008695652173913,0.0,0.7435897435897436,0.0124223602484472,0.0509316770186335,0.0,0.0,0.6078431372549019,1.238770157554947,1.64369318165979,6.690842277418564,0,2025,0.033009242737676275,-1.2755253786599743,0.20508311218635372,2.2857520940172287,0.008860333966302774,T2 Trung tính
0.0036981329447712,2.060048342109268,0.0236518219683715,0.0571428571428571,-0.0341317295814532,-0.7215454612142782,-0.0742288852653286,0.0203189247977153,0.6074648088463215,-0.0065963945818693,0.0338781221022608,0.8269782742968107,0.0103577181782857,-0.0480448137492036,-0.8292897310404352,-0.083013656108783,-0.1509216060375323,-1.923935349380821,-0.1439846239676651,-0.0711401736538245,0.1040970154618595,0.0032605525659571,0.0768875942842139,BSI_2023,2024-04-12,17.349400015163862,BSI,2023,vi,VN100,,566,4,23,0.0070671378091872,0.0406360424028268,0.0053003533568904,0.0,0.7037037037037037,0.0088339222614841,0.0459363957597173,0.0,0.0,0.6774193548387096,0.829781151746329,1.03172852324205,6.338594078203183,0,2024,0.2061332962132252,-1.7811146751706122,0.03788168417731572,0.9370577004195318,-0.3395115415386972,T2 Trung tính
-0.0022621841357412,0.9468925162459014,0.0163601079953773,0.0642857142857142,-0.0351359684207722,-1.0738305771178316,-0.0452748523675929,-0.014015381383786,-0.6057644130583392,-0.0190448778513724,-0.0340150288345415,-1.2003946465184978,-0.0418723949061188,-0.0226253572770781,-0.5645906146897784,-0.0371773560851955,-0.0413650423221354,-0.7623439608459304,-0.0683161569495837,-0.0452476337724971,-0.031847939453121,-0.0023229846864121,-0.0189892679407499,BSI_2025,2026-04-17,16.53380219442069,BSI,2025,vi,VN100,,849,10,54,0.0117785630153121,0.0620680267329428,0.0047114252061248,0.0,0.6875,0.0247349823321554,0.0565371024734982,0.0,0.0,0.391304347826087,1.5818719460269783,2.3015851145923136,6.744059186311348,0,2026,1.1590554367112136,0.4592489047801882,-0.030043895951356016,0.7031212671409006,0.30111027673139684,T2 Trung tính
0.0014872144647499,1.8730368682480467,0.02819743969561,0.0357142857142857,-0.0360723250915176,-0.6396383054794459,-0.0437574724207239,-0.0423786147759035,-1.0627279004341363,-0.0419941488112163,-0.0490385584474133,-1.00407786046948,-0.058992551309052,-0.0226832372565184,-0.3284125414266449,-0.0588685948713075,-0.0273128775625568,-0.2920528433457902,-0.0959324688021885,-0.0444565617941455,-0.1243910456659157,0.0030894560496231,-0.0612202053466562,BSI_2021,2022-04-12,16.84980140950683,BSI,2021,vi,VN100,,1030,6,37,0.0058252427184466,0.0359223300970873,0.0019417475728155,0.0,0.7209302325581395,0.016504854368932,0.0601941747572815,0.0,0.0,0.569620253164557,2.260508702003031,2.066615551345717,6.937314081223682,0,2022,-0.045049578685012776,-0.700326549006645,0.11009492551012252,-0.3970613375209399,0.8791648359207843,T2 Trung tính
0.0033722100562651,0.0638561135753981,0.0233565687312809,0.2785714285714286,0.0394201001769089,0.8438760982068905,0.1012520900356732,0.053713898472883,1.6261576043605046,0.0607021078362302,0.0040632752076088,0.1004399688111128,0.0315298445642506,0.0169406001578079,0.2961038983690487,0.13368714866794632,-0.0321787582656868,-0.4153975176386256,0.1136565272233093,0.1007939076842808,0.0937135593727125,0.0008449680738702,-0.0364171609494469,BSI_2019,2020-03-17,12.356907609259665,BSI,2019,vi,VN100,,1290,11,39,0.0085271317829457,0.0302325581395348,0.0031007751937984,0.0,0.56,0.0201550387596899,0.0511627906976744,0.0,0.0,0.4347826086956521,3.256472064299241,2.0436274820395584,7.162397497355718,0,2020,0.5014283548675493,-0.18603755614620465,-0.5645211750209609,0.06333232403468404,1.7275143502834154,T1 Tiêu cực
-0.0010900755084422,0.8090909185606161,0.0197019464142101,0.2714285714285714,0.0365084704148244,0.9265193815696422,0.0343567531356311,0.0085994930256542,0.3086375176018516,0.0093344701756644,0.0123571355491439,0.3621162795654145,0.013114977506764,0.0355043105831578,0.7356924942815767,0.0289902525854784,0.0406978223735327,0.6228245112056745,0.0324405232415221,0.0341615088906847,-0.0483234797627067,-0.000530626184748,-0.0003475945833296,BSI_2018,2019-04-17,11.285747850252724,BSI,2018,vi,VN100,,742,4,16,0.0053908355795148,0.0215633423180593,0.0,0.0,0.6,0.0161725067385444,0.0498652291105121,0.0,0.0,0.5102040816326531,1.1671953088697686,1.0279848317748002,6.60934924316738,0,2019,-0.13291177803402315,-0.7471523281492991,-0.3968420286461831,-1.168370199088151,-0.0521062541847491,T1 Tiêu cực
-0.0015995560086837,0.7759794774887921,0.0307091671486907,0.1357142857142857,0.0291134552030694,0.4740189641435888,0.0253538679711268,-0.0036121838933686,-0.0831738520789776,-0.0049129648102896,-0.0080041791432784,-0.1504832404160726,-0.0051063686353435,0.0457375604345855,0.6080360553901648,0.0502818895696026,0.04093170268068,0.4018791083246698,0.0463884209003209,0.0252366636535834,0.0172524466301755,0.0003085424858352,-0.0687669803637166,BSI_2017,2018-04-12,13.750519087477008,BSI,2017,vi,VN100,,849,1,37,0.0011778563015312,0.0435806831566548,0.0011778563015312,0.0,0.9473684210526316,0.0164899882214369,0.0482921083627797,0.0,0.0,0.4909090909090909,0.5297794433555935,0.7701501573514328,6.744059186311348,0,2018,-0.9850193794092351,-0.702421099638752,1.059318979345311,-0.700497332530888,-0.5950493587476272,T3 Tích cực
0.0041033448491675,0.9120711709565976,0.0341456061267898,0.0214285714285714,-0.0012396212894763,-0.0181519883535439,0.0119768664133225,0.0725587589501295,1.5025883651795136,0.0796408559165668,0.0515338293261152,0.8713586785756688,0.0637139173704596,0.0036735303074007,0.0439210966820968,0.0242886387700723,-0.0998566356238384,-0.8817505936242086,-0.0604740583660222,0.0091645409166303,-0.1388334214395092,0.0032874543024082,0.0246245783134603,BSR_2025,2026-04-10,20.256641952411243,BSR,2025,vi,VN30,,829,3,50,0.0036188178528347,0.060313630880579,0.0024125452352231,0.0,0.8867924528301887,0.0180940892641737,0.0711700844390832,0.0,0.0,0.5945945945945946,0.1768137390588749,1.717110800595206,6.720220155135295,1,2026,-0.4913160508882733,-0.47641292542040814,0.8053858132861881,-0.21004917687557997,-0.8957012653965079,T3 Tích cực
0.0001252201054257,1.245322867713895,0.0151048200439173,0.1571428571428571,-0.0060884400050064,-0.2015396405685149,-0.0144259015950304,-0.0055394726894518,-0.2593211101833969,-0.0061867776706735,-0.013030400782569,-0.4980599158143881,-0.0111058297936933,0.0024583778830207,0.0664442585306777,-0.0103909537057557,-0.0323815172979737,-0.6463761098505652,-0.0420244124898592,-0.0136584730721232,-0.003811853037814,0.0006327889919213,0.0015097030289636,BSR_2023,2024-04-10,18.56903841915899,BSR,2023,vi,VN30,,815,4,45,0.0049079754601227,0.0552147239263803,0.0012269938650306,0.0,0.8367346938775511,0.014723926380368,0.0662576687116564,0.0,0.0,0.6363636363636364,0.883570888484985,1.6619228933439951,6.703188113240863,1,2024,-0.23057396694748894,-0.9512485747307687,0.595544756020871,-0.6809787098769897,-0.29369409607089797,T2 Trung tính
-0.0015718247983195,0.9882173039314346,0.014625330327424,0.1357142857142857,-0.0146055296115479,-0.4993230677382045,-0.0222892267271195,-0.0021846765511669,-0.1056249376557809,-0.0066713393300661,-0.0343348899560109,-1.355405827759551,-0.0399930244477689,-0.0153819852409162,-0.4293693911835546,-0.0261091468799234,-0.0140761302415664,-0.2901892032912405,-0.0327237033425913,-0.0257751747229062,-0.1256674103935723,0.0008486821957934,,BSR_2024,2025-04-10,17.432570593581136,BSR,2024,vi,VN30,,922,3,57,0.0032537960954446,0.061822125813449,0.0043383947939262,0.0,0.9,0.0184381778741865,0.0672451193058568,0.0,0.0,0.569620253164557,0.4871702279705545,2.08245216342369,6.826545223556594,1,2025,-0.5651445208655361,-0.4279329129732866,0.8607515691646526,0.5549446109210302,-0.6313433717080356,T3 Tích cực
0.0002492431540614,1.631194534240221,0.0251296898653317,0.1,-0.019914418497444,-0.3962328744239178,-0.0115160187615841,-0.0067758453176504,-0.1906607760803133,-0.0038323296107469,0.0042029296474311,0.0965615801998835,0.0106879650461464,0.0103783361569933,0.1686028763847582,0.0274694501984963,0.04187287572158,0.5023996367566992,0.0549653133784587,-0.0117747683535285,-0.0345316201859291,0.0010353750263299,-0.0151884853749294,BSR_2022,2023-03-28,18.55481532362633,BSR,2022,vi,VN30,,879,11,30,0.0125142207053469,0.0341296928327645,0.0091012514220705,0.0,0.4634146341463415,0.0261660978384527,0.0546075085324232,0.0,0.0,0.352112676056338,2.380571373473181,3.562420933169327,6.778784897685177,1,2023,1.3078478869766723,0.66088445893579,-0.9694049674868885,2.4468658756069033,0.9814327635280341,T1 Tiêu cực
0.0053656963484833,1.900160949324744,0.0290787357855137,0.2285714285714285,,,,,,,,,,,,,,,,-0.0526545372041785,0.358908099144958,0.0038097739457086,0.062089040636957,BSR_2020,2021-04-12,19.0550186299525,BSR,2020,vi,VN30,,996,18,41,0.0180722891566265,0.0411646586345381,0.0040160642570281,0.0,0.3898305084745763,0.0251004016064257,0.0692771084337349,0.0,0.0,0.4680851063829787,3.818496663969353,3.4691358015012272,6.903747257584598,1,2021,2.4320101635511393,0.5107342793306077,-1.2778680519712882,0.4269071651974691,2.206240088839437,T1 Tiêu cực
0.002995030955017,1.156779273265882,0.026738845567815,0.1,-0.0541533874399439,-1.0126351061529586,-0.0464271635513011,-0.0412494167510482,-1.0908377562778828,-0.0395673655708187,-0.0506609735942143,-1.093881434329189,-0.0459339972972149,-0.0632937837925532,-0.966368535424048,-0.0463362287871602,-0.0906800219002718,-1.022521905822361,-0.0517733304370268,-0.0450329036574922,0.1773594737435354,0.0015293178933925,-0.0146954432874055,BSI_2020,2021-03-23,16.40096827926421,BSI,2020,vi,VN100,,1082,8,28,0.0073937153419593,0.0258780036968576,0.0036968576709796,0.0,0.5555555555555556,0.022181146025878,0.0536044362292051,0.0,0.0,0.4146341463414634,2.109340807842111,3.0850481947998336,6.9865664594064265,0,2021,0.2721861248059776,0.09942875289653984,-0.5831521912848252,0.30011062792520726,0.7504018568258793,T1 Tiêu cực
-0.0005951491473908,1.4344439271400569,0.0253284383308363,0.1928571428571428,-0.0515587108776489,-1.0178027994501009,-0.0427367841152706,-0.0003700884097694,-0.0103319447005898,0.0042235422350016,-0.0023299626631153,-0.0531104426250282,0.0024423478973247,-0.0572585815192283,-0.922904038309844,-0.0421281229984051,0.0175458968469731,0.2088674746169762,0.0262328809984885,-0.0434774724020005,-0.0266959242335734,-0.002149513032502,-0.0936400428855843,BSR_2019,2020-04-09,16.64066867424192,BSR,2019,vi,VN30,,1043,7,42,0.0067114093959731,0.0402684563758389,0.0028763183125599,0.0,0.7142857142857143,0.0306807286673058,0.059443911792905,0.0,0.0,0.3191489361702128,0.2485282111984789,4.766486343590261,6.949856455000773,1,2020,0.13418447688032903,1.2969687477148195,0.08224124671032579,-0.025827350457899568,-0.8346157476801328,T2 Trung tính
-0.0015358259282151,1.5458354655793696,0.0194602691491942,0.1142857142857142,0.0139666287690902,0.3588498355807302,0.0023665133984418,0.0091827394817887,0.3336632863431435,0.0066683675587645,-0.0015626594746682,-0.0463612225213649,-0.0092407901205584,0.0187060925803261,0.3924267572369674,0.0007494409073491,0.1037235973570187,1.607061087582757,0.0856578403740565,0.0023013979073617,-0.040045784876206,-0.000893855106863,,BSR_2018,2019-04-11,16.925703135140164,BSR,2018,vi,VN30,,966,9,36,0.0093167701863354,0.0372670807453416,0.0031055900621118,0.0,0.6,0.0331262939958592,0.0610766045548654,0.0,0.0,0.2967032967032967,1.1524192016787254,4.876182738812176,6.873163834212518,1,2019,0.661138821373378,1.6415341710344329,-0.3968420286461831,0.06524490559234745,-0.06469236310625742,T1 Tiêu cực
0.004235049395635,0.8513841381754754,0.0281248246800858,0.0785714285714285,-0.063787591706338,-1.1340086992880636,-0.0511603122726328,-0.0354767684477267,-0.8919473749372338,-0.02834379286268,-0.0507122688995125,-1.0410284306974324,-0.0391270158302438,-0.0747211758717291,-1.0846215988212842,-0.0540757333439945,-0.1656364265762779,-1.775700373465121,-0.1264522091793939,-0.0513093566872993,-0.0550057413846136,0.0017618595264201,-0.0445286784165116,BVH_2025,2026-04-20,18.073580254254423,BVH,2025,vi,VN100,,843,3,54,0.0035587188612099,0.0620680267329428,0.0047449584816132,0.0,0.8947368421052632,0.0154211150652431,0.0818505338078291,0.0,0.0,0.6829268292682927,0.5864390489807341,1.4152331084593468,6.736966958001855,0,2026,-0.5034715361682739,-0.8530188887220403,0.8386885235890238,0.7164414910998133,-0.5467873937640493,T3 Tích cực
-0.0009507869464186,1.2908587411660637,0.0159907288347236,0.0642857142857142,-0.0042206059957978,-0.1319704073348075,-0.0039236851792249,0.0003960533544257,0.0175133988901097,0.0004698390014652,-0.031247285487235,-1.1281930219669078,-0.0314648389431777,0.0004013269589083,0.0102460023295247,0.001001189973703,-0.0530587493716912,-1.0004431336446775,-0.0587055402089806,-0.0049995390225985,-0.0864029183392633,-0.0012183338756207,-0.036413304401754,BVH_2020,2021-05-05,17.63961627067957,BVH,2020,vi,VN100,,1240,10,52,0.0080645161290322,0.0419354838709677,0.0024193548387096,0.0,0.6774193548387096,0.0282258064516129,0.0693548387096774,0.0,0.0,0.4214876033057851,1.8118703655186068,3.1045689092326367,7.122866658599083,0,2021,0.4078607654718743,0.9510849953607978,-0.07230174534016116,-0.2073442385064383,0.4970201413573863,T2 Trung tính
-2.4399010740488395e-05,1.4471172573185669,0.019525626011943,0.0571428571428571,-0.0333484811691676,-0.8539670161860532,-0.0175615495145768,-0.0157130586031829,-0.5690373401957114,-0.0186309520806031,-0.0171033502218731,-0.5057263643482155,-0.01893835423764,-0.0650415538167143,-1.3599104652801104,-0.0316320466918829,-0.0654884912226085,-1.0112619708489847,-0.0274811343849005,-0.0194302646630912,0.1581120184995977,-0.0009424962809303,0.0368520075607381,BVH_2019,2020-05-04,16.718762807696333,BVH,2019,vi,VN100,,1038,0,36,0.0,0.0346820809248554,0.0,0.0,1.0,0.0067442587095766,0.0761078998073217,0.0,0.0,0.8296392229417208,0.0,0.5254258919854051,6.945051063725834,0,2020,-1.2232499145337272,-2.0755356820240594,1.2799494351015976,-1.168370199088151,-1.0463090641787947,T3 Tích cực
-0.0001145649136958,0.4834792044192375,0.0165296110961648,0.0571428571428571,0.0313738306329974,0.94901901957865,0.0232676531431078,-0.0229239900432737,-0.9806467143811234,-0.0238886949963129,-0.0455827987208867,-1.5921270596636463,-0.0432421869676898,0.02918566923066,0.7208275802825901,0.0153127092891239,0.0340412864729266,0.6209362093213638,0.0158596511352882,0.0224905525392058,-0.1872649219308456,0.000466881776607,0.0050793170216894,BVH_2018,2019-05-09,16.226398353484914,BVH,2018,vi,VN100,,979,4,51,0.0040858018386108,0.052093973442288,0.0,0.0,0.8545454545454545,0.0091930541368743,0.0786516853932584,0.0,0.0,0.7906976744186046,0.3564529643816614,0.2681450063941517,6.88653164253051,0,2019,-0.39686493263099104,-1.7305151572486812,0.670207084647859,-1.168370199088151,-0.7426867516781399,T3 Tích cực
0.0005075042947267,0.5534159695654576,0.0131244846098238,0.1142857142857142,-0.0004828186776405,-0.0183938147666079,0.0008813042505342,-0.003999051597919,-0.2154565750404259,-0.006372527906763,-0.0047718851884558,-0.2099167533051009,-0.0059463574538017,-0.0203129330470005,-0.6318511116648102,-0.012198525604345,-0.0374447419838728,-0.8602253603523768,0.034966694653133,0.0007846192054348,-0.0782373920303011,0.0008671632797287,0.0169451617551391,BWE_2024,2025-03-24,15.516862833757196,BWE,2024,vi,VN100,,683,0,20,0.0,0.0292825768667642,0.0014641288433382,0.0,1.0,0.007320644216691,0.0600292825768667,0.0,0.0,0.782608695652174,0.0,0.4783886293804155,6.52649485957079,0,2025,-1.2232499145337272,-1.9943264360737007,1.2799494351015976,-0.586782990146545,-1.0463090641787947,T3 Tích cực
-0.0006695668975535,0.2376305195816216,0.0138557678846507,0.0785714285714285,0.0259178284062396,0.9352721776954396,0.043536732860794,0.006734851783691,0.3437023055077199,-0.0038725399015508,-0.0027115251187808,-0.1129854202434224,-0.0126266601826948,0.0137449118945554,0.4049820140062267,0.0449221763181564,0.0285708345992237,0.6217216416611461,0.028273002553651,0.0433822433274954,0.0251607292167119,5.139660083376957e-05,-0.0436266228214629,BWE_2025,2026-03-17,15.932267963126163,BWE,2025,vi,VN100,,480,0,7,0.0,0.0145833333333333,0.0041666666666666,0.0,1.0,0.01875,0.0645833333333333,0.0,0.0,0.55,0.0,2.966074236512186,6.173786103901937,0,2026,-1.2232499145337272,-0.3839990537846203,1.2799494351015976,0.4867300663581584,-1.0463090641787947,T3 Tích cực
0.0010669230158627,1.513381041670139,0.0247302127707747,0.0642857142857142,0.0008974065680795,0.0181439314007854,-0.017013603627486,0.022894047320642,0.6546056137601353,0.019069659159042,0.0493625024205846,1.1524144302582693,0.0450326037045715,0.0048728158721697,0.0804408262879725,-0.0049263441086815,,,,-0.0170847461847327,-0.0284254104041357,0.000534111414863,-0.0120245757108667,BSR_2021,2022-04-06,19.484101196770965,BSR,2021,vi,VN30,,1003,15,42,0.0149551345962113,0.0418743768693918,0.0029910269192422,0.0,0.4736842105263157,0.0279162512462612,0.0638085742771684,0.0,0.0,0.391304347826087,2.9400795835706277,4.373214544830813,6.910750787961936,1,2022,1.8015415758056814,0.9074705316098371,-0.926355122461272,0.019737668430625466,1.458015071961289,T1 Tiêu cực
-0.0006256400601833,1.4545704539284074,0.01364709063579,0.1285714285714285,-0.0067997600227824,-0.2491285580294238,-0.0086245175854191,-0.013349867132697,-0.6917065204149282,-0.0111520648556256,-0.0210360719161387,-0.8899465906398999,-0.0201677757877548,-0.0048628889030652,-0.1454717444453416,-0.0137767685216779,0.0097463616756005,0.2153307757658474,-0.0651596935448012,-0.0085807539957215,-0.0526900386135635,-0.001118634168543,0.0012928046015078,CII_2024,2025-03-24,18.113063087341494,CII,2024,vi,VN100,,483,3,17,0.0062111801242236,0.0351966873706004,0.0062111801242236,0.0,0.7,0.0124223602484472,0.0496894409937888,0.0,0.0,0.6,0.7639186596297685,0.7835189822272984,6.180016653652572,0,2025,0.033009242737676275,-1.2755253786599743,0.022355837290761946,1.2988600102728458,-0.39561241363601757,T2 Trung tính
-0.0007439825857857,1.3351283026421776,0.0302490252206614,0.0142857142857142,-0.0814932894903801,-1.3470399276654466,-0.0734911047379422,-0.0502249935491024,-1.1740686936041478,-0.043814684158749,0.0110685768710906,0.2112612155086989,0.0184507605851862,-0.1130703414858867,-1.5260251620355876,-0.1035409132656207,-0.08724247421086,-0.8696014338220737,-0.077587398014593,-0.0734974592424452,0.1794217203370135,0.0010078893409473,-0.00855260734585,CII_2025,2026-04-14,19.432476488060438,CII,2025,vi,VN100,,1988,5,67,0.0025150905432595,0.033702213279678,0.0015090543259557,0.0,0.8611111111111112,0.0196177062374245,0.0477867203219315,0.0,0.0,0.417910447761194,0.7113864524659037,3.770870257704156,7.59488438721652,0,2026,-0.7145534247935575,-0.2617444717767478,0.6977301768558407,-0.5689375073772179,-0.44035871066155763,T3 Tích cực
0.0045467082766086,1.933117587002141,0.040278440654361,0.05,-0.0183897019167931,-0.2282821978462316,-0.0147751400225963,-0.0544416277597395,-0.9557481258544576,-0.0481164104430569,-0.061376812935645,-0.8797738664830662,-0.0631443807330374,-0.0778652831664208,-0.7892154766357388,-0.0987979680910793,-0.1311060517523284,-0.9814173861729768,-0.1719192990424431,-0.0168614024987816,-0.0293397882256528,0.0009624340977787,-0.11250834785860442,CII_2021,2022-04-12,19.31701144034888,CII,2021,vi,VN100,,1132,13,24,0.0114840989399293,0.0212014134275618,0.0035335689045936,0.0,0.2972972972972973,0.0265017667844522,0.0406360424028268,0.0,0.0,0.2105263157894736,2.4693556685914437,3.987163492679745,7.0317412587631285,0,2022,1.0994978029300904,0.7081781914413868,-1.6657652985093683,0.23524840058363766,1.057058149458853,T1 Tiêu cực
0.0006523647220775,0.8673771401120189,0.0181142805195605,0.1357142857142857,-0.0509676326186368,-1.4068356886601143,-0.0494934079412027,-0.0492109542754554,-1.920992635576117,-0.0495821724426605,-0.0577421244042231,-1.840394987389094,-0.0583715944763258,-0.0443352243441641,-0.999199472829848,-0.0434480081019766,-0.150846019403187,-2.5108248757296945,-0.1475849094805831,-0.048991518117524,0.14568335771455,5.530499723885762e-06,0.0109589198935797,CII_2020,2021-04-05,17.77137245751833,CII,2020,vi,VN100,,1019,11,31,0.0107948969578017,0.0304219823356231,0.0019627085377821,0.0,0.4761904761904761,0.0186457311089303,0.0412168792934249,0.0,0.0,0.3770491803278688,1.3712613330127352,2.478133568156548,6.926577033222725,0,2021,0.9601013784276494,-0.3986899124466332,-0.9158489102824012,-0.38873513783768443,0.12171471055482654,T1 Tiêu cực
-0.0025204009605988,1.318053179634883,0.0183099014935806,0.0428571428571428,0.0227980399875079,0.6225604216249017,0.0174990146285551,0.0022125466588063,0.0854459400932387,-0.0038743267690115,-0.0145669792172876,-0.4593279420607095,-0.0182274003970075,0.0057044937351211,0.1271907342670029,-0.0006894841921903,-0.0261493096975088,-0.4306038199845294,-0.0497240939338687,0.0174470316735118,0.082372231730169,-0.0019247548423019,-0.0100365634993672,CMG_2024,2025-07-18,17.731850477496096,CMG,2024,vi,VN100,,932,3,28,0.0032188841201716,0.0300429184549356,0.0032188841201716,0.0,0.8064516129032258,0.0118025751072961,0.0450643776824034,0.0,0.0,0.5849056603773585,0.383155828548002,1.2920213083002772,6.837332814685591,0,2025,-0.5722057375357935,-1.3628493716175691,0.46859872683654225,0.11024803172873163,-0.7199415757959883,T2 Trung tính
0.0029487822795438,1.3830067646570623,0.0252768666758314,0.0714285714285714,-0.023842764620948,-0.4716321236869397,-0.021649732393941,-0.0035742782608241,-0.0999885163176889,-0.0077167225527136,-0.017018943274681,-0.3887305973075819,-0.021115719868009,0.0150807716598765,0.2435705076890401,0.0273262602150174,-0.0803998225702882,-0.9590373252298616,-0.0714343673799982,-0.021453569829288,-0.1597951256554257,0.0021512403130241,0.0547071430563207,CMG_2023,2024-07-22,18.388058217206492,CMG,2023,vi,VN100,,1132,10,36,0.0088339222614841,0.0318021201413427,0.0017667844522968,0.0,0.5652173913043478,0.0203180212014134,0.0485865724381625,0.0,0.0,0.4102564102564102,2.3772289498777446,2.045582025896883,7.0317412587631285,0,2024,0.5634790988999834,-0.16307431187280816,-0.5426499820155555,-0.46656089925225663,0.9785857276416483,T1 Tiêu cực
-0.0002625816310231,0.693076111679828,0.0172773642598445,0.1071428571428571,-0.0098633936335029,-0.2854426602681275,-0.0056848956075616,-0.0082962150750535,-0.3395373188598395,-0.0054396479581042,-0.0079388998936469,-0.2652908118236194,-0.0043954566670882,-0.0100760580253942,-0.238088020928193,-0.0069915765871791,-0.0459713167590683,-0.8022562538808046,-0.0461627667545426,-0.0056079158283206,0.0446230022623501,-0.0005572120529481,-0.0362180796995614,CII_2018,2019-04-16,16.722088594137833,CII,2018,vi,VN100,,624,6,17,0.0096153846153846,0.0272435897435897,0.0064102564102564,0.0,0.4782608695652174,0.0240384615384615,0.0544871794871794,0.0,0.0,0.3877551020408163,1.1909011477457758,1.891263339501219,6.436150368369428,0,2019,0.721535896242193,0.3611133206156819,-0.9071698654389858,1.3779379015985154,-0.03191390810120079,T1 Tiêu cực
-0.0003677905649484,0.894156794641253,0.0197334411864311,0.1,0.0158713871272663,0.4021444353603064,0.0121999263387331,0.0013263278334667,0.0475261965847959,-0.001736207929198,0.0162155910349882,0.4744269263871113,0.0173307933795302,0.1104896565411931,2.285826023486345,0.1054080023617722,0.2022903365792867,3.090967111150409,0.19065654180621017,0.0127361003597366,0.0166485299448294,-0.000207927396041,-0.0051957703898739,CMG_2020,2021-07-20,14.013297502592817,CMG,2020,vi,VN100,,674,10,18,0.0148367952522255,0.0267062314540059,0.0059347181008902,0.0,0.2857142857142857,0.0267062314540059,0.0801186943620178,0.0,0.0,0.5,1.800103314520906,1.939017421554436,6.513230110912307,0,2021,1.7776065293935097,0.7369860317374988,-1.7143210358765821,1.1890426419036597,0.4869971100117705,T1 Tiêu cực
0.0004132847918223,1.1470963013732562,0.0209960304052907,0.1642857142857142,0.0143029642924648,0.3406111540222546,0.0165210214161463,0.0026843739387563,0.090404661199992,0.0037126548315551,-0.0011806637163903,-0.0324659710108179,-0.0001595130756959,0.0442086253984356,0.8595956185184794,0.0455113438083226,0.0562679875457945,0.8080306731382101,0.0515362907029641,0.0165370767194923,0.0795561951005692,0.000365745823674,-0.0043833567002261,CMG_2019,2020-07-14,13.483108049387504,CMG,2019,vi,VN100,,742,10,24,0.013477088948787,0.0323450134770889,0.0026954177897574,0.0,0.4117647058823529,0.0215633423180593,0.0754716981132075,0.0,0.0,0.5555555555555556,1.736789143805188,1.6023321008724911,6.60934924316738,0,2020,1.5025954267155328,0.01238393195982181,-1.1859203645274916,-0.09768539125225124,0.43306686718123405,T1 Tiêu cực
-0.0024965073447315,0.6282614847487296,0.0181858626781539,0.0642857142857142,0.0173884163932456,0.4780751042988402,0.0117809274996371,0.0103192278135064,0.4012345244586398,0.0084762940935221,0.0168808551046909,0.5359199291959985,0.0221628303905425,0.0430983163037759,0.967499549747697,0.0515858794948949,0.0659344739923929,1.093156385226376,0.0767249897764879,0.011849782796823,-0.1432847776716004,-0.0018659966919435,-0.0313581790004178,CII_2017,2018-04-12,17.19272959873367,CII,2017,vi,VN100,,725,3,27,0.0041379310344827,0.0372413793103448,0.0013793103448275,0.0,0.8,0.0151724137931034,0.0455172413793103,0.0,0.0,0.5,0.1678690692794388,0.997579809463593,6.586171654854675,0,2018,-0.38632140010327276,-0.8880593998522957,0.4415537032277075,-0.6204749388025016,-0.903320226646271,T2 Trung tính
0.0027843033331333,1.0624329132243624,0.0208297590692068,0.0642857142857142,-0.0425767770580753,-1.0220179915815144,-0.0308210019777165,-0.0189479839641392,-0.6432262565467594,-0.0130503731592375,-0.0230203390736179,-0.6380678200276396,-0.0141863139589848,-0.0917133601616333,-1.7975158701683915,-0.0749856861820805,-0.0678930607536077,-0.9827539515606836,-0.038251779130044,-0.0307091959810115,0.160246843358912,0.0020709169941239,0.0603053504237861,CII_2016,2017-04-05,17.689752948780114,CII,2016,vi,VN100,,787,5,24,0.0063532401524777,0.0304955527318932,0.0038119440914866,0.0,0.6551724137931034,0.013977128335451,0.0457433290978398,0.0,0.0,0.5319148936170213,0.680646070885607,1.637172924241968,6.668228248417403,0,2017,0.06174198076928429,-1.05646792073503,-0.1655604474395927,0.3458257235565042,-0.46654299491559087,T2 Trung tính
0.0005650439155004,1.1597769360651664,0.0300053240321754,0.0571428571428571,-0.14570269167523225,-2.598552852229263,-0.1490995428474721,-0.0176390087896898,-0.415681654203236,-0.0133130841311911,0.0129435492386538,0.2490545220972292,0.018563080368065,-0.0772050851454126,-1.0504417146748108,-0.0692448767512045,-0.1308525967431036,-1.3148847298965365,-0.1240803950678642,-0.14247405221521642,0.2409289432074705,-0.0009403626513201,0.1050685066995788,CTD_2019,2020-05-29,16.250477085034724,CTD,2019,vi,VN100,,625,7,17,0.0112,0.0272,0.0032,0.0,0.4166666666666667,0.0336,0.048,0.0,0.0,0.1764705882352941,1.0511601905518255,2.697866666806095,6.437751649736401,0,2020,1.0420365978580683,1.7082764935314423,-1.1653714495305825,0.1027468047746351,-0.15094356085744265,T1 Tiêu cực
-0.0031194162766415,0.4047556172611729,0.0201160263310272,0.0642857142857142,-0.0316229443799099,-0.7860136952379654,-0.0043571473521174,-0.0607941901105681,-2.137001780397428,-0.0364683540633952,-0.051362985038292,-1.4741695377730326,-0.0326391472609159,-0.0632924238828167,-1.284499404816326,-0.0246927482078924,-0.0245676858375295,-0.3682355485194535,-0.0118755990778867,-0.0077413607184756,-0.2042967440644295,-0.0014847714750297,-0.0605113488202028,CTD_2017,2018-04-18,17.250202469947933,CTD,2017,vi,VN100,,656,2,20,0.0030487804878048,0.0304878048780487,0.0015243902439024,0.0,0.8181818181818182,0.0152439024390243,0.0564024390243902,0.0,0.0,0.574468085106383,0.6699324431377729,1.355213344330925,6.486160788944089,0,2018,-0.6066105111169867,-0.8779870802717546,0.5177714970344248,-0.5628457117297508,-0.4756687331114041,T2 Trung tính
2.1505238810208647e-06,0.9096165723452838,0.0151668704606083,0.0428571428571428,-0.007728983546999,-0.2547982316811141,-0.0103433607263669,-0.0081371883387193,-0.3793703565310045,-0.0089460829827996,0.0004156542181593,0.0158225175963228,-0.00025897870618,-0.0302993503934353,-0.8155708873766837,-0.0331842794034262,-0.0179914853093353,-0.3576635628726258,-0.022469079956925,-0.010620019824455,-0.0527615663926277,0.0002590164831542,-0.010804910756113,CTG_2025,2026-04-20,19.899141288101763,CTG,2025,vi,VN30,,639,0,39,0.0,0.0610328638497652,0.0062597809076682,0.0,1.0,0.0172143974960876,0.0688575899843505,0.0,0.0,0.6,0.0,0.5950791877370466,6.459904454377535,1,2026,-1.2232499145337272,-0.6003561965006626,1.2799494351015976,1.3181654109720593,-1.0463090641787947,T3 Tích cực
0.0013162079418322,1.3138158241348254,0.0097547493125692,0.0785714285714285,-0.0031745389140354,-0.1627176061790215,-0.0009507465473354,0.0005001412133435,0.036254467662269,0.0021363733585597,-0.0056037222502262,-0.3316651659580082,-0.0006476165084301,0.0063057882326137,0.2639050152395619,0.0111512591632926,0.0300021306589378,0.927341386776402,-0.0151469427466017,-0.0010969618759721,-0.011658176048452,0.0006576345894731,0.0346779721329351,CTG_2024,2025-03-25,19.065423938650813,CTG,2024,vi,VN30,,897,1,51,0.0011148272017837,0.0568561872909698,0.0,0.0,0.9615384615384616,0.027870680044593,0.0613154960981047,0.0,0.0,0.375,0.2900471251454994,2.450762053009328,6.799055862058796,1,2025,-0.9977675016901466,0.9010498238043033,1.118719486664311,-1.168370199088151,-0.7992504402629879,T3 Tích cực
0.0013547955474609,0.9820028940011474,0.012854326132671,0.0785714285714285,-0.0503318620012509,-1.9577790963824055,-0.044344716382755,-0.0427385720645875,-2.351016600418253,-0.0394194189721071,-0.0254039974732783,-1.1410170107954214,-0.0207162915006017,-0.0285023119029238,-0.905222100990725,-0.0202272243528118,-0.0760031164357832,-1.7827307003211643,-0.061597965814137,-0.0434019886248129,-0.0361189874812036,0.0006568806552955,0.0224505124045416,CTG_2023,2024-04-17,19.22799834650124,CTG,2023,vi,VN30,,1119,9,39,0.0080428954423592,0.03485254691689,0.001787310098302,0.0,0.625,0.0187667560321715,0.0420017873100983,0.0,0.0,0.3823529411764705,2.3404101299507944,2.650983956683572,7.020190708311925,1,2024,0.4034878145871422,-0.38163822978580053,-0.29204256216194674,-0.4584076187358572,0.9472239033146771,T2 Trung tính
0.0024843337656081,1.4141829336833345,0.0166315906780784,0.0285714285714285,0.0017098000765626,0.0514021812362272,0.0062643083882388,-0.0092365970829687,-0.3927020907906124,-0.0065325232244548,-0.0167724589220515,-0.58224037983222,-0.0111084804172614,-0.0198973139317765,-0.4884105528268733,-0.0105819812457554,-0.06689159842025,-1.212666675787598,-0.0400910044607455,0.0060742421216487,-0.0074443740982971,0.0019883779201525,-0.0599142685700068,CTG_2022,2023-04-19,17.565333312436735,CTG,2022,vi,VN30,,796,10,44,0.0125628140703517,0.0552763819095477,0.0050251256281407,0.0,0.6296296296296297,0.0226130653266331,0.0565326633165829,0.0,0.0,0.4285714285714285,1.448617025865908,1.7345247278329694,6.679599185844383,1,2023,1.317676270399628,0.16028358059914924,-0.27263525355375473,0.827730623560695,0.18760535166623765,T2 Trung tính
-0.0002959357898088,0.9157793923736331,0.0151912454147252,0.0357142857142857,0.0427131157180502,1.405846411929052,0.0446960246481223,0.0143028401780714,0.6657541896030678,0.0165495207669895,-0.0271653552790581,-1.0324318220672837,-0.0237156203979636,0.0086518497985479,0.2325091059475315,0.0122597889472582,0.0071237861565919,0.1413908000246302,0.0080261141148462,0.0441037634260278,-0.0226416767386976,-0.0007813563504023,-0.0064749714955204,CTG_2021,2022-04-19,19.018733163847862,CTG,2021,vi,VN30,,1281,11,80,0.0085870413739266,0.0620680267329428,0.0015612802498048,0.0,0.7582417582417582,0.0179547228727556,0.081967213114754,0.0,0.0,0.640625,1.9412461584649197,2.595049197844819,7.155396301896734,1,2022,0.5135455324043299,-0.49604881046295174,0.2665040449243674,-0.5481921136750199,0.6072208729016078,T2 Trung tính
0.0034525137580573,1.5032499266517636,0.0159085490776501,0.1142857142857142,-0.0784482108511979,-2.4655991714986016,-0.0846420313783963,-0.0472508198433771,-2.10021510854283,-0.0361175108697976,-0.0531885298322756,-1.930308783445688,-0.0149063467249305,-0.0819063488233005,-2.101896704849499,-0.0517924457077424,-0.1804443059449083,-3.4199225234993658,-0.0936196821658562,-0.0800426576522193,-0.0333802715448297,0.0015840392006488,0.0139406595022502,CTG_2019,2020-03-26,18.216583405723632,CTG,2019,vi,VN30,,966,3,54,0.0031055900621118,0.0559006211180124,0.0,0.0,0.8947368421052632,0.0217391304347826,0.0703933747412008,0.0,0.0,0.5280898876404494,0.5294768456929445,2.520419725732164,6.873163834212518,1,2020,-0.5951203358980254,0.03715141870250896,0.8386885235890238,-1.168370199088151,-0.5953071077671932,T3 Tích cực
-0.0004350959642799,0.7629089929102238,0.0148941052135661,0.1071428571428571,-0.0241782179841013,-0.8116707125876518,-0.0262844323733424,-0.0317191850116097,-1.505887765247618,-0.0339322577678258,-0.0086422454086285,-0.3350052011536586,-0.0130080247900714,-0.0389772972518979,-1.0683699854285649,-0.0431082996701321,-0.1358031760173088,-2.7491546227036268,-0.140607046297134,-0.0261627131725906,0.0106927876111139,0.0005560711369967,0.0140045622312457,CTD_2018,2019-03-29,16.34952789801334,CTD,2018,vi,VN100,,444,3,13,0.0067567567567567,0.0292792792792792,0.0067567567567567,0.0,0.625,0.0315315315315315,0.063063063063063,0.0,0.0,0.3333333333333333,0.5042802089647974,2.745474434677044,6.095824562432225,0,2019,0.1433563308763696,1.4168417462606717,-0.29204256216194674,1.5155761773112901,-0.6167692973828971,T2 Trung tính
0.0004326427925185,1.7239794653405278,0.0180208265606834,0.0714285714285714,0.0294836624540976,0.818044121195389,0.0137456783943554,0.00160430015515,0.0629500270115361,-0.0037703317873206,0.0082070308657336,0.2629364121353164,-0.002146941601013,-0.0073034567643075,-0.165454327439697,-0.0473644599436635,0.0224297032104385,0.3752774574843383,-0.0519656868944913,0.0102254769269986,0.0673293779434451,5.685476175195316e-05,-0.0227398014618518,CTG_2017,2018-04-17,18.66810204514101,CTG,2017,vi,VN30,,906,2,40,0.0022075055187637,0.0441501103752759,0.0,0.0,0.9047619047619048,0.0154525386313465,0.0441501103752759,0.0,0.0,0.4814814814814814,0.4306863951267362,1.227459088758165,6.80903930604298,1,2018,-0.7767648718832036,-0.8485914975457701,0.880713372304507,-1.168370199088151,-0.6794556155680082,T3 Tích cực
3.512304986367728e-05,0.5426646823286125,0.0205445768105199,0.0357142857142857,-0.0091326763071177,-0.2222648923690972,-0.0140075159528326,-0.017589022147551,-0.6053819920303781,-0.0158530968140395,-0.0038967042723936,-0.1095064299142351,-0.0236655675747108,-0.024921921844657,-0.4952320060905534,-0.0410369027223481,-0.0490840005146181,-0.7203547256733979,-0.0776270256164238,-0.0143105340841057,-0.010178173385235,-0.0007872683382485,0.10540866551723907,CTR_2025,2026-04-09,17.97598083312118,CTR,2025,vi,VN100,,625,4,22,0.0064,0.0352,0.0016,0.0,0.6923076923076923,0.0096,0.0624,0.0,0.0,0.7333333333333333,0.7182626276270355,2.173887579801596,6.437751649736401,0,2026,0.07119952111872745,-1.6731789364743155,-0.009890152396695261,-0.5328116971567579,-0.43450166804387585,T2 Trung tính
-0.0011841077877653,0.7328943078947247,0.0182760903576516,0.0714285714285714,-0.0065581460140134,-0.1794187346876335,-0.0154816598805036,-0.0640212259588949,-2.4769982052784965,-0.0401313304277786,-0.11220082485040792,-3.828937704838856,-0.09033628908972875,-0.0147062536618601,-0.3285058674525936,-0.0272081787884208,-0.0578595677800182,-0.9545431072317772,-0.0695815587672677,-0.0191181933427312,-0.2155643010896129,-0.0009572042171489,0.0451721126950593,CTR_2024,2025-04-08,18.175148288020612,CTR,2024,vi,VN100,,1122,3,35,0.0026737967914438,0.0311942959001782,0.0008912655971479,0.0,0.8421052631578947,0.0231729055258467,0.0543672014260249,0.0,0.0,0.4022988505747126,0.443271028296134,1.3392712957119606,7.022868086082641,0,2025,-0.6824538602003255,0.2391616923310797,0.6180580678327366,-0.8143380567467086,-0.6687361776430261,T3 Tích cực
-0.0010447834694977,1.5320348090900455,0.0146503189083845,0.0428571428571428,0.0005047876766382,0.0172278733246341,0.004376117187759,-0.0275224456433541,-1.3283880078621273,-0.0276429826826049,-0.0320208726341599,-1.261901501982898,-0.0385497782978128,-0.0085496513288409,-0.2382460450785017,-0.0052779706401727,0.0034675328930416,0.0713636687014546,-0.0140561563124692,0.003857367385655,0.0326904485763053,-0.000214192045426,0.0536507573071787,CTG_2018,2019-04-19,17.8221828725841,CTG,2018,vi,VN30,,1105,6,63,0.0054298642533936,0.0570135746606334,0.0036199095022624,0.0,0.8260869565217391,0.0244343891402714,0.0751131221719457,0.0,0.0,0.509090909090909,0.7142993671419602,2.5108976899589712,7.007600613951853,1,2019,-0.1250179272720425,0.4168971347419001,0.5509096682547365,0.2695449636525398,-0.43787752526422036,T2 Trung tính
0.003405313103616,1.0386641875754017,0.0190094381908902,0.0428571428571428,-0.0879803659565911,-2.314123254803855,-0.0742616307767176,-0.0691000555992333,-2.5703609651126222,-0.0620504572137837,-0.0714814080068738,-2.1710168254525044,-0.0614270858533027,-0.1110771027736394,-2.385501184287945,-0.0917992216409298,-0.0782619219938849,-1.2413232359978148,-0.0432072185315955,-0.0728103122733809,0.271950821037103,0.0030979404272749,-0.0057505017652459,CTR_2023,2024-04-08,17.32077290214259,CTR,2023,vi,VN100,,913,10,35,0.0109529025191675,0.0383351588170865,0.0032858707557502,0.0,0.5555555555555556,0.0262869660460021,0.0427163198247535,0.0,0.0,0.238095238095238,0.7705922477986384,2.560849128441576,6.816735880594968,0,2024,0.9920592236995099,0.6779140612996644,-0.5831521912848252,0.13685673532733109,-0.3899279321616546,T1 Tiêu cực
0.0018125269337128,1.6903317651470515,0.0239463264956226,0.0428571428571428,0.0103640405728464,0.2164014713225641,-0.006661186760596,-3.365464901925949e-06,-9.937820961524814e-05,-0.0141841585930432,-0.0461818350890687,-1.1134524088786122,-0.0463619735508027,-0.0051621456618061,-0.088006698728635,-0.010755993133458,-0.0529484675395126,-0.6666811147041204,-0.0425371240057859,-0.0068198983011108,-0.1182158157479017,0.0018143777626237,0.013666582820383,CTR_2020,2021-04-20,17.071641274715574,CTR,2020,vi,VN100,,743,10,23,0.0134589502018842,0.0309555854643337,0.0013458950201884,0.0,0.3939393939393939,0.0269179004037685,0.0565275908479138,0.0,0.0,0.3548387096774194,3.030816787737824,3.89594978386241,6.610696044717759,0,2021,1.4989267250449432,0.7668089117182638,-1.2606436917889792,-0.6337483098457376,1.5353039221378584,T1 Tiêu cực
0.0006674419336754,1.386489711739753,0.0208868311474165,0.0714285714285714,0.062638739710785,1.49947924768216,0.0676317558713297,0.003654971911688,0.1237361189718168,0.010007302294959,0.0213931390564874,0.5913455471488215,0.030309900821677,0.0378680955598819,0.7401594414361963,0.0421876352811816,0.0633880400751114,0.9150365155108728,0.0668653288287494,0.0695201959151146,0.0323311933413261,0.0007435156385084,-0.0176456642022763,CTR_2022,2023-04-03,15.761205865276086,CTR,2022,vi,VN100,,882,10,31,0.0113378684807256,0.0351473922902494,0.0034013605442176,0.0,0.5121951219512195,0.0238095238095238,0.0430839002267573,0.0,0.0,0.288135593220339,2.609518201122522,3.441010304272571,6.782192056006791,0,2023,1.0699215630251797,0.32885737367194967,-0.764918203615208,0.18273205841902754,1.1764468949749884,T1 Tiêu cực
0.002605957735599,1.945047626681276,0.0277436392291269,0.0357142857142857,-0.0238059962916315,-0.4290352122701792,0.0056866434766373,0.0092658114118186,0.2361592878418803,0.0086592107276692,0.013191074561569,0.2745087039996791,0.0108254854540019,-0.0529387866471035,-0.7789954652099665,0.0190065638697933,-0.0812044347172582,-0.8825106935348597,0.0192987443165519,0.0057677197161047,0.2182461772506811,0.0045726215973874,0.0757347875134954,CTR_2019,2020-04-29,15.821200690795546,CTR,2019,vi,VN100,,827,6,20,0.0072551390568319,0.0241837968561064,0.0012091898428053,0.0,0.5384615384615384,0.0084643288996372,0.0435308343409915,0.0,0.0,0.6744186046511628,0.4770786828037614,0.4008462982515576,6.717804695023691,0,2020,0.24415800073129384,-1.8331881535169157,-0.6548099461458418,-0.6880508959356553,-0.6399392275050597,T1 Tiêu cực
-0.0032891159987847,1.308313772058378,0.0206145069341039,0.0214285714285714,0.0443161213902018,1.0748770642892913,0.0420021637290958,0.0098686564823347,0.3385088928959543,0.0066803478769986,0.0238566277082717,0.6681523100870653,0.0148579391059893,0.0332428188539378,0.6583385191167519,0.0209212743485481,0.0170172374014819,0.2488970580922041,0.0004608809162948,0.0432427859344715,-0.0767116446361637,-0.001299354128475,-0.0644709507918304,CTS_2025,2026-03-27,16.93616659163131,CTS,2025,vi,VN100,,1377,3,81,0.0021786492374727,0.0588235294117647,0.0058097312999273,0.0,0.9285714285714286,0.0232389251997095,0.0493827160493827,0.0,0.0,0.36,0.3331179081289491,2.407549317064812,7.227662498728654,0,2026,-0.7826012776694792,0.24846346669235353,0.9805223880037798,1.1393948769154236,-0.7625632696194953,T3 Tích cực
-0.0004285819024261,1.9257797206350755,0.0116915047569297,0.0357142857142857,0.0157596861088996,0.6739802290872212,-0.0034880077188585,-0.0201432840802207,-1.2182737008295523,-0.0266444455144868,-0.0343773882926336,-1.6976253097809535,-0.0401936795628936,0.0093912895535289,0.3279285246158648,-0.0029452344124736,0.0491185179370635,1.266713797305949,-0.069976457031209,-0.0036838550339028,0.1201151778346629,0.0001089551488058,-0.0078034951297782,CTS_2024,2025-03-26,16.767373081786005,CTS,2024,vi,VN100,,930,5,39,0.0053763440860215,0.0419354838709677,0.0021505376344086,0.0,0.7727272727272727,0.0225806451612903,0.0526881720430107,0.0,0.0,0.4,1.105931614198945,1.7729556641638244,6.835184586147301,0,2025,-0.13584279452998624,0.15571577459331187,0.32722701251763125,-0.31412490079326877,-0.10428992638553072,T2 Trung tính
0.0015362115420801,2.061975397189268,0.0279889632828582,0.0642857142857142,-0.0467093608365582,-0.8344246331046713,-0.0459199438825881,0.0090048911908538,0.2274975160941183,0.011845820681961,0.0764458770571714,1.5769089855652447,0.0796330296911215,-0.0322070948032447,-0.469774148522499,-0.0388023947971383,0.0200397784766776,0.2158786837683315,0.0085432094531582,-0.0460760819783662,0.2239820365982665,0.0009881930659062,0.018407151340257,CTS_2022,2023-04-10,16.32012987645437,CTS,2022,vi,VN100,,961,7,19,0.0072840790842872,0.0197710718002081,0.0083246618106139,0.0,0.4615384615384615,0.0260145681581685,0.0676378772112382,0.0,0.0,0.4444444444444444,2.9394438279216493,5.03082179265689,6.8679744089702925,0,2023,0.2500113448261813,0.6395348397606218,-0.977269843020415,2.138385794311379,1.4574735430090384,T1 Tiêu cực
0.0025345061858766,1.5724182611081403,0.0338364164156465,0.0285714285714285,-0.0153810423782657,-0.2272853334898852,0.0075611125358323,-0.0082661959351369,-0.1727453382932462,-0.0003410066344715,-0.0151309710398395,-0.2581795334245899,-0.0105234262107393,0.0248200047000626,0.299462105077418,0.0541958573495479,-0.0214174669467793,-0.1908479070965428,0.0045356999942316,0.0072938164535631,0.0320241390634272,0.0024543760844006,0.10540866551723907,CTS_2021,2022-03-29,16.692354670620244,CTS,2021,vi,VN100,,934,5,41,0.0053533190578158,0.0438972162740899,0.0053533190578158,0.0,0.782608695652174,0.0171306209850107,0.0631691648822269,0.0,0.0,0.5733333333333334,1.0134994193655285,1.3049694243525356,6.839476438228843,0,2022,-0.14049978433729082,-0.6121598022626594,0.3686497265430213,0.9580969513782155,-0.18302254905712623,T2 Trung tính
-0.0008931393069311,0.4003838992226447,0.0134438126377558,0.2214285714285714,0.0090137722281202,0.3352386882723214,0.0711850039400231,0.0733327785799907,3.857098162134093,0.0874541876039062,0.0753394933026187,3.235486681562234,0.0902354568254183,-0.0262272022018326,-0.7964415118727518,0.012562342490332,-0.0507389036569555,-1.1379476548971053,-0.0085998903459313,0.0633145915859253,0.0961456471602946,-0.0007095036235256,-0.0484668355094328,CTS_2019,2020-03-18,11.678186100479842,CTS,2019,vi,VN100,,952,6,29,0.0063025210084033,0.0304621848739495,0.0031512605042016,0.0,0.6571428571428571,0.0220588235294117,0.0472689075630252,0.0,0.0,0.3636363636363636,2.0420221051329546,1.708870026637602,6.858565034791365,0,2020,0.05148364210930258,0.08219424998454694,-0.15730039096792867,0.0833863041905585,0.6930606022046575,T2 Trung tính
0.0045035615133315,1.3984359453370452,0.0292987613387845,0.0571428571428571,-0.0291520715897724,-0.4974966561330723,-0.006051229833326,-0.015601147183163,-0.3765236639168333,-0.0011792374769056,-0.0280755139035093,-0.553245419572425,-0.0101921987491881,-0.073343726263315,-1.0219698545279892,-0.0369293061646083,-0.1834269053431925,-1.88825885945465,-0.1372621042996192,-0.0067823248445924,0.094943743118346,0.0026602990176999,-0.0476070807907648,CTS_2020,2021-04-12,15.846151107678558,CTS,2020,vi,VN100,,1032,13,37,0.0125968992248062,0.0358527131782945,0.00484496124031,0.0,0.48,0.0222868217054263,0.0620155038759689,0.0,0.0,0.4712643678160919,2.9241364577979576,2.9629385361950225,6.939253946041508,0,2021,1.3245702561727146,0.11431781958104585,-0.8998794677705173,0.7561649932912787,1.4444349107639092,T1 Tiêu cực
-0.0012407404827462,0.7668458349664357,0.0164321412207792,0.0428571428571428,-0.0609774055467412,-1.8554309121209456,-0.0739241470785093,-0.0540208666851035,-2.324622253751526,-0.0622684973718916,-0.010165010163727,-0.3571519545439259,-0.0218656789491311,-0.0798879249822709,-1.9847753475654983,-0.0978845174204522,-0.0898773435944462,-1.6491483580953596,-0.1137189610113863,-0.0738658992747556,-0.068417353189395,-0.0005939519839252,-0.0056981030034292,DBC_2025,2026-04-15,18.598515209307635,DBC,2025,vi,VN100,,336,2,17,0.0059523809523809,0.050595238095238,0.0059523809523809,0.0,0.7894736842105263,0.0067442587095766,0.0867020602990599,0.0,0.0,0.8296392229417208,0.3337433936193791,0.011213431828051,5.817111159963204,0,2026,-0.01933488881530904,-2.0755356820240594,0.39742761207644994,1.196058751549451,-0.7620304886637542,T2 Trung tính
-0.001872816996083,1.6169785274606034,0.0297736194318371,0.05,0.0906857825591433,1.5229217053498751,0.0810686428738,0.0621363169663512,1.4757027168111616,0.0596382135933885,0.0679186599846097,1.3170335811836995,0.0569333216898612,0.0526801554353254,0.7223368810459448,0.0346723742108666,0.0513317047017557,0.5198256577279049,0.0235839364501376,0.0816891110434541,0.0779234340901816,-0.0007716046625664,0.0150912013540102,DBC_2022,2023-04-17,17.275379527041576,DBC,2022,vi,VN100,,526,19,9,0.0212398982581538,0.0171102661596958,0.0113860291291415,0.0,0.0588235294117647,0.0388737060041408,0.0456273764258555,0.0,0.0,0.0271959459459459,4.053521059947334,4.381320372560741,6.26530121273771,0,2023,3.0726835719635757,2.451309902029604,-2.6654422443049453,3.3544345610770834,2.4064310192885356,T1 Tiêu cực
-0.0009041886093461,1.1322131359689034,0.0250084915782963,0.1214285714285714,0.0506707252874541,1.013070403083185,0.0498315529430527,-0.001608188307212,-0.0454709894794866,-8.131465348970579e-05,0.0079001487188037,0.1823841703990586,0.007935214812796,0.0547576518385582,0.8938850903069829,0.053043355218603,0.0481715621384412,0.5807736314403567,0.037193739781411,0.0501846292552174,-0.0158074878166891,0.0003477295760518,-0.0375995084148838,CTS_2017,2018-03-30,14.867809477873893,CTS,2017,vi,VN100,,572,1,21,0.0017482517482517,0.0367132867132867,0.0017482517482517,0.0,0.9090909090909092,0.0139860139860139,0.0541958041958041,0.0,0.0,0.5897435897435898,0.0756420144912256,0.3661468586907504,6.349138991379798,0,2018,-0.86965249439266,-1.055215986095653,0.8988604660680114,-0.4739225352645327,-0.981878113515012,T3 Tích cực
0.0001513938922828,1.077600108346554,0.0215941864219184,0.05,-0.0500091529977289,-1.157930936146981,-0.0477386802027023,-0.0393228535973426,-1.2876362133311856,-0.0377520914583868,-0.0118629493582529,-0.3171722644025302,-0.0085346539731014,-0.062999913352983,-1.1910431086961908,-0.0610974567329789,-0.0886175495328407,-1.2373328631502858,-0.0854987817066359,-0.0478432194822391,0.0655246044799088,0.0031005841931821,-0.0451620086171154,DBC_2020,2021-04-02,17.52188774024269,DBC,2020,vi,VN100,,419,5,12,0.0119331742243436,0.0286396181384248,0.0095465393794749,0.0,0.4117647058823529,0.0190930787589498,0.0859188544152744,0.0,0.0,0.6363636363636364,0.634287877104273,1.9774832471126151,6.037870919922137,0,2021,1.1903267480043964,-0.3356613232691855,-1.1859203645274916,2.623744967566922,-0.5060303422116322,T1 Tiêu cực
-0.0016511798805955,0.3395017223299114,0.0230540032587551,0.1857142857142857,0.0456258976024346,0.9895439219456889,0.0375197103299377,0.0378662619316577,1.1614247768396897,0.0434442582915703,-0.0006691329528996,-0.0167573538592927,-0.0024221721117808,0.0130223166003181,0.2306037016777157,0.0042618580877471,-0.0378698469160073,-0.4952800749806081,-0.069665741935648,0.0366829277443185,-0.2018394241393721,-0.001653129782636,0.0191207308060953,DBC_2017,2018-03-22,11.927498412721844,DBC,2017,vi,VN100,,796,5,14,0.0062814070351758,0.0175879396984924,0.0012562814070351,0.0,0.4736842105263157,0.0100502512562814,0.0665829145728643,0.0,0.0,0.7377049180327869,1.1696627440812184,1.435551842827902,6.679599185844383,0,2018,0.047213177932940324,-1.609741246665163,-0.926355122461272,-0.6693449934259692,-0.050004522793216134,T1 Tiêu cực
-0.0008497921334686,1.173299923696446,0.0149464417190466,0.2,0.0246533916062632,0.8247244417661876,0.0202665878535734,0.0124745038731586,0.5901609524498197,0.0108499162535247,-0.0007310306384458,-0.0282382083860603,-0.0023129140822026,0.0444051848168297,1.2128867278223914,0.0389302876217801,0.0621928413043794,1.2546027715010526,0.0528329959736306,0.0202355969440539,-0.1094200762338436,0.0006786826772661,0.0068493496513139,DBC_2016,2017-03-07,13.791334345633,DBC,2016,vi,VN100,,756,6,14,0.0079365079365079,0.0185185185185185,0.0026455026455026,0.0,0.4,0.0092592592592592,0.0621693121693121,0.0,0.0,0.7407407407407407,0.2695381389724576,0.5420007092142312,6.628041376179533,0,2017,0.38197011975750367,-1.721187254307739,-1.2352377605200733,-0.11751288769367009,-0.8167197459810785,T1 Tiêu cực
-0.0001863402881676,0.8254788145604817,0.0194655602244411,0.0857142857142857,-0.0459013568749954,-1.1790402214409743,-0.0656056249178542,0.0019362056778458,0.0703346910538764,-0.0031700943771902,0.10890758634410351,3.2683068618433664,0.10081458871370412,0.0281733091415582,0.5908746093682645,0.0054309192603361,0.2022903365792867,4.345940241792479,0.19065654180621017,-0.0692791768825855,0.1335726792321313,0.0002853921112602,0.0367893698236845,DBC_2019,2020-03-31,14.083288712283132,DBC,2019,vi,VN100,,529,5,16,0.0094517958412098,0.0302457466918714,0.0037807183364839,0.0,0.5238095238095238,0.0359168241965973,0.0718336483931947,0.0,0.0,0.3333333333333333,1.212949329305621,4.080199453673877,6.270988431858299,0,2020,0.6884488030531858,2.034703066862804,-0.7162308788838554,0.3334221022620088,-0.01313353441782539,T1 Tiêu cực
0.001012624282961,1.544932901510797,0.0178252912613841,0.0642857142857142,-0.0222859098155031,-0.6251204956123845,-0.0070705245627294,-0.0220311320407322,-0.8739471706118059,-0.0052115144595548,-0.0246083762924429,-0.797050239932984,-0.0072581587710477,-0.0225641373459777,-0.5167809244858279,0.001218197648347,-0.003314140832707,-0.0560580494274623,0.0206344902139653,-0.0072089233973688,0.0115133297523788,0.0014974713814923,-0.0057447979507881,DCM_2023,2024-03-20,18.542969867451472,DCM,2023,vi,VN100,,523,2,12,0.0038240917782026,0.022944550669216,0.0095602294455066,0.0,0.7142857142857143,0.022944550669216,0.0516252390057361,0.0,0.0,0.3846153846153846,0.1349551526778736,1.228167636342519,6.259581464064923,0,2024,-0.44979781388098544,0.20698786858432683,0.08224124671032579,2.6291829912284532,-0.9313559016738485,T2 Trung tính
-0.0001890943808591,1.2693360824636977,0.0255925017466513,0.0285714285714285,0.0315533473622521,0.6164568762094689,0.0308693817408712,0.0365049661187716,1.0086121843459894,0.0329031636194087,0.0650743882927246,1.468036066582302,0.0607023385135451,0.0154253198130435,0.2460627142228235,0.016203543198487,-0.0364216480585372,-0.4290920905887808,-0.0297269698875672,0.031287429962051,-0.0996126554550023,0.0002589838562298,-0.0351790318573011,DCM_2022,2023-03-20,17.682595764432307,DCM,2022,vi,VN100,,647,9,22,0.0139103554868624,0.0340030911901081,0.0046367851622874,0.0,0.4193548387096774,0.0340030911901081,0.0432766615146831,0.0,0.0,0.12,2.497520348835715,4.03520247191928,6.472346294500901,0,2023,1.5902269307309695,1.7650696140972144,-1.154102689693568,0.6734724456125307,1.0810484825493387,T1 Tiêu cực
-0.0020891807290413,0.7999046251962791,0.0184672554657706,0.1571428571428571,0.0058740287990401,0.1590390301885346,0.0108773361198361,0.0255044847468944,0.9765606020139258,0.0316006407755954,0.0282099630207665,0.8819409995197841,0.0313824018026421,0.0211674305503246,0.467939989875586,0.027899560648504,0.0138049329967993,0.2253904981921042,0.0066252134805651,0.0112160266345089,-0.0648411665061886,4.391756565484883e-05,-0.0467239446968325,DCM_2017,2018-04-18,15.933693082287965,DCM,2017,vi,VN100,,1010,9,31,0.0089108910891089,0.0306930693069306,0.0009900990099009,0.0,0.55,0.0306930693069306,0.0514851485148514,0.0,0.0,0.253012048192771,0.4897519708752234,3.0845721429091384,6.917705609835305,0,2018,0.5790466388190074,1.298707469501029,-0.6064409616146554,-0.7750790469029188,-0.6291442744095814,T1 Tiêu cực
-0.0009492809274421,0.7707872640102594,0.0142738517664498,0.1071428571428571,-0.0110847739637869,-0.3882895151623112,-0.012230186448271,-0.0056017500973704,-0.2775029154830757,-0.0040002977158608,-0.0124060615616118,-0.5018016930100958,-0.0104176514492665,-0.0041972937198588,-0.1200473434742188,-0.0098612883756075,-0.0236633295879412,-0.499848424797079,-0.0296227992953049,-0.0121032750084072,-0.0158624409405775,-0.0002352727924131,-0.0338318648715669,DCM_2018,2019-04-17,15.105739731051177,DCM,2018,vi,VN100,,1359,11,45,0.0080941869021339,0.0331125827814569,0.0,0.0,0.6071428571428571,0.0176600441501103,0.0478292862398822,0.0,0.0,0.4606741573033708,0.4992375322149493,1.7229576434269331,7.214504414151143,0,2019,0.4138619085182598,-0.5375672674127898,-0.36689932393640146,-1.168370199088151,-0.6210645882879344,T2 Trung tính
-0.000834984774925,1.2338679984911587,0.0102819649351595,0.0642857142857142,0.0024779603712783,0.1205003317413059,-0.0009684978992785,0.0155460250015846,1.0691244104058544,0.0126384511078383,0.0242157456432262,1.3597563650441766,0.0195473479072939,0.0095402968294387,0.378800151109029,0.0036814733771906,-0.0068156573880698,-0.199864329067216,-0.0182925482202384,-0.000980691935265,-0.0742579186212418,-5.5419957919503694e-05,-0.0048743114290055,DCM_2024,2025-03-19,17.990935671980008,DCM,2024,vi,VN100,,961,2,52,0.0020811654526534,0.0541103017689906,0.0010405827263267,0.0,0.925925925925926,0.0176899063475546,0.072840790842872,0.0,0.0,0.6091954022988506,0.2493028259109868,1.205585662222275,6.8679744089702925,0,2025,-0.8023181261451992,-0.5333598636752922,0.9694324973705276,-0.7550256999132247,-0.8339559402614551,T3 Tích cực
-0.0005613743014356,0.4588568980363839,0.0198147605837996,0.2214285714285714,0.0013672022732508,0.0344995910364088,0.0144409159317991,0.0294581189223855,1.0512383211962215,0.0335073905787496,0.0291016159701552,0.8479449319190523,0.0315070343509281,0.076053748470299,1.5669537194284089,0.0834907230651537,0.1683432253214134,2.5615950292488345,0.178059443970137,0.0136177931632552,-0.0916571588779503,-0.0008112864435604,0.0929542067781577,DCM_2016,2017-04-12,15.206621466681389,DCM,2016,vi,VN100,,1135,5,30,0.0044052863436123,0.026431718061674,0.0017621145374449,0.0,0.7142857142857143,0.0237885462555066,0.0555066079295154,0.0,0.0,0.4,0.684956878724407,2.62237763897549,7.034387929915503,0,2017,-0.33224672369366365,0.3259017626744619,0.08224124671032579,-0.46841590180689463,-0.46287110107390866,T2 Trung tính
0.0006595238938957,1.940738715140595,0.0199885909907974,0.0857142857142857,-0.0072621088488873,-0.1816563471690109,-0.0343124079602706,-0.0309843081465149,-1.0960859827919396,-0.0615280815488846,-0.0335383380390412,-0.968721032109159,-0.0641417062503704,0.0064084353666466,0.1308863033010257,0.0027174883094025,-0.018756373654846,-0.2829243663387374,0.0145087911492033,-0.036308256355691,0.0534481076386491,0.0017916723403437,-0.0550965854773698,DGW_2023,2024-04-17,18.503780427792403,DGW,2023,vi,VN100,,515,3,18,0.0058252427184466,0.0349514563106796,0.0,0.0,0.7142857142857143,0.0252427184466019,0.0485436893203883,0.0,0.0,0.3157894736842105,0.3475088256463208,1.5058188824406835,6.244166900663736,0,2024,-0.045049578685012776,0.5307858648304024,0.08224124671032579,-1.168370199088151,-0.7503052605909823,T2 Trung tính
-0.0005968392018985,0.9677750189063729,0.0122673978885076,0.1214285714285714,0.0192209423312967,0.7834156235082009,0.0163459745139027,0.0112265283326998,0.6471098749207299,0.0099135871472051,-0.0006240365341174,-0.0293695259770121,-0.0022089482714566,0.0221500599347155,0.7371346543256044,0.017991170401778,0.031840341284253,0.782580315701974,0.0256404078727437,0.0166087174260205,-0.0085264562306498,0.0006548896100025,0.0137849898780401,DGW_2018,2019-04-19,14.1788573110612,DGW,2018,vi,VN100,,851,3,31,0.0035252643948296,0.0364277320799059,0.0011750881316098,0.0,0.8235294117647058,0.0211515863689776,0.0658049353701527,0.0,0.0,0.5135135135135135,0.4135231154348677,1.9132443695564476,6.7464121285733745,0,2019,-0.5102379604067165,-0.04563000095099049,0.5401884952128707,-0.7015969162360984,-0.6940750890774524,T2 Trung tính
0.0021387181587979,1.224220231692779,0.0281965185497597,0.0928571428571428,0.0058898925104595,0.1044436124279919,0.0126513083807542,0.048675251464126,1.220668442648473,0.0518678517956973,0.0431791076928534,0.8841328905851478,0.0466841000052874,-0.0126815798883936,-0.1836125016881459,-0.0026718829532503,-0.0435463263626281,-0.4656500904481347,-0.0196451965564091,0.0114466057908421,-0.020408334793972,-0.0009391397476686,0.0767715854342794,DGW_2016,2017-04-17,13.374327150030371,DGW,2016,vi,VN100,,926,7,33,0.0075593952483801,0.0356371490280777,0.0,0.0,0.65,0.0215982721382289,0.0323974082073434,0.0,0.0,0.2,1.9367585851462144,3.129415107476955,6.8308742346461795,0,2017,0.3056961656443146,0.017305333213222363,-0.18724309567771036,-1.168370199088151,0.6033984123677051,T2 Trung tính
-0.0041659874567428,1.2452490521728288,0.0258141579744837,0.0642857142857142,-0.0446516968043765,-0.8648683572889138,-0.0532817912374328,-0.0209696096706693,-0.5744039070196251,-0.0235215763459935,-0.0163093742196824,-0.3647696587800997,-0.0217716532046245,-0.061462197238324,-0.972018416231156,-0.0762177174659584,-0.015625409676235,-0.1825059831785681,-0.048396660928156,-0.053569802260493,0.077415796276565,-0.002575239024648487,-0.0258056333020023,DIG_2025,2026-04-14,18.894837850188328,DIG,2025,vi,VN100,,1307,5,77,0.0038255547054322,0.0589135424636572,0.0045906656465187,0.0,0.8780487804878049,0.0244835501147666,0.0826319816373374,0.0,0.0,0.5428571428571428,0.6132705379380256,3.9077423949559504,7.175489713624222,0,2026,-0.44950192554867974,0.42382361991486533,0.7687325254223962,0.6551526641426834,-0.5239326568447461,T3 Tích cực
-0.0020290413056928,1.2668793208199278,0.0161121160150137,0.1214285714285714,-0.0856816468239779,-2.6589197453685487,-0.0683028733414314,-0.0402607608248057,-1.7669098812609008,-0.0353299110450211,-0.0262993723767513,-0.9423932714416092,-0.0405653813140565,-0.1241305748178985,-3.145216613167515,-0.1175460255159859,-0.1586114956996703,-2.9681492666347875,-0.1619731475120343,-0.0741060855277693,-0.0357422466634506,-0.0021799299145562,-0.0326877293621804,DIG_2024,2025-04-09,18.85597995935469,DIG,2024,vi,VN100,,1303,8,54,0.0061396776669224,0.0414428242517267,0.0038372985418265,0.0,0.7419354838709677,0.0237912509593246,0.0759785111281657,0.0,0.0,0.5230769230769231,1.2773089436530385,5.452385116428944,7.172424577124845,0,2025,0.01854731844059771,0.32628283914995904,0.19814849074819077,0.3558971213535798,0.04168720462052427,T2 Trung tính
0.0072291066632862,2.258551103306228,0.0437691589031763,0.0428571428571428,0.0472265661042584,0.5394959291853247,-0.0018630131531509,0.0936876061916343,1.7703522200676949,0.0786679754131163,0.053357625035885,0.7038298187528511,0.0180790115849516,-0.0045751688383554,-0.0426739947407714,-0.0932546374081639,-0.0170031462937901,-0.1171290842584832,-0.0332106509411003,-0.0058035963732049,-0.1786877273747305,0.0045044327712487,-0.11250834785860442,DIG_2021,2022-04-18,19.71871979879966,DIG,2021,vi,VN100,,543,9,18,0.0165745856353591,0.0331491712707182,0.001841620626151,0.0,0.3333333333333333,0.0239410681399631,0.0534069981583793,0.0,0.0,0.3809523809523809,1.211921275144997,1.3178009968634878,6.297109319933935,0,2022,2.129088057632502,0.3473911774407179,-1.514703004478037,-0.43683417016159876,-0.014009218485051628,T1 Tiêu cực
0.0011859784643621,0.0476932659196978,0.0202217190659976,0.1785714285714285,0.0605935955612365,1.4982305748457183,0.0631884118617729,-0.0126692327191021,-0.4430137882377719,-0.0182410220893084,-0.0242262351212253,-0.6916832007724549,-0.0185117226730547,0.0644884776683684,1.3019323766097208,0.0759220039175355,0.1832809936126589,2.732769584986566,0.181350494015874,0.0637038494259518,0.0509832608250153,0.000308888183281,0.0047751659636318,DIG_2016,2017-04-18,14.77120318221879,DIG,2016,vi,VN100,,1048,4,28,0.0038167938931297,0.0267175572519083,0.0028625954198473,0.0,0.75,0.0190839694656488,0.0486641221374045,0.0,0.0,0.4366197183098591,0.518359669329581,3.0523029264747183,6.954638864880987,0,2017,-0.45127386750818416,-0.3369447678231928,0.23195477025923472,-0.03127841366701533,-0.6047765837800451,T2 Trung tính
0.0009974207111836,0.5321086362153825,0.0249552948846363,0.05,-0.0401393958157309,-0.8042260370251673,-0.0545563822429362,-0.0233723924958219,-0.6622553371037904,-0.0282127708004339,-0.0074013894729568,-0.1712339695580868,-0.0148329834102199,-0.0488493991640519,-0.7991363672960953,-0.065721860844698,-0.1724670161687503,-2.083756660890793,-0.1938218392903185,-0.055365507117349,0.0142889422074806,0.0016660278639414,-0.0040597392148155,DPM_2025,2026-04-13,19.42014493964165,DPM,2025,vi,VN100,,647,5,25,0.0077279752704791,0.0386398763523956,0.0061823802163833,0.0,0.6666666666666666,0.0216383307573415,0.0602782071097372,0.0,0.0,0.4716981132075472,1.2012449248421215,1.725697644551334,6.472346294500901,0,2026,0.3397927772799909,0.022949351343090507,-0.11737678468821974,1.287419993846131,-0.023103204205297465,T2 Trung tính
-0.0002246267262971,0.9778051841074232,0.0100204696086977,0.0928571428571428,0.0532129117114052,2.6552104736297326,0.0496840395131017,0.0261220422897914,1.8433340914003185,0.0231429832521163,0.0036420870869281,0.209846448536189,0.0011925379799755,0.0528175460504099,2.1518625098029265,0.0490281369073467,0.0510447716582902,1.5359138181505034,0.0460167829692769,0.0539506902579696,-0.0875233386324141,0.0001402648954167,-0.025392572152467,DPM_2024,2025-04-10,17.741685970227497,DPM,2024,vi,VN100,,721,8,31,0.0110957004160887,0.0429958391123439,0.0041608876560332,0.0,0.5897435897435898,0.0208044382801664,0.0527045769764216,0.0,0.0,0.4339622641509434,1.4389851865962555,2.530953264727508,6.580639137284949,0,2025,1.0209412013685732,-0.09454107553127188,-0.43983668156279276,0.4844345042701528,0.1794010677777322,T1 Tiêu cực
-0.0001463426787969,1.1056048969295311,0.0238248802250503,0.05,0.0211319829591095,0.4434856074720278,0.0226719148103644,-0.0022130129095523,-0.0656807681892349,-0.0005351763065002,-0.0053217431998569,-0.1289622377939569,-0.0034793320154171,0.0572447211482057,0.98090984408238,0.0574014730064725,0.0307936026351215,0.3897027161188697,0.0285539324633493,0.0228716227424605,-0.1437844062519332,-0.0004413313081441,-0.0039798037881416,DPM_2022,2023-03-31,17.099815200313618,DPM,2022,vi,VN100,,593,1,10,0.0016863406408094,0.0168634064080944,0.0016863406408094,0.0,0.8181818181818182,0.0151770657672849,0.0539629005059021,0.0,0.0,0.5609756097560976,0.3375951014831861,1.427403344323822,6.385194398997726,0,2023,-0.8821744940941136,-0.8874039647124505,0.5177714970344248,-0.4985151169513712,-0.7587496506134529,T2 Trung tính
0.0047235863457483,1.0574895659304084,0.0339384685614672,0.0214285714285714,-0.050963111144216,-0.7508163052778126,-0.0342303442536807,0.0013385215433198,0.0278880485821428,0.0088480790045405,0.0338270116114606,0.5754541995430899,0.0450369344802761,-0.038743066155717,-0.4660431420691082,-0.0140763989862694,-0.1178324014481366,-1.046829963205582,-0.0687109727715216,-0.0377465136201355,0.2139242641459191,0.004980526129842085,0.0655510098132374,DPM_2021,2022-04-19,18.782077542058477,DPM,2021,vi,VN100,,1611,23,68,0.0142768466790813,0.042209807572936,0.0080695220360024,0.0,0.4945054945054945,0.0248292985723153,0.0651769087523277,0.0,0.0,0.4482758620689655,3.5257326591358664,6.274814284193989,7.384610383176974,0,2022,1.6643526052527426,0.472537494881289,-0.8390727443598833,2.03703813622688,1.9568672597518941,T1 Tiêu cực
0.0002538475376946,0.9911060782314116,0.0189615033620134,0.1142857142857142,-0.0461009852195804,-1.2156468909510865,-0.0451750050615118,-0.0326443118217322,-1.21736203167089,-0.032014673685499,-0.0388845089864204,-1.1839768873807488,-0.0380547432183949,-0.049724324943605,-1.0705833954792934,-0.048156936892846,-0.0538752466258845,-0.8566830245206993,-0.0509971698229979,-0.0450633099270892,0.0279077496321517,0.0004122042529762,0.0126426335181985,DPM_2020,2021-04-15,16.618380743997456,DPM,2020,vi,VN100,,1595,34,59,0.0212398982581538,0.0369905956112852,0.0025078369905956,0.0,0.2688172043010752,0.0338557993730407,0.0507836990595611,0.0,0.0,0.2,5.07808007135481,6.053037035524439,7.374629015218945,0,2021,3.0726835719635757,1.7443170843214655,-1.7851532405663888,-0.1721969985687306,3.2791379607963753,T1 Tiêu cực
0.0023477835124547,0.9053832528945388,0.0198944222490623,0.0785714285714285,0.1084544417731925,2.7257499719124536,0.1196794394307875,0.0861466932136798,3.061909020809138,0.0935467920771206,0.0698954682216003,2.0284161504000324,0.0785647172565985,0.0463903844314896,0.9519650734772984,0.0626922897382263,0.0271509171294657,0.4114876736674511,0.0537196113817324,0.1205739792298182,0.242178866746301,0.0001841714539032,-0.0052103004476215,DPM_2019,2020-04-20,15.017720116285236,DPM,2019,vi,VN100,,672,11,28,0.0163690476190476,0.0416666666666666,0.0089285714285714,0.0,0.4358974358974359,0.0208333333333333,0.0386904761904761,0.0,0.0,0.3,0.5460516437845943,2.4849588050642737,6.51025834052315,0,2020,2.0875164061919476,-0.0904699365966249,-1.0847564753119392,2.378273226868272,-0.5811888957485389,T1 Tiêu cực
0.0014559590875381,0.5388433742121218,0.0184424680120698,0.1214285714285714,-0.0252357584562482,-0.6841751993207319,-0.0179158202377475,-0.0021808334528074,-0.0836158220314861,0.0010594741765115,-0.0155506648544235,-0.4868209902223089,-0.0119524902337064,-0.0287701320286647,-0.636864719485219,-0.0144233055132328,-0.0518423273991225,-0.8475573784333073,-0.0259024448809319,-0.0181614974979942,-0.0789308976266739,0.0007315242434793,-0.0264104958006239,DPM_2018,2019-04-08,15.026620752110984,DPM,2018,vi,VN100,,1159,4,28,0.0034512510785159,0.0241587575496117,0.0025884383088869,0.0,0.75,0.0232959447799827,0.0621225194132873,0.0,0.0,0.4545454545454545,0.3712562391287906,4.138833979842596,7.055312843339752,0,2019,-0.5252077253337534,0.25649718208116434,0.23195477025923472,-0.14018021537690933,-0.7300775017618075,T2 Trung tính
0.0009884091979092,1.587557234085827,0.0181968065519214,0.1,0.0398953814008074,1.096219308782911,0.04600255136636,0.0093211769688366,0.3622101177202573,0.0006520486069967,0.0165263445464448,0.5243496679148295,0.0097482600325371,0.0099396761027829,0.2229982368140949,0.0196862321200633,0.046541209594714,0.7711629314263372,0.0815923619497909,0.0456607433392894,-0.0612592995554059,-0.0008003572326033,0.0139972320316997,DXG_2024,2025-04-21,18.75297032629139,DXG,2024,vi,VN100,,710,1,25,0.0014084507042253,0.0352112676056338,0.0014084507042253,0.0,0.9230769230769232,0.028169014084507,0.0845070422535211,0.0,0.0,0.5,0.2032571249871334,1.480962825914894,6.565264970035361,0,2025,-0.9383798802792362,0.9430832929385845,0.9574895382270251,-0.6088996868246215,-0.8731771099309679,T3 Tích cực
0.00541215223481,2.054971262468249,0.0272451338767004,0.0928571428571428,-0.1134194505856893,-2.081462530134299,-0.1014995764974536,-0.0712057059598869,-1.8480378100277863,-0.0578662758579056,-0.11220082485040792,-2.3779497094153075,-0.0762903848304146,-0.16131210164133894,-2.479326724135112,-0.16993091737348434,-0.1553437896697309,-1.7191295556517998,-0.1743378562573687,-0.0982341949371221,0.1992794408360065,0.0026302175513503,0.0247309238913462,DXG_2021,2022-04-04,19.511030211338408,DXG,2021,vi,VN100,,1218,0,29,0.0,0.0238095238095238,0.0024630541871921,0.0,1.0,0.0344827586206896,0.0648604269293924,0.0,0.0,0.3057851239669421,0.0,2.6394328931740576,7.1049654482698426,0,2022,-1.2232499145337272,1.8326518656695776,1.2799494351015976,-0.18998580572086599,-1.0463090641787947,T3 Tích cực
0.0042351251702783,1.2609264769853326,0.0249323809863593,0.0642857142857142,0.028320660460501,0.5679493762748828,0.0452169296032967,0.019236120725514,0.54555525267225,0.0246616684994072,0.0071034574422456,0.1644922347649566,0.0197531690013754,0.0427105575444709,0.6993520639616545,0.0693282812258621,-0.0540932432958129,-0.6541584025856102,-0.0029282137557372,0.0458631672886346,-0.1352396398441763,0.0018031233664329,0.0122651286704094,DXG_2020,2021-05-06,18.505664984825607,DXG,2020,vi,VN100,,859,7,27,0.0081490104772991,0.0314318975552968,0.0,0.0,0.5882352941176471,0.029103608847497,0.0756693830034924,0.0,0.0,0.4444444444444444,0.8173029812994802,1.4962841806883609,6.755768921984255,0,2021,0.4249504000702976,1.0747620652788958,-0.44615942463876473,-1.168370199088151,-0.3501402958076419,T1 Tiêu cực
0.0001794147261328,1.429696628729709,0.0233422316660361,0.0785714285714285,0.0644364439645768,1.3802545721953066,0.0705530196812536,0.0408601136937462,1.23777639971507,0.0453125283746926,0.0378514169205892,0.936222639761934,0.0347113637124044,0.13869771412138668,2.686636973604961,0.1322192417025501,0.1332404089392402,1.7210648675814255,0.0660400518593737,0.071769604895804,-0.0048534869890539,-0.0011170724497633,0.0068130217687109,DXG_2019,2020-03-02,16.39357649949635,DXG,2019,vi,VN100,,584,2,8,0.0034246575342465,0.0137322681302144,0.0,0.0,0.6,0.0273972602739726,0.0616438356164383,0.0,0.0,0.3846153846153846,0.0973662873738038,1.3072613926338332,6.369900982828227,0,2020,-0.5305864750793039,0.8343478298861187,-0.3968420286461831,-1.168370199088151,-0.9633736413150242,T1 Tiêu cực
-0.0003975939117697,1.6130841546401564,0.0169790098016153,0.0714285714285714,-0.0526370477986529,-1.5500623538613298,-0.042090824722083,-0.0433023021001115,-1.8033649673177248,-0.0311821833121848,-0.0169954546266173,-0.5779094551641101,-0.0056774003929531,-0.0846676715766364,-2.035774322683362,-0.073383918791399,-0.0937759504788086,-1.6652627714033943,-0.1070525194598798,-0.042046375097447,-0.0229404379497154,0.0003656714741013,0.0033300708769972,DXG_2018,2019-03-12,16.596549700103843,DXG,2018,vi,VN100,,1144,1,25,0.0008741258741258,0.0218531468531468,0.0,0.0,0.9230769230769232,0.0323426573426573,0.0655594405594405,0.0,0.0,0.3392857142857143,0.0526982300449698,2.1976748365580745,7.042286171939743,0,2019,-1.0464512044632035,1.531124487029387,0.9574895382270251,-1.168370199088151,-1.001421350876421,T3 Tích cực
0.0039627326498634,1.5826199605006468,0.0217749818764052,0.1714285714285714,0.1106279382439251,2.540253279471115,0.1289282149296275,0.0643414460372774,2.0893828092507225,0.0759884233759684,0.069696992124329,1.847972934861133,0.0818763048443452,0.0916297501933825,1.717920551411027,0.1186158448581345,0.1230754034782706,1.704186510822954,0.170819304018617,0.1347774766403897,0.2431255386105311,0.0019678841365186,0.0049356851381091,DXG_2016,2017-03-29,16.507179291384176,DXG,2016,vi,VN100,,360,0,11,0.0,0.0305555555555555,0.0,0.0,1.0,0.0388737060041408,0.0555555555555555,0.0,0.0,0.1764705882352941,0.0,1.080445970859884,5.886104031450156,0,2017,-1.2232499145337272,2.451309902029604,1.2799494351015976,-1.168370199088151,-1.0463090641787947,T3 Tích cực
-0.0014257942690143,1.2502377637896402,0.0188050752322413,0.0285714285714285,-0.006360662101217,-0.1691208895115631,-0.0069271610811134,-0.0001063973269343,-0.004000742908298,-0.0005778665054131,-0.0274162742325927,-0.8417298581834691,-0.0266480778131015,-0.0141596552354608,-0.3073986661602725,-0.0181019589769937,-0.0500869890055368,-0.803070193253946,-0.0560307848875636,-0.0071670165223414,0.0177849608411901,-0.0008381013825133,0.0129921827085094,EIB_2025,2026-04-17,19.30583529164436,EIB,2025,vi,VN100,,706,3,31,0.0042492917847025,0.0439093484419263,0.0042492917847025,0.0,0.8235294117647058,0.0198300283286118,0.0594900849858356,0.0,0.0,0.5,1.11741141826563,1.3780372359342137,6.559615237493242,0,2026,-0.3637978281851706,-0.23182956810360283,0.5401884952128707,0.519550751508659,-0.09451156849242787,T2 Trung tính
0.0008322203701924,0.9560936917709102,0.0173728344274626,0.1214285714285714,0.0436085070791216,1.2550774964557925,0.0476772387504035,-0.0017542131295084,-0.071399747962894,0.0002835510572617,0.0024765081593546,0.0823016335315706,0.0058292555621471,0.0419199055800756,0.9850856439648876,0.047505937997215,0.0364617952910365,0.632806636696028,0.0451625176992384,0.0470128364060293,-0.1058074424442672,0.0006007908762056,0.0012734870473797,EIB_2024,2025-04-16,19.016491205998165,EIB,2024,vi,VN100,,920,1,42,0.0010869565217391,0.0456521739130434,0.0043478260869565,0.0,0.9534883720930232,0.017391304347826,0.0760869565217391,0.0,0.0,0.627906976744186,0.2585768406106579,2.134895552007233,6.824373670043086,0,2025,-1.0034045620112377,-0.5754310867333279,1.0849736835030181,0.5586909474645388,-0.8260564470024672,T3 Tích cực
-0.0013075252134043,1.2117965637730377,0.0158068933909849,0.1071428571428571,0.0679464850319882,2.149267517383898,0.0560323816201285,0.0169922285764155,0.760131656275224,0.0072036283301095,0.0162832985016547,0.594751070984454,0.0050252716895726,0.0764589802777565,1.9747237624065093,0.0668919488998683,0.0287914693629751,0.5491879033581065,0.0202646365739812,0.0550874075311242,-0.0292848078798489,-0.0001182029475232,-0.0026147985329746,EIB_2023,2024-04-17,19.22900625307512,EIB,2023,vi,VN100,,603,4,20,0.0066334991708126,0.033167495854063,0.0049751243781094,0.0,0.6666666666666666,0.0165837479270315,0.0431177446102819,0.0,0.0,0.4444444444444444,0.523114409475844,0.9690556938666224,6.401917196727186,0,2024,0.11842653203805342,-0.6892109219054771,-0.11737678468821974,0.807868923832826,-0.6007265537822517,T2 Trung tính
0.0022616831956555,0.7286430542286807,0.0261239114840355,0.0142857142857142,0.0090311518982942,0.1728522144130909,0.036767215029449,-0.0063951221013661,-0.1730994306559111,0.0051642313468801,-0.0048346206039995,-0.106847303814156,0.013939636849563,-0.0026743435488354,-0.0417929827465661,0.0207736022524781,-0.0398929215550518,-0.4604275444949883,-0.0003058511434836,0.0344270234765219,-0.0020139298186394,0.0011443437703353,-0.0026836567734574,EIB_2021,2022-04-20,16.584112939963713,EIB,2021,vi,VN100,,543,5,10,0.009208103130755,0.0184162062615101,0.005524861878453,0.0,0.3333333333333333,0.0147329650092081,0.0589318600368324,0.0,0.0,0.6,1.0382083605196653,2.0672440224941613,6.297109319933935,0,2022,0.6391600700030554,-0.9499750863736368,-1.514703004478037,1.0262378876915057,-0.1619757726172791,T1 Tiêu cực
-0.0001355546582253,0.6470668998317057,0.0245514229975705,0.1857142857142857,0.0890846962617979,1.8142471063818453,0.0970582320775679,0.0933498096372349,2.6885726103735004,0.0959661722184808,0.10890758634410351,2.707931256804452,0.10081458871370412,0.0435617832103036,0.7243581574446297,0.0635432685683086,0.071785458462243,0.8815835279374186,0.1088814036611854,0.0977752558799086,-0.0316607894426456,0.0004236221610606,0.0415075212418119,EIB_2017,2018-04-17,15.930472813229787,EIB,2017,vi,VN100,,694,4,14,0.0057636887608069,0.0201729106628242,0.0,0.0,0.5555555555555556,0.0129682997118155,0.0619596541786743,0.0,0.0,0.6538461538461539,1.5670541028588645,0.8624130232890646,6.542471960506805,0,2018,-0.05749934208015118,-1.1986057968740924,-0.5831521912848252,-1.168370199088151,0.28848861761073497,T1 Tiêu cực
0.0005962251110816,0.942628512157576,0.0252665975326045,0.3071428571428571,-0.0437372584247136,-0.8655153977157807,-0.0414818298406038,-0.0441367854045799,-1.2352047092641,-0.0434229042483514,-0.039106376836142,-0.8935938906788821,-0.0371877790421296,0.0128762784913917,0.2080501213059616,0.016713745262324,-0.0210282562947991,-0.2509343737869377,-0.0153720213812341,-0.0416943049872268,0.0458885257052947,0.0006901627107025,0.0062330650531033,EIB_2016,2017-04-18,14.608024036345604,EIB,2016,vi,VN100,,593,7,10,0.0118043844856661,0.0168634064080944,0.0067453625632377,0.0,0.1764705882352941,0.0134907251264755,0.0556492411467116,0.0,0.0,0.6097560975609756,2.0999939900209466,1.3770863114529286,6.385194398997726,0,2017,1.164278028543628,-1.1249992029084646,-2.1722682843791277,1.5110501294590075,0.7424403507508571,T1 Tiêu cực
0.001941846576116,0.4132034664711798,0.0199265732551117,0.2142857142857142,0.0085443836106862,0.2143967129043216,0.0187555917407383,-0.0013885078309384,-0.0492720594964988,0.006026576972164,-0.0155592940574572,-0.4508132179811233,-0.0031577968145802,-0.0065625109207393,-0.134450305641738,0.003800973781104,-0.0176501830201992,-0.267067013797704,0.0123924472980637,0.0188000897732543,0.020487500067285,0.0018835248022097,0.018620304926903,EIB_2018,2019-04-18,14.815401295826309,EIB,2018,vi,VN100,,773,3,20,0.0038809831824062,0.0258732212160414,0.0051746442432082,0.0,0.7391304347826086,0.0116429495472186,0.0659767141009055,0.0,0.0,0.7,0.1664623691510515,1.1634164081220608,6.650279048587422,0,2019,-0.4382910879333564,-1.3853396514880596,0.1863897848313057,0.887123015437668,-0.9045184367571529,T2 Trung tính
-0.001677124497108,0.6194758358457335,0.0189305720484209,0.0285714285714285,0.0058800799777919,0.1553064525137384,-0.0193129835351845,0.0399893361703261,1.4937071478273014,0.0230173521777423,0.0420769505757172,1.2832754699346385,0.0228485331835284,-0.0171700910039441,-0.3702825398799206,-0.0546855637716754,-0.0339968023995385,-0.5414744771901608,-0.0917622221339777,-0.0215079210266289,-0.0731156904735098,-0.0018277047239059,0.0277365897168768,FPT_2025,2026-04-08,20.7474505940732,FPT,2025,vi,VN30,,1971,9,25,0.0045662100456621,0.0137322681302144,0.0040588533739218,0.0,0.4705882352941176,0.0238457635717909,0.0360223236935565,0.0,0.0,0.2033898305084746,2.996972890684232,5.3812603929077385,7.58629630715272,1,2026,-0.2996986619278093,0.3339633378761244,-0.9393333845645829,0.44390403209242363,1.5064761010387377,T1 Tiêu cực
-0.000350658241478,1.174555420499075,0.011317088152207,0.0357142857142857,0.0417052096151923,1.842576864927,0.0147642965713412,0.0214548918020294,1.3405302917853517,0.009164963272968,0.0082633395560497,0.4215608514245079,-0.0029787842937289,0.0740733411366244,2.6720932523686334,0.052310423909316,0.0014599141795985,0.0388952247555892,-0.0146638411760746,0.0122859187850663,-0.191664246648462,0.0011040153048172,0.0060646366409653,FPT_2024,2025-04-02,20.037997981507075,FPT,2024,vi,VN30,,1585,0,39,0.0,0.0246056782334384,0.0006309148264984,0.0,1.0,0.028391167192429,0.0372239747634069,0.0,0.0,0.1346153846153846,0.0,5.852439999465663,7.368339686311381,1,2025,-1.2232499145337272,0.9743833276500639,1.2799494351015976,-0.9177556478533836,-1.0463090641787947,T3 Tích cực
0.0019286347354211,0.8988242186640861,0.0113635049567318,0.0357142857142857,0.0026519367435608,0.1166865660576763,0.0090704087808834,-0.004136636061041,-0.2574067966882113,-0.0014939413128396,-0.0041225273891349,-0.2094549443082393,0.0015491222628623,0.0010089512570643,0.0362478502386612,0.0110513846881038,-0.0262772746012215,-0.6972229454750939,-0.0046885459950891,0.0091288790703296,0.0293375156981527,0.0015975595540189,-0.0074713887976723,FPT_2023,2024-03-26,18.978174182532094,FPT,2023,vi,VN30,,1444,14,23,0.0096952908587257,0.0159279778393351,0.002770083102493,0.0,0.2432432432432432,0.0290858725761772,0.0380886426592797,0.0,0.0,0.134020618556701,3.363993831502319,4.733595706059701,7.275172319452771,1,2024,0.7376975511793797,1.072263131488796,-1.892358739556366,-0.06802653230945309,1.8191000877144021,T1 Tiêu cực
0.0007216927678926,0.8219156555056455,0.0111846759586106,0.1214285714285714,-0.0125198138176565,-0.5596860322099023,-0.0117212710583061,-0.005889310808991,-0.3723283200124213,-0.0051357624535535,-0.0045358973447763,-0.2341419244253587,-0.0039895345264922,-0.0068225910460543,-0.2490292201037312,-0.0068925707957691,-0.0060749136107773,-0.163764723963159,-0.0010566429723715,-0.0117747683535283,-0.0299755881686252,0.0015201223673157,-0.0162191765440113,FPT_2022,2023-03-28,17.395535600149525,FPT,2022,vi,VN30,,2277,15,57,0.0065876152832674,0.0250329380764163,0.0021958717610891,0.0,0.5833333333333334,0.0202020202020202,0.0399648660518225,0.0,0.0,0.3284671532846715,3.2644197647278674,5.187125197667008,7.7306140660637395,1,2023,0.10914616136017442,-0.17941815392631752,-0.46670833963567376,-0.29611709476862713,1.7342841051299998,T1 Tiêu cực
-7.347724970465931e-05,0.7088655811721332,0.0104575384656656,0.0571428571428571,0.0278410765136255,1.3311486543909905,0.0315463999059538,-0.001392136734246,-0.0941320300524128,-0.0004696525317838,0.0060363977269051,0.3332634982894599,0.0051658040788064,0.1042548022888079,4.069967798521013,0.1063605071652809,0.1547273944056913,4.46109425114169,0.1501623589030523,0.031333965018384,0.0550222369918781,0.0007339447923329,-0.0233792148544052,FPT_2021,2022-03-23,17.791425902880842,FPT,2021,vi,VN30,,1255,6,27,0.0047808764940239,0.0215139442231075,0.0015936254980079,0.0,0.6363636363636364,0.0207171314741035,0.045418326693227,0.0,0.0,0.3734939759036144,1.9853379161268745,4.316148619443533,7.134890851565884,1,2022,-0.2562807145941455,-0.1068420785911823,-0.24440644103274847,-0.535343802742169,0.6447776973953079,T2 Trung tính
0.0010196769739423,1.187766273189491,0.013239889257964,0.0357142857142857,-0.084898673269743,-3.206170067422382,-0.072479886487641,-0.0088575536918315,-0.4730580564675443,-5.572397133257745e-05,-0.0068624105352311,-0.2992483164028121,-0.0084540285859671,-0.0750579352038779,-2.3143904858795272,-0.0696409916473843,-0.0919798161121287,-2.094651812385926,-0.058275535462045,-0.0734946562239204,0.1752548453933116,0.0021372405713218,0.0067023565425076,FPT_2019,2020-03-24,17.23631374203153,FPT,2019,vi,VN30,,1167,5,33,0.0042844901456726,0.0282776349614395,0.0008568980291345,0.0,0.7368421052631579,0.0188517566409597,0.0479862896315338,0.0,0.0,0.4358974358974359,0.6508801435619767,1.5570829687016317,7.062191632286556,1,2020,-0.3566786877955397,-0.3696621560299401,0.1767971563201628,-0.8279896817727223,-0.49189725085060493,T2 Trung tính
0.0003588912651993,0.9380631955511398,0.0091007789483003,0.0857142857142857,0.0041214797512958,0.2264355487980265,0.0078195384987048,0.009312676307932,0.7235706532091826,0.0115624549372401,0.0030223011675776,0.1917337408792825,0.0059535522091266,0.0112253236968542,0.5035524140491405,0.0152681811909084,0.0493191647511389,1.6339576823086417,0.0546122078654397,0.0078333524722546,-0.015003769459197,0.0001768114969359,-0.0108520064546265,FPT_2018,2019-03-20,15.837988413219282,FPT,2018,vi,VN30,,977,1,26,0.0010235414534288,0.0266120777891504,0.0010235414534288,0.0,0.925925925925926,0.0194472876151484,0.0573183213920163,0.0,0.0,0.4933333333333333,0.05375292843784,1.5055483450992857,6.884486652042782,1,2019,-1.0162307494153204,-0.28575542909631485,0.9694324973705276,-0.7617949035844704,-1.0005229715752713,T3 Tích cực
-0.0004468351236258,1.0601893203692023,0.0135887453851725,0.0642857142857142,0.0241663191076765,0.889203470323529,0.0225470755620739,-0.0050418687548089,-0.2623597311837244,-0.0058831323269837,-0.0105595283189099,-0.44864675469528,-0.0109277701174516,0.0207339544335679,0.6229126539743646,0.0189377001796162,0.0656084606128353,1.4557411015028752,0.0620763451813282,0.022573085496395,-0.0669552636239392,0.0002290780730502,-0.0222991906466474,FPT_2017,2018-03-27,17.325305933750442,FPT,2017,vi,VN30,,924,2,35,0.0021645021645021,0.0378787878787878,0.001082251082251,0.0,0.8918918918918919,0.0151515151515151,0.0519480519480519,0.0,0.0,0.5483870967741935,0.0916600189716845,0.4702881190756905,6.828712071641684,1,2018,-0.7854626324543116,-0.8910038925638999,0.8267625530076028,-0.7384740262449795,-0.968234171542361,T3 Tích cực
0.0015611254080331,1.1120117099844395,0.011393796482931,0.0785714285714285,-0.0280714160956295,-1.2318728062978446,-0.019472514282082,-0.0152269218330364,-0.944993154903868,-0.012066011295383,-0.0192976130566043,-0.977855108228301,-0.0166237696024157,-0.0254512029007569,-0.9119357266077835,-0.010932037111028,-0.0516541025099168,-1.3669103115940695,-0.0276014080881366,-0.0198307801873316,0.0587750915314814,0.0013157165327635,-0.0125985696707613,FPT_2020,2021-03-25,18.02405241364804,FPT,2020,vi,VN30,,823,7,24,0.008505467800729,0.0291616038882138,0.0036452004860267,0.0,0.5483870967741935,0.0230862697448359,0.0473876063183475,0.0,0.0,0.3448275862068966,1.508312354439819,3.5290919464683537,6.71295620067707,1,2021,0.49704664712467556,0.22695523265892315,-0.6132022175168645,0.27959115099854603,0.2384531086446048,T1 Tiêu cực
0.0005369814130464,0.8892968303574175,0.0101306751964148,0.0857142857142857,0.0132798149038658,0.6554259536701671,0.0143318553856138,-0.0091678838901755,-0.6399053115599023,-0.007764943705802,-0.0001206009863551,-0.0068730869943685,0.0011135399956443,0.0094445028045062,0.3805967568267627,0.0120107609586596,-0.0074343804194751,-0.2212636367190815,-0.0029337329280696,0.0137137466008927,0.0216092907108963,0.0001352684964496,0.0222035078256163,FPT_2016,2017-03-21,15.72525483741678,FPT,2016,vi,VN30,,877,0,18,0.0,0.0205245153933865,0.0022805017103762,0.0,1.0,0.0182440136830102,0.0456100342075256,0.0,0.0,0.4285714285714285,0.0,1.5293649921259926,6.776506992372183,1,2017,-1.2232499145337272,-0.45528947791352736,1.2799494351015976,-0.26250004240147773,-1.0463090641787947,T3 Tích cực
0.0014747722665832,0.8049387684996896,0.0223375491266636,0.0571428571428571,-0.0115933670876071,-0.2595040087403449,-0.0120840834576193,-0.008530897884498,-0.2700500269538531,-0.0101785394159821,-0.0338637987510628,-0.8752649278506455,-0.0350353815212453,-0.029005561610438,-0.5301150486232528,-0.0283017338629293,-0.0583141926682525,-0.7871226399848883,-0.0524748100513849,-0.0122883315844448,-0.0372319512169894,0.0006384523520917,0.0580181941919196,FRT_2025,2026-04-14,18.270526823521383,FRT,2025,vi,VN100,,1423,4,90,0.0028109627547434,0.0620680267329428,0.0028109627547434,0.0,0.9148936170212766,0.0182712579058327,0.0829234012649332,0.0,0.0,0.6388888888888888,0.9753384836943698,2.5658786981112103,7.260522598089852,0,2026,-0.6547109846090923,-0.45145093103021794,0.9231852938786655,-0.05178815071961538,-0.21552757129972427,T3 Tích cực
-0.0001200069256752,0.5925632589287803,0.0139091528123595,0.1142857142857142,-0.0177712795839285,-0.638834004618069,-0.0105348522459081,0.0097430776080777,0.4953138655703557,0.0119869937343299,-0.002477207347981,-0.1028255529642698,-0.0008433297080164,-0.1086509029471839,-3.189018481853783,-0.1050733422201156,-0.1617365832591489,-3.5059946025287085,-0.1127176346275633,-0.0105968208654112,-0.1592955483127018,0.000537801479406,-0.0145056430891986,FRT_2024,2025-03-26,18.120504067741056,FRT,2024,vi,VN100,,2133,7,101,0.0032817627754336,0.0473511486169714,0.0009376465072667,0.0,0.8703703703703703,0.0187529301453352,0.0782934833567745,0.0,0.0,0.6135265700483091,2.0350237016825448,2.4332907211143397,7.665284718471351,0,2025,-0.5594880438141558,-0.3835862139573528,0.7365447940722242,-0.7959144431508842,0.6870994470123812,T3 Tích cực
0.0061307116769296,0.8850021191830384,0.0203676489893574,0.05,0.0154277073948268,0.3787306871521648,0.0400091628694206,0.0435019712673738,1.5102645815535944,0.0550490234049406,0.0266788075718794,0.7562491253325913,0.0430549926712784,-0.0232621735640824,-0.4662660179862971,0.0144765549851347,-0.1024110636708826,-1.516036412606152,-0.0328589165976743,0.0384010824064907,0.1231952336386148,0.0039707287537397,0.000838812782824,FRT_2023,2024-03-27,17.97949622996629,FRT,2023,vi,VN100,,1172,15,35,0.0127986348122866,0.0298634812286689,0.0034129692832764,0.0,0.4,0.0247440273037542,0.0494880546075085,0.0,0.0,0.3333333333333333,3.2503439882454392,2.8492143956243163,7.066466970136958,0,2024,1.3653728370109992,0.46052328679381377,-1.2352377605200733,0.18734332892247949,1.7222945294134648,T1 Tiêu cực
0.0074799162555507,1.4033732617736785,0.0320053897934041,0.0285714285714285,-0.075432493694201,-1.1784342290645455,-0.0364899792941889,-0.0122538782473731,-0.2707294134045382,0.0047186528135397,-0.0118174093751897,-0.2131761096468774,0.0085111284515357,-0.0852137128138212,-1.0869529415164454,-0.0303496956978506,-0.0699985462347149,-0.659431299851475,0.0109230309914839,-0.0373118696117154,0.3809652427299937,0.004980526129842085,0.0709708066871757,FRT_2021,2022-03-29,17.919389878301264,FRT,2021,vi,VN100,,956,10,25,0.0104602510460251,0.0261506276150627,0.0,0.0,0.4285714285714285,0.0313807531380753,0.051255230125523,0.0,0.0,0.240506329113924,1.4513533494144326,3.433734507138918,6.862757913051401,0,2022,0.8924166578584898,1.3955979788740043,-1.1154669416809464,-1.168370199088151,0.18993611888259193,T1 Tiêu cực
-0.0004870514206482,1.210818536451686,0.0222688789433446,0.0714285714285714,-0.0419676980383931,-0.9422948084895784,-0.0513292821418414,-0.0120016360916764,-0.3810896043464248,-0.0184134180220824,-0.0102001169234888,-0.264451581353716,-0.0133768511615962,-0.037895347031017,-0.6947233707321909,-0.0458470813543057,-0.0519226563741156,-0.7030111384249795,-0.0601894794409457,-0.0497759293067798,-0.0220214298074508,0.0005644797326914,-0.0121251264922109,FRT_2020,2021-04-20,16.987073143360625,FRT,2020,vi,VN100,,1364,11,31,0.0080645161290322,0.0227272727272727,0.001466275659824,0.0,0.4761904761904761,0.033724340175953,0.0454545454545454,0.0,0.0,0.1481481481481481,1.8307967165041268,3.670128487154263,7.218176838403408,0,2021,0.4078607654718743,1.7257952753291153,-0.9158489102824012,-0.585930222978022,0.5131413776147169,T1 Tiêu cực
-0.0063034799359334,1.0665704032736876,0.0316951099114687,0.0714285714285714,0.11492199002700906,4.0166805411940185,0.1289282149296275,0.0936876061916343,2.537446553033324,0.0959661722184808,0.10890758634410351,3.2347401367118804,0.10081458871370412,0.13869771412138668,4.168708659060241,0.13368714866794632,0.2022903365792867,2.063153549769852,0.1470192333388478,0.1348729667727246,-0.0150916102091678,-0.002575239024648487,0.0291387402558859,FRT_2019,2020-04-20,14.928054734199703,FRT,2019,vi,VN100,,350,0,11,0.0,0.0314285714285714,0.0,0.0,1.0,0.0171428571428571,0.0714285714285714,0.0,0.0,0.6129032258064516,0.0,0.3696574020581394,5.857933154483459,0,2020,-1.2232499145337272,-0.6104358013296548,1.2799494351015976,-1.168370199088151,-1.0463090641787947,T3 Tích cực
0.0001251217002049,1.4590538239128574,0.0232433689193927,0.0142857142857142,0.0178898451632921,0.384837611650307,0.017771583961723,0.0389655706606249,1.1854055813717777,0.0368303806315456,0.0429834899313936,1.0676821233902285,0.0367475407780528,0.0409743952076243,0.7196773778497672,0.033974415808166,0.0639558234864276,0.8296304378184222,0.0532259369415866,0.0169868782961551,-0.173498370577088,0.0005772655794129,-0.059827821512931,FRT_2022,2023-04-07,17.53574784399468,FRT,2022,vi,VN100,,1018,11,29,0.0108055009823182,0.0284872298624754,0.0039292730844793,0.0,0.45,0.0275049115913556,0.0461689587426326,0.0,0.0,0.2533333333333333,2.111842947651833,3.6035503298427782,6.925595197110468,0,2023,0.9622461242949973,0.8495152520407859,-1.0256388275516006,0.3924316229437288,0.7525331491733719,T1 Tiêu cực
-0.0030196675558564,0.8669368754373419,0.0187427133467971,0.0214285714285714,-0.0027129123635011,-0.0723724551857568,-0.0187444530083132,-0.0017360029633675,-0.0654942240669166,-0.0102651736291394,0.0239152955650074,0.7366864165676416,0.0103928846015106,0.0727546125370823,1.5847196530218606,0.0474673252473402,0.13373861762425,2.151433982676244,0.0890784453526211,-0.0195013759290254,-0.1863355555753745,-0.002575239024648487,0.0373103591905449,FTS_2025,2026-03-25,17.45643781551928,FTS,2025,vi,VN100,,790,4,34,0.0050632911392405,0.0430379746835443,0.0113860291291415,0.0,0.7894736842105263,0.0253164556962025,0.0670886075949367,0.0,0.0,0.4520547945205479,1.301868243943289,2.9772622834312865,6.672032945461067,0,2026,-0.19916017113779913,0.5411749991243875,0.39742761207644994,3.3544345610770834,0.06260651878714668,T2 Trung tính
0.0049612399705588,2.0710529290819912,0.0244032868734867,0.0571428571428571,-0.0094051919211985,-0.1927033839735932,0.0161636691124892,0.0089578066012532,0.2595603545187023,0.0117466263575347,-0.0212088052700728,-0.5017729576899965,0.0004300590256836,-0.0173411895822437,-0.2901048140876626,0.0190128325478462,-0.058840011587224,-0.7269894051817233,-0.0219764041453434,0.0161898678454275,0.1636627256218643,0.0040497151218056,-0.0358042648253804,FTS_2023,2024-03-22,17.750961918642094,FTS,2023,vi,VN100,,906,11,24,0.0121412803532008,0.0264900662251655,0.0033112582781456,0.0,0.3714285714285714,0.0298013245033112,0.0353200883002207,0.0,0.0,0.0847457627118644,1.4451777773506178,3.467174085398728,6.80903930604298,0,2024,1.2324178200442428,1.1730659983186023,-1.3550085793592008,0.1469412701406874,0.18467584148727686,T1 Tiêu cực
0.0017165307498391,1.5931565566838923,0.0296474908710921,0.0357142857142857,0.0938965716431975,1.583550055744373,0.1024788512463786,0.0772268749518061,1.8418977580835665,0.0817859027518924,0.0473275514224801,0.9216488057172376,0.0599198834364543,0.0960503334426718,1.3226206762977335,0.1028244817827761,0.0746364168313931,0.7590432017045351,0.0926303126096871,0.104893298624368,-0.0443001383025862,0.0039987717622174,-0.0038394918190507,FTS_2021,2022-02-18,16.55730942347328,FTS,2021,vi,VN100,,754,5,18,0.006631299734748,0.0238726790450928,0.0,0.0,0.5652173913043478,0.0212201591511936,0.0358090185676392,0.0,0.0,0.2558139534883721,1.3290272478344385,2.6788615843516976,6.625392368007956,0,2022,0.11798167910483841,-0.03596850900203607,-0.5426499820155555,-1.168370199088151,0.08574022895547022,T1 Tiêu cực
0.0009621088227758,0.5408048763897637,0.0233365798459117,0.2071428571428571,-0.0276991434986031,-0.5934705017079795,-0.0612889660741983,-0.0353286669370187,-1.0704713426900605,-0.0624679186311255,-0.0436359828610903,-1.079560356211236,-0.0843741401191328,-0.0144774471866453,-0.2532673212293471,-0.0494555242797617,0.0353103020591396,0.4562132378264201,-0.0121124770837032,-0.0639829028860083,0.0884625023448993,-0.0002578067453633,-0.0152714329372769,FTS_2019,2020-04-06,12.852333070519911,FTS,2019,vi,VN100,,687,6,22,0.0087336244541484,0.032023289665211,0.0043668122270742,0.0,0.5714285714285714,0.0189228529839883,0.0422125181950509,0.0,0.0,0.3809523809523809,1.7132118310132207,1.7495234112589926,6.532334292222349,0,2020,0.5431930926339092,-0.35964510956378937,-0.5166128474853103,0.5662326991962043,0.41298399805748764,T1 Tiêu cực
0.0021350366985333,0.7434653814896214,0.0234936208203698,0.1571428571428571,-0.0401536033061754,-0.8545639604296504,-0.0366918094592196,-0.0025418031891374,-0.0765027360074848,-0.0036759197869364,-0.0041863527037396,-0.1028786443310256,-0.0030161887542037,-0.0366555062274918,-0.6369621723223797,-0.0295649785197026,-0.0345820688283126,-0.4438177559103543,-0.0073713414443582,-0.0372767800760579,-0.0297766654744502,0.0016278119094953,-0.0157592828385266,FTS_2018,2019-03-12,12.040639488499174,FTS,2018,vi,VN100,,783,5,28,0.0063856960408684,0.0357598978288633,0.0025542784163473,0.0,0.696969696969697,0.020434227330779,0.0421455938697318,0.0,0.0,0.3469387755102041,1.425310726056904,1.831623713645211,6.663132695990803,0,2019,0.06830643489599382,-0.1467015682418387,0.009652871656309445,-0.15374934670728785,0.16775332811491553,T2 Trung tính
0.0006136120228176,1.8277273310960451,0.0141354488068429,0.0714285714285714,0.0596900424998287,2.111360004039384,0.007163932130756,0.0049071073928684,0.2454714357444501,0.0061060104544011,0.0272587573042904,1.1133605365107415,0.0251008623203834,0.0713783013911233,2.0614888085501666,-0.0460687541306839,-0.0767092643033471,-1.6362206632220055,-0.1211167073901259,0.0065067630136781,0.1500652997062009,0.0008321184174456,-0.0048242734675482,FTS_2024,2025-03-31,18.32461561814384,FTS,2024,vi,VN100,,1023,14,33,0.0136852394916911,0.032258064516129,0.0058651026392961,0.0,0.4042553191489361,0.0293255131964809,0.0371456500488758,0.0,0.0,0.1176470588235294,3.1585722123230755,4.732811906974998,6.930494765951626,0,2025,1.5446954818394334,1.1060270513544583,-1.217399553458927,1.1613897053524045,1.6441244435616735,T1 Tiêu cực
-0.0003654203588534,0.7974600467495699,0.0112111165977011,0.0785714285714285,-0.0059810399715371,-0.2667459534210702,-0.011592472526382,-0.0046090615044058,-0.2907024127587404,-0.0108386540875478,-0.0097724487399889,-0.5032617279024075,-0.0161883035001711,-0.0160495292087715,-0.5844371347965784,-0.0248232134800294,0.0117750826693418,0.3166786267190886,0.0029943422961175,-0.0116603704956472,-0.0027448693997337,-0.0007558679746001,-0.0194418554035163,GAS_2023,2024-03-20,18.042182351744323,GAS,2023,vi,VN30,,1061,4,21,0.003770028275212,0.0197926484448633,0.001885014137606,0.0,0.68,0.0254476908576814,0.0480678605089538,0.0,0.0,0.3076923076923077,0.892467799895134,4.430394199053228,6.966967138613983,1,2024,-0.46073257496466935,0.559665242848992,-0.0614837358966267,-0.4195972232029222,-0.2861158148209472,T2 Trung tính
0.0001454899116616,0.6398648149789993,0.0156591230796705,0.0357142857142857,-0.0226621136811199,-0.7236073682357425,-0.0295833923695802,-0.0131133056249484,-0.5921472922842516,-0.0156502546150116,-0.0231756703952486,-0.8544846012940549,-0.0262639735843245,-0.0224183221935744,-0.5844670652392231,-0.0265381388953297,-0.0339333039392252,-0.6533747799686487,-0.0351060008440321,-0.0296951737207553,-0.0385588354059289,0.0011541167767086,-0.0191729580310816,GAS_2022,2023-03-30,16.5431936208531,GAS,2022,vi,VN30,,1142,7,28,0.0061295971978984,0.0245183887915936,0.0017513134851138,0.0,0.6,0.0183887915936952,0.0551663747810858,0.0,0.0,0.5,0.9929605036276156,2.96250956869028,7.040536390215956,1,2023,0.016508465715718165,-0.43489114240391585,-0.3968420286461831,-0.4727063397061674,-0.2005173484156304,T1 Tiêu cực
-0.0017248986097328,1.561028594630771,0.0153291217866959,0.1,0.0261533828646113,0.853062009309287,0.021113995171844,0.0399588464287206,1.8432348357139832,0.0416580232365135,0.0528762864419653,1.9915125364527764,0.0521377932048605,0.0177030146289458,0.4714702876583805,0.0036930675377975,0.0341861351803383,0.6724134446558314,0.0068674217125119,0.0201698414559712,-0.1397352700609061,-3.028753748014873e-05,-0.0380239828723718,GAS_2016,2017-04-07,16.73579700185253,GAS,2016,vi,VN30,,1372,10,31,0.0072886297376093,0.0225947521865889,0.0,0.0,0.5121951219512195,0.0204081632653061,0.0568513119533527,0.0,0.0,0.4716981132075472,1.597826360091651,1.716364998997275,7.22402480828583,1,2017,0.25093174961128156,-0.15037383806356225,-0.764918203615208,-1.168370199088151,0.31470005315901595,T1 Tiêu cực
0.0057745435439692,0.3413569896587275,0.0303394926027269,0.1571428571428571,0.0194452559972352,0.3204611272155477,0.0415613381949362,0.0566431141442651,1.3201516137199207,0.063194705258738,0.0395463670558293,0.7525539719508249,0.0528923578782677,0.0180287465942549,0.2425948605234494,0.0601525689954615,-0.0137489446252804,-0.136635863848327,0.1483334053550885,0.0405184797520574,0.3809652427299937,0.004980526129842085,,GEE_2024,2025-03-24,16.66483236569206,GEE,2024,vi,VN100,,934,0,40,0.0,0.0428265524625267,0.0021413276231263,0.0,1.0,0.0107066381156316,0.0642398286937901,0.0,0.0,0.7142857142857143,0.0,0.4923021120717069,6.839476438228843,0,2025,-1.2232499145337272,-1.5172602920929064,1.2799494351015976,-0.3177833389016124,-1.0463090641787947,T3 Tích cực
0.0034810482646982,1.5276231100973172,0.0393694674007682,0.0285714285714285,-0.0525278235759286,-0.6671137183697796,-0.021753882702973,-0.032540544669538,-0.5844539263156285,-0.027610633115422,-0.093515531313281,-1.371398211398717,-0.0884605486052212,-0.0698352832509027,-0.7241686739375179,-0.0253510482294978,-0.1772952098632521,-1.3578166188761491,-0.0923322191718788,-0.0250823846801659,0.2523215085324356,0.0043235997463016,-0.11250834785860442,GEE_2025,2026-04-06,18.2092230232826,GEE,2025,vi,VN100,,519,0,24,0.0,0.0462427745664739,0.001926782273603,0.0,1.0,0.0096339113680154,0.0558766859344894,0.0,0.0,0.7058823529411765,0.0,0.4293277541765677,6.251903883165888,0,2026,-1.2232499145337272,-1.6684010289945406,1.2799494351015976,-0.40300591448872214,-1.0463090641787947,T3 Tích cực
-0.0036144655238788,1.572943648751108,0.0288000708829151,0.0142857142857142,0.0453066747401574,0.7865722783174544,0.0303736392383088,0.0136026652057008,0.3339761505541053,-0.004822181541354,0.0809008150197404,1.6218052906604334,0.0415564889747535,0.0605122502072703,0.8577764547758344,0.0446498241042877,0.0705051917801774,0.7381271823870824,0.0409678685561712,0.0265342044302497,0.0258606360067051,0.0009069542834894,-0.0165255517343624,GEX_2025,2026-03-23,19.36230172296803,GEX,2025,vi,VN100,,1679,0,75,0.0,0.0446694460988683,0.0035735556879094,0.0,1.0,0.0184633710541989,0.0583680762358546,0.0,0.0,0.5193798449612403,0.0,2.263673105855708,7.425953657077541,0,2026,-1.2232499145337272,-0.42438334566695146,1.2799494351015976,0.2511321131469158,-1.0463090641787947,T3 Tích cực
0.0003026130214579,1.54910430110484,0.01371943061439,0.1285714285714285,0.0299646825120698,1.0920527008110834,0.0252452895447585,0.0064535754573648,0.332620725820452,0.0022693745253825,0.0120846603917107,0.5085547736143854,0.0123892086529391,0.0261897939159543,0.7793281583110802,0.0262419910016502,0.08220521318764,1.8066204827414385,0.0777701621242688,0.0238336588695904,0.0664069048541928,-0.0003008219462285,0.047024523618994,GEX_2024,2025-03-18,18.380272147042724,GEX,2024,vi,VN100,,1017,0,44,0.0,0.0432645034414945,0.0019665683382497,0.0,1.0,0.007866273352999,0.0658800393313667,0.0,0.0,0.7866666666666666,0.0,0.4790742048713383,6.92461239604856,0,2025,-1.2232499145337272,-1.9174505775012824,1.2799494351015976,-0.38720193221084576,-1.0463090641787947,T3 Tích cực
-0.0022076457606755,1.85187654808193,0.0216340038097936,0.0714285714285714,0.0455596623972741,1.052964185405416,0.0355808547130366,0.0217270743014164,0.7101487874805946,0.0128850800935013,0.0111345106084294,0.2971485423406155,-0.0077571918413474,0.0185873958553844,0.3507567368875384,-0.0090416455528973,0.0516713455305735,0.720139323448424,0.004921446571042,0.0359738713037615,0.0521130652818269,-0.0017112919414171,-0.0309977268863728,GEX_2022,2023-04-07,18.27873742410708,GEX,2022,vi,VN100,,835,12,29,0.0143712574850299,0.0347305389221556,0.0023952095808383,0.0,0.4146341463414634,0.0131736526946107,0.067065868263473,0.0,0.0,0.6716417910447762,1.8612433766615144,1.0299784682623807,6.727431724850855,0,2023,1.6834479200151895,-1.1696727985932296,-1.1738917313585693,-0.21693531595733243,0.539075473522556,T1 Tiêu cực
0.0001537049404222,2.03194690153451,0.0193808579744129,0.0071428571428571,0.0366998759994699,0.9468073097672473,0.0687677459719041,0.0015181558298623,0.0553896160639957,0.0155473490365781,0.0165228746107449,0.4922117543451546,0.0141950142801196,0.0419434153021247,0.8835175210465348,0.0747757989126869,0.0494757293672116,0.7697024406849267,0.0869956976559973,0.0707934381032056,-0.0110816926258803,0.001675014153633,0.0014463515730371,GEX_2023,2024-03-19,19.29954917911806,GEX,2023,vi,VN100,,873,1,36,0.0011454753722794,0.0412371134020618,0.0045819014891179,0.0,0.945945945945946,0.0160366552119129,0.0733104238258877,0.0,0.0,0.6410256410256411,0.0715270570747711,0.9067371422554852,6.771935555839602,0,2024,-0.9915686724710936,-0.7662929899160762,1.0533559940546007,0.6516713299249686,-0.9853831843419385,T3 Tích cực
-0.0017039715295437,1.0038776843926474,0.0151337091218904,0.1357142857142857,-0.0014283222874285,-0.0471900931861606,-0.0082123634520189,0.001547354225588,0.0722985130081789,-0.0018534019257785,0.0128047104920348,0.4884990843902283,0.0077157385483948,-0.0025304367068598,-0.0682612868651126,-0.0127049999042849,0.0365619454464832,0.7284295768578188,0.0177413837800208,-0.0081969758127111,-0.0491164573428876,-0.0006655806082225,-0.0084676419246719,GEX_2018,2019-04-22,16.33789763573925,GEX,2018,vi,VN100,,579,0,25,0.0,0.0431778929188255,0.001727115716753,0.0,1.0,0.0103626943005181,0.0673575129533678,0.0,0.0,0.7333333333333333,0.0,0.8384924568101738,6.361302477572996,0,2019,-1.2232499145337272,-1.5657199038109249,1.2799494351015976,-0.48231827558708795,-1.0463090641787947,T3 Tích cực
0.0007059268277343,0.8712794796922775,0.0227786637885544,0.0642857142857142,-0.0333987522354734,-0.7331148250288334,-0.0343105887712498,-0.017308533266673,-0.5373002279179833,-0.0170548009093456,-0.0031539799457358,-0.0799410881864031,-0.0020061731952319,-0.0266790262115738,-0.4781521402316992,-0.0265704437434743,0.0133074747803489,0.1761453020775424,0.0146621662136678,-0.0346324421337157,-0.074479855048995,0.0014068984769612,-0.0371170949378722,GMD_2025,2026-04-20,18.974062711763874,GMD,2025,vi,VN100,,925,7,35,0.0075675675675675,0.0378378378378378,0.0064864864864864,0.0,0.6666666666666666,0.0216216216216216,0.054054054054054,0.0,0.0,0.4285714285714285,1.3619737541993229,1.911413764352129,6.829793737512425,0,2026,0.3073490803255804,0.020595134771808774,-0.11737678468821974,1.4082183222553,0.11380366354824026,T2 Trung tính
-0.0014409915798131,0.9167657079387952,0.0114417209548345,0.0785714285714285,0.0108357953034913,0.4735212188037514,0.0047667560504673,-0.0189014277933838,-1.1681221574593916,-0.0202752892070943,0.0387387678673316,1.954761713256785,0.0357960462139974,0.0519396459692216,1.8532414623582936,0.0427531015787699,0.0580970737854823,1.5309695894735893,0.0388209802349379,0.0037250161618374,-0.1929734951974214,-0.0013292972158318,0.0236553478012747,GMD_2024,2025-04-21,18.20524420395318,GMD,2024,vi,VN100,,958,4,42,0.0041753653444676,0.0438413361169102,0.0052192066805845,0.0,0.8260869565217391,0.0135699373695198,0.0511482254697286,0.0,0.0,0.5806451612903226,0.9705334910419752,1.9092329408152533,6.86484777797086,0,2025,-0.37875002175421135,-1.1138386750182527,0.5509096682547365,0.9048242879009759,-0.2196204057728489,T2 Trung tính
0.0022868330289714,1.092076554509879,0.0160193818782217,0.0785714285714285,-0.0108363456277684,-0.3382260848185542,-0.0006716620850663,-0.0109495920378543,-0.483322692476605,-0.0065729219561366,0.0339149009240328,1.2223178975869144,0.0388613604946959,0.0166742219373986,0.4249366581373808,0.0317113761644535,-0.0227760317632367,-0.4286827053180702,0.0067769396292524,-0.0006240179512602,0.0429867029285562,0.0012479896962574,-0.0205069636197761,GMD_2023,2024-04-19,18.308465377131217,GMD,2023,vi,VN100,,993,9,32,0.0090634441087613,0.0322255790533736,0.0060422960725075,0.0,0.5609756097560976,0.0201409869083585,0.0523665659617321,0.0,0.0,0.4444444444444444,1.468464559658032,2.617057631557907,6.900730664045173,0,2024,0.6099016654121524,-0.18801737735396315,-0.5604314397435273,1.2317752009548528,0.2045112402674256,T1 Tiêu cực
0.0004334286387698,1.146364074042922,0.0225521916737981,0.0571428571428571,-0.0242731131338466,-0.5381541954977245,-0.0280426134561019,0.0296810530343296,0.9306267956970314,0.0256148889115319,0.0287080686371922,0.7349445852242447,0.0224702902600684,-0.0082121935158107,-0.1486602283397295,-0.0149675133351384,0.0528633216773679,0.7067557525377177,0.0504056501908408,-0.0286997690174803,0.0869889160333168,0.001702468620125,-0.0040877891203967,GMD_2021,2022-04-19,18.54081884843809,GMD,2021,vi,VN100,,810,7,25,0.0086419753086419,0.0308641975308641,0.0,0.0,0.5625,0.0172839506172839,0.0580246913580246,0.0,0.0,0.5409836065573771,1.2363965920674442,1.366209130852462,6.697034247666484,0,2022,0.5246563450278281,-0.5905565806947012,-0.5540412283725374,-1.168370199088151,0.00683855966730801,T1 Tiêu cực
-5.246638002059196e-05,0.91607835123196,0.015633978967424,0.0857142857142857,0.0339490448845473,1.0857455083982708,0.0360977167259837,0.0099452396042849,0.4498116812980199,0.0116072818984248,0.0129903213715946,0.4797221204133218,0.0146975563028994,0.028938370804125,0.7556643407420409,0.0308625974130984,0.0430232444739994,0.8297309543835694,0.0425943778516646,0.0355882386318137,-0.061619837808144,0.0002743749083348,-0.0275125729945128,GMD_2018,2019-05-03,15.82210290423399,GMD,2018,vi,VN100,,643,0,19,0.0,0.0295489891135303,0.0031104199066874,0.0,1.0,0.0067442587095766,0.0668740279937791,0.0,0.0,0.8296392229417208,0.0,0.014039417041159,6.466144724237619,0,2019,-1.2232499145337272,-2.0755356820240594,1.2799494351015976,0.06716343608174108,-1.0463090641787947,T3 Tích cực
-0.0030261173407736,0.768219386037915,0.0182519996681086,0.0285714285714285,-0.0155567682575183,-0.4261661335853602,-0.0131001349092436,-0.0130166000835762,-0.5042804270467032,-0.0110048481348368,-0.0259471360367329,-0.8207640942314319,-0.0323037859361015,0.0193200374144506,0.432137430942911,0.0209887297182538,0.0159057047517436,0.2627520553013518,0.0016801527101135,-0.0128923924862993,-0.1154310564474521,-0.0009677162601339,,GMD_2017,2018-04-23,17.074676165689777,GMD,2017,vi,VN100,,750,1,18,0.0013333333333333,0.024,0.0026666666666666,0.0,0.8947368421052632,0.012,0.0453333333333333,0.0,0.0,0.5813953488372093,0.6586464409042363,1.3589255063082106,6.620073206530356,0,2018,-0.9535729487728059,-1.3350333934737395,0.8386885235890238,-0.10910602920252252,-0.4852820129531869,T3 Tích cực
0.0011760871006369,0.8653752023800071,0.0164615733674331,0.0857142857142857,-0.0101760456121235,-0.3090848421650695,-0.0037383389630536,-0.0091315420514721,-0.3922453317895032,-0.0059601954278519,0.0204295314158413,0.7165168965980249,0.0244304841872488,0.0225385871216879,0.5589587007584268,0.0296299110999178,0.0888619276414794,1.6276013651259038,0.1013945162132495,-0.0038922005022545,-0.0981925601553641,0.0008842646944441,-0.0257233109982227,GMD_2016,2017-04-20,16.42388225823358,GMD,2016,vi,VN100,,762,5,23,0.0065616797900262,0.0301837270341207,0.0078740157480314,0.0,0.6428571428571429,0.0170603674540682,0.0577427821522309,0.0,0.0,0.543859649122807,0.7055791452860734,2.4038457664416355,6.635946555686647,0,2017,0.10390050751807452,-0.6220581015827676,-0.21718580038749205,1.9593783340387452,-0.4453053044944927,T2 Trung tính
0.0003340342239422,1.197655155926092,0.0190611567735114,0.0357142857142857,0.0188947382432763,0.4956346161932204,0.0132803835343894,-0.0236091912066261,-0.875824033079379,-0.0280392764900208,-0.0361323995200296,-1.0944273129501778,-0.036738757059527,0.025786112076019,0.5522821252576595,0.0230749258922923,0.0248418391190536,0.3929507743716289,0.0257886103985889,0.0118764999778634,-0.0134752599453901,0.0012790108459743,-0.0635618477590556,GMD_2020,2021-04-20,18.01913894847098,GMD,2020,vi,VN100,,1030,6,25,0.0058252427184466,0.0242718446601941,0.0029126213592233,0.0,0.6129032258064516,0.0184466019417475,0.0446601941747572,0.0,0.0,0.4153846153846154,0.9099938416833768,1.098840857158781,6.937314081223682,0,2021,-0.045049578685012776,-0.4267460125984169,-0.34275198142851265,-0.011406906737314492,-0.2711873449568791,T2 Trung tính
-0.0005537441956087,1.3179514542163957,0.0134439713802069,0.0285714285714285,-0.0389493285876584,-1.44857971971742,-0.0399989397433473,-0.066738098993208,-3.5101950924318333,-0.0736065482861738,-0.055811116159937,-2.396803892795632,-0.0627448568085982,-0.0435564117972771,-1.3226620432380505,-0.0448138274099844,0.039478232111792,0.8853882910747636,0.0464711114044109,-0.0422490787977013,-0.2489813576790024,-0.0004298094878201,-0.0105238506393688,GVR_2024,2025-04-21,18.47639233790421,GVR,2024,vi,VN30,,1799,4,59,0.0022234574763757,0.0327959977765425,0.0016675931072818,0.0,0.873015873015873,0.0211228460255697,0.0800444691495275,0.0,0.0,0.5824175824175825,0.7346175148379684,2.854247582657233,7.4949862339505335,1,2025,-0.7735384652381403,-0.049679342212526706,0.7476346847054768,-0.50596208840369,-0.42057077344664656,T3 Tích cực
0.0034728058945827,1.9392826440711304,0.0209179729543786,0.0785714285714285,-0.0026502883918624,-0.0633495510688965,0.0216190443937048,-0.0006428987718663,-0.0217324155736644,0.0042931362862285,-0.0239647535286086,-0.6614434836005011,-0.03307165482808,0.0011286019361354,0.0220265038130784,0.0353916840204526,-0.0239539624562945,-0.3452720511645382,0.0591094063914298,0.0191066727507043,0.0996231742985774,0.0023352938571605,-0.0445012175517818,GVR_2023,2024-04-19,18.69254798997617,GVR,2023,vi,VN30,,1801,17,48,0.0094392004441976,0.0266518600777345,0.0011104941699056,0.0,0.4769230769230769,0.028317601332593,0.0749583564686285,0.0,0.0,0.4516129032258064,1.8378403678843231,4.086130566029679,7.496097345175956,1,2024,0.6859012867165826,0.9640183411415018,-0.9127778636455003,-0.7272551921951829,0.5191410744448821,T1 Tiêu cực
0.0013046744353515,0.9276993300673416,0.0307418650125103,0.0071428571428571,-0.0591898674034929,-0.9626915507469328,-0.0560693768635068,-0.0364874576389273,-0.8392636137801972,-0.0345286106891201,0.0039365336436763,0.0739304124172572,0.007305735109953,-0.0521089355150017,-0.6920004311135318,-0.0465989599416973,0.0107189375014961,0.1051296418485313,0.0214696583677173,-0.0561364608359774,-0.1683747825920032,0.0003228668708612,0.0273324820421487,GVR_2025,2026-04-20,19.21988181197372,GVR,2025,vi,VN30,,1534,3,60,0.0019556714471968,0.0391134289439374,0.0039113428943937,0.0,0.9047619047619048,0.0182529335071707,0.0814863102998696,0.0,0.0,0.6339869281045751,0.1637597086132566,2.4773332241454065,7.335633981927201,1,2026,-0.8277002581047402,-0.45403272842010156,0.880713372304507,0.38530931997488554,-0.9068205302291852,T3 Tích cực
-0.002246007067586,1.580510407687927,0.0185020103253815,0.0285714285714285,-0.14570269167523225,-3.952785680838572,-0.1490995428474721,-0.0611512383140327,-2.337067947178092,-0.07466563683291379,-0.0085509707937639,-0.2668307498909822,-0.0451865252865262,-0.131414539092114,-2.8996719806633133,-0.16993091737348434,-0.1530691671579613,-2.494436528331347,-0.1938218392903185,-0.14247405221521642,0.0391478733978923,9.444928475714072e-05,-0.055861399372528,GVR_2021,2022-04-19,18.055782129062777,GVR,2021,vi,VN30,,1233,15,25,0.0121654501216545,0.0202757502027575,0.0024330900243309,0.0,0.25,0.0227088402270884,0.0794809407948094,0.0,0.0,0.5555555555555556,1.6066677683518558,3.297400797956071,7.117205503164344,1,2022,1.2373063424090467,0.17377768714926742,-1.864034559425491,-0.2018882922581739,0.32223105749890835,T1 Tiêu cực
0.004585978909134,1.3085261719990164,0.028843139372209,0.0428571428571428,-0.1099377538293888,-1.9057868911335667,-0.0949753819863562,-0.0499596345291006,-1.2247902665951391,-0.0399390702126036,-0.0801425293196821,-1.6042050859705783,-0.0603281697195162,-0.16131210164133894,-2.2839664190189595,-0.1298983795344132,-0.1473777655850316,-1.540611363034374,-0.1022267720878077,-0.0911425826029453,-0.067259231505678,0.0028310201358278,0.0704087138171192,GVR_2020,2021-04-13,18.601155932064582,GVR,2020,vi,VN30,,1485,16,27,0.0107744107744107,0.0181818181818181,0.002020202020202,0.0,0.2558139534883721,0.0262626262626262,0.0612794612794612,0.0,0.0,0.4,2.3874300867843234,3.743654088773501,7.3031700512368,1,2021,0.9559578895949692,0.6744847324387643,-1.8396625904756687,-0.365897343114178,0.9872749323536476,T1 Tiêu cực
0.0041580739231094,0.6043244869400399,0.0355670687139401,0.1357142857142857,-0.0146112074058791,-0.2054035929049221,-0.0022726233111071,-0.0036490629740639,-0.0725468043118785,0.0021509995077313,0.0099824829867358,0.1620428516594025,0.0190639440992086,-0.0551518348814013,-0.6330474543001227,-0.0261661326676537,-0.0470359514400096,-0.3987360633015352,0.0024775911540692,-0.0025050844974532,0.1324485439081888,0.0017216026294029,-0.0717891408134123,GVR_2018,2019-04-24,14.742946678404795,GVR,2018,vi,VN30,,1289,12,34,0.0093095422808378,0.0263770364623739,0.0,0.0,0.4782608695652174,0.017067494181536,0.0667183863460046,0.0,0.0,0.5925925925925926,1.914573626268692,2.1726985319430177,7.161622002939187,1,2019,0.6596769216558281,-0.6210539886121774,-0.9071698654389858,-1.168370199088151,0.5845015334237751,T1 Tiêu cực
0.0006173385468407,0.7789189644794189,0.0226633262829197,0.1428571428571428,-0.0376935252735343,-0.8315973746082924,-0.0392450185410241,-0.0113869809248893,-0.3552793322884548,-0.0121840460894733,-0.0348053126739044,-0.8866684612246168,-0.038097716839596,-0.0545154853705134,-0.9820206190603644,-0.0592590956922187,-0.068788036002753,-0.9151513315891636,-0.0710293031284703,-0.0391903888333069,0.085863654246272,0.0007417901508286,0.0014655946795584,HAG_2025,2026-04-16,18.45557365823238,HAG,2025,vi,VN100,,573,9,9,0.0157068062827225,0.0157068062827225,0.0,0.0008180912887344,0.0588235294117647,0.031413612565445,0.0488656195462478,0.0,0.0,0.217391304347826,3.036347390838175,3.2153704898932163,6.35088571671474,0,2026,1.9535729805557362,1.400227674253427,-2.6654422443049453,-1.168370199088151,1.5400148227913701,T1 Tiêu cực
0.0015074859176016,1.0603701784745478,0.0198643475588976,0.2142857142857142,-0.0211829489890797,-0.5331901520115989,-0.0149317346500167,-0.0285601940807191,-1.0166509041689922,-0.0266390692250196,-0.0316966734127773,-0.9212526549398616,-0.0281753189682932,0.0574012503550458,1.1796995727372432,0.0668382616001146,-0.0078607133783646,-0.1193139745981495,0.0112059335027469,-0.0155664900541694,0.074042284557633,-0.0005029913435873,0.019837308812822,HAG_2024,2025-04-21,18.10732212293727,HAG,2024,vi,VN100,,1010,8,26,0.0079207920792079,0.0257425742574257,0.0039603960396039,0.0,0.5294117647058824,0.0316831683168316,0.0564356435643564,0.0,0.0,0.2808988764044944,2.4540730079933013,4.590490394940625,6.917705609835305,0,2025,0.37879146622425697,1.4382064558874068,-0.6927464046016737,0.4047944096528967,1.0440405644879438,T1 Tiêu cực
-0.0007340528526465,1.8169317712477493,0.0220169235604703,0.0428571428571428,-0.0001652019836402,-0.0037517045282584,-0.0059162473906387,0.0108218218634183,0.3475591675375959,0.0110055522481529,-0.0097136083970906,-0.2547201659423427,-0.019021979826702,0.0249304058192435,0.4622714671431178,0.0115608717132247,0.0558218334368024,0.7644535809055922,0.0382843089536029,-0.006350442805215,0.0931251001323073,-0.0003343148267711,0.0410990061780711,GVR_2022,2023-04-17,17.30988341569237,GVR,2022,vi,VN30,,1372,19,38,0.0138483965014577,0.0276967930029154,0.0007288629737609,0.0,0.3333333333333333,0.0306122448979591,0.0867020602990599,0.0,0.0,0.4782608695652174,2.795675313523028,4.008933882383232,7.22402480828583,1,2023,1.5776952473417958,1.2873197971429589,-1.514703004478037,-0.8788482867651899,1.3350132658664007,T1 Tiêu cực
-0.0003035196593464,1.232650365915802,0.0231679782591296,0.0571428571428571,-0.0266698078653913,-0.5755747775462815,-0.0239144882855162,-0.0340568495872365,-1.0394445738697722,-0.0322745295691407,-0.0247890525288973,-0.6177477374347414,-0.0214410383263482,-0.0556952120756948,-0.9814181825712264,-0.0518474321232075,-0.0207277850092017,-0.26975432462608,-0.0185374894848715,-0.0245030928207701,-0.0096467040093712,0.000223319041706,-0.1007619386376319,HAG_2020,2021-04-29,17.726519867442914,HAG,2020,vi,VN100,,691,5,7,0.0072358900144717,0.0137322681302144,0.0101302460202604,0.0,0.1666666666666666,0.0388737060041408,0.044862518089725,0.0,0.0,0.0271959459459459,1.2140654788337204,4.283754305885005,6.53813982376767,0,2021,0.24026473322816708,2.451309902029604,-2.2133661143729455,2.8556072914325714,-0.01218281178488023,T1 Tiêu cực
-0.0004875047045792,1.0625492320015428,0.0202822088873356,0.0571428571428571,-0.0452658128055403,-1.1158994825707724,-0.0459537371922454,-0.0590276012617512,-2.0579029316388646,-0.0603877168884489,-0.013632438934372,-0.3880589304740552,-0.0157689590229378,-0.0917877432984186,-1.847539856002232,-0.0909858456106987,-0.0065849426820318,-0.0978904680972215,-0.0071928245824137,-0.047519190055132,0.1189298322830804,-0.0013124281833051,0.0532980846151267,HAG_2019,2020-04-29,15.975826027335472,HAG,2019,vi,VN100,,872,8,17,0.0091743119266055,0.0194954128440367,0.0011467889908256,0.0,0.36,0.0263761467889908,0.0458715596330275,0.0,0.0,0.2698412698412698,1.8121192923172564,1.9236633260008515,6.77078942390898,0,2020,0.6323255379497216,0.6904790907842929,-1.4029169068948515,-0.7128380159378181,0.4972321741858423,T1 Tiêu cực
-0.0003190264965947,1.0143195594695744,0.0210665958112367,0.1142857142857142,0.0029126555844143,0.0691297163175456,0.0018532254382029,-0.0012290922782948,-0.0412548611305651,-0.0018141494143242,-0.0055543275907307,-0.1522216763643091,-0.0066027705308354,0.015980379840535,0.309682817732791,0.0143229974064077,-0.0201915770555524,-0.288987817572209,-0.0238631930107066,0.0017883647471956,-0.1026874367731344,0.0007777222600889,-0.029652014724138,HAG_2018,2019-04-19,17.043448691523853,HAG,2018,vi,VN100,,678,4,19,0.0058997050147492,0.0280235988200589,0.0073746312684365,0.0,0.6521739130434783,0.0206489675516224,0.0648967551622418,0.0,0.0,0.5172413793103449,0.4013723552687335,1.0390910534460909,6.519147287940395,0,2019,-0.0299890040871556,-0.11644596466635733,-0.17813009859212464,1.7610108017017931,-0.7044249592396553,T2 Trung tính
-0.0040809438339071,0.5586615672944797,0.0261710416488407,0.0642857142857142,0.0255394921476,0.4879341924995815,0.0290503721473723,-0.0122483228425682,-0.3309334132111532,-0.0136046790852205,-0.0183722631308028,-0.4053041222629942,-0.0067922187405741,-0.0462494976962643,-0.7214568920358079,-0.0442811886472931,0.0244485420424753,0.2816667705895179,-0.0060515046599989,0.0290739755914231,-0.198686118142251,-0.002575239024648487,,HAG_2017,2018-04-20,17.888739235023753,HAG,2017,vi,VN100,,1127,4,24,0.0035492457852706,0.0212954747116237,0.0044365572315882,0.0,0.7142857142857143,0.0141969831410825,0.0523513753327417,0.0,0.0,0.5733333333333334,0.6225843922070418,0.8107557242355237,7.027314514039777,0,2018,-0.5053875389500738,-1.0254917029718844,0.08224124671032579,0.5939370933125269,-0.5159992287237082,T2 Trung tính
0.0031656470208835,1.814948480957478,0.028331274808643,0.0642857142857142,0.0229167235752418,0.4044421532392632,0.0462449898364611,0.0440009993906284,1.0981999665827482,0.0542956720911357,0.049547392315922,1.009703957356506,0.0693008342857163,0.0262493477591465,0.378248116995913,0.056526234010618,0.0450283188736627,0.4792071327313696,0.0928958075696361,0.0453468444548286,-0.067580270385363,-0.0007706717379329,0.0905025021251497,HAG_2016,2017-06-14,17.818872790480537,HAG,2016,vi,VN100,,1222,13,28,0.0106382978723404,0.0229132569558101,0.0040916530278232,0.0008180912887344,0.3658536585365853,0.0302782324058919,0.0384615384615384,0.0,0.0,0.119047619047619,2.49888998100566,3.170340014392518,7.108244139731541,0,2017,0.9284280037715443,1.2402594490183592,-1.37837849523025,0.4569328439033249,1.0822151186227273,T1 Tiêu cực
-0.0020546302046269,0.9433739725044415,0.0187927209820107,0.0714285714285714,0.0483557587284366,1.286555543891836,0.038048497078639,0.0322741870605876,1.2143689330390344,0.028829406983867,0.0430758547948503,1.323377087606777,0.037846119181862,0.0519961141413349,1.129550357783937,0.0377858319995749,0.0924489514936634,1.483255548589352,0.0658206406740854,0.0398504802542571,0.0756775281541479,-0.0013141660187682,-0.0125607258849688,HCM_2025,2026-04-03,19.541954775447643,HCM,2025,vi,VN100,,651,0,32,0.0,0.0491551459293394,0.0030721966205837,0.0,1.0,0.0153609831029185,0.0506912442396313,0.0,0.0,0.5348837209302325,0.0,0.9746170745094348,6.478509642208569,0,2026,-1.2232499145337272,-0.8614911199936828,1.2799494351015976,0.05198022704738939,-1.0463090641787947,T3 Tích cực
0.0068139657791218,0.4405316681032318,0.0411677030718048,0.0785714285714285,-0.0684651175930661,-0.8315391980170607,-0.0522659650672107,-0.0577600979969143,-0.9921019131035798,-0.0538550652070206,-0.0437849265472157,-0.6140551267674782,-0.0303577868833307,-0.0694188317035679,-0.6884066210725758,-0.0330986302765577,-0.1784984610168336,-1.3073187710369765,-0.0917931015626787,-0.0527723345081164,0.2022704680685865,0.0040092690992824,-0.0772522562660462,HAG_2021,2022-03-31,19.595718016780687,HAG,2021,vi,VN100,,1059,7,21,0.0066100094428706,0.0198300283286118,0.0037771482530689,0.0,0.5,0.0207743153918791,0.0538243626062322,0.0,0.0,0.4430379746835443,1.753212376805156,1.6675041736183105,6.9650803456014065,0,2022,0.11367555311959208,-0.09878520903821113,-0.8160398945831282,0.3320039792201292,0.4470559778927619,T1 Tiêu cực
0.0022647412657838,1.929361838336107,0.0178343801614091,0.0357142857142857,-0.0164220182676553,-0.4604033927456055,-0.0341131142387778,0.0036629857214662,0.1452319631855181,-0.0054041213304589,-0.0018691440568604,-0.0605095783882458,-0.0046683906192555,-0.0172925717068065,-0.3958457077360928,-0.0243205781303877,-0.0121693119922775,-0.2057366495594545,-0.0562621407717254,-0.033370167082401,0.0694311405982722,0.0012998376997375,-0.057650390758038,HCM_2023,2024-04-03,18.799959052919323,HCM,2023,vi,VN100,,919,3,25,0.0032644178454842,0.0272034820457018,0.0021762785636561,0.0,0.7857142857142857,0.0217627856365614,0.0402611534276387,0.0,0.0,0.2982456140350877,0.8540846853835613,1.3140987502803756,6.823286122355687,0,2024,-0.5629961898742234,0.040484294140125755,0.38166829380814365,-0.30389998427397935,-0.31881008630553787,T2 Trung tính
0.0009579848566089,1.7534052554838984,0.0117545226224206,0.0642857142857142,0.0396896848380225,1.6882729359981907,-0.006522200721497,-0.0017608009876077,-0.105923001609826,0.0001293906976753,0.0154953687102573,0.7610904826534971,0.0147296404075548,0.0630506179133469,2.1898215523203697,-0.0414539879718575,-0.0389590802033024,-0.9993263897595548,-0.0749849922402999,-0.0063080165459268,0.0089834593376135,0.000794325792267,0.0050222970568018,HCM_2024,2025-03-31,18.986833258501225,HCM,2024,vi,VN100,,505,0,18,0.0,0.0356435643564356,0.0019801980198019,0.0,1.0,0.0217821782178217,0.0475247524752475,0.0,0.0,0.3714285714285714,0.0,0.7155235812857517,6.22455842927536,0,2025,-1.2232499145337272,0.04321659202364536,1.2799494351015976,-0.3817878947176469,-1.0463090641787947,T3 Tích cực
0.0031341534176649,1.995753432900378,0.0243940481606484,0.0428571428571428,-0.0210178908034302,-0.4307995676858491,-0.0135027560097374,-0.0170199729288392,-0.4933555182943365,-0.010968724361137,-0.0004349335105848,-0.010293862575086,0.0076346845905338,-0.0132560325851777,-0.2218472557565141,-0.0092776515185442,-0.0121056057720179,-0.1496257385905087,-0.0042541838905836,-0.0140341854311539,0.0513373820873749,0.0021591819074422,0.0057254987010315,HCM_2022,2023-04-10,17.862813361287767,HCM,2022,vi,VN100,,704,4,25,0.0056818181818181,0.0355113636363636,0.0042613636363636,0.0,0.7241379310344828,0.0227272727272727,0.046875,0.0,0.0,0.3469387755102041,1.1669949045070398,1.7841266651635102,6.556778356158042,0,2023,-0.07405829907524365,0.1763747153924666,0.12354152906864546,0.5243459814819508,-0.052276956190699594,T2 Trung tính
0.0013689885031751,1.347121342852026,0.0187979056166388,0.05,-0.0014021532074659,-0.0372954635495371,0.0099799169629306,0.0244254725950955,0.9187947667101052,0.0321148025852122,0.0266577733096976,0.8187546480032774,0.0336233835672148,-0.0425159006159346,-0.923349871946552,-0.0331551756069575,-0.0820346250231099,-1.3158045687152038,-0.0719067998539113,0.008728189553776,0.0678411860989118,0.0008133609713229,-0.0574456153443997,HCM_2020,2021-04-09,17.639610284826905,HCM,2020,vi,VN100,,2261,14,74,0.0061919504643962,0.0327288810260946,0.010172490048651,0.0,0.6818181818181818,0.020344980097302,0.057938965059708,0.0,0.0,0.480225988700565,2.157683464315956,2.960460390965733,7.72356247227797,0,2021,0.029119895501525217,-0.15927596583574705,-0.053861956515955385,2.872387636057244,0.7915795453786322,T2 Trung tính
-0.0024574832351453,1.775029252493733,0.0195976863709478,0.0071428571428571,-0.0812636342030361,-2.073296629634392,-0.1030020478573042,-0.0249531618833659,-0.9003384198417661,-0.0208433928506204,-0.0542198808828868,-1.5973244101696544,-0.0665568207966277,-0.0638975114543975,-1.331078032497937,-0.1166723009032002,-0.0191378181652822,-0.2944362501817053,-0.100437991251526,-0.0989907307060098,-0.0787636424127166,0.0004084201102582,-0.0392683674790527,HCM_2021,2022-04-13,17.800544287019804,HCM,2021,vi,VN100,,927,4,38,0.0043149946062567,0.040992448759439,0.0064724919093851,0.0,0.8095238095238095,0.0151024811218985,0.0593311758360302,0.0,0.0,0.5942028985507246,0.6297576734625295,0.8638684516484124,6.831953565565855,0,2022,-0.3505089250161692,-0.8979124919681548,0.4814773095074164,1.4026593394692586,-0.5098891147377383,T2 Trung tính
-0.0002428074146732,1.5067526326351035,0.0198940510808229,0.05,0.044515622057841,1.1188174262996713,0.0362108632089689,-0.0264957420258108,-0.9417548383134656,-0.0177579838747242,-0.0299457574622908,-0.869063372849532,-0.0191818234758708,0.0536143010817074,1.100225724368477,0.0499132474212485,0.0059667683155167,0.0904314727194833,-0.0071287708550644,0.0333344768408712,0.0769943107306641,-0.0003729357307538,0.0060837859665882,HCM_2019,2020-04-17,15.827315853098932,HCM,2019,vi,VN100,,1634,7,54,0.0042839657282741,0.033047735618115,0.0024479804161566,0.0,0.7704918032786885,0.0232558139534883,0.0526315789473684,0.0,0.0,0.3870967741935484,2.6114275073845348,2.292449921113568,7.3987862754199485,0,2020,-0.3567847552651545,0.25084299036615987,0.31785597229549384,-0.19597347030697806,1.1780732188955927,T2 Trung tính
0.0026209826005574,1.1977259227627683,0.023235971352553,0.0357142857142857,0.0069139296966263,0.1487764292639883,0.0126270256104453,0.0026712009830659,0.0812888043447577,0.0062089832478461,-0.0019858082311514,-0.0493418975010184,0.0026948906854695,-0.0656365989718039,-1.1532132190874336,-0.0615607119619177,-0.0224182454444904,-0.2909004846186453,-0.0152052997145978,0.0125853745248083,0.051018462886303,0.0022533188449082,0.0093807349295443,HCM_2017,2018-04-17,15.470552863857716,HCM,2017,vi,VN100,,1834,0,36,0.0,0.0196292257360959,0.0038167938931297,0.0,1.0,0.0125408942202835,0.034896401308615,0.0,0.0,0.4712643678160919,0.0,0.7286694525776226,7.51425465281641,0,2018,-1.2232499145337272,-1.258824656047224,1.2799494351015976,0.34775218147335,-1.0463090641787947,T3 Tích cực
-0.0004785626876253,1.5601926209496333,0.0196076058024757,0.0785714285714285,-0.0816659678064791,-2.0825073858881766,-0.0900609625474021,-0.0144971883367463,-0.5228103973692448,-0.0240082980269621,-0.0141100116438756,-0.4154723989724328,-0.027365432030712,-0.0327126079483269,-0.6811064240098519,-0.0356614361983796,-0.0345916263403405,-0.5319245946739087,-0.0508112757424045,-0.086747903089379,-0.0652858616582094,-0.0002022632467207,0.0107870487247732,HCM_2018,2019-04-17,15.138464475658122,HCM,2018,vi,VN100,,3666,10,73,0.0027277686852154,0.0199127114020731,0.0049099836333878,0.0,0.7590361445783133,0.013911620294599,0.0379159847244953,0.0,0.0,0.4631578947368421,1.936578185411523,6.646948964512046,8.20685642839965,0,2019,-0.6715376277888033,-1.0656976090870316,0.2698340954945008,0.7819934525016042,0.6032447500613288,T2 Trung tính
0.0004954769506919,1.0437387952964934,0.0131268881788979,0.0857142857142857,0.0050631100370379,0.1928526383418546,0.0064818600645633,0.0101493909808495,0.5467177818280747,0.0108742006389218,0.0085769023959763,0.3772315905829424,0.0099097586036461,0.0118992295373848,0.370067913299028,0.014860784482171,0.0757581396647208,1.7400878442569,0.0813397633770317,0.0063948030451607,0.0174583164594953,-0.0003336211550634,-0.0286970445446419,HCM_2016,2017-04-20,14.638627491616315,HCM,2016,vi,VN100,,3259,7,76,0.0021478981282602,0.0233200368211107,0.0049094814360233,0.0,0.8313253012048193,0.0223995090518564,0.0325253145136544,0.0,0.0,0.1843575418994413,2.609703050952369,8.30668828238697,8.089175678837561,0,2017,-0.7888209270391366,0.13019478789267092,0.5728686973766299,0.7817939676236945,1.1766043478184536,T2 Trung tính
0.0006449067103118,1.0557059815745569,0.0206200579471442,0.1142857142857142,-0.0176689495320096,-0.4284408311873039,-0.0134727029303811,0.008494426071306,0.2912924053222752,0.0102854360652588,0.0132240360172862,0.3702657273769164,0.0155785286813997,-0.0220433492084849,-0.4364274656031358,-0.0163878892223641,-0.0101189360428881,-0.1479614664424426,-0.000250708376467,-0.0140036136216672,-0.0161217078541313,0.0006693536238383,0.0117721630822664,HDB_2025,2026-04-20,19.83494947755002,HDB,2025,vi,VN30,,1023,2,40,0.0019550342130987,0.0391006842619745,0.0019550342130987,0.0,0.9047619047619048,0.021505376344086,0.0498533724340175,0.0,0.0,0.3972602739726027,0.0904836227988388,2.398814919498373,6.930494765951626,1,2026,-0.8278291436232814,0.004216875399505456,0.880713372304507,-0.3917835642746324,-0.9692362115367146,T3 Tích cực
0.0015074974131875,0.9987362479023966,0.0165283721841739,0.0785714285714285,-0.0128685641841352,-0.3892871010146128,-0.0068284260306215,-0.0189965514819713,-0.812698928992118,-0.0159720423244329,-0.012884503041706,-0.4500667831419207,-0.0083528217517923,-0.0291111979123131,-0.7190421808408094,-0.0200661801460936,-0.0268251216763275,-0.4893451342314303,-0.0102537322219397,-0.0075767431104828,0.0400018725444336,0.0015455443777001,0.10540866551723907,HDB_2022,2023-04-21,16.967350743830085,HDB,2022,vi,VN30,,921,15,30,0.01628664495114,0.0325732899022801,0.00542888165038,0.0,0.3333333333333333,0.0282301845819761,0.0586319218241042,0.0,0.0,0.35,3.2509084249412825,4.358181260516236,6.825460036255307,1,2023,2.0708498301030027,0.9517018475562112,-1.514703004478037,0.9881122314608122,1.722775309746291,T1 Tiêu cực
-0.0001492623507053,1.2538769159064722,0.0211676522305753,0.0357142857142857,0.0151378686903165,0.357570800139349,0.0049951761386259,0.0329243518585123,1.0998400867384814,0.024069217432976,0.0439836725270208,1.1996599763078049,0.0304606788216628,0.02515915035809,0.4852300109304275,0.0080352433539765,0.0343838731873729,0.4897627627092955,0.0202091382944493,0.0045645778366791,-0.0285195257527849,0.0002186472340561,-0.0232948696394934,HDB_2021,2022-04-19,17.851020208874257,HDB,2021,vi,VN30,,1269,16,43,0.0126083530338849,0.0338849487785658,0.0023640661938534,0.0,0.4576271186440678,0.0299448384554767,0.0504334121355398,0.0,0.0,0.2549019607843137,3.1408291632909853,4.10376283925191,7.1459844677143876,1,2022,1.3268868775317761,1.1932862496865864,-0.9936661089631897,-0.22930621869307777,1.6290111295588545,T1 Tiêu cực
-0.0018590826958939,0.9064590130174676,0.0169508297537995,0.1142857142857142,0.0026030559268383,0.0767825517879109,-0.0062486865520214,0.0003634132796521,0.0151598475206023,-0.0037009418671543,-0.0026749594770398,-0.0911099100499258,-0.0076553856209141,-0.0050404015465461,-0.1213943709255674,-0.0178722629750502,-0.0340728346960641,-0.6060674522722646,-0.0534623770063151,-0.0062910644721627,-0.04919124327609,-0.0010901559273101,0.0367188878428218,HDB_2018,2019-04-19,15.84622589432833,HDB,2018,vi,VN30,,941,1,46,0.0010626992561105,0.0488841657810839,0.004250797024442,0.0008180912887344,0.9574468085106383,0.0095642933049946,0.0573857598299681,0.0,0.0,0.7142857142857143,0.2531416138615223,1.4126730061545418,6.846943139585379,1,2019,-1.0083107813555208,-1.6782097947123809,1.1015673644901318,0.5201486689548369,-0.830686107236604,T3 Tích cực
0.0009017925142553,1.1643992470520448,0.015182687703198,0.0642857142857142,0.0446838331455762,1.4715389665877192,0.0531835392233924,-0.0037187560502947,-0.1731944746639312,0.0007213590818895,0.0028930952809184,0.1100153919966122,0.0087731877840884,0.0895313353798467,2.4074139787562228,0.0979162822259817,0.102386096790276,2.033274365697627,0.118528094491214,0.0538837442248616,-0.0300601719416824,0.0017398123579185,-0.0300712208653409,HDB_2020,2021-04-28,17.454084707139366,HDB,2020,vi,VN30,,976,11,22,0.0112704918032786,0.0225409836065573,0.0,0.0,0.3333333333333333,0.0276639344262295,0.0471311475409836,0.0,0.0,0.2602739726027397,2.557294019919236,4.449519431978156,6.883462586413092,1,2021,1.05629410957246,0.8719206115607551,-1.514703004478037,-1.168370199088151,1.1319629707273642,T1 Tiêu cực
-0.0001460070199303,0.9213266429964952,0.0243458603706488,0.05,-0.0710356440055834,-1.4588854721935256,-0.0739028183463063,-0.0060300785501894,-0.1751389915579675,-0.0070299307041613,-0.004537391417078,-0.1076020364935191,-0.0055682557125413,-0.1148947358500833,-1.9266347042161869,-0.118293167189091,-0.1303653925015789,-1.6145104005832007,-0.1358895384384877,-0.0740746245665068,0.000415760178605,0.0001928975455228,0.0008039766554977,HDG_2025,2026-04-20,18.063224585947832,HDG,2025,vi,VN100,,651,1,21,0.0015360983102918,0.032258064516129,0.0046082949308755,0.0,0.9090909090909092,0.0168970814132104,0.0629800307219662,0.0,0.0,0.5769230769230769,0.59628435641872,1.356651169286181,6.478509642208569,0,2026,-0.9125621659612413,-0.645064121145382,0.8988604660680114,0.6621554401151396,-0.5384012802783986,T3 Tích cực
-0.0007356282130055,1.2217498031445453,0.0121103178675683,0.0642857142857142,-0.0052842198104884,-0.2181701532640915,-0.0074139683398589,-0.0023631889734129,-0.1379837397002277,-0.0078523290384046,0.0074312065009937,0.3542771643709055,0.0015471013011482,0.0014480488792226,0.0488148606762752,-0.001525486905456,0.0137453433250001,0.3422186760846735,0.0147786906215297,-0.0077956029074962,-0.1044222732044455,-0.0007452336122968,-0.0273661223118638,HDG_2024,2025-04-21,17.80522125699898,HDG,2024,vi,VN100,,1238,16,18,0.0129240710823909,0.0145395799676898,0.005654281098546,0.0008077544426494,0.0588235294117647,0.0290791599353796,0.0565428109854604,0.0,0.0,0.320754716981132,4.143369623384017,4.128018235727082,7.121252453244542,0,2025,1.390743291549571,1.071317360835683,-2.6654422443049453,1.0776463162186534,2.4829629360670373,T1 Tiêu cực
-0.0009098887044497,1.390266964367043,0.0170388411189665,0.0642857142857142,0.0190299773784784,0.5584293334743134,0.0254359424465939,0.0127266181060955,0.5281508232607708,0.0118089050185461,0.004031224951787,0.1365954876172551,-0.0037370211540951,0.0265332515631027,0.6357330592763538,0.0348001107877706,-0.005106227726973,-0.0903574120405481,0.0088977540016792,0.0259504630191036,-0.0232107968107619,-0.0005305392740224,-0.0018581912878957,HDG_2023,2024-04-22,17.875620948813836,HDG,2023,vi,VN100,,957,11,20,0.0114942528735632,0.0208986415882967,0.0052246603970741,0.0,0.2903225806451613,0.0198537095088819,0.0491118077324973,0.0,0.0,0.4242424242424242,1.4150507906362615,2.1825976259096094,6.863803391452954,0,2024,1.1015515144397865,-0.22849303245304992,-1.6950031618702712,0.9069906353272815,0.15901403954166238,T1 Tiêu cực
-0.0005386416021839,1.3072603604227324,0.0175925244830964,0.1428571428571428,-0.0401538556501136,-1.1412192630084144,-0.0361086402624067,-0.0238606884520951,-0.9590468169856644,-0.0268297275008703,0.0016753512583355,0.0549815633860047,-0.0032514905990858,-0.0820446601168044,-1.9039105084979095,-0.0669687453764853,0.0090139514097169,0.1544865611591882,0.0264452408590364,-0.0365828890654126,0.2068235042849785,0.0007255271746319,0.014128908841618,HDG_2019,2020-04-29,14.839519773908394,HDG,2019,vi,VN100,,723,3,22,0.0041493775933609,0.0304287690179806,0.0027662517289073,0.0,0.76,0.0138312586445366,0.0456431535269709,0.0,0.0,0.5348837209302325,0.6687376752519373,0.5413895744433801,6.583409222158765,0,2020,-0.3840062451532652,-1.0770200815023534,0.2738745568529293,-0.06954844609474507,-0.4766864219080963,T2 Trung tính
-0.0014988017588547,0.9757061403953992,0.0194184271789694,0.1142857142857142,-0.0062260886402815,-0.1603139271501995,-0.0129263175132594,-0.0136136493548693,-0.495730353792478,-0.0168298290262091,-0.0106886823314286,-0.3177967795463967,-0.0153681540345891,-0.0374506860849578,-0.7873541162716465,-0.0472223952627142,-0.0424634714221987,-0.659333438591396,-0.0601601668315076,-0.0135211302301085,0.0532074845704225,-0.0004320196887716,-0.0107237506226863,HHV_2025,2026-04-20,18.05267311857397,HHV,2025,vi,VN100,,863,1,28,0.0011587485515643,0.0324449594438006,0.0,0.0,0.9310344827586208,0.0127462340672074,0.0521436848203939,0.0,0.0,0.6071428571428571,0.0546123195276298,0.9581992652221324,6.760414691083428,0,2026,-0.9888840694344292,-1.2298935085315004,0.99084745859336,-1.168370199088151,-0.9997909526664734,T3 Tích cực
-0.0001032469433152,1.5325845761272028,0.014300096288458,0.1642857142857142,0.0296701541529149,1.0374109920106762,0.0265959998239587,0.0172118902989726,0.8510882795429654,0.01255941817975,0.0085144574074665,0.3437616206942679,0.0068170402569208,-0.0097064167197224,-0.2771049895345734,-0.004995815862857,-0.0142981761018801,-0.3014708582743653,-0.000975290978193,0.0262300834228855,0.0170584713502217,-0.0008578114170631,0.0294046436259868,HHV_2024,2025-04-18,18.354637907026067,HHV,2024,vi,VN100,,973,8,20,0.0082219938335046,0.0205549845837615,0.001027749229188,0.0,0.4285714285714285,0.0246659815005138,0.0452209660842754,0.0,0.0,0.2941176470588235,2.387497971666748,3.47345212787916,6.880384082186005,0,2025,0.43971184760970905,0.44952710324562994,-1.1154669416809464,-0.7601234737982326,0.9873327558732847,T1 Tiêu cực
-0.0003872392983398,0.7155817207264166,0.0161510306461458,0.0714285714285714,-0.0261733111175924,-0.8102675207243907,-0.0374614589268581,-0.0379992005791805,-1.6636394913669683,-0.0458076447991151,-0.0174255229819056,-0.6229094975294375,-0.0283199268127944,-0.0420224651147361,-1.062198439222345,-0.0572181745562323,-0.0603568071004985,-1.1267554660751469,-0.0770511724096422,-0.0381163415749056,0.0146591531886813,0.0004987938318503,-0.0379913530595508,HPG_2025,2026-04-15,20.8196990332803,HPG,2025,vi,VN30,,985,2,26,0.0020304568527918,0.0263959390862944,0.0010152284263959,0.0,0.8571428571428571,0.0121827411167512,0.0710659898477157,0.0,0.0,0.7073170731707317,0.5225582733503085,1.7841183036690742,6.892641641172089,1,2026,-0.8125743321566951,-1.3092862709102537,0.6810953409059615,-0.765097037964186,-0.6012002637899471,T3 Tích cực
3.963963706192175e-05,1.4965339358358591,0.0095255996911682,0.0714285714285714,-0.0100916531495397,-0.5297122216303279,-0.0183000182129761,-0.0008957869732931,-0.0664962904016856,-0.0050384012641283,0.0352454689316189,2.13624145829386,0.0256829567857722,0.0087846416830194,0.3764923013461679,0.0023195537005901,-0.0211666911048483,-0.6699838017759812,-0.0155997688540409,-0.0179441995045508,-0.0424861750255678,-0.0001928323098806,0.0213314341036442,HPG_2024,2025-04-16,20.0670743699657,HPG,2024,vi,VN30,,951,2,25,0.0021030494216614,0.0262881177707676,0.0021030494216614,0.0,0.8518518518518519,0.0147213459516298,0.0841219768664563,0.0,0.0,0.7021276595744681,0.3282342838856412,1.0734394457358591,6.85751406254539,1,2025,-0.7978919243745366,-0.9516121415961241,0.6589155596394567,-0.33298836163889983,-0.7667230815282265,T3 Tích cực
0.0003689317007878,1.369557933070508,0.0107235092413635,0.0928571428571428,0.001195164310912,0.0557263617726,-0.0106433157353091,0.0043444778966444,0.2864742979455612,0.0037299648944293,0.0004523865543548,0.0243563457685191,0.0038924832034128,0.009437382864595,0.3592849443410356,-0.0088372470879104,0.0137478725507873,0.3865469264373511,0.0012049565550747,-0.0102294418382754,-0.0347113654231496,0.0005962575705914,-0.02187214061165,HPG_2023,2024-04-10,20.04238521039613,HPG,2023,vi,VN30,,868,5,17,0.0057603686635944,0.0195852534562211,0.0023041474654377,0.0,0.5454545454545454,0.0264976958525345,0.0806451612903225,0.0,0.0,0.5053763440860215,1.029548237890717,2.2571233242131217,6.7661917146603505,1,2024,-0.05817085738687483,0.7076046216564579,-0.6254954100663351,-0.2531073794865255,-0.16935236005484394,T1 Tiêu cực
0.0011569172936308,0.9176383085024936,0.0158620000315614,0.1,0.0241888653513132,0.7624784170717248,0.0258958495759418,-0.0031801087963895,-0.1417650038055576,-0.002287899161977,0.0247283252276588,0.9000696758536108,0.0266032190889007,0.0343804511390318,0.884867001321299,0.0410922366690216,0.0627452934756288,1.1926880446425598,0.0752155569494174,0.0267426969187476,0.0390435147879429,0.000463489827239,0.0157840307627821,HPG_2019,2020-04-15,17.770331444508848,HPG,2019,vi,VN30,,1073,7,31,0.0065237651444548,0.0288909599254426,0.0009319664492078,0.0,0.631578947368421,0.027027027027027,0.0708294501397949,0.0,0.0,0.4476190476190476,0.971369751953582,2.8736777094675894,6.9782137426306985,1,2020,0.09623197758637737,0.7821841955839159,-0.264463755192411,-0.7981706988951327,-0.21890808886933702,T2 Trung tính
7.441742436725175e-05,1.253066613791914,0.0164828606198779,0.0357142857142857,0.0223493496289732,0.677957247360949,0.0219882265624865,0.0281121030664895,1.2059956806136674,0.0267091966199594,0.0291282714254425,1.020284993991065,0.0278209731209332,0.0159501600953687,0.3950543380623119,0.015813616847637,0.0303600325783185,0.5553583479965943,0.0322563666615104,0.022041330829547,-0.0531106841958851,0.0015227095267,-0.0300603548636835,HPG_2016,2017-03-09,16.54952967670612,HPG,2016,vi,VN30,,1092,3,37,0.0027472527472527,0.0338827838827838,0.0009157509157509,0.0,0.85,0.0164835164835164,0.0677655677655677,0.0,0.0,0.6086956521739131,0.4447735109909209,1.3444399236194953,6.9957661563048505,1,2017,-0.6675968257406157,-0.7033329285276206,0.6511526361961798,-0.8046118989900614,-0.6674563811036012,T3 Tích cực
-0.0016498104078541,1.6705658442539926,0.0146048893427527,0.1,-0.0001329134136465,-0.0045503053986672,-0.0002540775753162,0.0025177679716075,0.1218996436327981,-0.0015352470769498,-0.0064062219906644,-0.2532462865002096,-0.0203392598929075,0.0079243030874293,0.2215068606573092,0.0083830490193913,0.0162760391007883,0.3360114766028069,0.0166308831360617,-0.0009086406513523,-0.0714622377121761,-0.001067234838479,-0.0036909329079977,HSG_2024,2025-01-13,18.08950319077608,HSG,2024,vi,VN100,,797,7,21,0.0087829360100376,0.0263488080301129,0.0037641154328732,0.0,0.5,0.0263488080301129,0.0577164366373902,0.0,0.0,0.373134328358209,1.360669331066649,4.07213104706912,6.680854678790215,0,2025,0.5531667357107718,0.686627224340239,-0.8160398945831282,0.326827029420429,0.1126925717420356,T1 Tiêu cực
-0.0021056911483652,0.9200256688538794,0.0179578608289028,0.1214285714285714,0.0487685505842458,1.357860801152709,0.040596211322203,0.0718313751098149,2.82842443908214,0.0692280627125421,0.0552499090512104,1.7763000931646875,0.0494503445081234,0.0285528976248602,0.6491124836192992,0.0166398647596068,0.0748076444162587,1.2560156060647796,0.0559243480459495,0.0403752802235639,-0.1263152696310922,-0.0022196384123614,-0.063489924806071,HSG_2025,2026-01-14,17.580691667352596,HSG,2025,vi,VN100,,790,2,38,0.0025316455696202,0.0481012658227848,0.0050632911392405,0.0,0.9,0.0177215189873417,0.0867020602990599,0.0,0.0,0.6626506024096386,0.6908242440250836,2.298660909872621,6.672032945461067,0,2026,-0.7112050428357733,-0.5289058331559214,0.8607515691646526,0.8428908829732169,-0.4578733504619371,T3 Tích cực
0.0028604373146493,1.93876913794512,0.017909757362454,0.0571428571428571,-0.0349272725339381,-0.9750906119800244,-0.0173605911798959,-0.0324329182708113,-1.2805051447004845,-0.023526987343318,-0.0464182684384746,-1.4963686685366404,-0.0314212917196715,-0.0498368941028434,-1.1360191211840378,-0.0330950661148428,-0.0449285772342871,-0.756374051179197,0.0093030906186957,-0.0177183378163521,0.0388554191010134,0.0022552709593376,-0.0669556744379272,HSG_2023,2024-01-08,18.97060636430588,HSG,2023,vi,VN100,,889,14,20,0.0157480314960629,0.0224971878515185,0.0067491563554555,0.0,0.1764705882352941,0.0191226096737907,0.0753655793025871,0.0,0.0,0.5952380952380952,3.0462968711807186,2.756301457796164,6.790097235513905,0,2024,1.9619110983906014,-0.3315005952549438,-2.1722682843791277,1.5125571150206227,1.5484896694938608,T1 Tiêu cực
0.0028486845666877,1.0461162546212663,0.0195451718477599,0.0214285714285714,-0.0641102441422453,-1.640053222391926,-0.0522341840146149,0.0038400138221279,0.1389243253846324,0.0100522642780457,-0.0245162553940138,-0.7241924891480402,-0.0154485574072723,-0.0538061101477649,-1.123871033492748,-0.0361925275911765,-0.1000449335558311,-1.5433316560001908,-0.0674240638405596,-0.0524831593644488,-0.006768924200196,0.0020612067462855,0.0283745607740921,HPG_2017,2018-03-21,17.934362010591496,HPG,2017,vi,VN30,,1214,0,33,0.0,0.0271828665568369,0.000823723228995,0.0,1.0,0.0197693574958813,0.0683690280065897,0.0,0.0,0.5514018691588785,0.0,2.3174475128430845,7.101675971619444,1,2018,-1.2232499145337272,-0.24037772296941637,1.2799494351015976,-0.8411675106968058,-1.0463090641787947,T3 Tích cực
0.0002896464465053,0.9944418225110584,0.0184781564549892,0.0357142857142857,0.0459975601200743,1.2446468951629257,0.0471229705441719,0.0026087598217674,0.0998298593775931,0.003196871730435,-0.0063705360450033,-0.1990474920712024,-0.0055413462563379,0.0150360688357055,0.3322003151356755,0.0167161187682821,0.0610692710402284,0.996478088524434,0.0644869464744939,0.0471817396971472,0.0745642074459919,0.0011608855209037,-0.0073266764408322,HSG_2019,2020-01-13,16.571642825119536,HSG,2019,vi,VN100,,1294,15,42,0.0115919629057187,0.0324574961360123,0.0007727975270479,0.0,0.4736842105263157,0.017001545595054,0.0772797527047913,0.0,0.0,0.639344262295082,2.424600014855772,2.5351501891976724,7.165493475060845,0,2020,1.1213141231868602,-0.6303457471897094,-0.926355122461272,-0.8613964249713706,1.0189358263403574,T1 Tiêu cực
-0.0008285489978266,1.179415374312638,0.0147534370593996,0.0785714285714285,0.02588338170714,0.8771983641143924,0.0215669135637348,0.0133981558085532,0.642150489372642,0.0083067806456549,0.0043312146804579,0.1694946032990515,-0.0003222867134693,0.0053916233014268,0.1491937767972693,0.0004342638473395,0.0128116366613142,0.2618273816767008,0.0053512022622312,0.0214454204958984,0.0885166827060178,-0.0005364532770999,0.0535667787286097,HPG_2018,2019-03-25,17.46048844729492,HPG,2018,vi,VN30,,904,4,23,0.0044247787610619,0.0254424778761061,0.0033185840707964,0.0008180912887344,0.7037037037037037,0.0287610619469026,0.0867020602990599,0.0,0.0,0.5185185185185185,0.6829767335400098,2.5826503038609294,6.806829360392176,1,2019,-0.32830423169879847,1.026499270401955,0.03788168417731572,0.14985125126731388,-0.4645577647295656,T2 Trung tính
-0.0013173522611492,1.5024924436796554,0.0226187570653608,0.0142857142857142,-0.0356158373792422,-0.7873075712410746,-0.0588620093300031,-0.0410842729052978,-1.2843750824816351,-0.0582326190828593,0.0001819343809328,0.0046439273167342,-0.0230940868862318,-0.0774401454036155,-1.3977252102289512,-0.0928784536636689,-0.1372726377472164,-1.8298643670515613,-0.1568907655129915,-0.0571966141145369,-0.1183143969248641,0.000862917422922,-0.0425981877371498,HSG_2021,2022-01-14,19.064532197176103,HSG,2021,vi,VN100,,989,9,21,0.0091001011122345,0.0212335692618806,0.0040444893832153,0.0,0.4,0.0222446916076845,0.0556117290192113,0.0,0.0,0.4285714285714285,1.7098742843871584,2.270871426393772,6.8966943316227125,0,2022,0.6173158275150576,0.10838194259039259,-1.2352377605200733,0.4381983093329363,0.41014111631447375,T1 Tiêu cực
-0.0034385082203236,0.7887243198935149,0.0208446793098222,0.0857142857142857,-0.0084630606981108,-0.2030028999804022,-0.0272421688365721,-0.0076741994422079,-0.2603291892913061,-0.0169896610514955,0.0107762949333852,0.2984788918160542,-0.0029077654032932,-0.0618080911264356,-1.2105270205482097,-0.0850224553742174,,,,-0.029385861356613,0.0330660021797155,-0.0020657095431223,-0.0187800571588492,HSG_2017,2018-01-11,17.427008551366225,HSG,2017,vi,VN100,,1110,5,38,0.0045045045045045,0.0342342342342342,0.0063063063063063,0.0,0.7674418604651163,0.0243243243243243,0.0594594594594594,0.0,0.0,0.4193548387096774,1.0306313184536724,3.256285249502276,7.01211529430638,0,2018,-0.31217908426032254,0.4013896651778626,0.305070677108702,1.3366464188846792,-0.1684298051653946,T2 Trung tính
0.0012531997699211,1.7265222364395836,0.0227585549159802,0.0571428571428571,-0.0421036035438405,-0.9250060845092778,-0.0257375530708804,0.0265889140588042,0.8261157839228731,0.0331987782167317,0.0146525534989013,0.3717132189691885,0.0303176971839636,-0.0346545371301876,-0.621641206677915,-0.0108822501727529,-0.1107915553824307,-1.4677957785343685,-0.0847872501347655,-0.0274131691610463,0.1119716456696832,0.003780790652637,-0.0159110423320296,HSG_2016,2017-01-04,16.71534508797517,HSG,2016,vi,VN100,,1159,0,47,0.0,0.0405522001725625,0.0034512510785159,0.0,1.0,0.0146678170836928,0.0767903364969801,0.0,0.0,0.6792452830188679,0.0,1.305382410262845,7.055312843339752,0,2017,-1.2232499145337272,-0.9591540366439418,1.2799494351015976,0.20254977919351774,-1.0463090641787947,T3 Tích cực
-0.0005610605066614,0.6377477244072474,0.0253958711444798,0.0714285714285714,0.0247466264391848,0.4872175145794088,0.0062086447091751,0.0043571176991111,0.1213168650109135,-0.0143781165046663,-0.0150622249373216,-0.3424249387896106,-0.0324117825785019,0.033551325400987,0.539350320366035,0.0085992380391597,-0.003363335771133,-0.0399310535500666,-0.0428093612798005,0.0065891931037771,0.0126429631579377,0.0006534512820056,0.0197371601308999,HT1_2025,2026-04-07,16.23061002293644,HT1,2025,vi,VN100,,1238,5,25,0.0040387722132471,0.0201938610662358,0.0032310177705977,0.0,0.6666666666666666,0.0105008077544426,0.032056911014542,0.0,0.0,0.4090909090909091,0.9486408353321324,2.2634883433485693,7.121252453244542,0,2026,-0.4063770376327079,-1.5462605501138478,-0.11737678468821974,0.11506780965858864,-0.23826830442319072,T2 Trung tính
0.0020267777793538,1.824013686680826,0.034982480320592,0.05,-0.0115850012767972,-0.1655829027934578,0.0074286688732024,-0.0438985546262549,-0.8873288965231257,-0.0249282238620252,-0.0135328837068616,-0.2233464859971437,0.0241580184479011,0.0098669470950113,0.1151480468714684,0.0132583678908525,-0.0034348940981995,-0.0296050917070266,0.0074749028959095,0.0073554235068165,0.0912663854299856,-0.0006618277422898,0.0031354229242391,HSG_2022,2023-01-18,18.593788955611213,HSG,2022,vi,VN100,,765,13,24,0.0169934640522875,0.0313725490196078,0.0078431372549019,0.0,0.2972972972972973,0.0183006535947712,0.0732026143790849,0.0,0.0,0.6,2.915422667862991,1.3431826098196595,6.639875833826536,0,2023,2.213809453007496,-0.44730925553105727,-1.6657652985093683,1.9471126535166925,1.4370126101658793,T1 Tiêu cực
-0.0038397769312623,1.357170643970175,0.0286261073555038,0.0714285714285714,0.0050126458978127,0.0875537465775792,-0.0106470283213214,0.0224415036014885,0.5543380096904421,0.0175228801432213,-0.0051511889790662,-0.10389258681861,-0.0121561411442737,-0.0071261083420748,-0.1016282623474822,-0.0268393254844615,0.0321253807792617,0.3383682815667752,-0.006336608164704,-0.011049722417442,0.0297113335167644,-0.002575239024648487,-0.0503782394065682,HSG_2018,2019-01-14,16.39207621329019,HSG,2018,vi,VN100,,1239,12,54,0.009685230024213,0.0435835351089588,0.0024213075060532,0.0008071025020177,0.6363636363636364,0.0225988700564971,0.0710250201775625,0.0,0.0,0.5172413793103449,1.9530744764662948,4.049028076912288,7.122059881629142,0,2019,0.7356626696860736,0.15828355254574164,-0.24440644103274847,-0.2065685920491453,0.6172960907379934,T2 Trung tính
0.000273644270981,1.516612556736175,0.0266330407491887,0.0714285714285714,-0.0435030221745848,-0.8167115160500402,-0.0504762581865356,-0.0078319018746837,-0.2079368622355005,-0.0088172031210417,0.0283749777111893,0.6151119271014467,0.020665573520063,-0.0675636055501778,-1.0356581782451977,-0.0926144180500736,-0.1623980754757704,-1.8385006261454488,-0.1938218392903185,-0.0488899052753,0.1444409329534692,0.0008999748675529,-0.0191109234197448,HT1_2021,2022-04-12,17.593674949526388,HT1,2021,vi,VN100,,922,15,19,0.0162689804772234,0.0206073752711496,0.0054229934924078,0.0,0.1176470588235294,0.0388737060041408,0.0498915401301518,0.0,0.0,0.0952380952380952,3.1811239117860697,5.092433417012439,6.826545223556594,0,2022,2.0672770538073086,2.451309902029604,-2.418855264342036,0.9857733134233457,1.6633337076889951,T1 Tiêu cực
0.0003208011364326,0.6237383964243607,0.0120759164025218,0.2428571428571428,-0.1314801464229399,-5.4438993298877945,-0.0622206479324749,-0.0655520238214122,-3.8384068769259327,-0.0339229274829266,-0.0702764502674696,-3.3599211958060247,-0.0384693649973807,-0.0680005916423938,-2.2988835267807093,-0.0409864745235395,-0.044674810890662,-1.1154401745931113,-0.0151402258961175,-0.0521404261359235,-0.1014823023501119,-8.859103913212718e-05,0.0278588830662109,HT1_2024,2025-04-03,15.79683435051118,HT1,2024,vi,VN100,,1137,8,14,0.0070360598065083,0.0137322681302144,0.0026385224274406,0.0,0.2727272727272727,0.0193491644678979,0.032056911014542,0.0,0.0,0.0271959459459459,1.687237534203064,2.837700290487022,7.036148493750536,0,2025,0.1998475301149584,-0.2995803894746259,-1.7687623171670945,-0.12028559827781943,0.3908594070142945,T1 Tiêu cực
0.000453889064185,0.8207440461612208,0.018821551694282,0.1928571428571428,0.0834817690948536,2.2177174988238417,0.0878914485693744,0.0471646183937368,1.771927311838957,0.0448097701147789,0.043035850555664,1.320122820195826,0.0403322733957032,0.0631424942681655,1.369590337678381,0.0666596831493522,0.0475342413924446,0.761473510182162,0.0562145834767131,0.0870849309696928,0.019699681295661,0.0003959706337985,-0.0127837554886523,HT1_2019,2020-04-17,13.594587646058445,HT1,2019,vi,VN100,,1223,5,31,0.0040883074407195,0.0253475061324611,0.0016353229762878,0.0,0.7222222222222222,0.0302534750613246,0.044153720359771,0.0,0.0,0.1868131868131868,1.2489379858325926,4.906236375497741,7.109062135687172,0,2020,-0.39635815525043216,1.2367712883008752,0.11551091861008322,-0.5187805609734878,0.017521166792096886,T2 Trung tính
0.0033440633128664,1.135328798706411,0.0218204580740811,0.0785714285714285,0.0420101005127984,0.962631040333178,0.0562375866397183,-0.0158294249652165,-0.5129632795602804,-0.0084415311055636,-0.0099807911567678,-0.264083019775377,0.0004455342296233,0.0261918577832922,0.4900346788229359,0.0485651348225074,0.0221758800852754,0.3064225049266391,0.0584874520939243,0.0562243472741994,-0.0757673706447625,0.0011720518007101,-0.0466956400547004,HT1_2018,2019-04-01,14.902787453403576,HT1,2018,vi,VN100,,761,5,20,0.0065703022339027,0.026281208935611,0.0013140604467805,0.0,0.6,0.0236530880420499,0.0670170827858081,0.0,0.0,0.4782608695652174,1.1043688564566558,2.0203195190742926,6.634633357861686,0,2019,0.10564446339461843,0.3068165163647939,-0.3968420286461831,-0.6463937684612062,-0.10562106447948721,T1 Tiêu cực
-0.0002295637569793,0.5070458336564142,0.0247458341269895,0.1428571428571428,-0.0189821945354287,-0.3835432347524989,-0.0135534304071802,-0.0073063980420471,-0.2087787210997577,-0.0047659707511831,0.0140393010029449,0.3275538893410714,0.0150814589767436,-0.0203743436373122,-0.3361289385749192,-0.0216242943626715,-0.0252844853394667,-0.3080744473003873,-0.0292903622227591,-0.0134953015538673,0.1813534026521893,7.182994611146687e-05,0.0123048500854501,HT1_2016,2017-04-20,15.338374022872072,HT1,2016,vi,VN100,,595,4,15,0.0067226890756302,0.0252100840336134,0.0033613445378151,0.0,0.5789473684210527,0.0235294117647058,0.0436974789915966,0.0,0.0,0.3,1.1018462050029905,1.275350211239516,6.38856140554563,0,2017,0.1364658792188405,0.2893912738819559,-0.4850942109486977,0.16683673774249616,-0.1077698283965546,T1 Tiêu cực
-0.0007449044850141,0.5421327551630556,0.023881848294773,0.1214285714285714,0.0104085169811878,0.2179169060266136,0.0379999216923849,0.0005452147651491,0.016143015937521,0.0225660192629095,-0.0009709504128124,-0.0234729940198854,0.0183953255694513,-0.0208347862391922,-0.3561602837160593,0.0187838944085628,0.0246619101783175,0.3113597241695913,0.052625134798807,0.0375504655740072,-0.0786438152560435,-0.0023753957875318,0.0713511989073957,HT1_2017,2018-04-18,15.00858564524838,HT1,2017,vi,VN100,,528,8,18,0.0151515151515151,0.034090909090909,0.0056818181818181,0.0,0.3846153846153846,0.0246212121212121,0.0492424242424242,0.0,0.0,0.3333333333333333,1.833250616090226,2.253855921634602,6.269096283706261,0,2018,1.8412610600222628,0.4432193673815581,-1.299729739894988,1.0885847083386382,0.5152315795247173,T1 Tiêu cực
0.0052615009547342,1.3743203978656318,0.0272406237148948,0.05,0.0237344074551849,0.4356436127086044,0.0485936001987303,-0.0139269890308769,-0.361514056664534,-0.0049301196099658,-0.0312085153457887,-0.6614475837441094,-0.0157660563364677,-0.0298326764163193,-0.4470947242028306,0.0065790928753395,-0.1522866331644338,-1.6855762190761694,-0.0977457135245672,0.0492054449378642,-0.0655868382023331,0.002679496828063,-0.0042021594580157,KBC_2020,2021-04-07,19.1300469109026,KBC,2020,vi,VN100,,531,0,13,0.0,0.0244821092278719,0.0,0.0,1.0,0.0112994350282485,0.0677966101694915,0.0,0.0,0.7142857142857143,0.0,0.7710530922698515,6.274762021241939,0,2021,-1.2232499145337272,-1.4337387779654454,1.2799494351015976,-1.168370199088151,-1.0463090641787947,T3 Tích cực
-0.0004719426571298,0.0345407891081839,0.0134411027191908,0.1571428571428571,-0.0242421442676758,-0.9017914963577968,-0.0541480988335985,-0.0097575634179744,-0.5133238994488485,-0.0193878560894101,-0.0071474506809805,-0.3070122043477803,-0.0158384984255564,-0.1376263215956565,-4.180141442862152,-0.16993091737348434,0.0086758483076356,0.1946169702916632,-0.0445970529217485,-0.0542707891941862,-0.1353005778627943,-0.0004353770769777,-0.000208918090228,KDC_2025,2026-04-20,16.309774377343956,KDC,2025,vi,VN100,,643,14,13,0.0212398982581538,0.0202177293934681,0.0108864696734059,0.0,0.0588235294117647,0.0264385692068429,0.0528771384136858,0.0,0.0,0.3333333333333333,2.652336404335678,4.450871708550658,6.466144724237619,0,2026,3.0726835719635757,0.6992740334426292,-2.6654422443049453,3.155997524006471,1.2129189212330764,T1 Tiêu cực
0.0001642705482048,-0.064393395799491,0.0111353467441127,0.25,0.0351840514338681,1.57983636443427,0.0411595905140453,0.0208886745006001,1.326453834693747,0.0301026961023803,0.0229178708786963,1.1882556713435064,0.0261840138914372,0.0375799015184134,1.377768551195217,0.0279131235098857,0.0255416188492178,0.6915894061396847,-0.0015475478912615,0.0415644242171876,0.0107482824209019,-4.598058558397927e-05,0.0009715500435616,KDC_2024,2025-04-18,16.696970883258608,KDC,2024,vi,VN100,,767,11,12,0.014341590612777,0.0156453715775749,0.0104302477183833,0.0,0.0588235294117647,0.0195567144719687,0.0469361147327249,0.0,0.0,0.4117647058823529,2.4534378063594144,3.216232546866643,6.642486801367256,0,2025,1.6774475659456054,-0.2703378441303374,-2.6654422443049453,2.974775185079986,1.04349950743903,T1 Tiêu cực
-0.0003427491619343,0.0985711981205733,0.0094993314712892,0.3357142857142857,-0.0067427329153059,-0.3549056549760972,0.0203340993842281,-0.0023764118898605,-0.1768942337986105,0.0274694841763196,-0.0019583130149926,-0.1190223280217948,0.0282339033410478,-0.0035244786092924,-0.1514698556807827,0.0017475320642564,0.0153936758087416,0.4885994246138187,-0.0133000906103574,0.0203051194707933,0.0265129002403108,0.000212205211054,0.0002686849807158,KDC_2023,2024-04-17,17.565756365069543,KDC,2023,vi,VN100,,694,8,20,0.0115273775216138,0.0288184438040345,0.0057636887608069,0.0,0.4285714285714285,0.0172910662824207,0.0590778097982708,0.0,0.0,0.5471698113207547,1.8275726118326252,1.7439384411078866,6.542471960506805,0,2024,1.1082512303734247,-0.5895540263399125,-1.1154669416809464,1.121105672422624,0.5103951243529335,T1 Tiêu cực
-3.620764908678154e-05,0.0949770660151787,0.0085575734264646,0.25,-0.0014189346325632,-0.0829051976448817,0.0011050612832779,0.0003185762400268,0.0263237495516248,0.0025590172735808,-0.0050903615352272,-0.343429317655314,-0.0020194900621179,-0.0009878143877751,-0.0471247531289261,0.0048487939841534,0.0004559750358251,0.0160654941879152,-0.0002749514070733,0.0011943805406775,0.0053819376260569,0.0007498016286955,-0.0203571141905271,KDC_2021,2022-03-24,18.44277885414656,KDC,2021,vi,VN100,,943,6,36,0.0063626723223753,0.0381760339342523,0.0042417815482502,0.0,0.7142857142857143,0.0180275715800636,0.0625662778366914,0.0,0.0,0.5526315789473685,1.178328298106611,3.5896518270337703,6.849066282633458,0,2022,0.06364970998817897,-0.4857848664256376,0.08224124671032579,0.516567504865675,-0.04262330895802431,T2 Trung tính
-0.000845914639624,0.5965316013461301,0.0199506382808647,0.1928571428571428,-0.0018847967041943,-0.0472365013504881,0.0025515769812235,-0.0128684276384721,-0.4560932997867794,-0.0030274874727466,0.0047059424870486,0.1361849743070299,0.0091014179324283,-0.0036390565845584,-0.0744657192733605,0.00073161528538,0.1320057879652401,1.99498592782474,0.1258693787562583,0.00262379697799,0.0410578748613922,-0.0005362254140573,-0.0080227123197296,KDC_2019,2020-04-20,14.426573069219575,KDC,2019,vi,VN100,,2177,16,61,0.00734956361966,0.028020211299954,0.0041341295360587,0.0,0.5844155844155844,0.0358291226458429,0.0633899862195682,0.0,0.0,0.2777777777777778,2.2494597726392,6.272690411765596,7.685703061234547,0,2020,0.263256097928882,2.022346446653704,-0.462171566194798,0.47380553511671925,0.8697534918745308,T1 Tiêu cực
-0.0025760271783897,0.6150306963643055,0.0189326305521303,0.1357142857142857,0.0110565181728987,0.29199635366187,-0.0050727381285626,0.0296953889826196,1.109080476786671,0.0231185856124456,0.0335945953744548,1.0244666545070038,0.0283227433009758,0.0048440731217146,0.1044537664946631,-0.0175153112452385,0.0301128933163696,0.479562463755134,0.0061405517102108,-0.0053835772134169,-0.0887652114016177,-0.0023194205909555,-0.0674231766283111,KDC_2018,2019-04-19,14.081779240122165,KDC,2018,vi,VN100,,1660,11,49,0.0066265060240963,0.0295180722891566,0.0042168674698795,0.0,0.6333333333333333,0.0283132530120481,0.0614457831325301,0.0,0.0,0.3691275167785235,2.1084924624722508,3.9817145763723687,7.414572881350589,0,2019,0.11701211409737383,0.96340568896992,-0.25710940666720145,0.506671033411748,0.7496792465273705,T2 Trung tính
-0.0028991641068419,0.4540155721396612,0.0137084621844077,0.1785714285714285,-0.0339000488198833,-1.236464322688282,-0.0156571633986656,0.0177704233255069,0.9166299376974534,0.0137763734913488,0.0118923091958609,0.5008605504508112,0.0123904719700252,-0.0075118795419202,-0.2237094095534312,0.0133518723382239,-0.0062015197354526,-0.1363995850671459,0.0258637610138978,-0.016687788654683,-0.0646938134726571,-0.001324249266639,0.0257528568367543,KDC_2017,2018-04-16,15.944453808868854,KDC,2017,vi,VN100,,1942,3,68,0.0015447991761071,0.035015447991761,0.0015447991761071,0.0,0.9154929577464788,0.0139031925849639,0.0612770339855818,0.0,0.0,0.6301369863013698,0.1037653293744522,3.615099005605243,7.571473648851271,0,2018,-0.910802348641819,-1.0668850226082032,0.9256977174084041,-0.5547387927434768,-0.957923014937443,T3 Tích cực
-0.0026607788167378,1.116664202012482,0.0208536039027336,0.0857142857142857,-0.0165974698322175,-0.3979520736471325,-0.0229989407779218,-0.0089603617235295,-0.3038291398524902,-0.0127898067577216,0.008244108932603,0.2282453686982633,0.0004341858451082,-0.0404599935874046,-0.7920800304484316,-0.0511108741702742,-0.0667199064939001,-0.964668208474097,-0.0883537644202804,-0.0234758713959266,0.0349277081522496,-0.0014847083152305,0.0225357903606657,KDH_2025,2026-04-10,18.792354324653004,KDH,2025,vi,VN100,,761,0,24,0.0,0.0315374507227332,0.0013140604467805,0.0,1.0,0.0197109067017082,0.0578186596583442,0.0,0.0,0.4915254237288136,0.0,0.1405059517540408,6.634633357861686,0,2026,-1.2232499145337272,-0.24861308777544885,1.2799494351015976,-0.6463937684612062,-1.0463090641787947,T3 Tích cực
-0.0006292900680266,0.7441718651249581,0.0095232624412123,0.1357142857142857,0.0117397184850681,0.6163706270586371,-0.0001427469294157,0.027918491292749,2.0729613024386166,0.0108374008302654,0.0462378223705051,2.803180040153832,0.0112181892528175,0.0094521030435853,0.4051977914766693,-0.0055510202472207,0.0200619466368705,0.6351714596411038,-0.0002549275708113,-0.0011647583604204,-0.1341496156037611,-0.0003369771058391,0.0241207146392021,KDH_2024,2025-04-11,18.074344084085062,KDH,2024,vi,VN100,,740,0,27,0.0,0.0364864864864864,0.0,0.0,1.0,0.0189189189189189,0.0689189189189189,0.0,0.0,0.5692307692307692,0.0,1.1567011115041814,6.606650186198215,0,2025,-1.2232499145337272,-0.3601993956342446,1.2799494351015976,-1.168370199088151,-1.0463090641787947,T3 Tích cực
0.0003096422522062,0.9508024902300516,0.0162710687395003,0.1214285714285714,0.0008395595124812,0.0257991508094081,0.0012524194469633,0.0044800170980923,0.1946922184774719,0.004567227184212,-0.0042364971912874,-0.1503246549424887,-0.0040106868185824,-0.0107574517226722,-0.2699092079223393,-0.0095097710369861,0.029861691988984,0.5533526437085217,0.0322146552120241,0.0010737222745713,0.0699181285891887,0.0018749951843725,-0.0062207229887567,KDC_2016,2017-04-27,16.22273548527222,KDC,2016,vi,VN100,,1755,1,64,0.0005698005698005,0.0364672364672364,0.0005698005698005,0.0,0.9692307692307692,0.0193732193732193,0.0712250712250712,0.0,0.0,0.5723270440251572,0.0500357770911962,2.656650819052444,7.470224135899966,0,2017,-1.1080033479692422,-0.2961911982155707,1.1509654763517683,-0.9420317012493635,-1.003689196015965,T3 Tích cực
0.000768475497485,1.170127722322316,0.0167474567079775,0.1142857142857142,-0.0109273130715267,-0.3262379853270981,-0.0042913057442907,-0.0050744346155224,-0.2142514645590623,-0.0024146738082665,-0.0192133924749583,-0.6623607100998857,-0.0164303649234375,-0.0162167407754437,-0.3953111695650431,-0.0161684749778108,-0.0013584913365494,-0.0244574777306429,0.0012393469974449,-0.0042569715178537,0.1192101914857035,0.001103101248087,-0.0412859312421063,KDH_2023,2024-04-09,18.373487193427252,KDH,2023,vi,VN100,,810,4,22,0.0049382716049382,0.0271604938271604,0.0,0.0,0.6923076923076923,0.0209876543209876,0.0753086419753086,0.0,0.0,0.5641025641025641,0.514952491142849,1.3126458636895026,6.697034247666484,0,2024,-0.22444633764141553,-0.06872703902714666,-0.009890152396695261,-1.168370199088151,-0.6076787768420437,T2 Trung tính
0.0010438956378188,1.5209007431544108,0.0185271882650397,0.0714285714285714,0.0032765139804424,0.0884244801091904,-0.000551648402606,-0.0196990752121382,-0.7518328991070409,-0.0115457174882954,-0.0090098343551707,-0.2807673898433604,-0.009214804258948,0.0646832488807024,1.4253013139087167,0.0453865578209047,0.0345789895455239,0.5627382570341137,0.0095881636842027,-0.0004027945965596,-0.0307721797539075,0.001911282963965,-0.0142275052037583,KDH_2021,2022-04-13,17.712093578692347,KDH,2021,vi,VN100,,608,8,13,0.0131578947368421,0.0213815789473684,0.0016447368421052,0.0,0.238095238095238,0.0328947368421052,0.0625,0.0,0.0,0.3103448275862069,1.3173487813504057,1.5901159494732575,6.410174881966167,0,2022,1.4380359317912192,1.6089091629128434,-1.9139390672751277,-0.5150411469383066,0.07579265282436859,T1 Tiêu cực
0.0007419102864056,1.6579583145824737,0.0226334083032787,0.0714285714285714,-0.00843559585713,-0.1863527521815623,-0.0143597486571522,-0.0177322106895868,-0.5539848994912113,-0.0264705758136202,0.028909581625635,0.7374476928117792,0.0209069745400075,-0.0198227961308527,-0.3575520983935059,-0.0278605924613158,0.0022835902059297,0.0304208868690243,-0.0080679916163728,-0.0149811817272783,0.1236022044992635,0.0001141388958896,-0.0983005404745926,KDH_2022,2023-04-13,17.242043766361714,KDH,2022,vi,VN100,,554,1,18,0.0018050541516245,0.0324909747292418,0.0,0.0,0.8947368421052632,0.0216606498194945,0.075812274368231,0.0,0.0,0.5555555555555556,0.2101488859968264,0.3320938811514003,6.317164686747284,0,2023,-0.8581637695505312,0.0260939727560031,0.8386885235890238,-1.168370199088151,-0.8673067914764848,T3 Tích cực
0.0002071753633692,0.7927173879844172,0.0132619505513368,0.2357142857142857,0.0116737828642345,0.4401231485159538,0.0061231043278372,0.0125275026069124,0.667947147773598,0.0098536076461488,0.016678443139585,0.7260850203767804,0.0120648933124596,0.0099929831235046,0.3076182693498087,0.0107816362598217,0.0158536015952297,0.3604327067028647,0.0175635202554655,0.0061277060279045,-0.0591186652849747,-0.0004889259863792,0.002341631626704,KDH_2019,2020-04-14,15.056409670235665,KDH,2019,vi,VN100,,545,0,19,0.0,0.0348623853211009,0.0,0.0,1.0,0.0256880733944954,0.0788990825688073,0.0,0.0,0.5087719298245614,0.0,0.3942602155136013,6.300785794663244,0,2020,-1.2232499145337272,0.5935336942818362,1.2799494351015976,-1.168370199088151,-1.0463090641787947,T3 Tích cực
0.0012900574813242,0.5957094765092246,0.0173743617233749,0.2142857142857142,-0.0222095798060616,-0.6391480780609485,-0.0150369943775067,-0.0009231895806514,-0.0375722356419656,-0.0026978007599725,-0.0021299893504289,-0.0707795742036804,-0.0036206903602031,-0.0060077638449253,-0.1411654343481073,0.0033321693110665,-0.0146166049546327,-0.2536537619741268,0.0082076503404677,-0.0152784725588306,0.0262089419813216,0.0005434345740341,-0.0266653885346657,KDH_2018,2019-04-05,14.811323978947284,KDH,2018,vi,VN100,,461,1,9,0.0021691973969631,0.0195227765726681,0.0,0.0,0.8,0.0130151843817787,0.0737527114967462,0.0,0.0,0.7,0.0594126732059272,0.5200940704301968,6.133398042996649,0,2019,-0.7845129854215931,-1.192000029297797,0.4415537032277075,-1.168370199088151,-0.9957020696152299,T2 Trung tính
0.0023485207597587,0.1466836511955006,0.0132269465231468,0.3642857142857142,-0.0266160681558783,-1.0061304817896115,-0.0256763215382069,-0.0293274128691521,-1.5678306764259455,-0.0291271118639335,-0.0437463430767213,-1.9095082079002657,-0.0432765334298755,-0.0259048231545006,-0.7995495974136227,-0.0121123929560175,-0.0190998220731895,-0.4353849185377466,0.0202110426817456,-0.0257352870566893,0.1339881836604476,0.0022812101763197,-0.0223942555168496,KDH_2016,2017-04-05,13.767733885323755,KDH,2016,vi,VN100,,590,0,19,0.0,0.0322033898305084,0.0,0.0,1.0,0.0254237288135593,0.0627118644067796,0.0,0.0,0.4230769230769231,0.0,0.7409366823897522,6.380122536899765,0,2017,-1.2232499145337272,0.5562891351735456,1.2799494351015976,-1.168370199088151,-1.0463090641787947,T3 Tích cực
0.0022581801390571,0.5745773846877202,0.0201399214246161,0.2357142857142857,-0.0015299664300393,-0.037983425997117,0.0201088550543594,0.0075572533774375,0.2653329671782898,0.0210130331915409,0.0193403818340061,0.5544299018190637,0.032900090982619,-0.0140332858845405,-0.2844631243174543,0.0187200338727612,-0.1419588548077046,-2.125241915565532,-0.0626091451237527,0.0198796450194735,0.1252246397148971,0.0022377225598078,-0.0181128089549187,KDH_2017,2018-04-13,15.456894081221613,KDH,2017,vi,VN100,,744,0,17,0.0,0.0228494623655914,0.0,0.0,1.0,0.0094086021505376,0.0725806451612903,0.0,0.0,0.7704918032786885,0.0,0.6871594895828746,6.612041034833092,0,2018,-1.2232499145337272,-1.7001457405308178,1.2799494351015976,-1.168370199088151,-1.0463090641787947,T3 Tích cực
-3.183712457437929e-05,0.0130864199763576,0.0127651431328781,0.2357142857142857,-0.014444284390077,-0.5657705612745553,-0.0432124350097622,-0.0064791475622134,-0.3589030792572441,-0.0154222579239406,-0.0051395225510151,-0.2324536981251789,-0.012671923138506,-0.018341974119049,-0.5866036518264907,-0.0501749690610406,-0.00745551001684,-0.1760983661750432,-0.0569557149325865,-0.0447148046382019,-0.0248714336882226,6.869183369541619e-05,0.0014980124791821,KOS_2025,2026-04-20,16.547516144546993,KOS,2025,vi,VN100,,295,0,6,0.0,0.0203389830508474,0.0,0.0,1.0,0.0067796610169491,0.0711864406779661,0.0,0.0,0.8260869565217391,0.0,0.011213431828051,5.68697535633982,0,2026,-1.2232499145337272,-2.070547710169915,1.2799494351015976,-1.168370199088151,-1.0463090641787947,T3 Tích cực
-0.0003414115553954,0.0459944783489952,0.0055757234847056,0.2928571428571428,0.0024990968537341,0.2241051641629348,-0.0023632002807932,0.0015228910943775,0.1931312811327152,0.0181256895380735,0.0030906605054368,0.3200290831642423,0.0178864566560194,0.0030517727590832,0.2234474172181246,-0.0051928270123848,0.0044618453480537,0.2412775658405412,-0.0385520984597922,-0.0021743790730563,0.0478351198326759,0.0001858589942626,0.0034725645978946,KOS_2024,2025-04-21,16.64200291572649,KOS,2024,vi,VN100,,295,0,6,0.0,0.0203389830508474,0.0,0.0,1.0,0.0067796610169491,0.0711864406779661,0.0,0.0,0.8260869565217391,0.0,0.011213431828051,5.68697535633982,0,2025,-1.2232499145337272,-2.070547710169915,1.2799494351015976,-1.168370199088151,-1.0463090641787947,T3 Tích cực
-0.0003285156472807,-0.012279187067353,0.0062069840303438,0.2,0.0041866098790833,0.3372499315783944,-0.0083120987991692,0.000695623210437,0.0792461986121093,0.0022043433140495,0.0007951565837502,0.0739624696038892,0.0208523427875951,0.0115430825773051,0.7592163449801799,-0.0048976815357378,0.0150692061518959,0.7320039146815599,-0.0368934686597517,-0.0078877240675594,-0.0408721794599358,-4.52555443954082e-05,-0.003916383940885,KOS_2023,2024-04-19,16.44336096081413,KOS,2023,vi,VN100,,295,0,6,0.0,0.0203389830508474,0.0,0.0,1.0,0.0067796610169491,0.0711864406779661,0.0,0.0,0.8260869565217391,0.0,0.011213431828051,5.68697535633982,0,2024,-1.2232499145337272,-2.070547710169915,1.2799494351015976,-1.168370199088151,-1.0463090641787947,T3 Tích cực
0.0013838747947878,0.1782270440248858,0.0140083781880474,0.1714285714285714,0.0054512658202305,0.1945716251750612,0.0675852287020656,0.0018534815765935,0.0935589669282269,0.0259288997999878,0.0009980829558376,0.0411356300844408,0.0414576292189934,-0.0126797832419416,-0.3695288464150557,0.0255373754087605,-0.0385611174330407,-0.8299757623318234,0.0212046545525846,0.0665566640965402,0.119295468618721,0.0017320759784335,0.012815524306008,KOS_2021,2022-04-20,16.474538883053935,KOS,2021,vi,VN100,,296,1,7,0.0033783783783783,0.0236486486486486,0.0,0.0,0.75,0.0101351351351351,0.0709459459459459,0.0,0.0,0.75,0.0830902557447335,0.0942067212311231,5.69035945432406,0,2022,-0.5399467918286889,-1.5977816194539218,0.23195477025923472,-1.168370199088151,-0.9755337919370562,T2 Trung tính
0.0011191355253242,0.2036963455283576,0.029025636748547,0.1357142857142857,-0.0278314966134177,-0.4794295617788797,-0.0193913542092878,0.0002034203111453,0.0049556150201982,-0.0061355176984938,0.0133622972246183,0.2657900657428774,0.0061607545442006,-0.0153901344225749,-0.2164636773503266,-0.0055247206270691,-0.0213843734136115,-0.2221357359615455,0.0079311796832478,-0.0194369931542968,-0.0444965312129294,-1.4071498753997064e-05,0.0047133381002564,KOS_2018,2019-04-05,13.403528762296956,KOS,2018,vi,VN100,,296,0,6,0.0,0.0202702702702702,0.0,0.0,1.0,0.0067567567567567,0.0743243243243243,0.0,0.0,0.8296392229417208,0.0,0.011213431828051,5.69035945432406,0,2019,-1.2232499145337272,-2.0737747824614923,1.2799494351015976,-1.168370199088151,-1.0463090641787947,T3 Tích cực
0.001201951281599,0.2863391291336807,0.0136577423712935,0.0571428571428571,0.0162237963463412,0.5939413669290304,0.0371814231784076,0.0140955614127989,0.7297741302084311,0.0398165864948967,0.0004927985245311,0.0208319466760694,0.0225622302117435,0.0176206007364384,0.5267034574262485,0.0496905868634861,-0.0058536490032221,-0.1292264514637073,0.0051048090657093,0.0371158707082608,0.1395215858337445,0.0015035525631243,0.0431838786356135,KOS_2019,2020-04-21,15.346075088921689,KOS,2019,vi,VN100,,289,0,6,0.0,0.0207612456747404,0.0,0.0,1.0,0.0069204152249134,0.0726643598615917,0.0,0.0,0.8260869565217391,0.0,0.011213431828051,5.666426688112432,0,2020,-1.2232499145337272,-2.0507162901358713,1.2799494351015976,-1.168370199088151,-1.0463090641787947,T3 Tích cực
0.0016097895692882,0.7872389714149418,0.0138845038070815,0.05,-0.0110954952035143,-0.3995639800197691,-0.0035932334137829,-0.0127944997450265,-0.6515953077835939,-0.0077988066440224,0.0101732324675224,0.423026892805273,0.0155569609044294,-0.0563484555785702,-1.6568226693486388,-0.0488190209807232,-0.0805900729983132,-1.750067673066453,-0.068658422313493,-0.0037940468855439,-0.0151602435022983,0.0034232491887118,0.0008659013554899,LPB_2024,2025-04-18,18.54298556281827,LPB,2024,vi,VN30,,620,1,40,0.0016129032258064,0.0620680267329428,0.0016129032258064,0.0,0.951219512195122,0.0096774193548387,0.0564516129032258,0.0,0.0,0.7073170731707317,0.206965284775609,0.4142822746224096,6.429719478039138,1,2025,-0.897027778532615,-1.6622710157323628,1.0754626712299173,-0.5276862253670092,-0.870018544390485,T3 Tích cực
-0.0001107257783128,0.4999021428123424,0.0179706979319399,0.05,-0.0029394291150136,-0.0817839442337204,-0.0178954608942,0.0185509806957564,0.729939610431931,0.0138300602263321,-0.0080917428287382,-0.2599659689389117,-0.0121924085452614,-0.023658028455555,-0.5374498925586896,-0.040356292083605,0.0858339828925868,1.4401176676845344,0.0597102644718069,-0.018401223976795,0.0667050143156754,0.0008915071797974,0.0130581094550865,LPB_2025,2026-04-20,18.065341452506967,LPB,2025,vi,VN30,,525,0,26,0.0,0.0495238095238095,0.0019047619047619,0.0,1.0,0.019047619047619,0.0552380952380952,0.0,0.0,0.4871794871794871,0.0,1.5160865647687476,6.263398262591624,1,2026,-1.2232499145337272,-0.34206632275776966,1.2799494351015976,-0.4117529348841136,-1.0463090641787947,T3 Tích cực
0.0044991379657706,1.6637636087064671,0.0215533468847185,0.1,-0.0466636116099065,-1.0825142809488968,-0.0355448546202,-0.0437899729066814,-1.4366300953585704,-0.0378296071919728,-0.0835205655841919,-2.237268359332703,-0.0724810748965135,-0.0834815616483244,-1.5812488431829468,-0.0685005101426255,-0.0673201232450142,-0.9417461234819272,-0.026289667742814,-0.0351182052186579,0.0152731823766338,0.0023149730707658,-0.0744922544836842,LPB_2022,2023-04-18,18.312694902225036,LPB,2022,vi,VN30,,613,2,33,0.0032626427406199,0.0538336052202283,0.0032626427406199,0.0,0.8857142857142857,0.0163132137030995,0.0701468189233279,0.0,0.0,0.6226415094339622,0.3248966743783456,0.7942205771202061,6.418364935936212,1,2023,-0.5633552185445072,-0.7273275644270295,0.8008661597450887,0.12763000876542288,-0.7695660168327123,T3 Tích cực
-0.0014300597934415,1.2939416152244965,0.0191915602646368,0.0642857142857142,-0.0989249920876301,-2.577304573560735,-0.1228639681202532,-0.07193939944892218,-2.9973247016544,-0.07466563683291379,-0.0705241478834633,-2.121616752542707,-0.0881190380890928,-0.0848175215310345,-1.804262274090925,-0.1242398523515456,-0.036411852453728,-0.5720528420047354,-0.074500242181876,-0.1141081084904999,0.0080467163442881,0.000622284743124,0.0168315366266578,LPB_2021,2022-04-18,18.52390035095485,LPB,2021,vi,VN30,,694,10,15,0.0144092219020172,0.0216138328530259,0.0014409221902017,0.0,0.2,0.0201729106628242,0.0778097982708933,0.0,0.0,0.5882352941176471,1.6525444756434555,1.7041913658874397,6.542471960506805,1,2022,1.691126516600203,-0.18351951265045413,-2.0736334923939634,-0.5960012312104671,0.3613082804417842,T1 Tiêu cực
0.0010289520922323,1.1686109872868713,0.0074742773346546,0.1357142857142857,0.0004488344375121,0.0300252731746479,0.0076596465459611,0.0135538481605144,1.282266835488701,0.0161768059955205,0.0111691068144266,0.8627572321966639,0.0131544356037895,0.00121771378643,0.0665120585343296,0.0100843920702244,-0.044556980386193,-1.7974226089092291,-0.0249653552217415,0.0077848600217438,0.033192336775463,0.0009473452867769,0.0153847972418039,MBB_2024,2025-04-22,19.52585907054084,MBB,2024,vi,VN30,,1584,7,58,0.0044191919191919,0.0366161616161616,0.0044191919191919,0.0,0.7846153846153846,0.0227272727272727,0.0441919191919191,0.0,0.0,0.320754716981132,1.476254045179504,5.185794272353075,7.367708572374371,1,2025,-0.3294342136215643,0.1763747153924666,0.37706172385279263,0.587039173354925,0.21114622957470328,T2 Trung tính
0.0021364428754867,0.9852169002672896,0.011032456204966,0.1,0.0036995507629125,0.1676666870087962,0.0127779187270186,-0.0111039376892672,-0.7116882670623706,-0.0067769540189573,-0.0017934515872743,-0.0938548712502786,0.0045225400373666,0.0064509497743982,0.2387128639659474,0.0200891792102604,-0.0511703861116673,-1.3984602913852802,-0.0270054327459685,0.0115922979098817,-0.0382294893435639,0.0012644152697185,0.0296458832081191,MBB_2023,2024-04-10,19.424024172025387,MBB,2023,vi,VN30,,946,6,30,0.0063424947145877,0.0317124735729386,0.0021141649048625,0.0,0.6666666666666666,0.0211416490486257,0.0443974630021141,0.0,0.0,0.3548387096774194,1.5782706007249605,2.355115854568516,6.852242569051878,1,2024,0.05956863295482355,-0.04703010952864202,-0.11737678468821974,-0.3285730242316906,0.29804269447518295,T2 Trung tính
4.417169371908307e-05,1.0597980200741304,0.0158745213170744,0.1142857142857142,0.0401476954665606,1.2645324751738605,0.0400772014671191,0.0067671528741358,0.3014326914841024,0.006831976070872,-0.0012486303271277,-0.0454122074667013,-0.0011300566420588,0.0186414539124434,0.4794060582683742,0.0199584447176739,0.0453320060927478,0.8610095281884536,0.0441033509929744,0.0404047855590047,-0.0500899930518338,0.0011531147886606,0.007471381433132,MBB_2021,2022-03-28,19.083059452953524,MBB,2021,vi,VN30,,1283,10,54,0.0077942322681215,0.0420888542478565,0.0031176929072486,0.0,0.6875,0.0280592361652377,0.0514419329696024,0.0,0.0,0.2941176470588235,1.660079763238441,5.284100893101969,7.1569563646156364,1,2022,0.35319376684346443,0.9276162453882548,-0.030043895951356016,0.07005244692000506,0.367726747037835,T2 Trung tính
0.0013961863070026,1.272086098712359,0.0137039289298468,0.0785714285714285,-0.0032419911148135,-0.1182869209045787,0.0073529381888837,0.0127604848697051,0.658426165867288,0.0203841524843351,0.0187265186917652,0.7889533478335145,0.0285471699022303,-0.0094631439427208,-0.2819127534013284,-0.0002609910458671,0.0023251033849925,0.0511565005539792,0.0215120966113898,0.0071827529992525,0.0463926370524908,0.0004610665995953,0.0580273373049402,MBB_2020,2021-02-26,18.593939853135964,MBB,2020,vi,VN30,,1603,12,65,0.0074859638178415,0.040548970679975,0.0031191515907673,0.0,0.6883116883116883,0.0268247036805988,0.0542732376793512,0.0,0.0,0.3384615384615385,1.914957143777134,4.566292729192778,7.3796321526095525,1,2021,0.2908440916099641,0.7536780548173923,-0.026641315870698963,0.07063187111496558,0.5848282089867055,T2 Trung tính
-0.0002631911800339,1.1010260990784044,0.0139449706363913,0.0785714285714285,0.0389569786947988,1.3968110694021494,0.035657917388524,0.0044886156026373,0.2276039594147169,0.0042147996677429,0.0094684312204354,0.3920123933180596,0.0084986440213982,0.0241139368853094,0.7059515409871504,0.0190969670766603,0.0158588830752612,0.3428930246038089,0.0114384334491192,0.0355801017425743,-0.0413999880484184,-1.026966921034792e-05,-0.004895958198466,MBB_2018,2019-03-18,17.098700502166345,MBB,2018,vi,VN30,,1375,3,53,0.0021818181818181,0.0385454545454545,0.0029090909090909,0.0,0.8928571428571429,0.0218181818181818,0.0509090909090909,0.0,0.0,0.4,0.5180458772939387,4.540794130483319,7.226209010100671,1,2019,-0.7819603341976796,0.04828928243770416,0.8308088644548709,-0.012809286485621916,-0.6050438680307771,T3 Tích cực
0.0013916848804318,0.3709810051201517,0.0109037048926757,0.2357142857142857,-0.0096821977759409,-0.443986602317379,0.0051177166715822,-0.0087369994579284,-0.5665956319190446,0.0002361872035115,-0.0263866189311545,-1.397169282629739,-0.0110761561779838,-0.0244427363942936,-0.9151664911558772,-0.0048715141362836,-0.0200181792272391,-0.5535465416766584,0.0030672421418639,0.0048847790393231,0.0853839631842037,0.0008525950586053,0.0014651641242052,MBB_2016,2017-04-13,14.568187281438997,MBB,2016,vi,VN30,,999,6,49,0.006006006006006,0.049049049049049,0.002002002002002,0.0,0.7818181818181819,0.02002002002002,0.066066066066066,0.0,0.0,0.5348837209302325,1.2321605804659144,2.8840346472261955,6.906754778648554,1,2017,-0.008488807502521052,-0.2050608832465932,0.36533590942099015,-0.37312682830312555,0.0032303763535090095,T2 Trung tính
-0.0002461440658024,1.2414839944954734,0.016978049923235,0.05,-0.015804862664274,-0.4654498819279757,-0.016754910855614,-0.0040425182339023,-0.1683639799144815,-0.0047105377409636,-0.0287214694722522,-0.9766933308773564,-0.0290161044281918,-0.0375614454026447,-0.9031894677135942,-0.0385396238105992,-0.0091164687235156,-0.1618983779089155,-0.0060850491104673,-0.0165650381365076,0.1285315324006224,0.0014635995653521,-0.0170082167311358,MBB_2017,2018-03-23,17.520929332131725,MBB,2017,vi,VN30,,1276,6,62,0.0047021943573667,0.0485893416927899,0.0023510971786833,0.0007836990595611,0.8235294117647058,0.0172413793103448,0.0595611285266457,0.0,0.0,0.5510204081632653,0.885168427522844,3.013000588347001,7.151485463904735,1,2018,-0.2721947844991207,-0.5965546214035206,0.5401884952128707,-0.2344578236012243,-0.2923333316911537,T2 Trung tính
0.0034246181194787,0.1916069385704598,0.0237859557199001,0.0857142857142857,-0.0645250831003622,-1.356369360563016,-0.0501561661808466,-0.0507007272683311,-1.5072267217134632,-0.028054648552124,-0.0856051890839346,-2.0778723185921257,-0.0351180368195505,-0.0905468816351226,-1.554093939704341,-0.0782170455011002,-0.1398264659546021,-1.772443632452286,-0.1165780801248094,-0.0496830690823069,0.1170819838551002,0.00077278490608,,MCH_2025,2026-03-23,17.910005261093453,MCH,2025,vi,VN30,,1393,1,39,0.0007178750897343,0.027997128499641,0.0035893754486719,0.0,0.95,0.0323043790380473,0.0351758793969849,0.0,0.0,0.0425531914893617,0.1866311308138898,1.7960015903989417,7.239214973779806,1,2026,-1.0780541325375523,1.5257313044887664,1.0703505021331248,0.25741610280387056,-0.8873389301510899,T3 Tích cực
0.0013037900095956,-0.1639621618263187,0.0164468472853794,0.2142857142857142,0.0089231703717501,0.2712729745986781,0.0092988738426205,0.0015881941532406,0.0682819531373408,-0.0014725393987681,-0.0232107716670398,-0.8147911291167093,-0.0233737478947925,0.0133078228690471,0.3303305394532367,0.0192384196793751,0.0064335675710337,0.1179431884491728,0.0423133102696694,0.0092977441238413,-0.1203408232760205,0.0013347125543646,0.0021391720447905,MCH_2018,2019-04-04,13.000758594792414,MCH,2018,vi,VN30,,441,0,13,0.0,0.0294784580498866,0.0,0.0,1.0,0.0068027210884353,0.0430839002267573,0.0,0.0,0.7272727272727273,0.0,0.1584156050717023,6.089044875446846,1,2019,-1.2232499145337272,-2.067298685005609,1.2799494351015976,-1.168370199088151,-1.0463090641787947,T3 Tích cực
0.0059866748961947,-0.2099168135123591,0.0250097054464443,0.1714285714285714,-0.0122974724485056,-0.2458540040553337,0.0049413337972962,0.0082517816348404,0.2333050568452752,0.0116846908810743,-0.0062913734171063,-0.1452366619717719,-0.0001809390983024,-0.0286409597685413,-0.4675234135719759,0.0257597592227035,-0.010419613070155,-0.1256164953037919,0.1564192407105632,0.0048944013629419,0.1135393601299793,0.0023591945433026,0.0818892176373624,MCH_2017,2018-04-05,13.755189998749454,MCH,2017,vi,VN30,,468,0,13,0.0,0.0277777777777777,0.0,0.0,1.0,0.0085470085470085,0.0427350427350427,0.0,0.0,0.6666666666666666,0.0,0.1595902420649979,6.148468295917647,1,2018,-1.2232499145337272,-1.8215390892438055,1.2799494351015976,-1.168370199088151,-1.0463090641787947,T3 Tích cực
-0.0020309476750823,0.8146484964572064,0.0135836297165104,0.1857142857142857,-0.0189902656298734,-0.6990129304979297,-0.0324930640197553,-0.019072293545237,-0.9928235957599432,-0.0248018291704896,-0.0158505945359223,-0.673703951971483,-0.0233401541788697,-0.0253393237570772,-0.761559010458262,-0.043467665010652,0.0098555936735118,0.2187613592338154,-0.0217156549534354,-0.0332172089566423,0.0632360598363224,-0.0013343149646334,0.0248174376719635,MSB_2025,2026-04-20,17.984732054687058,MSB,2025,vi,VN100,,1431,2,67,0.0013976240391334,0.0468204053109713,0.0069881201956673,0.0,0.9420289855072465,0.0181691125087351,0.060796645702306,0.0,0.0,0.5398230088495575,0.4944940157683157,3.691841859247723,7.266128779556451,0,2026,-0.9405696569227063,-0.4658426021829584,1.0369361794859775,1.6074793027086127,-0.6251050580744887,T3 Tích cực
0.0004322296587794,1.2264259508675663,0.0126471106726429,0.1928571428571428,0.0118185811099269,0.4672443143670675,0.0143774032307661,0.0168690772267485,0.943159209098685,0.013630925806753,0.0374857026837558,1.71125098019767,0.0350276277314305,-0.0013536628381612,-0.0436961891018452,0.0027103195235378,-0.0370425849558647,-0.8831076034495393,-0.0229703722506962,0.0144717993202472,0.0328046329899465,0.0005144342104303,-0.0078975471669328,MSB_2024,2025-04-21,18.218751291450285,MSB,2024,vi,VN100,,1366,1,58,0.0007320644216691,0.0424597364568082,0.0043923865300146,0.0,0.9661016949152542,0.0234260614934114,0.0505124450951683,0.0,0.0,0.3663366336633663,0.2589604667237955,3.912439174945745,7.2196420401307355,0,2025,-1.0751842305507886,0.274829843212747,1.1378484635975483,0.576391427736667,-0.825729678931374,T3 Tích cực
-0.0006280120777776,1.3944895348034116,0.017677475996154,0.0428571428571428,0.0073184979251603,0.2070006466633763,0.0177693299182666,0.020525229754112,0.8210181785964341,0.0285115905849744,0.0032885502436821,0.1074047770647004,0.0063978056894962,0.0248465219534886,0.5738121275736113,0.0421951827873516,0.0255227587586091,0.4353224019264042,0.0392980362623734,0.0179147777737813,-0.1063488546226607,-0.0012128933244368,-0.0161438110700856,MSN_2023,2024-04-24,19.666718588457083,MSN,2023,vi,VN30,,2330,4,73,0.0017167381974248,0.0313304721030042,0.0025751072961373,0.0,0.8961038961038961,0.023175965665236,0.032056911014542,0.0,0.0,0.1219512195121951,1.4296338583337411,3.9339487322112183,7.753623546559746,1,2024,-0.8760263534681733,0.23959284753751833,0.8444191847774986,-0.1454756144346369,0.17143571976346436,T3 Tích cực
-0.0004998793029738,1.2794894553633054,0.0152795967467994,0.0642857142857142,-0.005546096433098,-0.1814870027332302,-0.0063835680694001,0.0016034842839931,0.0742057941401557,0.0019647955863295,-0.0006849755425115,-0.0258822808226412,-0.0012062854150517,0.0010854806014687,0.0290024407858877,-0.0014594556313036,0.0286350038900723,0.5650527738366977,0.0179646354436462,-0.0063647732358318,0.0111015218001647,-0.0001047223717062,0.0093015315693142,MSN_2018,2019-04-04,17.68584770493629,MSN,2018,vi,VN30,,3409,8,85,0.0023467292461132,0.024933998239953,0.0044001173364623,0.0,0.8279569892473119,0.0214139043707832,0.0460545614549721,0.0,0.0,0.3652173913043478,1.7756676868234718,6.920577365844599,8.134174272137903,1,2019,-0.7486057976180488,-0.008670974634581642,0.5587488055326599,0.5794622900895556,0.4661831386599819,T2 Trung tính
0.0036903063370217,0.8231945400379387,0.0234529436794962,0.0571428571428571,-0.0653475442024105,-1.3931629456719463,-0.0515665450599016,-0.042394567193213,-1.2781971575703512,-0.0362619713267533,-0.0748846533593693,-1.8434647422532988,-0.0655453180838909,-0.0814404504152892,-1.417643990068327,-0.0565980273157118,-0.1326329368530542,-1.7051307363528747,-0.0772825398960691,-0.050977321407763,0.1501125270277351,0.0018967892376206,0.0496664337406291,MSN_2017,2018-04-05,17.8797173438941,MSN,2017,vi,VN30,,3077,21,82,0.0068248293792655,0.0266493337666558,0.0100747481312967,0.0,0.5922330097087378,0.0259993500162495,0.043548911277218,0.0,0.0,0.2523364485981308,3.913812165948889,5.7547652887313285,8.031710375322042,1,2018,0.15712454459354133,0.6373906952345131,-0.4294010861946838,2.833562194451244,2.2874286775734083,T1 Tiêu cực
-0.0002711369814835,1.294930964415861,0.0169386183969479,0.2428571428571428,0.026025281935514,0.768223279066355,0.0206115337665803,0.0067304722190634,0.2809652142316984,0.0032859509743696,0.0106742777822409,0.3638311582774727,0.0046397579677366,0.0066623850250469,0.1605743298035188,-0.0002257305586362,0.0065466641429738,0.1165321434127564,-8.222694947868092e-05,0.019046292143739,0.0931022960146306,-0.0003039121227662,-0.0090103541522623,MSN_2016,2017-04-13,16.658179292287105,MSN,2016,vi,VN30,,3769,7,79,0.0018572565667285,0.0209604669673653,0.0045104802334836,0.0,0.8372093023255814,0.0191032104006367,0.0360838418678694,0.0,0.0,0.3076923076923077,0.6725096568883884,7.057466728900457,8.234564993267135,1,2017,-0.8476054278675518,-0.3342338359859753,0.5975343045065707,0.623301088526847,-0.47347349369144937,T2 Trung tính
0.0011610325392302,1.0478288069939303,0.0173981849905493,0.0357142857142857,0.0177889103257004,0.5112289108134922,0.022911579627041,0.0113081754725502,0.4595932026145909,0.0140583505316671,0.0240765111440638,0.798967259959762,0.0292738008467827,0.0027137971530672,0.0636792314259903,0.0107430902222693,-0.0415457072600681,-0.7199890140392023,-0.0264880470098417,0.0229993301056747,-0.0667761774953519,0.0006323882537834,0.014441883725989,MWG_2025,2026-03-26,20.39132320751375,MWG,2025,vi,VN30,,793,3,29,0.0037831021437578,0.0365699873896595,0.0037831021437578,0.0,0.8125,0.0163934426229508,0.0668348045397225,0.0,0.0,0.6060606060606061,0.2938152481455205,1.1951186328574894,6.675823221634848,1,2026,-0.4580882840645279,-0.7160237928989178,0.4939534364698254,0.33436900787444196,-0.7960407987860599,T2 Trung tính
-0.0015392441409226,1.379623701964024,0.021559427650728,0.0428571428571428,0.0069399562853833,0.1609494555656493,0.0053512786714441,0.0234047144146936,0.7676285540820252,0.0230423003477691,0.0266835834395303,0.7145724984603863,0.0253958033833616,-0.0053484654756831,-0.1012782863453654,-0.0029320882475062,0.0718237082835883,1.0044637180530396,0.0616329051309674,0.005043204825039,-0.0956495897823905,-9.596708955245348e-06,-0.0648609389701547,MWG_2022,2023-03-27,18.13914761100884,MWG,2022,vi,VN30,,1508,27,49,0.0179045092838196,0.0324933687002652,0.0039787798408488,0.0,0.2894736842105263,0.0351458885941644,0.0583554376657824,0.0,0.0,0.2482269503546099,5.07808007135481,6.856606604131454,7.318539548567902,1,2023,2.3980753882904,1.9260828844031581,-1.698561717608276,0.41209689788978016,3.2791379607963753,T1 Tiêu cực
-0.0011736224721543,1.5288415047227788,0.0114179483835918,0.0928571428571428,-0.0182984442155481,-0.8013017575838727,-0.0474432723230158,0.0206629128200338,1.2796419534624084,-0.0239469179050308,0.0541876341331049,2.7400058313852247,-0.0269059607368316,0.0292034691723961,1.044168879093704,0.0304192926684652,0.0599850186997653,1.584011683629546,0.0406066336563734,-0.0459711891043858,0.0195046049763319,0.0010589723963092,-0.0484555045973915,MWG_2024,2025-04-04,19.537204121674947,MWG,2024,vi,VN30,,654,2,24,0.0030581039755351,0.036697247706422,0.0061162079510703,0.0,0.8461538461538461,0.0229357798165137,0.0867020602990599,0.0,0.0,0.5945945945945946,0.2961603921558079,1.2850482011467053,6.483107351457199,1,2025,-0.6047247637059243,0.20575210827199472,0.6350296413524512,1.2611347777137956,-0.7940432335567016,T3 Tích cực
0.0012915429901952,0.989891214729384,0.015265036473392,0.0785714285714285,-0.0220886285497697,-0.7235039558625224,-0.0171669972183877,-0.0032122641090494,-0.1487984479061175,-0.0007386036223634,-0.0140719322409409,-0.5322249888814099,-0.0103179529168894,-0.0127663366360306,-0.3414230366386781,-0.0055402564141501,-0.0362069953950041,-0.7151519017787665,-0.0225832893759621,-0.0173783506988107,-0.0316641229849938,-3.9239575659670406e-05,-0.0345110756153483,MWG_2020,2021-03-26,17.991542483488256,MWG,2020,vi,VN30,,1359,13,36,0.0095658572479764,0.0264900662251655,0.0022075055187637,0.0,0.4693877551020408,0.0294334069168506,0.0463576158940397,0.0,0.0,0.2233009708737864,3.279210378849806,3.380900662223853,7.214504414151143,1,2021,0.7115186036186155,1.1212286266297773,-0.9443657719107647,-0.2914958862689385,1.7468825708793252,T1 Tiêu cực
-0.0013400431140709,0.5741695329743028,0.0325053716148239,0.0857142857142857,0.0815954229696526,1.2551067549161838,0.0674841298681969,0.0537553150739794,1.1693681974795715,0.0418238523663604,0.0641586999553252,1.1395668115718638,0.0504186552000339,0.0436141131924434,0.5477675309145632,0.0383369500317376,0.135935387406539,1.2609011802207253,0.1381871908468356,0.068555424083428,0.0845647299179387,-0.0002825858338861,-0.0002964420947216,MWG_2021,2022-04-01,18.054153091148187,MWG,2021,vi,VN30,,1777,26,42,0.0146314012380416,0.0236353404614518,0.0022509848058525,0.0,0.2352941176470588,0.0382667416994935,0.052335396736072,0.0,0.0,0.15527950310559,5.07808007135481,8.30668828238697,7.482681828154651,1,2022,1.7360640034955814,2.365792287705884,-1.9256813044162187,-0.274224867164437,3.2791379607963753,T1 Tiêu cực
-0.0002407293401864,1.2505567722588562,0.0120375505737015,0.0642857142857142,-0.14570269167523225,-7.182929443553647,-0.1490995428474721,-0.0252955725997038,-1.4859061907764013,-0.0167531311233376,-0.0189896438502905,-0.9107896097012228,-0.0259176939550292,-0.16131210164133894,-6.18425383030337,-0.16993091737348434,-0.0999091796834061,-2.502481789594012,-0.0725492622849447,-0.14247405221521642,-0.0374240858498695,0.0009579361982686,0.0133572619987851,MWG_2019,2020-03-24,17.439327544783044,MWG,2019,vi,VN30,,1643,2,45,0.0012172854534388,0.0273889227023737,0.0012172854534388,0.0,0.9148936170212766,0.0365185636031649,0.0401704199634814,0.0,0.0,0.0476190476190476,0.3596239692408893,2.798446985888476,7.404279118037268,1,2020,-0.9770445288725089,2.1194845245205722,0.9231852938786655,-0.6848351245816259,-0.7399857281925315,T3 Tích cực
0.0001364834379982,1.222382983294641,0.012308898677696,0.0714285714285714,-0.0163603663719408,-0.6645747438634001,-0.0239378755419896,0.0164493089452177,0.944960081771762,0.0112216713598956,0.0215580231733724,1.011181488145326,0.0153086472147675,-0.0168490804560737,-0.5588321483663159,-0.0228144311775269,-0.0353540863026156,-0.8660123359968348,-0.038682825646282,-0.023201673659283,-0.0569851538346444,0.0012400679491353,0.0142212996014061,MWG_2018,2019-03-20,16.924216255995468,MWG,2018,vi,VN30,,1602,1,52,0.0006242197253433,0.0324594257178526,0.0012484394506866,0.0,0.9622641509433962,0.0318352059925093,0.0405742821473158,0.0,0.0,0.1206896551724138,0.0505804792549261,2.169879201462963,7.379008127628304,1,2019,-1.0969966534097013,1.4596276485534825,1.1217615611631278,-0.6724600071941342,-1.0032252253182807,T3 Tích cực
-0.0018021861503028,0.8209258985965662,0.0211373063881059,0.0928571428571428,0.0151519946295251,0.3584182949169713,0.0008985426136666,0.0484630585172462,1.6212357755228588,0.042242671207081,0.0335571684110521,0.9165898369275892,0.024161131197507,0.0075894202788404,0.1465829087944646,-0.0119716550940973,-0.0314902433496044,-0.4491899506534516,-0.0638386422863036,-0.0013068263586628,-0.0127935341421263,-0.0006135585909561,0.0237533242608513,NKG_2025,2026-04-13,18.090498280201228,NKG,2025,vi,VN100,,703,7,33,0.0099573257467994,0.0469416785206258,0.0071123755334281,0.0,0.65,0.0241820768136557,0.0711237553342816,0.0,0.0,0.4925373134328358,0.8198031829294407,2.04721068702053,6.555356891810665,0,2026,0.7906961313337945,0.38134784778806474,-0.18724309567771036,1.6568365129112586,-0.34801065437816653,T2 Trung tính
-0.000933524260027,1.725322200829354,0.0166397611690754,0.1214285714285714,-0.0378781722686645,-1.1381825701639283,-0.044493216119004,-0.0586473213185002,-2.4922183786993624,-0.0572280984363012,-0.11220082485040792,-4.209086205529199,-0.087225532627401,-0.0213278834192495,-0.5232690455499481,-0.0358649140305376,-0.0293301266946436,-0.5314599077763991,-0.0366546995876962,-0.0439343857544077,-0.111418698721608,-0.0008656732959301,-0.003012928353015,NKG_2024,2025-04-14,18.43457388966709,NKG,2024,vi,VN100,,564,4,30,0.0070921985815602,0.0531914893617021,0.0088652482269503,0.0,0.7647058823529411,0.0177304964539007,0.0567375886524822,0.0,0.0,0.5238095238095238,0.4820110643369463,1.472527465391555,6.335054251498059,0,2025,0.2112020310031072,-0.5276409621957703,0.2936015152499617,2.353119727393393,-0.635737884728071,T2 Trung tính
0.0019695001728278,1.7626362193320304,0.0196429204190571,0.05,0.016230478961573,0.4131381336205623,-0.0033673109238339,0.0288698245409361,1.0392573135284118,0.030018000673642,0.029646764192058,0.871386073034229,0.0403703697614542,0.0023921879117635,0.0497179953189795,-0.0280712151863715,-0.0648370575635179,-0.9952241310042677,-0.0774314589457575,-0.0052401546198548,0.0143224925589483,0.001374187705161,-0.018341931508086,NKG_2023,2024-04-10,18.9075193455626,NKG,2023,vi,VN100,,892,8,25,0.0089686098654708,0.0280269058295964,0.0044843049327354,0.0,0.5151515151515151,0.0269058295964125,0.0571748878923766,0.0,0.0,0.36,2.874072560615546,3.4966779392539777,6.79346613258001,0,2024,0.5907207071765405,0.7651082076733262,-0.7525250664108638,0.6129036291948908,1.4017910902483828,T1 Tiêu cực
0.0004153869388862,1.9558229861977945,0.0342634360398038,0.1,-0.0045271364513887,-0.0660636669090859,-0.0076857025681419,0.0070871161413015,0.1462593499598019,0.0077095359479879,-0.0142420746130229,-0.2399836841259949,-0.0142753079954137,0.0275607107618806,0.3283854263605012,0.0158210481170958,-0.0166984755636498,-0.1469432258266827,-0.0376858322669849,-0.0084524579702934,-0.0070013826711635,-0.0008197984537874,0.0603036215323934,NKG_2022,2023-04-10,18.626953711741745,NKG,2022,vi,VN100,,759,7,15,0.0092226613965744,0.0197628458498023,0.0065876152832674,0.0,0.3636363636363636,0.0342555994729907,0.0500658761528326,0.0,0.0,0.1875,1.888102440210842,4.374454625353143,6.63200177739563,0,2023,0.6421045917177433,1.8006465101086642,-1.3876733481335082,1.44838911387046,0.5619536981449698,T1 Tiêu cực
0.0011896137244751,1.3839496980506634,0.0294598945627119,0.0357142857142857,-0.0210857721080975,-0.3578724978667489,-0.0223233665932403,-0.0529629761954834,-1.271236037180186,-0.0517227791064969,-0.068772460691294,-1.3477916089763633,-0.0715434195755265,-0.0967886107341023,-1.3412738047807908,-0.1094890944808242,-0.1120987642727673,-1.1472902277175177,-0.13638559573954,-0.0242725181341213,0.1288439968746176,0.0028778316703054,0.0597739681805407,NKG_2021,2022-04-12,19.179538605352985,NKG,2021,vi,VN100,,339,6,11,0.0176991150442477,0.0324483775811209,0.0,0.0,0.2941176470588235,0.0383480825958702,0.0383480825958702,0.0,0.0,0.0271959459459459,0.8996814030691659,2.17296505285976,5.82600010738045,0,2022,2.356532816806008,2.377252730028156,-1.6790943244533096,-1.168370199088151,-0.279971355113729,T1 Tiêu cực
0.0025685411504246,1.222145869216224,0.025459507627108,0.1357142857142857,-0.026987608659887,-0.5300104199806275,-0.0122310698455604,-0.0049561858709166,-0.1376520194135515,-0.0011868222885592,-0.0108831258570809,-0.2467987886977049,-0.005571259105032,-0.0785051869762293,-1.2588463549651143,-0.0498576273254263,-0.0587743015220343,-0.6960511152878253,-0.0136339662074421,-0.0124595574051378,0.0904135699355982,0.0004774355473673,-0.0053907606731594,NKG_2019,2020-04-29,14.774964160538504,NKG,2019,vi,VN100,,382,5,11,0.013089005235602,0.0287958115183246,0.0078534031413612,0.0,0.375,0.0340314136125654,0.0811518324607329,0.0,0.0,0.4090909090909091,1.432697668704437,2.5773954454850467,5.945420608606575,0,2020,1.424102498040809,1.769060072814262,-1.3400372270043097,1.9511905106536118,0.174045436283645,T1 Tiêu cực
0.0069037697843066,1.225805636726787,0.0251981964792564,0.0642857142857142,-0.0678026124498451,-1.345386216542549,-0.0481279291753014,-0.0528055701758075,-1.4818194145947667,-0.0448222745740604,-0.0225240904405138,-0.5160801762057646,-0.0036503217298603,-0.0653708820841555,-1.0591055942809615,-0.0293352313087362,0.0544536792484608,0.6515705225540891,0.1272790701795898,-0.0477875045903274,0.1089836607032258,0.004980526129842085,-0.0011575697368468,NKG_2020,2021-04-20,17.720899095462798,NKG,2020,vi,VN100,,711,19,22,0.0212398982581538,0.030942334739803,0.0014064697609001,0.0,0.073170731707317,0.0253164556962025,0.0576652601969057,0.0,0.0,0.3898305084745763,4.191470638310072,3.190225816701842,6.566672429803241,0,2021,3.0726835719635757,0.5411749991243875,-2.6052990784603334,-0.609686565182231,2.5239347972796713,T1 Tiêu cực
-0.0023753584733957,1.006521156719765,0.0235315432762748,0.0357142857142857,-0.0297525738890255,-0.6321849259887445,-0.0390134645746484,-0.0451312691123459,-1.3561637695505504,-0.0499585088275056,-0.0496848789935916,-1.2190266454187766,-0.0569185334093538,-0.0264363365736096,-0.4586434933566305,-0.0404716951714725,-0.0751048270970878,-0.9623235134414097,-0.1007699700348873,-0.0415086932311612,0.1109782046893094,-0.0010953830033208,-0.1043038218740936,NLG_2025,2026-04-03,18.47079493840213,NLG,2025,vi,VN100,,1339,2,46,0.0014936519790888,0.034353995519044,0.0037341299477221,0.0,0.9166666666666666,0.0194174757281553,0.058252427184466,0.0,0.0,0.5,0.298428300107552,2.0843567949158484,7.199678345691172,0,2026,-0.9211472643161226,-0.2899557443942957,0.9306178801541432,0.3149160731564795,-0.7921114570654002,T3 Tích cực
-0.0015275994216419,1.4650159865267391,0.0148509405877591,0.1,0.0065927216203916,0.2219630999610118,-0.0675517048616433,0.0235569693793953,1.1216321750087686,-0.0103703149464696,0.027945935150098,1.0864357773381617,-0.003783440601958,-0.0385580760223372,-1.0599509523773565,-0.100095201717261,-0.0678280945873319,-1.3770804534785377,-0.117309707721347,-0.0584741248444686,0.0626491395105874,-0.0009507091502719,0.0178859968293426,NLG_2024,2025-04-02,18.151482504390927,NLG,2024,vi,VN100,,1759,2,87,0.0011370096645821,0.0494599204093234,0.0022740193291642,0.0,0.9550561797752808,0.01591813530415,0.0568504832291074,0.0,0.0,0.5625,0.3072932481129714,2.2299087382081964,7.472500744737558,0,2025,-0.9932809272447137,-0.7829917309856029,1.0915458998490375,-0.265075000209007,-0.7845604018559911,T3 Tích cực
0.0008333748652276,1.741961227456025,0.0182046630402195,0.05,-0.0400821143946399,-1.1008749325951972,-0.0348779320922004,-0.0250204406924702,-0.971845688263188,-0.0187678428737216,-0.0268854137138183,-0.8526552131535792,-0.0274867034219352,-0.0437314651524774,-0.9806990576280178,-0.0608762925061668,-0.0889606344622981,-1.4733939569196772,-0.1259210127855125,-0.0344997726554053,0.1267102659784589,0.0010521574359,-0.0271686817607592,NLG_2023,2024-04-08,18.73797822905664,NLG,2023,vi,VN100,,1113,6,34,0.0053908355795148,0.0305480682839173,0.0017969451931716,0.0,0.7,0.0197663971248876,0.050314465408805,0.0,0.0,0.4358974358974359,0.4026974816307028,2.0043300073503665,7.014814351275545,0,2024,-0.13291177803402315,-0.24079482140989475,0.022355837290761946,-0.45458032719755115,-0.7032962326737966,T2 Trung tính
0.0022727323514097,2.170501283169283,0.0254573816853454,0.05,0.0309893549832863,0.608651654877874,0.0049581635401606,0.028780702438182,0.7994156709786775,0.0016764712079883,0.0081237282449193,0.1842387699960308,-0.0144977230146099,0.0144151722392376,0.2311694696708965,-0.0218775644499138,-0.0038718776662887,-0.045857624151323,-0.093644229110178,0.0028339299303928,0.0241218049549158,0.0020830772312747,-0.0886395268968263,NLG_2021,2022-04-07,19.32145789010279,NLG,2021,vi,VN100,,1233,5,35,0.0040551500405515,0.0283860502838605,0.0008110300081103,0.0,0.75,0.0154095701540957,0.0470397404703974,0.0,0.0,0.5064935064935064,0.6502934230491979,1.3387822135493443,7.117205503164344,0,2022,-0.40306449555280255,-0.8546454971590531,0.23195477025923472,-0.8462095634781586,-0.4923970122684696,T2 Trung tính
4.0499751906342574e-05,1.737398454885145,0.0258022854006193,0.0928571428571428,0.0606100942079176,1.1745101890560208,0.0511886753435816,0.0015325702024998,0.041999798312674,-0.0024182426630262,-0.0005028357757766,-0.0112514207945249,-0.0035664572368109,0.0487024303454002,0.7705784050225166,0.0389919734718086,0.112870434718689,1.318941946680884,0.1123775396161153,0.0508426451477292,0.170356934168634,0.0004522110112167,0.0776334131551065,NLG_2022,2023-04-19,17.378653729514404,NLG,2022,vi,VN100,,1626,12,51,0.007380073800738,0.0313653136531365,0.0030750307503075,0.0,0.6190476190476191,0.02460024600246,0.0559655596555965,0.0,0.0,0.3893129770992366,1.3075233299481606,5.518850465119488,7.3938782901077555,0,2023,0.2694270177223306,0.4402653675440401,-0.31699481608676483,0.05310601157335037,0.06742345246917597,T2 Trung tính
0.0010023452878928,0.8026331838431792,0.0160894919146099,0.0857142857142857,-0.0307238129049131,-0.954778841618192,-0.0284038657014723,-0.0262774709632762,-1.1548517510172531,-0.0267668937279748,-0.0299679977231613,-1.07536220810244,-0.0308102375344045,-0.0040046444902674,-0.1016122370888966,-0.0024952550217481,-0.061852503887056,-1.1590938801214294,-0.0566527884027763,-0.0282419438441918,-0.0678043644353152,0.0015798236798555,0.1028435349796112,NLG_2020,2021-04-05,17.555258498950742,NLG,2020,vi,VN100,,1630,4,63,0.0024539877300613,0.0386503067484662,0.003680981595092,0.0,0.8805970149253731,0.0202453987730061,0.0398773006134969,0.0,0.0,0.3265306122448979,0.5582967571456753,1.8922085023559727,7.396335293800808,0,2021,-0.7269119407406182,-0.1733063745760606,0.7794146698037526,0.2938042685454121,-0.5707586566790631,T3 Tích cực
-0.0006291773518919,1.03875102608675,0.012706551558015,0.1214285714285714,0.0126030501000424,0.4959272404672494,0.0108311026286009,0.0098347553306132,0.5472942169900228,0.0091016771821196,0.0299218284444187,1.3595644442283008,0.0285483878880018,0.0144922766029812,0.4656217795271582,0.0113022817344097,0.0571246561420658,1.3555000979846743,0.0506923300078907,0.0107529320242854,-0.0533126575538654,0.0003066577409893,-0.0466842845389335,NLG_2018,2019-03-27,15.626465299968984,NLG,2018,vi,VN100,,1450,2,43,0.0013793103448275,0.0296551724137931,0.0013793103448275,0.0,0.9111111111111112,0.0186206896551724,0.0434482758620689,0.0,0.0,0.4,0.1183331557023289,1.7344109983593854,7.27931883541462,0,2019,-0.9442737430569225,-0.40221810243767064,0.9073291098243135,-0.6204749388025016,-0.945514317129443,T3 Tích cực
0.0008779223324301,0.7756726658191265,0.0218007657053831,0.1071428571428571,0.0401758972814797,0.9214331694679704,0.0485568577987182,0.0154106937619991,0.4998451067802653,0.0150730010924841,0.0261312872997334,0.6920355899722919,0.026364642199976,0.027940345335366,0.5232200727388472,0.039978081514242,0.0562954454316646,0.7785834532185293,0.0798124007305075,0.046843690792889,0.1479328095291792,0.0010793433860583,0.0334754392595538,NLG_2017,2018-04-06,15.832554184589776,NLG,2017,vi,VN100,,1618,0,47,0.0,0.0290482076637824,0.0006180469715698,0.0,1.0,0.0160692212608158,0.0525339925834363,0.0,0.0,0.5315315315315315,0.0,1.3880020274352445,7.388946097618437,0,2018,-1.2232499145337272,-0.7617046297953868,1.2799494351015976,-0.9228670694793157,-1.0463090641787947,T3 Tích cực
0.0019330711437406,-0.2779718994687871,0.0152850165200994,0.25,-0.0189551169318737,-0.6200554937885805,-0.0091248713907065,-0.0388990582414051,-1.7995262110510932,-0.0296582812976283,-0.0403009287574738,-1.5222588759470987,-0.0315692680868936,-0.0085715258844145,-0.2289373246262094,0.0018873730249365,0.0509943915309263,1.005912393761316,0.0685048933165247,-0.0095153089405001,0.1423579923006708,0.0007241704881985,0.020138620827888,NLG_2016,2017-03-28,14.846125171404273,NLG,2016,vi,VN100,,1562,2,52,0.0012804097311139,0.0332906530089628,0.0012804097311139,0.0,0.925925925925926,0.0198463508322663,0.0531370038412291,0.0,0.0,0.4561403508771929,0.6859732930415652,1.6481493029450194,7.3537223303996315,0,2017,-0.9642771561205554,-0.22952982566136138,0.9694324973705276,-0.6597606424849459,-0.462005331684195,T3 Tích cực
0.0004999615532415,1.0198417678852,0.0135214831109458,0.0928571428571428,-0.0071337112901514,-0.2637917464977131,-0.0035161623089654,-0.0405485165803617,-2.1204871393004465,-0.038292764343895,-0.1118524018629531,-4.775956438743406,-0.09033628908972875,-0.0247185536174139,-0.7463165966519973,-0.0199579499928305,-0.0454856239557908,-1.01426977538928,-0.0374796153851155,-0.0034001302998771,0.1080598362313114,0.0009623297923408,-0.0338350076633331,NLG_2019,2020-04-06,16.025252282006072,NLG,2019,vi,VN100,,1471,3,34,0.0020394289598912,0.0231135282121006,0.0020394289598912,0.0,0.8378378378378378,0.0231135282121006,0.0496261046906866,0.0,0.0,0.3644859813084112,0.3871355645911326,2.659248584081217,7.293697720601438,0,2020,-0.8107596541924088,0.23079578649833343,0.6001691119606054,-0.35825993999818206,-0.7165516848950848,T3 Tích cực
0.001702744723548,0.5859489309665509,0.0184555961929532,0.0857142857142857,0.0260606911248696,0.706037639001338,0.0570199623665521,0.0174025280769258,0.6667595825315034,0.0368653206892303,0.0320994964115245,1.0041752485417528,0.0524080207353273,0.0829942322627777,1.835879647853192,0.1096113988959982,0.0296700334032783,0.484722984376159,0.0522118100665565,0.053954211417612,0.034933457683689,0.0009149148897311,-0.0018626233263929,NT2_2025,2026-03-19,17.531308923011526,NT2,2025,vi,VN100,,976,10,44,0.0102459016393442,0.0450819672131147,0.0030737704918032,0.0,0.6296296296296297,0.0225409836065573,0.0655737704918032,0.0,0.0,0.4883720930232558,1.8291446069145731,2.408073924634317,6.883462586413092,0,2026,0.8490628346537197,0.15012770044271312,-0.27263525355375473,0.05260540656895091,0.511734130700794,T2 Trung tính
-0.0001110826862927,0.7018011219802267,0.0122692590411572,0.1428571428571428,-0.0717008481232454,-2.921971403600045,-0.0182718779691735,-0.0230914042166437,-1.3308129247198957,0.0012449712642615,-0.0232466940877133,-1.093911624515207,0.0008654156479771,-0.03478863784279,-1.1575598721360063,-0.0155710849086934,-0.0240896050925653,-0.5919908608532949,-0.0047011411516689,-0.0158408939346424,-0.0789389685921748,-0.0008991488726273,0.0239709991481288,NT2_2024,2025-04-03,15.960591219802666,NT2,2024,vi,VN100,,911,17,25,0.0186608122941822,0.0274423710208562,0.0043907793633369,0.0,0.1904761904761904,0.0318331503841931,0.0570801317233809,0.0,0.0,0.2839506172839506,3.916971146176357,4.213612400150385,6.814542897259958,0,2025,2.551043514063231,1.4593380257241995,-2.1135570986736734,0.5757530224578962,2.2901194586235016,T1 Tiêu cực
-0.0005390004133891,0.8622422348564339,0.012332540323077,0.0928571428571428,-0.0378153153777765,-1.5331519049248628,-0.038273582037634,-0.0046727405399034,-0.267919377186892,-0.0060684063144625,-0.0100234298906981,-0.4692488160585219,-0.0113078420135358,-0.0782097136463001,-2.589002837803312,-0.077796263857928,-0.0680868297186947,-1.664616619019393,-0.0667792163914583,-0.0379639208355184,-0.0638159307644282,-0.0009635969757954,0.0261005614251207,NT2_2023,2024-04-01,16.9943861415805,NT2,2023,vi,VN100,,1321,17,43,0.0128690386071158,0.0325510976532929,0.0068130204390613,0.0,0.4333333333333333,0.0227100681302043,0.0560181680545041,0.0,0.0,0.4230769230769231,3.467475317445865,3.404869665387832,7.186144304522325,0,2024,1.3796125483366941,0.17395069130171628,-1.0955051385410919,1.5379254658354498,1.9072443625633615,T1 Tiêu cực
0.0033525453611899,0.9767632114862866,0.0270883065627656,0.0642857142857142,-0.0037234228112742,-0.0687274932201241,0.0094071327934401,0.0042358919658185,0.1105727272564542,0.0107747316301292,-0.009544356747464,-0.2034249326225732,0.0003094527612551,-0.0095098323544487,-0.1433228316545332,0.0098922298928114,-0.009062996628354,-0.1008773395630003,0.0274023925475681,0.0093440378307083,0.0531067359900409,0.0035497099114983,0.0267420982689211,NT2_2022,2023-03-27,16.546401411549613,NT2,2022,vi,VN100,,997,11,36,0.0110330992978936,0.0361083249749247,0.0010030090270812,0.0,0.5319148936170213,0.0200601805416248,0.0672016048144433,0.0,0.0,0.5402298850574713,2.174790243133632,2.1474045601968133,6.904750769961838,0,2023,1.0082796416625013,-0.199402507669409,-0.6822533416245288,-0.7699508774160313,0.8061508921286026,T1 Tiêu cực
0.0014494030922296,1.0742018908088549,0.0221876430683632,0.0642857142857142,0.0158368602108381,0.3568846894201993,0.0206151818809727,0.0272927890605173,0.8698046999730042,0.0299190257078448,0.0173065157209479,0.4503372205617901,0.0218204327914139,0.040098798698736,0.7378100489526741,0.0481461693338444,0.0674322035052215,0.9163467378691952,0.0843331354602968,0.0202893816971093,-0.0283027612094901,-0.0001632131933934,-0.0381195173578606,NT2_2021,2022-03-23,16.790614106580367,NT2,2021,vi,VN100,,1240,22,36,0.0177419354838709,0.0290322580645161,0.0016129032258064,0.0,0.2413793103448276,0.025,0.0556451612903225,0.0,0.0,0.38,3.7067685774453216,3.337534713040018,7.122866658599083,0,2022,2.3651935814786076,0.4965882977793795,-1.9001723064890208,-0.5276862253670092,2.111071459619181,T1 Tiêu cực
-0.0009761480389273,0.4389416846984251,0.0140026810276423,0.2071428571428571,0.0257118274754961,0.9181037340184705,0.0909494018989144,0.0518164305223892,2.616623868453004,0.0786914829908944,0.0575813639101345,2.374160768798099,0.0820659241192089,0.0168258285359732,0.4905571812918534,0.0504739216997186,0.0406759480583063,0.8758508293393699,0.0621836572559213,0.0831114316689907,0.0920548273395444,-0.0010984567993104,-0.0139193022028645,NT2_2019,2020-03-19,15.000840698497266,NT2,2019,vi,VN100,,1205,5,43,0.0041493775933609,0.0356846473029045,0.0016597510373443,0.0,0.7916666666666666,0.0248962655601659,0.0697095435684647,0.0,0.0,0.4736842105263157,1.8276177624759544,5.39351958236073,7.094234845924755,0,2020,-0.3840062451532652,0.48197274007706176,0.4066205477329617,-0.5090771472921392,0.510433583123398,T2 Trung tính
-0.0007414974455338,0.997707613141568,0.029902963097127,0.0642857142857142,-0.0377673659107704,-0.6314987211818988,-0.0408084495795666,-0.0044505093259281,-0.1052399159867911,-0.0059875309902265,0.0149870687931358,0.2893622339022241,0.0126968126625884,-0.0073276733539315,-0.100040591633127,-0.0118723769239956,0.1352612979991458,1.3638386168150114,0.1269828023109802,-0.0418124958037909,0.3809652427299937,0.0014910817662615,-0.0027606030124413,NVL_2025,2026-04-14,19.031680414803304,NVL,2025,vi,VN100,,1248,6,39,0.0048076923076923,0.03125,0.000801282051282,0.0,0.7333333333333333,0.0216346153846153,0.0625,0.0,0.0,0.4857142857142857,0.9106332072195868,2.118866988520947,7.129297548929373,0,2026,-0.25085700914576703,0.02242587770644471,0.16208845926974363,-0.8500816865023375,-0.2706427411464603,T2 Trung tính
-0.0002282531902234,1.0056601320857776,0.0156173248783185,0.1071428571428571,0.0050068501483363,0.1602979443453652,0.0041191177067625,-0.004935889467902,-0.223482634902871,-0.0053612706095395,-0.0136558666304197,-0.5048379499382832,-0.0142686205860904,0.0200707661226857,0.5246645005933098,0.0186819272079845,0.042383882668531,0.8182721145512138,0.0398930648763045,0.003968429032535,-0.0122602063248448,0.0008225471610651,0.0087587181874582,NT2_2016,2017-03-06,15.223609357073286,NT2,2016,vi,VN100,,1996,3,51,0.001503006012024,0.0255511022044088,0.0035070140280561,0.0,0.8888888888888888,0.0235470941883767,0.0616232464929859,0.0,0.0,0.4470588235294118,1.139297539975176,6.827325644996829,7.59890045687141,0,2017,-0.9192553389014282,0.2918826208626906,0.8141740285049917,0.22470016461417106,-0.07586923542430381,T3 Tích cực
-0.0015330313480054,1.540530211725296,0.0204624335416066,0.1,0.0515197805938249,1.258886937593929,-0.0522657864703599,0.0099249628031427,0.342970374802031,-0.03765714024605,0.0060434131166361,0.1705157005211247,-0.0428665600029303,0.01742206510821,0.347589561247192,-0.0278189455260622,0.0727824390533858,1.072439942982094,0.0185596996483562,-0.0439778499294675,0.0765394808071194,-0.0023181926387785,0.0492397887309059,NVL_2024,2025-04-03,18.253099524898428,NVL,2024,vi,VN100,,1713,8,46,0.0046701692936368,0.0268534734384121,0.0023350846468184,0.0,0.7037037037037037,0.0233508464681844,0.0607122008172796,0.0,0.0,0.4444444444444444,1.3079980866737966,4.178481160251664,7.44600149832412,0,2025,-0.2786721010103556,0.2642324992347527,0.03788168417731572,-0.2408183865788396,0.06782784449089166,T2 Trung tính
-0.0014486351288034,1.8940933795930488,0.0206960636468758,0.0785714285714285,0.0707373737730279,1.7089571954352312,0.0589412101525135,0.0904794085040059,3.09134163880426,0.0760543821521539,0.1033439420482916,2.882946911003777,0.0766539625664367,0.061233089943385,1.207877242539332,0.0432677717917999,-0.0049970748373926,-0.0728000637650433,-0.0901119387299445,0.0591301113719565,-0.0397102480885851,0.0007799842477598,-0.0194085408585127,NVL_2023,2024-04-04,19.82930052353355,NVL,2023,vi,VN100,,1228,7,19,0.005700325732899,0.015472312703583,0.003257328990228,0.0,0.4615384615384615,0.022801302931596,0.0684039087947882,0.0,0.0,0.5,1.173919916668967,2.971402543255217,7.113142108707088,0,2024,-0.07031500391087167,0.18680512524219411,-0.977269843020415,0.12551925924122706,-0.04637831480796675,T1 Tiêu cực
0.001268529297826,0.5530807565453093,0.0145992901479676,0.1357142857142857,0.0007987183593085,0.0273546984549697,0.0007003436368647,-0.0321901312348353,-1.5591073163653553,-0.0254107085073207,-0.0332028337792392,-1.3130545955325623,-0.0249481598642976,-0.0094958716648341,-0.2655384840181744,-0.0064895340079461,-0.057045667080856,-1.1781337044170452,-0.0409141440738941,-0.0010649118045122,-0.0450487199721717,0.0010019441171152,0.0013479166270902,NT2_2018,2019-03-08,15.256899630842092,NT2,2018,vi,VN100,,1051,4,34,0.0038058991436726,0.0323501427212178,0.0028544243577545,0.0,0.7894736842105263,0.0228353948620361,0.0685061845861084,0.0,0.0,0.5,1.4436184157560077,3.209812859693355,6.957497370876951,0,2019,-0.45347741474042136,0.1916084728799464,0.39742761207644994,-0.03452415615632057,0.1833475961907297,T2 Trung tính
0.000847202726013,0.6282069087462369,0.0154588986025923,0.1357142857142857,0.0720440345500791,2.330180060111072,0.0722503455674964,0.0482536315813867,2.2071734206442235,0.0452497086778542,0.0455383633646042,1.700741237968944,0.0408288331287269,0.1337919757687523,3.533262413417757,0.1303894204295596,0.2022903365792867,5.112332188207343,0.19065654180621017,0.0744006885467611,-0.0164403318173825,0.0012707444727202,0.0658059864627562,NVL_2020,2021-04-05,18.677531633706007,NVL,2020,vi,VN100,,3630,23,60,0.0063360881542699,0.0165289256198347,0.0022038567493112,0.0,0.4457831325301205,0.0231404958677685,0.0537190082644628,0.0,0.0,0.3978494623655914,3.323693252950468,7.776809884600658,8.196987927258897,0,2021,0.05827285664422196,0.23459536673553136,-1.043315845994725,-0.29294526529839104,1.7847725436126063,T1 Tiêu cực
-0.0004792157547652,0.5860600030416466,0.0121666905153243,0.15,-0.0082569929220933,-0.3393278111123714,0.0095230850584504,-0.0150540417519422,-0.8749145869746788,-0.0072972723516678,-0.0050963182149608,-0.2418373911605326,0.0062009062492404,0.0610201017662057,2.0475043890208,0.1122456870149799,0.063944663049567,1.5846578254261574,0.1144885805298374,0.0093127491932896,0.1503027079244933,-0.0003084823041675,0.0086314731953393,NVL_2019,2020-03-16,16.34580454462162,NVL,2019,vi,VN100,,3679,8,69,0.0021745039412883,0.0187550964936123,0.0019026909486273,0.0,0.7922077922077922,0.0236477303615112,0.0587116064147866,0.0,0.0,0.4257425742574257,1.3910404716812916,8.30668828238697,8.210396255104774,0,2020,-0.7834396958423712,0.306061651450218,0.4088889344534001,-0.4125755684956585,0.13856234101915935,T2 Trung tính
0.0035044322703285,0.2596362364035302,0.0185672556555698,0.1142857142857142,0.0162346925588633,0.4371861103230197,0.0674935117951458,-0.002982008293298,-0.1135654253305335,0.0155096079928552,-0.0186792129880302,-0.5808315912133469,0.0127857984508806,-0.1221036863486425,-2.684759780114053,-0.0430826305269632,-0.1834269053431925,-3.5210567493828777,-0.1280219981945137,0.0679508750291529,0.1433203376904108,0.0009334711682841,,NVL_2017,2018-04-19,18.302079609209745,NVL,2017,vi,VN100,,1864,4,66,0.0021459227467811,0.0354077253218884,0.0021459227467811,0.0,0.8857142857142857,0.0171673819742489,0.075107296137339,0.0,0.0,0.627906976744186,0.436283438744118,4.550879480453257,7.530479995245536,0,2018,-0.7892204632017646,-0.6069804003179974,0.8008661597450887,-0.3159580452102161,-0.6746881216877862,T3 Tích cực
-0.0007745726206646,0.6254709914599348,0.0126026474868923,0.1,0.064569248034274,2.5617334810574715,0.0540444185734729,0.076222112712994,4.276654792715596,0.0658706522513352,0.080202729532579,3.674233333395837,0.0670878744743492,0.0689161507429734,2.2324595491091084,0.0606112004320128,0.104764718519295,2.5064377288912523,0.0821692105309278,0.0540819312379001,-0.0299192728028269,0.0020730157605899,0.0130361327935102,NVL_2021,2022-03-21,19.223865808109192,NVL,2021,vi,VN100,,1483,6,32,0.0040458530006743,0.0215778826702629,0.0006743088334457,0.0,0.6842105263157895,0.0195549561699258,0.0492245448415374,0.0,0.0,0.4313725490196078,0.5861667343467097,2.3830784813125616,7.301822342137932,0,2022,-0.4049448936812837,-0.2705855782966103,-0.04383329943612387,-0.9005185040732421,-0.5470193480670628,T2 Trung tính
-0.0007613434767164,0.5441495531979975,0.0186382538630376,0.0571428571428571,0.033640347033842,0.9024543629743071,0.0383609440992183,0.011097003998186,0.4210033212141659,0.014596941098769,0.001196780988716,0.0370722403007129,0.0053455311750311,0.0498613870618804,1.092153062070811,0.0522144230778538,0.0743341043267932,1.2025040493735628,0.0699648954532667,0.0384095071669491,-0.0465395244682473,-0.0005429785191836,-0.0503465244096719,NVL_2018,2019-04-16,16.62772527473737,NVL,2018,vi,VN100,,1750,13,30,0.0074285714285714,0.0171428571428571,0.0028571428571428,0.0,0.3953488372093023,0.0205714285714285,0.0537142857142857,0.0,0.0,0.4461538461538462,1.4239791261471606,2.6268246833938846,7.4673710669175595,0,2019,0.2792360375628661,-0.12737073990026454,-1.2547353356799313,-0.033444302782114764,0.16661908745956483,T1 Tiêu cực
-0.0008457184155013,0.8190394797610319,0.0122339498225419,0.1285714285714285,0.0195037627874874,0.7971163471485868,0.0073304444998503,0.0193603031208625,1.1190009621720445,0.0111928717488613,0.0143907981543098,0.67913726218946,0.005102154586779,0.0019671799055648,0.0656450161338686,-0.0161624369464697,-0.0230217408540424,-0.5673814377293974,-0.0510220995670748,0.0065149685457435,0.0309737874053575,0.0002485991738423,-0.0122850744285165,OCB_2025,2026-04-08,16.69689079898661,OCB,2025,vi,VN100,,793,3,35,0.0037831021437578,0.0441361916771752,0.0063051702395964,0.0,0.8421052631578947,0.0226986128625472,0.0668348045397225,0.0,0.0,0.4929577464788732,0.6544709259999224,1.836038374514825,6.675823221634848,0,2026,-0.4580882840645279,0.17233671309249693,0.6180580678327366,1.3361951458495303,-0.4888386659139161,T3 Tích cực
0.000494653051999,1.2420678471854387,0.0182033164581882,0.0571428571428571,-2.4862044566691974e-05,-0.0006828987625358,0.006928417546515,0.0032902574615929,0.1278098619164235,0.0095386066855702,0.0034000485127592,0.1078385319844464,0.0104093967168972,0.0210565633670228,0.4722384526674696,0.0224537707111844,0.0097248999280824,0.1610787605618643,0.005506642950516,0.006951609240138,-0.0618702402686135,0.0004069013551001,-0.0017042530823334,OCB_2021,2022-04-01,17.28671993788427,OCB,2021,vi,VN100,,862,6,34,0.0069605568445475,0.0394431554524361,0.0011600928074245,0.0,0.7,0.0243619489559164,0.0487238979118329,0.0,0.0,0.3333333333333333,0.7719787184456995,1.971228544064413,6.759255270663693,0,2022,0.18457647284929493,0.4066907491278237,0.022355837290761946,-0.707553419845589,-0.38874695327765174,T2 Trung tính
4.768340166769356e-05,0.4259481628529411,0.0200875468356897,0.0785714285714285,-0.0169568682440319,-0.4220741433171033,-0.0334254505166239,0.0162813752419262,0.573124778987651,0.0112118960887053,0.0375880072079967,1.080343272244738,0.0334052886706949,-0.0262056659445052,-0.5325895894516776,-0.0443245532020107,0.005227612158775,0.0784657471525046,-0.0228366408925285,-0.0339584955192886,-0.0890623065446744,0.0012178951088734,0.0129123125312374,PAN_2025,2026-04-20,17.112747989226058,PAN,2025,vi,VN100,,1103,5,28,0.0045330915684496,0.0253853127833182,0.0113860291291415,0.0,0.696969696969697,0.0208522212148685,0.0589301903898458,0.0,0.0,0.4772727272727273,0.7059919520448874,2.932344377840776,7.005789019253503,0,2026,-0.30639712976177635,-0.08780874786418742,0.009652871656309445,3.3544345610770834,-0.444953680703274,T2 Trung tính
0.0012805014801933,0.9528714697996196,0.0138879196682343,0.0785714285714285,-0.0478811067900681,-1.7238401407082584,-0.042523613635886,-0.0052879465377809,-0.2692370739995947,-0.0023335179530011,0.0031121979920269,0.1293806697757653,0.007076498225642,-0.0424422560435047,-1.2476295145069225,-0.0352309073758042,-0.0325821990903063,-0.7073703543583091,-0.0197761277414336,-0.0417756552345651,-0.1140801031824071,0.0003601150055388,0.0298825806117449,PAN_2024,2025-04-18,17.205018660057643,PAN,2024,vi,VN100,,804,0,41,0.0,0.0509950248756218,0.003731343283582,0.0,1.0,0.017412935323383,0.0597014925373134,0.0,0.0,0.5483870967741935,0.0,1.4171228082929883,6.6895992691789665,0,2025,-1.2232499145337272,-0.5723834125769307,1.2799494351015976,0.31380914310256214,-1.0463090641787947,T3 Tích cực
0.0008054646701626,1.1952552204291584,0.0161642423631471,0.0785714285714285,-0.0252666557205533,-0.7815601607829993,-0.0198874272495765,-0.0158732359376211,-0.6943766691135267,-0.0146800512986072,0.0032981255863545,0.1178016050689952,0.001655655647761,-0.0307563986362318,-0.7767915675833782,-0.023132603266428,-0.0238935335851969,-0.445685685486345,-0.0057075412719851,-0.0221624783983559,-0.0182750925448679,0.0004957271601835,-0.0198060818620904,PAN_2023,2024-04-19,17.497083028208735,PAN,2023,vi,VN100,,1090,15,29,0.0137614678899082,0.0266055045871559,0.0082568807339449,0.0,0.3181818181818182,0.0376146788990825,0.046788990825688,0.0,0.0,0.108695652173913,2.893050057263811,6.262251684551327,6.993932975223189,0,2024,1.560113264191436,2.273920566991112,-1.5782178326503014,2.1114615195944753,1.4179558917610173,T1 Tiêu cực
1.785991699802689e-05,1.6513241262273892,0.0232882157971763,0.0642857142857142,0.0031815421102897,0.0683079832735728,-0.0164289116158712,-0.0242538754828234,-0.7364273834167228,-0.0267555321916326,-0.0246864541819764,-0.6120147241606025,-0.037233369650542,-0.0066493416548952,-0.1165646345328981,-0.021525861023638,0.0213329279353724,0.2761963321533014,-0.0329346877544498,-0.0181003036465228,-0.1499752692299666,-0.0002093214787172,-0.0525972463541329,PAN_2021,2022-04-21,17.744753559313722,PAN,2021,vi,VN100,,1116,14,37,0.0125448028673835,0.0331541218637992,0.0026881720430107,0.0,0.4509803921568627,0.0161290322580645,0.0636200716845878,0.0,0.0,0.5955056179775281,3.1944849424705786,2.1449927398941546,7.017506142941256,0,2022,1.3140333654750018,-0.7532776205695257,-1.0215290445522192,-0.10056357621956806,1.6747144716022928,T1 Tiêu cực
0.0042694293028582,0.5888591129666927,0.0227853053431172,0.2071428571428571,0.0127333169807702,0.2794194940340475,0.0504918610954853,-0.0148524930626377,-0.4609241967121461,6.29995308001341e-05,-0.0205756696495622,-0.5213609487361984,0.0038675833404329,0.0287877712111075,0.5157955184809289,0.0866099948519443,-0.0218621701396886,-0.2892957638681151,0.0530110248860967,0.0507584341211911,-0.0508991982827341,0.002657515373877,,PAN_2017,2018-04-19,15.6804978966095,PAN,2017,vi,VN100,,1135,1,37,0.0008810572687224,0.0325991189427312,0.0017621145374449,0.0,0.9473684210526316,0.0088105726872246,0.0484581497797356,0.0,0.0,0.6923076923076923,0.0527500352825032,0.806101277656285,7.034387929915503,0,2018,-1.0450492763657266,-1.7844044895317834,1.059318979345311,-0.46841590180689463,-1.0013772238033112,T3 Tích cực
0.0012684933439677,0.8576576420654377,0.0247649964729528,0.0214285714285714,-0.127829163697202,-2.5808435675896626,-0.1268860477637809,-0.0252875515997517,-0.7220271254759907,-0.0240312442934531,-0.0382653911799037,-0.8920871005369284,-0.0355325322647962,-0.16131210164133894,-4.458855067878111,-0.16993091737348434,-0.1834269053431925,-4.633874656331442,-0.1938218392903185,-0.1249555921960624,-0.0583612378641322,0.0005839331204733,-0.0176522105921596,PC1_2025,2026-04-20,19.189434535891397,PC1,2025,vi,VN100,,523,3,21,0.005736137667304,0.0401529636711281,0.0038240917782026,0.0,0.75,0.0191204588910133,0.0764818355640535,0.0,0.0,0.6,0.5534272978121622,1.26862981267526,6.259581464064923,0,2026,-0.06307176355459439,-0.33180362759250187,0.23195477025923472,0.3506510770384748,-0.5749064030894032,T2 Trung tính
-0.0003829729888179,0.837286348479212,0.0215217124813562,0.3071428571428571,0.0334839915542131,0.7779118781374753,0.0332131806418758,0.0034120876746601,0.1121058714470469,0.0031603784079728,0.0335977070750314,0.9013058436092092,0.0320245079150128,0.0217711712982809,0.4129803086821576,0.0205838797457247,0.0001246738904575,0.0017466357464894,-0.0052531709743355,0.0316581556406829,-0.0584099147249379,0.0014753025772498,-0.012411980388237,PAN_2016,2017-04-19,11.811528403195044,PAN,2016,vi,VN100,,2413,9,57,0.003729796933278,0.0236220472440944,0.0016576875259013,0.0,0.7272727272727273,0.0145047658516369,0.0638209697472026,0.0,0.0,0.6296296296296297,1.1796023294062528,3.755088880492576,7.7886260656250315,0,2017,-0.46886967463060797,-0.9821269730607984,0.13668252800083816,-0.5098968236930338,-0.041538104546647144,T2 Trung tính
-7.004118588356051e-05,1.7173138921648985,0.0210664948783235,0.0428571428571428,-0.0247674506533506,-0.5878398565210576,-0.0171220330860173,-0.018453126421613,-0.6193878432164499,-0.0201278877482902,-0.0107931182944353,-0.2957971788225462,-0.0259143898904541,-0.0262880016374975,-0.5094360400344701,-0.0164548566025234,-0.0452075941694593,-0.6470275469121727,-0.0117173296709797,-0.018266568378559,-0.0066385741714574,-0.0003646024423156,0.0111716459905651,PC1_2023,2024-04-19,18.85812100909365,PC1,2023,vi,VN100,,1206,5,48,0.0041459369817578,0.0398009950248756,0.0008291873963515,0.0,0.8113207547169812,0.0232172470978441,0.0867020602990599,0.0,0.0,0.6056338028169014,0.8079236577956923,3.880849827459967,7.095064377287131,0,2024,-0.38470213542637943,0.24540915272297975,0.4890100654092484,-0.8389970119346811,-0.35812948982893966,T2 Trung tính
-0.0008890001523285,1.099678390035281,0.0093444973042461,0.0928571428571428,-0.0165391141476818,-0.884965429877453,-0.0197297704003778,-0.0089495922419266,-0.6772239487131375,-0.0125336648262583,-0.0026093059796911,-0.1612161104790782,-0.0069292478152498,-0.0154678439919867,-0.6757689216755288,-0.020154447912334,0.0262367130535606,0.8465588220016291,0.0205595909614818,-0.0200149529202119,-0.0351792886839139,-0.0003325180099805,0.0170248343266795,PC1_2024,2025-04-21,17.558882849841197,PC1,2024,vi,VN100,,514,4,25,0.0077821011673151,0.0486381322957198,0.0077821011673151,0.0,0.7241379310344828,0.0214007782101167,0.0719844357976653,0.0,0.0,0.5416666666666666,0.600162044669715,1.1749996233973905,6.2422232654551655,0,2025,0.350740158000857,-0.010520371603784278,0.12354152906864546,1.9228676507726798,-0.5350983124493442,T2 Trung tính
0.0035077760096549,1.0719047702299809,0.0268561716013379,0.05,-0.01312444657465,-0.2443469376326924,-0.0035500578150697,0.0432438718694553,1.1385850335470264,0.04766712019216,0.058786445196181,1.2637828824799977,0.0660551399057391,-0.1127294876532855,-1.7136329519516564,-0.09922747583605,-0.0283662218098205,-0.318464515547107,0.004750107150888,-0.0053375635351258,0.1798446922002297,0.0024325365527781,-0.0582018203322058,PC1_2021,2022-04-18,17.835433681096344,PC1,2021,vi,VN100,,881,12,34,0.0136208853575482,0.0385925085130533,0.0022701475595913,0.0,0.4782608695652174,0.0227014755959137,0.0867020602990599,0.0,0.0,0.5959595959595959,1.5318002785952185,3.200147791429614,6.78105762593618,0,2022,1.5316793611170618,0.17274005497944717,-0.9071698654389858,-0.2666129602524919,0.25845983761170244,T1 Tiêu cực
0.0007559924475977,1.5836679366662476,0.0262947531330958,0.0285714285714285,-0.0007996316120128,-0.0152051553396483,-0.0038235202608336,0.0021806365577069,0.0586407063589097,0.001021292737712,0.012650251804687,0.2777598347390433,0.0127569010037957,0.0192986174583161,0.2996273646607172,0.0132704858846518,0.0142908516107171,0.1638674401124263,0.0151675734087615,-0.0038894134708982,0.004997854636589,0.0016254612009433,-0.0144621530223385,PC1_2022,2023-04-18,17.263433519679992,PC1,2022,vi,VN100,,1037,9,29,0.008678881388621,0.0279652844744455,0.0009643201542912,0.0,0.5263157894736842,0.0250723240115718,0.0800385728061716,0.0,0.0,0.5229357798165137,1.732397927180246,3.107583941781217,6.9440872082295275,0,2023,0.5321208847779983,0.5067783153480985,-0.7057246667049849,-0.785319028685923,0.42932648211060076,T1 Tiêu cực
-0.001483250635188,0.4229120994962521,0.0240524543572843,0.0785714285714285,0.0208297335184527,0.4330064036093774,0.019369340403095,0.0159220951554909,0.4680861789780474,0.0147794100253692,0.0149660289245723,0.3592415435011418,0.0090115049003746,0.0505185113318571,0.8574632584954431,0.0455577236214319,0.0548399086555444,0.6874497857740378,0.0343918042148897,0.0186739921843226,-0.0189931595358654,-0.0012529654505189,,PC1_2016,2017-04-19,14.256818067345268,PC1,2016,vi,VN100,,537,1,17,0.0018621973929236,0.031657355679702,0.0018621973929236,0.0,0.8888888888888888,0.0130353817504655,0.0577281191806331,0.0,0.0,0.631578947368421,0.0762975327296533,0.4902470189171118,6.285998094508865,0,2017,-0.8466061076050667,-1.1891543417137218,0.8141740285049917,-0.4286605832462329,-0.9813197510287214,T3 Tích cực
-0.0032494172526241,1.193851278029041,0.0223923960947138,0.0571428571428571,-0.0461661897890818,-1.0308452385758786,-0.0525259079875428,-0.0260658871528051,-0.8231082321620281,-0.0277705740063525,-0.0371747041115825,-0.9584872174949398,-0.0402894384593145,-0.0528185324715886,-0.9629641908409462,-0.0635416663401802,-0.0131094045284867,-0.1765168037077969,-0.0403778397024203,-0.0528497591147107,0.0672173719113388,-0.0017751489272981,-0.0383669941876197,PDR_2025,2026-04-15,18.936358623701985,PDR,2025,vi,VN100,,1315,1,43,0.0007604562737642,0.0326996197718631,0.0015209125475285,0.0,0.9545454545454546,0.0182509505703422,0.0486692015209125,0.0,0.0,0.4545454545454545,0.0679456616569691,0.7777248067752888,7.181591944611865,0,2026,-1.0694417591567837,-0.4543121122745222,1.0894049505848045,-0.5642271364157309,-0.9884337735287013,T3 Tích cực
-0.0005517894924573,1.6205200780228333,0.0171953397164083,0.0714285714285714,-0.0319703157840607,-0.9296215227883424,-0.0319031241321348,-0.0366078779522095,-1.5053892026428466,-0.0489546573088588,-0.0476035357390798,-1.5983350504619385,-0.0595488307776278,-0.0480321871569401,-1.1403705083738207,-0.0473127342896662,-0.0444970065575139,-0.7802318824814647,-0.0250315811246094,-0.0339607331937434,-0.1034310984946837,-0.0016776992291139,-0.0325889760831897,PDR_2024,2025-04-21,18.683926631862853,PDR,2024,vi,VN100,,1854,4,70,0.0021574973031283,0.0377562028047464,0.0010787486515641,0.0,0.8918918918918919,0.0215749730312837,0.0658036677454153,0.0,0.0,0.5061728395061729,0.194579124824439,2.3818680622302155,7.5251007461258,0,2025,-0.7868794197749582,0.014022629392633532,0.8267625530076028,-0.7398652759952824,-0.8805689252349841,T3 Tích cực
0.0020326950549372,1.907235569392844,0.0207205415418127,0.0642857142857142,-0.0017950144060306,-0.043314852616385,0.012373410255447,0.010991514702658,0.3750951472999597,0.0154587673375269,0.0253097563586999,0.7052226225522135,0.0356336235760387,0.0305680347704625,0.6022693911111701,0.0427036942525478,0.0365353401230575,0.5316376265012076,0.0366290928056598,0.0125126121483538,-0.0390714662484215,0.002620918110071,-0.0110644981742596,PDR_2023,2024-03-25,19.442013575262884,PDR,2023,vi,VN100,,1364,10,38,0.0073313782991202,0.0278592375366568,0.0080645161290322,0.000733137829912,0.5833333333333334,0.0285923753665689,0.0623167155425219,0.0,0.0,0.3709677419354839,1.9064383548625208,7.86721580920496,7.218176838403408,0,2024,0.2595779763804596,1.0027323473586849,-0.46670833963567376,2.0350496695176377,0.577572007893115,T1 Tiêu cực
0.006500915731199,0.5476712961703283,0.0248600344546336,0.0571428571428571,-0.0083679254060698,-0.1683007604301646,0.0299087950608395,0.0240509024015586,0.6840922209031021,0.0494819081349215,0.0027790088167754,0.0645397934332556,0.0345669791005198,-0.0277897119146977,-0.4563590771509968,0.0141373545248759,0.0097774447651402,0.1185843295210223,0.0640882407880899,0.0291875074600985,0.0872813629179506,0.0045898655569357,0.10540866551723907,PDR_2020,2021-03-23,18.477471130667297,PDR,2020,vi,VN100,,1133,5,32,0.0044130626654898,0.028243601059135,0.0008826125330979,0.0,0.7297297297297297,0.0264783759929391,0.0494263018534863,0.0,0.0,0.3023255813953488,0.9326720763213494,3.984323290280186,7.0326242610280065,0,2021,-0.3306739025271352,0.7048825698174659,0.14698222986661064,-0.8177752620121675,-0.25187029970195135,T2 Trung tính
0.0005607522756603,0.664840230527747,0.0122660880245513,0.1571428571428571,0.0088469404638991,0.360625997717912,0.0130245705916454,0.0103525234498674,0.5967949617793323,0.0154269830377442,-0.0014171252179813,-0.0667024094755664,0.0110797832130211,0.0332054204548755,1.1051654046264323,0.0368334210826798,0.0301193494594701,0.7403603769315493,0.033644847807184,0.0132444206401027,-0.0036586913832523,-0.000169740323884,0.0195072617792294,PDR_2018,2019-03-22,15.63316684678121,PDR,2018,vi,VN100,,753,1,23,0.0013280212483399,0.0305444887118193,0.0013280212483399,0.0,0.9166666666666666,0.0252324037184594,0.0385126162018592,0.0,0.0,0.2083333333333333,0.0555890111263728,1.8373483371967017,6.6240652277998935,0,2019,-0.954647358994969,0.5293325817684654,0.9306178801541432,-0.6408482021331726,-0.9989590186066045,T3 Tích cực
0.0016258770907837,0.6475789113428914,0.0160955525337375,0.1571428571428571,0.0319480705103487,0.9924502574044308,0.0374673359983674,0.0101636899208569,0.4465093105596222,0.0131085920334834,0.0141896953441761,0.5089868402782034,0.013374519578295,0.0099706194118793,0.2528952219088767,0.0145454472429913,0.0393142942475029,0.7364584530319259,0.0491007720179398,0.038049202577383,-0.0405969865664759,0.0036663179918227,0.0079029834690717,PDR_2017,2018-03-27,16.489895348973295,PDR,2017,vi,VN100,,2608,10,98,0.0038343558282208,0.0375766871165644,0.0007668711656441,0.0,0.8148148148148148,0.0187883435582822,0.0417944785276073,0.0,0.0,0.379746835443038,1.1092680284347598,2.994033951428212,7.866338923046544,0,2018,-0.44772183048199055,-0.3785966773946581,0.5036570907739212,-0.863750518331185,-0.10144800919879768,T2 Trung tính
-0.0005513275257944,1.1168010017524157,0.0136543402898951,0.1714285714285714,0.0302662306661433,1.1083007316194442,0.0226607695316201,-0.0073477008139827,-0.3805097105674205,-0.0177845558323977,0.0013964954408744,0.0590484052391479,-0.017390356236831,0.0017771231764867,0.053133837544778,0.0002929390151602,0.0215874842539119,0.4766888231330484,0.0140942271494166,0.0215716035831696,-0.0440400415672833,-0.0004068217099101,-0.0500829746138233,OCB_2024,2025-04-04,16.97730897183406,OCB,2024,vi,VN100,,1019,7,42,0.0068694798822374,0.0412168792934249,0.0039254170755642,0.0,0.7142857142857143,0.0215897939156035,0.0598626104023552,0.0,0.0,0.4698795180722891,1.1294330768948564,2.144973375655302,6.926577033222725,0,2025,0.16615545371441223,0.016110802715995003,0.08224124671032579,0.39089992341278207,-0.0842716654538015,T2 Trung tính
-0.0005768242636227,0.6529318903535832,0.0192619469296832,0.05,0.0920862541025483,2.3903672468498103,0.0828969404736759,0.0596203256627837,2.188664350836623,0.0503097578198883,0.0405260412012103,1.214712141099924,0.028795649839997,0.0902666185223551,1.9131603275739648,0.0834163315417959,0.0747868264142756,1.1706540710131033,0.0553985609236193,0.0848565916300077,-0.0356276491712026,0.0015662343899107,-0.0427090163656507,PDR_2021,2022-03-21,19.078035426187174,PDR,2021,vi,VN100,,1250,6,42,0.0048,0.0336,0.0016,0.0008,0.75,0.0296,0.0448,0.0,0.0,0.2043010752688172,1.485652873033361,5.785618345801989,7.1308988302963465,0,2022,-0.25241283779438634,1.144700588530483,0.23195477025923472,-0.5328116971567579,0.21915203716486842,T2 Trung tính
0.0013844261916608,0.5158688535839112,0.0312282801798724,0.05,-0.0036973617693187,-0.0591989335951612,-0.0024785356708929,-0.0198801420860576,-0.4501491340232013,-0.0224443614226408,-0.0394409064565828,-0.7291857838033518,-0.0459331222474527,-0.070621930338284,-0.923242719861504,-0.0669141165006195,-0.0808144011468015,-0.7802689937028243,-0.0859967722383941,-0.0024688580244303,-0.249041834859079,0.0005258527348633,0.0560960141382082,PLX_2025,2026-04-21,19.71872032367927,PLX,2025,vi,VN100,,1080,4,41,0.0037037037037037,0.0379629629629629,0.0027777777777777,0.0,0.8222222222222222,0.0203703703703703,0.0703703703703703,0.0,0.0,0.5510204081632653,0.4243410384921393,1.830051626405476,6.984716320118266,0,2026,-0.4741472318644834,-0.15569862930507478,0.5347087845470283,-0.06497002212395796,-0.684860513401807,T2 Trung tính
0.0023218091300718,0.7700440491810724,0.0212465935055498,0.0642857142857142,0.0010466564892144,0.0246311600243365,-9.292274157468585e-06,-0.0160608075367105,-0.5345189061754084,-0.0225979063168254,-0.0528481611564796,-1.436084333326196,-0.055827671754415,-0.0102180219644855,-0.1963368856204539,-0.0099896780997579,-0.0237971589761955,-0.3377065315514839,-0.0193796574711637,-0.0027170484928034,0.012659061329808,0.000518749100588,-0.0016032732202699,PNJ_2025,2026-04-07,18.88800352752874,PNJ,2025,vi,VN100,,893,3,32,0.0033594624860022,0.0358342665173572,0.005599104143337,0.0,0.8285714285714286,0.0268756998880179,0.0537513997760358,0.0,0.0,0.3333333333333333,0.3295789246531094,3.228172577871371,6.794586580876499,0,2026,-0.5437726771741741,0.7608631132543512,0.5613245220668347,1.0557287018475485,-0.765577732828407,T2 Trung tính
-0.0013406076620562,0.6197419592671459,0.009630957838359,0.0642857142857142,-0.009958560777682,-0.5170078067426604,-0.0089133931734642,-0.0151155230098346,-1.1097846134125042,-0.0145635072104964,-0.0368108854841922,-2.2067145345356485,-0.0334184277142228,-0.018550716990462,-0.7863494602864404,-0.0214610956274652,0.0026862429665748,0.0840967993327387,-0.0159898016461692,-0.0110960574192496,-0.1835526225495932,-0.0009206062282757,0.0037625806059222,PNJ_2024,2025-04-16,17.60169044052691,PNJ,2024,vi,VN100,,919,8,38,0.0087051142546245,0.0413492927094668,0.0032644178454842,0.0,0.6521739130434783,0.0282916213275299,0.0631120783460282,0.0,0.0,0.3809523809523809,2.0007465959859565,2.811531790945659,6.823286122355687,0,2025,0.5374266845582762,0.96035791492516,-0.17813009859212464,0.12833512313312634,0.657902624044501,T2 Trung tính
0.0006323737195356,1.0213468288132843,0.0193774078846873,0.0428571428571428,0.0085090297122071,0.21956057700915,0.0104362405900393,0.0127718088914299,0.4660598945375663,0.0140114785672017,0.001457742378893,0.0434334643658983,0.0034460612654811,0.0239623510003421,0.5048450695572785,0.027090981526572,0.1132046284356508,1.761457462999056,0.1181256795480993,0.0099940739255826,0.1067212419872524,0.0005076134603049,-0.0418180564541601,PNJ_2021,2022-04-05,17.688898230145284,PNJ,2021,vi,VN100,,1137,17,21,0.0149516270888302,0.0184696569920844,0.0,0.0,0.1052631578947368,0.0281442392260334,0.0536499560246262,0.0,0.0,0.3118279569892473,2.029047546045469,3.271131118895219,7.036148493750536,0,2022,1.8008321553447424,0.9395926646172017,-2.4707683127552804,-1.168370199088151,0.682009030111121,T1 Tiêu cực
0.0007607852180788,1.0346907743683196,0.0153276528334181,0.0714285714285714,0.0335667762623674,1.0949744434837183,0.0360900837592502,0.0094435118836744,0.4356551758924982,0.0113400341067605,0.0212488729360383,0.8003862458869379,0.0236680709589872,0.0536908687234951,1.4300431780459633,0.0574106398566743,0.0374773101739035,0.7372188230317331,0.0461469731850205,0.0362301319020558,0.0260636087703554,-0.000161457723212,0.0399909635929968,PNJ_2020,2021-04-16,16.857284700796907,PNJ,2020,vi,VN100,,1123,6,49,0.0053428317008014,0.0436331255565449,0.0035618878005342,0.0,0.7818181818181819,0.0222617987533392,0.0578806767586821,0.0,0.0,0.4444444444444444,1.5113349541882592,1.727986980059244,7.023758954738443,0,2021,-0.1426209333011622,0.11079223636397513,0.36533590942099015,0.2464973475088618,0.24102772245649254,T2 Trung tính
0.0002629187772485,1.073992684127744,0.0108220286611457,0.0642857142857142,-0.065115435170871,-3.008467137250091,-0.0635510215761406,-0.0092010955465449,-0.601195696206783,-0.0047666894497298,0.0063323153879231,0.3378261237596831,0.0102104470414723,-0.0649574827501928,-2.450444562285472,-0.0608602935321781,-0.0056053179134297,-0.1561691429382233,0.0081853993930663,-0.0649365692043056,-0.1179461128691981,0.0004606148928094,0.015992381059332,PNJ_2019,2020-03-25,17.05463533939912,PNJ,2019,vi,VN100,,947,3,44,0.0031678986272439,0.0464625131995776,0.0021119324181626,0.0,0.8723404255319149,0.0359028511087645,0.0591341077085533,0.0,0.0,0.2444444444444444,0.3908916555704709,2.16508292939672,6.853299093186078,0,2020,-0.582517947308719,2.0327343429575464,0.7448032232671997,-0.329459821670797,-0.7133522921474669,T3 Tích cực
-5.929991336953386e-05,1.3347843561993131,0.0117404618345458,0.0571428571428571,0.0005578719202811,0.0237585168344743,0.00430143269746,0.0118057045366708,0.7110362311303087,0.012061809338747,0.0095532481000801,0.4697916010413837,0.0088288736124784,0.0079253153536824,0.2755851081605255,0.0062778318474453,0.0089134026090146,0.2289085423794068,0.0002474717583814,0.004130404272608,0.0002556888385715,9.616810274447412e-05,-0.0116266052777912,PNJ_2018,2019-04-03,15.91706820894135,PNJ,2018,vi,VN100,,446,0,4,0.0,0.0137322681302144,0.0022421524663677,0.0,1.0,0.0291479820627802,0.0762331838565022,0.0,0.0,0.4468085106382978,0.0,0.7727110626078249,6.100318952020064,0,2019,-1.2232499145337272,1.0810139840191542,1.2799494351015976,-0.2777332849466301,-1.0463090641787947,T3 Tích cực
0.0020929538712677,0.870117387302729,0.0150898196067384,0.0642857142857142,-0.0532305911659953,-1.763791501597036,-0.0455788571797769,-0.0472146127793756,-2.212469978931017,-0.0439455075139462,-0.0571189835380925,-2.1854244372032814,-0.0521121562818841,-0.0741352723942753,-2.0056964898719087,-0.0595936791790261,-0.1441471296286091,-2.8802196450339794,-0.110284014502503,-0.0472290247729156,0.120312526204874,0.002815448169591,-0.0275839438571924,PNJ_2017,2018-04-05,16.19890896189075,PNJ,2017,vi,VN100,,1018,0,45,0.0,0.0442043222003929,0.0019646365422396,0.0,1.0,0.0235756385068762,0.043222003929273,0.0,0.0,0.2941176470588235,0.0,1.5278746752065746,6.925595197110468,0,2018,-1.2232499145337272,0.2959043433954384,1.2799494351015976,-0.38796928807223086,-1.0463090641787947,T3 Tích cực
-9.200606028725892e-05,0.8396817596753509,0.015406348284429,0.1071428571428571,0.11492199002700906,5.091804041407392,0.1289282149296275,0.0936876061916343,4.4345196382506495,0.0959661722184808,0.0998841182040388,3.7431402606388255,0.0991900659283046,0.13869771412138668,3.901292177658129,0.13368714866794632,0.2022903365792867,4.483249089650711,0.19065654180621017,0.1348729667727246,-0.0100773154697108,0.0012698022769274,-0.0136743236394353,PNJ_2016,2017-04-19,14.17371950075325,PNJ,2016,vi,VN100,,704,2,26,0.002840909090909,0.0369318181818181,0.002840909090909,0.0,0.8571428571428571,0.0170454545454545,0.0639204545454545,0.0,0.0,0.5789473684210527,0.129647566553539,1.1898621770093731,6.556778356158042,0,2017,-0.6486541068044954,-0.6241592405748084,0.6810953409059615,-0.03989274537477623,-0.9358768391716256,T3 Tích cực
0.0007130458920804,0.7810759236794143,0.0227763395971081,0.1142857142857142,0.0005056734361544,0.011100849502143,-0.0036335264392284,-0.0101160416097407,-0.3140593153924148,-0.0078467452537713,-0.0214252115406654,-0.5431009490224862,-0.0170503901250722,-0.0032179207826675,-0.0576787438899512,-0.0087310255046424,-0.0367774927004862,-0.4868574788782305,-0.0482991484108352,-0.0035901806994718,0.0308874174226014,0.0009008966110263,0.0777292494017156,POW_2025,2026-04-06,19.489531757256195,POW,2025,vi,VN100,,622,2,24,0.0032154340836012,0.0385852090032154,0.0,0.0,0.8461538461538461,0.0096463022508038,0.062700964630225,0.0,0.0,0.7333333333333333,0.1318075906218286,0.2935701761603455,6.432940092739179,0,2026,-0.5729035340813459,-1.6666552282492322,0.6350296413524512,-1.168370199088151,-0.934036956863987,T3 Tích cực
-0.0004567632105623,1.3937668079911112,0.0142511234393229,0.1428571428571428,0.0049035748487294,0.1720416944533315,0.0011089865066939,0.0208789509941983,1.0359637887439912,0.0166782872140157,0.021732514470421,0.8804409794840125,0.0193362453046271,-0.0192436499270096,-0.5512679206264715,-0.0180434286621097,0.0258805930748887,0.5475562996632354,0.03154617568133,0.0009693454403258,0.0786745339601988,0.0003457641629302,-0.0238001672452567,POW_2024,2025-04-18,18.21183777703917,POW,2024,vi,VN100,,772,2,37,0.0025906735751295,0.0479274611398963,0.0,0.0,0.8974358974358975,0.0181347150259067,0.0582901554404145,0.0,0.0,0.5254237288135594,0.1280847043751931,2.196237322962478,6.648984550024776,0,2025,-0.6992661727702728,-0.4706890003116511,0.8500029059355002,-1.168370199088151,-0.9372080662229487,T3 Tích cực
-0.0007364677442776,0.9872875921796094,0.0089310140056291,0.1714285714285714,-0.0073426039968049,-0.4110733670430354,-0.0098872892092402,0.0075349956367886,0.596578004202672,0.0064926294133846,-0.0133874625478844,-0.8654398146633183,-0.0151565789073984,-0.0192434797544549,-0.8796445406289367,-0.0235589359030676,0.0016957294105465,0.0572478840915137,-0.0067569000219295,-0.009802815442328,-0.0193554793974159,-0.0011044744725431,-0.008001794966776,POW_2023,2024-04-17,17.917950466820415,POW,2023,vi,VN100,,1283,8,36,0.0062353858144972,0.0280592361652377,0.0031176929072486,0.0,0.6363636363636364,0.0202650038971161,0.0506625097427903,0.0,0.0,0.4285714285714285,1.2061084199266536,2.1180029543168883,7.1569563646156364,0,2024,0.037905030568026174,-0.1705441306853234,-0.24440644103274847,0.07005244692000506,-0.01896053806991331,T2 Trung tính
0.0031103356614154,1.4175070981663689,0.0162578621940716,0.1285714285714285,-0.0242510678837783,-0.7458258531869365,-0.0093000265860436,-0.0018947921418037,-0.0824106119497677,0.0097459963832085,-0.0119626118612737,-0.4248170574871696,0.0048377429663089,-0.0077182160050414,-0.1938107514921586,0.0112839571473066,-0.0071293093329552,-0.1322171154626928,0.0229096626120881,-0.0096848430066168,0.0662785184475817,0.0022443355611262,0.0429649359088381,POW_2022,2023-04-03,18.28846053772618,POW,2022,vi,VN100,,873,4,23,0.0045819014891179,0.0263459335624284,0.0011454753722794,0.0,0.7037037037037037,0.0229095074455899,0.0607101947308132,0.0,0.0,0.4520547945205479,0.4076014917838936,1.753757335637391,6.771935555839602,0,2023,-0.29652494628313236,0.20205048946701942,0.03788168417731572,-0.7133598168349008,-0.6991190562942385,T2 Trung tính
0.0002732314206893,1.1477886044817929,0.0187853205070057,0.0714285714285714,-0.0163574205781255,-0.4353777347590423,-0.0162883522086535,-0.0138642313187346,-0.5218698279733942,-0.016711765019885,-0.013257530128459,-0.407458503867466,-0.0133390386779025,0.0009609922437121,0.0208845752990059,0.0036045860653878,-0.031232905340137,-0.5012996866709158,-0.0257127136064649,-0.0164836563347605,-0.1440351151679419,-0.0001458029055252,-0.045924866752479,POW_2020,2021-04-26,18.92228870545051,POW,2020,vi,VN100,,889,3,26,0.0033745781777277,0.0292463442069741,0.0011248593925759,0.0,0.7931034482758621,0.0101237345331833,0.0607424071991001,0.0,0.0,0.7142857142857143,0.1752277219036674,0.9468710005008004,6.790097235513905,0,2021,-0.5407154117642413,-1.599387895594557,0.4126435055768836,-0.7215489800700287,-0.8970522155763307,T2 Trung tính
0.0010955797693891,1.6445018212215894,0.0272172077599267,0.0571428571428571,-0.0505232680834306,-0.9281493628787776,-0.0560438494231912,-0.024483142771795,-0.6360753987477104,-0.014787158803442,-0.0329339730356333,-0.698618255234937,-0.033775623682289,-0.099592663462445,-1.49385399707128,-0.1246442277866682,-0.0747814734217831,-0.8284267364893285,-0.1078583706394605,-0.0549460883499136,-0.0594064280181974,-0.0001062170294514,-0.0591441265147391,POW_2021,2022-04-13,19.33559176460391,POW,2021,vi,VN100,,884,6,18,0.006787330316742,0.0203619909502262,0.002262443438914,0.0,0.5,0.0135746606334841,0.0475113122171945,0.0,0.0,0.5555555555555556,0.5623271609738774,1.336189893996183,6.784457062637643,0,2022,0.1495400695433787,-1.1131731955774429,-0.8160398945831282,-0.2696732223752191,-0.5673256075732631,T1 Tiêu cực
0.0012846651768777,1.2636305285175995,0.0196433091754936,0.1285714285714285,-0.012289285414766,-0.3128109756093883,-0.0110333252991929,-0.0150696941929651,-0.542468830432457,-0.0166522224698618,-0.0172188339209296,-0.5060908175177854,-0.0153048079455831,-0.0341718002303106,-0.7101949524625535,-0.0332512278394544,-0.0565162614802017,-0.867485912743409,-0.0478409782714071,-0.0110258089606097,-0.0540808961994739,0.00126014825852,,POW_2018,2019-04-09,17.367363930310237,POW,2018,vi,VN100,,962,3,32,0.0031185031185031,0.0332640332640332,0.0,0.0,0.8285714285714286,0.0135135135135135,0.0738045738045738,0.0,0.0,0.6904761904761905,0.5330732427529147,1.136337215882928,6.8690144506657065,0,2019,-0.5925085704982963,-1.1217884564463514,0.5613245220668347,-1.168370199088151,-0.5922437403635502,T2 Trung tính
-0.0012930851494137,1.234579271426164,0.0184674260849748,0.1071428571428571,0.0002284295283213,0.0061846606904041,0.0033746668417624,-0.0297660222844778,-1.1397233219971423,-0.0283031773236965,-0.002674021866089,-0.0835983984504236,-0.0020080184112809,0.0517919191119604,1.1449328314628182,0.0446876824838671,0.1665553333441784,2.7192919182201942,0.1530600322225305,0.0027547817862823,0.0295403328885007,-0.0015492372507629,-0.0192275643466316,POW_2019,2020-04-15,17.011251797727947,POW,2019,vi,VN100,,544,2,20,0.0036764705882352,0.0367647058823529,0.0036764705882352,0.0,0.8181818181818182,0.0073529411764705,0.0772058823529411,0.0,0.0,0.8260869565217391,0.1342272554206842,0.984523174162373,6.298949246855942,0,2020,-0.47965533982530495,-1.989775988989573,0.5177714970344248,0.29201238807034335,-0.9319759157306094,T2 Trung tính
0.0017526155523348,1.464023464018558,0.0186111244085356,0.05,-0.016240996767506,-0.4363249745420377,-0.0238744643997672,-0.0026982236139056,-0.1025156875355328,-0.0149094676835918,0.00485218876803,0.1505235487059687,-0.0059611481781005,-0.0261834458742502,-0.5743525636588249,-0.0194402064339742,-0.0653933930280408,-1.0594120712741035,-0.0332848780192768,-0.0237046904426294,0.0140769825445709,0.0010975832088213,-0.0352462757947926,PVD_2023,2024-04-17,18.577559664727747,PVD,2023,vi,VN100,,3026,16,110,0.0052875082617316,0.0363516192994051,0.0019828155981493,0.0,0.746031746031746,0.0241242564441506,0.0423000660938532,0.0,0.0,0.2736318407960199,2.359183674844473,5.626261732785284,8.014996894348302,0,2024,-0.1538105261890146,0.3732013060202331,0.215319934309356,-0.380748129609421,0.9632149811959944,T2 Trung tính
0.0019044581257222,1.4086119767730925,0.0311235731955529,0.0428571428571428,-0.0145171999730326,-0.2332187226996625,-0.0124214399489974,-0.012828388340346,-0.2914524090842254,-0.0153677580090816,-0.0147196752209841,-0.2730537524667423,-0.0153584074957384,-0.015479096231584,-0.2030394946867069,-0.0118085537697836,0.0001383237765832,0.0013400192710082,0.0095904827958818,-0.0125136997185127,-0.0599016904714967,0.0022890919107765,0.0519097907453166,PVD_2022,2023-04-13,17.76217733186339,PVD,2022,vi,VN100,,2097,19,68,0.0090605627086313,0.0324272770624701,0.0076299475441106,0.0,0.5632183908045977,0.027658559847401,0.0467334287076776,0.0,0.0,0.2564102564102564,5.07808007135481,5.944069121821068,7.64826303090192,0,2023,0.6093188799790012,0.8711633657789372,-0.5510297494505767,1.8624285702556265,3.2791379607963753,T1 Tiêu cực
0.0042673930130722,0.7294495925588649,0.0301610500183224,0.0214285714285714,-0.14570269167523225,-3.1230508936419,-0.1490995428474721,-0.0443303106944928,-1.0392961546477997,-0.0266769553848386,-0.0868516711898662,-1.6625361421627054,-0.060115564858438,-0.16131210164133894,-2.3996107348384865,-0.1343827850344705,-0.1518656252883066,-1.51815698883175,-0.0915683520741587,-0.14247405221521642,-0.1032555370628351,0.001494905487857,0.0658466916070943,PVD_2021,2022-04-19,18.64712321762298,PVD,2021,vi,VN100,,2341,26,87,0.0111063648013669,0.0371636052968816,0.0021358393848782,0.0,0.5398230088495575,0.0226398974797095,0.0474156343442973,0.0,0.0,0.3536585365853658,3.5824223618705884,5.902235134064051,7.75833346749091,0,2022,1.0230981556662213,0.16406406933743828,-0.6491026913339024,-0.31996339920111544,2.0051548610884384,T1 Tiêu cực
0.0026561600683168,1.4416421732657616,0.0223093936832507,0.0642857142857142,-0.0870603253472776,-1.9512033043874213,-0.0919659160116409,-0.0367836480940612,-1.1658751184985283,-0.0428626811603107,-0.0648926698728044,-1.6793733147317809,-0.0605181453125336,-0.1081091028438248,-1.9783306102446403,-0.1027082488774602,-0.1145402019199848,-1.5480102587920668,-0.0914170227925058,-0.0880210370192021,-0.2161040139491584,0.0013861460647821,-0.0569304006075994,PVD_2020,2021-04-20,18.402170463218614,PVD,2020,vi,VN100,,2265,26,67,0.0114790286975717,0.0295805739514348,0.003532008830022,0.0,0.4408602150537634,0.0309050772626931,0.0467991169977924,0.0,0.0,0.2045454545454545,4.82251953918778,8.30668828238697,7.725330037917135,0,2021,1.098472307249088,1.3285781133850927,-1.0639526109974509,0.23462870142262054,3.0614545985747887,T1 Tiêu cực
-0.002852479323761,1.2404608944665545,0.021475516633557,0.0642857142857142,0.0192514967556891,0.4482196420273149,0.0031809617904565,0.0376124579329134,1.2384346563238742,0.0250341479506466,0.0471618734620891,1.26790525245279,0.0344723445131156,-0.0302982800861813,-0.5759684975331882,-0.0530429203923549,0.0404725474026089,0.5682253141598446,0.0072068076029423,-0.0015764691110867,-0.0942590645155048,-0.0012438222020942,-0.0002972801864821,PVD_2019,2020-04-20,16.807910340609293,PVD,2019,vi,VN100,,2365,25,68,0.0105708245243128,0.028752642706131,0.0054968287526427,0.0,0.4623655913978494,0.027906976744186,0.0553911205073995,0.0,0.0,0.3299492385786802,5.07808007135481,5.532531899031873,7.768533300926033,0,2020,0.9147809979471836,0.9061638101347215,-0.9738025323013337,1.0151024555387254,3.2791379607963753,T1 Tiêu cực
0.0019112288425349,1.8711579598834696,0.0244488535472507,0.0357142857142857,-0.0047290857686292,-0.0967138553038825,-0.0007122675569624,-0.013399891467158,-0.3875500380939823,-0.0148201367810665,-0.0133448972280524,-0.3151346132461228,-0.0173738752788943,-0.0230547990812933,-0.3849702929315576,-0.0096758632343795,0.0114550771982827,0.1412677989837566,0.0195888277630656,-0.0009918824662245,0.0796809172883427,0.0014061805860421,0.0040719308039261,PVD_2018,2019-04-18,16.896156294717912,PVD,2018,vi,VN100,,2833,25,90,0.0088245675961877,0.031768443346276,0.0010589481115425,0.0,0.5652173913043478,0.0240028238616307,0.0384751147193787,0.0,0.0,0.231638418079096,4.066121470828683,4.734854218977476,7.949091499830517,0,2019,0.5615870455853519,0.3560921866226693,-0.5426499820155555,-0.7477305269662579,2.4171638964772275,T1 Tiêu cực
-0.0011598092499641,1.2747520603371698,0.0302360724146349,0.0642857142857142,0.0745939064452278,1.2335250660585584,0.0561343465819512,0.016632212529364,0.3889642181157329,0.0100512972783768,0.0127691571157462,0.2438238735839364,0.0015144612548707,0.0324906041497257,0.4386890406388701,0.0040097634299822,-0.0680755133405997,-0.6788427835028891,-0.099484406435355,0.0561970198433688,-0.1973970612056208,-0.002409075557479,,PVD_2017,2018-04-19,17.10811248363567,PVD,2017,vi,VN100,,3689,51,63,0.0138248847926267,0.01707779886148,0.0021686093792355,0.0,0.1052631578947368,0.027378693412849,0.0387638926538357,0.0,0.0,0.1721311475409836,5.07808007135481,7.170424869141054,8.213110697596676,0,2018,1.5729398226187465,0.8317318709959286,-2.4707683127552804,-0.3069463688748494,3.2791379607963753,T1 Tiêu cực
-0.0021229914267979,1.4221524554308422,0.0192677735005573,0.0785714285714285,-0.0022820703865378,-0.0592198778564592,-0.0083144285792906,0.0086973012732102,0.3191817003729801,0.0015846415724167,0.0113191815303868,0.3391742436346405,0.0019354399896143,-0.1176128982155813,-2.4919986023098364,-0.1261196436973807,-0.1239519690758063,-1.9396597566411444,-0.1402734157626255,-0.0084720098640673,-0.122142916793672,-0.001277573441106,0.0249535384667768,PVD_2016,2017-04-24,16.734997808730306,PVD,2016,vi,VN100,,1873,24,53,0.0128136679124399,0.0282968499733048,0.0058729311265349,0.0,0.3766233766233766,0.0266951414842498,0.0512546716497597,0.0,0.0,0.3150684931506849,4.777844617040074,6.134883748164669,7.5352967024440884,0,2017,1.3684133976374906,0.7354235218020669,-1.3332320668429958,1.1644993688660799,3.023401041643923,T1 Tiêu cực
0.0023470239647476,0.4777659251930383,0.029138566975812,0.0642857142857142,-0.0846997949400958,-1.4533967132015335,-0.0958561900495991,-0.0406259488059181,-0.9858715398272148,-0.0435609894352458,-0.009770027895514,-0.1935828978874484,-0.0143634789961611,-0.0796056900907869,-1.1153220718691232,-0.0910352309223078,-0.0958691517817074,-0.9920061230611286,-0.1065766729025461,-0.0954594991046459,-0.084608342981335,0.001189374716666,-0.0168984288940271,PVT_2025,2026-04-13,19.193313252129634,PVT,2025,vi,VN100,,2169,11,62,0.0050714615029967,0.028584601198709,0.0009220839096357,0.0004610419548178,0.6986301369863014,0.0276625172890733,0.0428769017980636,0.0,0.0,0.2156862745098039,2.5346645336245905,7.611685300909779,7.682021510826875,0,2026,-0.1975076519575979,0.8717209454719261,0.01661340077107802,-0.8020962814237088,1.112687448720131,T2 Trung tính
-0.0013278008766512,1.0322891211870482,0.0100662093426063,0.0571428571428571,-0.0107111620526571,-0.5320355303620063,-0.0181671224717911,-0.0111959384385925,-0.7864652643540306,-0.0138526449756244,-0.0108447574931308,-0.622004117424223,-0.0149841480996723,-0.0625698603016152,-2.537602550602553,-0.0752618208387152,-0.0680638936399066,-2.0387054739368806,-0.0846653124311709,-0.0169954336529308,-0.0673327321235791,-4.808727760043623e-05,-0.0079280138724411,PVT_2024,2025-03-31,17.18023680919651,PVT,2024,vi,VN100,,757,12,29,0.0158520475561426,0.0383091149273447,0.0039630118890356,0.0,0.4146341463414634,0.0330250990752972,0.0330250990752972,0.0,0.0,0.0271959459459459,3.3128720269544907,4.669589113398247,6.6293632534374485,0,2025,1.9829491499951255,1.6272764163001254,-1.1738917313585693,0.4058334879942027,1.7755551545338246,T1 Tiêu cực
0.0016730344110067,1.587994031513876,0.0179797475686996,0.0714285714285714,-0.0233503639393056,-0.6493518290533574,-0.0091259928482513,-0.0032147535391516,-0.1264296964510694,0.007189948073345,0.0071559672503113,0.2297862971931701,0.012839073222868,0.010021854001041,0.2275562961921684,0.0289481891198823,-0.0212974692650881,-0.3571478726096883,-0.0050661591787646,-0.0093005408776909,0.0128620292400341,0.0009519976562654,-0.0531081858278319,PVT_2023,2024-03-26,18.00000356226819,PVT,2023,vi,VN100,,1113,13,47,0.0116801437556154,0.0422282120395327,0.0080862533692722,0.0,0.5666666666666667,0.0188679245283018,0.0485175202156334,0.0,0.0,0.44,3.521892508718059,3.686470335839023,7.014814351275545,0,2024,1.1391493812156317,-0.3673841980947457,-0.5365746506251649,2.043684224419548,1.953596266193943,T1 Tiêu cực
0.0017863899442568,1.4719994654641293,0.0230572062693344,0.0285714285714285,0.0163179049336131,0.3538569404940359,0.0228272675782537,0.016236811067646,0.4979423385758127,0.0173568866217919,0.0006695945982568,0.0167665855540204,-0.0007689935470759,-0.0150580468953591,-0.2666160778953942,-0.0123089923069137,-0.0489720012653954,-0.640390417456223,-0.0417693412147374,0.0224398753179003,0.0844867661022791,0.0020487351642907,-0.0747380324291226,PVT_2022,2023-04-07,17.160467799978946,PVT,2022,vi,VN100,,1179,9,47,0.0076335877862595,0.0398642917726887,0.0042408821034775,0.0,0.6785714285714286,0.0195080576759966,0.0534351145038167,0.0,0.0,0.4651162790697674,1.567856049110122,3.143577638112188,7.072421900537371,0,2023,0.320702179517379,-0.27719329358644296,-0.06747227683858313,0.5162102237579831,0.2891717057026813,T2 Trung tính
0.0033086747981232,0.4990867415471071,0.0311705885687327,0.0642857142857142,-0.0781859568380616,-1.2541623438655565,-0.0794880497271864,-0.0352776996155125,-0.8002768561070239,-0.0331671552415322,-0.0256978149053508,-0.4759820405852757,-0.0195464233503958,-0.1228833506852497,-1.6094312025293946,-0.11909135387742,-0.1111683933077665,-1.075325596334642,-0.0997193137755358,-0.078821241748638,-0.249041834859079,0.0025463112822878,-0.0250001338846851,PVD_2025,2026-04-20,18.98939457599562,PVD,2025,vi,VN100,,3369,21,130,0.0062333036509349,0.0385871178391214,0.0032650638171564,0.0,0.7218543046357616,0.0192935589195607,0.0513505491243692,0.0,0.0,0.453781512605042,4.119532778087656,8.30668828238697,8.122371243406553,0,2026,0.03748389690425181,-0.3074148762814287,0.11396861593923369,0.12859171862579738,2.462659000303293,T2 Trung tính
-0.003442296641957,1.0761071931706103,0.0153867467488619,0.1142857142857142,0.11492199002700906,5.343590571665963,0.1289282149296275,0.0936876061916343,5.836728069434051,0.0959661722184808,0.10890758634410351,4.089114486419542,0.10081458871370412,0.13869771412138668,3.894387825710952,0.1258577271967892,0.1356774889172381,2.658671308501048,0.0964186669449911,0.1348729667727246,-0.1294695326891506,-0.00120776585352,-0.0435388653067874,PVT_2019,2020-04-16,15.446091316970591,PVT,2019,vi,VN100,,1462,17,54,0.0116279069767441,0.0369357045143638,0.0,0.0,0.5211267605633803,0.0266757865937072,0.0492476060191518,0.0,0.0,0.2972972972972973,3.984421196087573,5.268705159922417,7.2875606403097235,0,2020,1.1285840891952788,0.7326965343136322,-0.7274769651598301,-1.168370199088151,2.3475725931986435,T1 Tiêu cực
-0.0019790013019018,1.5753711895247935,0.0161760894782984,0.1071428571428571,0.0079434825203991,0.2455316079654471,0.0057280379667835,-0.0041052548877048,-0.1794533575923735,-0.0050312108861418,0.0215885093547999,0.7705281121323043,0.0200853811382724,0.0532824935988437,1.3447308728455365,0.0416098883850724,0.0333453535179495,0.6215347898579647,0.0024890223873463,0.0053960122520619,-0.0510393699358681,0.0002247182324342,-0.0385138658929849,PVT_2016,2017-04-05,14.979956796277513,PVT,2016,vi,VN100,,808,1,32,0.0012376237623762,0.0396039603960396,0.0,0.0,0.9393939393939394,0.0173267326732673,0.0445544554455445,0.0,0.0,0.44,0.1998416538693569,1.6969828199997954,6.694562058521095,0,2017,-0.9729309487902992,-0.5845288467150396,1.02589012241254,-1.168370199088151,-0.8760863668110654,T3 Tích cực
-0.0003954974868419,0.3487939106929537,0.0118359989681656,0.0642857142857142,0.0261245950608194,1.103607525274573,0.0233746088099098,-0.0146834579908087,-0.8772198058224208,-0.0208801440530796,0.0092401492387701,0.4507268600398529,0.0077407210046326,0.0444129213199205,1.531894287261301,0.0829246070441628,0.1078107500908083,2.746381129911055,0.1153411512091736,0.0233735110698058,0.0891295496670391,-0.0006397411889216,-0.0204732967881362,REE_2025,2026-03-16,17.422981307299622,REE,2025,vi,VN100,,1890,6,49,0.0031746031746031,0.0259259259259259,0.0026455026455026,0.0,0.7818181818181819,0.0211640211640211,0.0555555555555555,0.0,0.0,0.4482758620689655,1.065621701699297,3.9535977471095936,7.5443321080536885,0,2026,-0.581161900817247,-0.04387801323345473,0.36533590942099015,-0.11751288769367009,-0.13862542103087092,T2 Trung tính
0.0001054094955979,1.1337412542100966,0.0126395188004366,0.0642857142857142,0.022024571886744,0.8712583221911566,0.0210019215743925,-8.968310651190879e-05,-0.0050172426477387,-0.001045389253221,-0.010248345743982,-0.4681258256312697,-0.0100790563150389,0.0271492354875693,0.8769027642743876,0.0273521744879795,0.02563408611672,0.6114922485662527,0.0249026208837711,0.0206478804438015,0.0581040395999511,0.0013903850989923,0.0228345270606935,REE_2024,2025-03-18,17.373497060647363,REE,2024,vi,VN100,,1282,3,33,0.0023400936037441,0.0257410296411856,0.0,0.0,0.8333333333333334,0.0187207488299532,0.0546021840873634,0.0,0.0,0.4893617021276595,0.8618883225217621,4.736054344352579,7.156176637480615,0,2025,-0.7499479075430289,-0.3881203674424859,0.5812863252066892,-1.168370199088151,-0.31216304282274165,T2 Trung tính
-0.0001664550107578,0.8479246882706717,0.0112655297499434,0.0785714285714285,0.0012629451902193,0.0560535198189718,0.0001239551171229,-0.0019170168616018,-0.1203259547110471,-0.0023724161663739,-0.0054516925355252,-0.2793953078806936,-0.0061779184238254,-0.0047974433896065,-0.1738531703237351,-0.0040444774373542,0.0027228276264444,0.0728739293158286,0.0038357077062525,5.044120013564246e-05,0.0612853398067128,-0.0003426700881069,0.0264392902483434,REE_2023,2024-03-28,17.20897785001395,REE,2023,vi,VN100,,1526,15,47,0.009829619921363,0.0307994757536041,0.0045871559633027,0.0,0.5161290322580645,0.0229357798165137,0.0622542595019659,0.0,0.0,0.4615384615384615,3.819161825030005,3.8503863970140255,7.330405211844402,0,2024,0.764866641698532,0.20575210827199472,-0.7484273355610404,0.6537585335132988,2.206806664964764,T1 Tiêu cực
0.0018148996247986,0.9886502735061172,0.0213097866447029,0.15,0.0195427411261467,0.4585391081567825,0.0269635355591322,0.0165823514832115,0.5502398206653257,0.020267251486873,-0.0045618471571731,-0.1235950283364541,0.0009377214273266,0.007381214185876,0.1414077073212075,0.01836469012558,0.0806039264937309,1.1404618291386388,0.1003765774736803,0.0269066882434041,0.1035164556279564,0.0008263344380846,0.0064777898226331,REE_2021,2022-03-10,16.81807252696266,REE,2021,vi,VN100,,1404,5,24,0.0035612535612535,0.017094017094017,0.0007122507122507,0.0,0.6551724137931034,0.0178062678062678,0.0441595441595441,0.0,0.0,0.425287356321839,1.4425059781096272,2.463530422081942,7.247080584585756,0,2022,-0.5029588735056197,-0.5169652350749117,-0.1655604474395927,-0.8854470767896369,0.18240003529362023,T2 Trung tính
0.0021191190639546,0.7531913531671862,0.0150739911137894,0.0714285714285714,0.0097366436511652,0.3229617019695043,0.0162151511523854,-0.0234409959426947,-1.0995951280403062,-0.019526634225532,-0.0382837328009106,-1.4663086419077045,-0.0328769031763138,-0.0001757948877582,-0.0047610458210996,0.0127312354873402,-0.0544359211896297,-1.088832258644495,-0.0316079991093054,0.0156657024051409,0.0115660163923174,0.0018424338972146,-0.0386369694984697,REE_2020,2021-03-16,16.773971172788592,REE,2020,vi,VN100,,1284,17,34,0.0132398753894081,0.0264797507788162,0.0015576323987538,0.0,0.3333333333333333,0.0249221183800623,0.0490654205607476,0.0,0.0,0.3263157894736842,4.671796429170551,5.317679144217535,7.157735484249907,0,2021,1.4546171520175442,0.485615246669547,-1.514703004478037,-0.5496411278932964,2.933070481219764,T1 Tiêu cực
0.0010623482079191,1.093346568391638,0.0137397499133159,0.0642857142857142,0.11492199002700906,4.186663340776828,0.1144763228474524,0.0774967373709505,3.988316298371923,0.0795971246070734,0.0910956245294646,3.827877776225885,0.0925526388571587,0.13869771412138668,4.127189602653639,0.13368714866794632,0.0944984363770673,2.0737168283487017,0.0953412787486648,0.113380043305645,0.0748006746059837,0.00054094785659,-0.0095838494004405,REE_2019,2020-03-17,16.235965641676966,REE,2019,vi,VN100,,967,4,24,0.0041365046535677,0.0248190279214064,0.0031023784901758,0.0008180912887344,0.7142857142857143,0.0289555325749741,0.0434332988624612,0.0,0.0,0.2,1.6713599098859282,2.7652780015452763,6.874198495453294,0,2020,-0.3866098966611551,1.0538990104548303,0.08224124671032579,0.0639691919370417,0.3773350391624292,T2 Trung tính
0.0006812933027396,1.1805330018519782,0.0116557264853593,0.0857142857142857,-0.0207432250428205,-0.8898297789020706,-0.0220321696632435,-0.039929775602914,-2.4223814050152126,-0.0381158543886601,-0.0500430792722863,-2.4788146260315798,-0.0483212400359248,-0.0371275431435762,-1.3004128088049485,-0.039183150859518,-0.0612048528587343,-1.583252447052622,-0.0564364113637801,-0.0218717615629213,-0.003308924376611,0.0004778328407098,0.0055087626717998,REE_2018,2019-03-18,15.747816781780257,REE,2018,vi,VN100,,693,9,24,0.0129870129870129,0.0346320346320346,0.0014430014430014,0.0,0.4545454545454545,0.0331890331890331,0.0389610389610389,0.0,0.0,0.08,2.3318636144060583,3.1299010573945028,6.541029999189903,0,2019,1.4034737779428268,1.6503737454274356,-1.0065843790999218,-0.5951753019638958,0.9399440850137774,T1 Tiêu cực
-0.0017608802175202,1.1088652146328202,0.0153812142307142,0.0714285714285714,-0.0744627217184026,-2.420573584161861,-0.0786067144556934,-0.0581156069506863,-2.671696730258351,-0.0596899744192286,-0.0496508368349659,-1.8636970776283568,-0.0529219949553491,-0.0895629618237986,-2.377180728712096,-0.0986924006828665,-0.1004257714205881,-1.9686033181188396,-0.1163918149501145,-0.0779688111021291,-0.0162152886144575,-0.0001224377191021,0.0402563701951263,REE_2017,2018-03-16,17.08126653874979,REE,2017,vi,VN100,,775,0,24,0.0,0.0309677419354838,0.0,0.0,1.0,0.0103225806451612,0.0425806451612903,0.0,0.0,0.6097560975609756,0.0,0.8683678339649527,6.652863029353347,0,2018,-1.2232499145337272,-1.5713716762160903,1.2799494351015976,-1.168370199088151,-1.0463090641787947,T3 Tích cực
0.0022443217536278,0.7815939186397396,0.0145907781947456,0.1285714285714285,-0.0201748538929052,-0.6913563356123996,-0.01343797707277,-0.0002512141434248,-0.0121744859646808,0.0031974906584969,-0.0396806674607027,-1.5701454531267487,-0.0343266716997743,0.0269593175738794,0.7543185952598574,0.0391033658395705,-0.030818941076486,-0.6368584484260387,-0.0082890789843834,-0.0139802326821577,0.0796050121972082,0.0009692224226652,0.0138962139966647,REE_2016,2017-03-22,16.15468885696196,REE,2016,vi,VN100,,632,0,22,0.0,0.0348101265822784,0.0015822784810126,0.0,1.0,0.0237341772151898,0.0522151898734177,0.0,0.0,0.375,0.0,2.090707072431859,6.448889394146858,0,2017,-1.2232499145337272,0.31824149239931826,1.2799494351015976,-0.5398511109439958,-1.0463090641787947,T3 Tích cực
0.00012927485036,0.5064380723805711,0.0192042701282864,0.0428571428571428,-0.0098413372168303,-0.2562278376394737,-0.0262250281095888,0.0006986444140009,0.0257242894147036,-0.0112491156931059,-0.0108371326971364,-0.3258036591934618,-0.0273388106199862,-0.0255853548132477,-0.5438986899082807,-0.0471474549320035,0.0277121957023848,0.4350876826670487,0.0075557508295006,-0.026859784804758,-0.0023247614694744,-0.0004611005577981,-0.0434738329626184,SAB_2025,2026-04-15,17.781819558520876,SAB,2025,vi,VN30,,930,2,48,0.0021505376344086,0.0516129032258064,0.0032258064516129,0.0,0.92,0.0247311827956989,0.0516129032258064,0.0,0.0,0.352112676056338,0.2903780744654288,1.5482934541466529,6.835184586147301,1,2026,-0.7882870665322308,0.45871357298092424,0.9445911423520417,0.11299774835417244,-0.7989685416455595,T3 Tích cực
-0.0010913118939609,0.4450613320045576,0.0083655944678675,0.1428571428571428,-0.0211606547670572,-1.264743040577438,-0.0161748205553663,-0.0292253113268045,-2.470286588818984,-0.026689441931752,-0.0394021071294113,-2.7193306160348563,-0.0318558348308765,0.0118335984932511,0.5774899050463977,0.0127770836095352,-0.0052355989959897,-0.1887005757946147,-0.022974435822583,-0.0159785091915476,0.00927572492297,-0.0005698171274763,0.0041998727973861,SAB_2024,2025-04-16,17.631277932487023,SAB,2024,vi,VN30,,798,1,53,0.0012531328320802,0.0620680267329428,0.0075187969924812,0.0,0.9629629629629628,0.0150375939849624,0.0664160401002506,0.0,0.0,0.6307692307692307,0.2735138846545575,1.2781963850073097,6.682108597449809,1,2025,-0.9697941196456369,-0.9070546986985756,1.1246909662360618,1.818276896454108,-0.8133332540213114,T3 Tích cực
0.0012491344439584,0.2606018848089063,0.0139185546693643,0.2285714285714285,0.0026213224814907,0.0941664757498293,0.0160878795345463,0.0079374661759503,0.4032484903628063,0.0123079934459293,-0.0081802054568181,-0.3393199893747366,0.0041696127248355,-0.0574800345395075,-1.685959957337248,-0.0302248066129864,-0.0319379844582554,-0.6918580891382206,-0.0075135994524487,0.0159294563922521,-9.327181946128247e-06,0.0011082791426147,-0.0235470594984479,SAB_2018,2019-04-10,14.820196081405356,SAB,2018,vi,VN30,,600,5,19,0.0083333333333333,0.0316666666666666,0.0,0.0,0.5833333333333334,0.0133333333333333,0.0483333333333333,0.0,0.0,0.5675675675675675,0.8899235160500909,0.9353533646028596,6.396929655216146,1,2019,0.46223112147206635,-1.1471747584734244,-0.46670833963567376,-1.168370199088151,-0.288283004946663,T1 Tiêu cực
-0.0010369827951841,0.7396676782260176,0.0148120573929341,0.1,-0.0501370330736112,-1.6924398732592143,-0.0618399585969645,-0.0143848769625157,-0.6867137884289641,-0.0188010985173586,-0.0283439108379653,-1.104800239296429,-0.033416593943745,-0.0740297327470768,-2.040399320347489,-0.0885982854500179,-0.1060393323728107,-2.158515919409437,-0.1304111412461652,-0.0619505277562779,-0.0008436610749389,0.0006931548050552,-0.0176130445180532,SHB_2025,2026-04-20,20.73858113264169,SHB,2025,vi,VN30,,287,2,17,0.0069686411149825,0.0592334494773519,0.0034843205574912,0.0,0.7894736842105263,0.0067442587095766,0.0766550522648083,0.0,0.0,0.8296392229417208,0.1077531065872335,0.1897392110362519,5.659482215759621,1,2026,0.18621157899027113,-2.0755356820240594,0.39742761207644994,0.21568577201676345,-0.9545262746657429,T2 Trung tính
0.002450909939108,0.962147725360132,0.0129713523012593,0.2428571428571428,0.0734806639846964,2.83242110298564,0.0834734402874046,0.0936876061916343,5.274667073500288,0.0959661722184808,0.0929485516848062,4.137106917587831,0.1003999075374176,0.0387055646707514,1.218182980562381,0.053032200440945,-0.0055396978824064,-0.1287669718844031,0.0203926982208425,0.0839732724446763,0.2647558886470086,0.0015082771481063,-0.0037586447839976,SHB_2024,2025-04-18,19.67057635882132,SHB,2024,vi,VN30,,777,3,30,0.0038610038610038,0.0386100386100386,0.0051480051480051,0.0,0.8181818181818182,0.0115830115830115,0.0604890604890604,0.0,0.0,0.6785714285714286,0.532952429796876,1.126310388954915,6.655440350367647,1,2025,-0.44233206001367764,-1.3937845495935426,0.5177714970344248,0.8765413257876119,-0.5923466473744546,T2 Trung tính
-0.0030927917940113,0.7118627145990418,0.0193970250376226,0.15,0.11492199002700906,3.8076901472771176,0.126982644621566,0.0354599678661402,1.292671617950233,0.026681962135838,0.037710032416173,1.1224348746469115,0.0262603979560832,0.0656035449153261,1.3807547811122312,0.0378086681821628,0.0845412411869836,1.3141264319203336,0.0361707982353594,0.1348729667727246,0.0156536933197818,0.0020990118298649,0.0009474113699812,SJS_2025,2026-04-20,14.327138756132976,SJS,2025,vi,VN100,,528,1,20,0.0018939393939393,0.0378787878787878,0.0018939393939393,0.0,0.9047619047619048,0.0189393939393939,0.0511363636363636,0.0,0.0,0.4594594594594595,0.0583035676286671,0.8705983475866428,6.269096283706261,0,2026,-0.840186042714246,-0.3573145885857169,0.880713372304507,-0.41605189661258096,-0.9966467922962692,T3 Tích cực
-0.0002994180720081,0.701687004513523,0.0121698343017875,0.1214285714285714,-0.040771247006999,-1.675094582060598,-0.0468527214230972,-0.0070444536554518,-0.4093055686709509,-0.0072271628764682,-0.0173082220363359,-0.8211210115165349,-0.0177474349502445,-0.020872138619514,-0.7001750967545893,-0.025935912559921,-0.036821008542795,-0.9122516806015002,-0.038745175335952,-0.0465764687820021,0.060958864643685,0.0006749220923177,-0.0241245585211117,NT2_2020,2021-03-15,16.444064708231544,NT2,2020,vi,VN100,,1221,10,50,0.0081900081900081,0.0409500409500409,0.0008190008190008,0.0,0.6666666666666666,0.0286650286650286,0.0753480753480753,0.0,0.0,0.4488188976377952,1.0510669164830324,4.066393017555893,7.107425474110705,0,2021,0.43324250414517373,1.0129687594663674,-0.11737678468821974,-0.8430433655851933,-0.15102301057814405,T2 Trung tính
-0.0029483116144408,0.7889080624688253,0.0136843707290847,0.15,-0.0004142289859751,-0.0151351126835055,-0.0123103524921351,-0.0066788864183144,-0.3451153122538017,-0.0151554532858073,-0.0064414298302563,-0.2717670633228526,-0.0193835943044053,-0.0179871966297625,-0.5366152685947467,-0.0460434708560953,-0.0288287627921151,-0.635191723758962,-0.0769135557747811,-0.0120951767315269,0.0429959640262836,-0.0010609361670733,-0.0467264456152255,SSB_2025,2026-04-01,17.241909103208027,SSB,2025,vi,VN30,,940,0,47,0.0,0.05,0.0042553191489361,0.0,1.0,0.0159574468085106,0.076595744680851,0.0,0.0,0.6551724137931034,0.0,2.1454388032067326,6.84587987526405,1,2026,-1.2232499145337272,-0.7774529768238595,1.2799494351015976,0.5219449656229728,-1.0463090641787947,T3 Tích cực
-2.6120926897322212e-05,0.8980347555156623,0.0170875737995333,0.2285714285714285,0.0298735981500838,0.8741322349372855,0.0281707325084001,0.0936876061916343,3.877811367423144,0.0959661722184808,0.10890758634410351,4.543369276173855,0.10081458871370412,-0.0453648774519435,-1.083836352903672,-0.0475819664869218,0.0097979442213702,0.1728853593225701,0.0100080971114004,0.0319308729332417,0.0068610656148401,0.000208643023604,0.033099879821482,SSB_2024,2025-04-08,17.284423669923797,SSB,2024,vi,VN30,,963,9,43,0.0093457943925233,0.0446521287642783,0.0020768431983385,0.0,0.6538461538461539,0.0311526479750778,0.0571131879543094,0.0,0.0,0.2941176470588235,2.1260327880208747,3.9654133504209,6.870053411798126,1,2025,0.6670091912671571,1.3634593354560773,-0.17112010083398177,-0.3433981041616386,0.7646198831253179,T2 Trung tính
-0.0008849571883196,1.6814174119934624,0.0205227507101265,0.0428571428571428,-0.0654502929152225,-1.5945789587291397,-0.1103612583775716,-0.0629345736803122,-2.168396646677333,-0.07466563683291379,-0.0691925783828342,-1.9465399311965497,-0.09033628908972875,-0.0329803849249236,-0.6560614585547057,-0.0823158763273835,-0.0847023401452444,-1.2444100124197384,-0.1435096721273084,-0.1025371901748818,-0.0421775805923048,0.0014327524770139,-0.1042521183905034,SSI_2021,2022-04-15,19.150113291419665,SSI,2021,vi,VN30,,1217,8,38,0.0065735414954806,0.0312243221035332,0.0041084634346754,0.0,0.6521739130434783,0.0262941659819227,0.0468364831552999,0.0,0.0,0.2808988764044944,1.80014735563617,3.938250666160029,7.104144092987527,1,2022,0.10629962906984383,0.6789284889002647,-0.17813009859212464,0.4636103420257259,0.48703462369968376,T2 Trung tính
0.0025643557640317,1.5002800213644434,0.0199366773471751,0.0714285714285714,-0.0494873277788956,-1.2411127219728892,-0.034862668304245,-0.0373654152492507,-1.3252628833028708,-0.0203481676064616,-0.0540481505563671,-1.5651913169644278,-0.0378919962435149,-0.0564064355997733,-1.1550485822568752,-0.0481421010404373,-0.0737081424291314,-1.1147214123563882,-0.0400669618992014,-0.0373417706683485,-0.0184172154357231,0.0019965738463036,-0.04369512317335,SSI_2020,2021-04-19,18.75358928122753,SSI,2020,vi,VN30,,1244,9,54,0.0072347266881028,0.0434083601286173,0.0056270096463022,0.0,0.7142857142857143,0.0249196141479099,0.0514469453376205,0.0,0.0,0.3473684210526316,1.825286109139432,4.293656896559349,7.126087273299125,1,2021,0.2400294414841511,0.4852624154441414,0.08224124671032579,1.0668134391351762,0.5084475090863566,T2 Trung tính
1.0142467068256976e-05,1.414558827471982,0.0154971078647544,0.1357142857142857,0.0194912430227879,0.6288671148478443,0.0135324769892356,0.0003213136438152,0.0146609972913865,0.0078869578752922,-0.0060225113321984,-0.2243708031967955,0.0034094611562165,0.0015109846729698,0.0398046471019274,-0.0002640793994418,-0.0216326792073208,-0.4208848677793005,-0.0300492055750432,0.0113495093007409,0.1041594387888349,-0.0005909418405861,0.0272404517718328,SSI_2019,2020-04-17,16.220367494433365,SSI,2019,vi,VN30,,1223,19,42,0.0155355682747342,0.0343417825020441,0.0073589533932951,0.0,0.3770491803278688,0.0343417825020441,0.0564186426819296,0.0,0.0,0.2432432432432432,5.07808007135481,8.022845652719477,7.109062135687172,1,2020,1.9189387707428138,1.812789179757288,-1.331447106800684,1.7547831724278333,3.2791379607963753,T1 Tiêu cực
-0.0004083261396373,1.4812994122790692,0.0164747881735763,0.0857142857142857,0.0659145711906668,2.0004679421731835,0.0379769377510111,0.0226241539906896,0.9710408739023298,0.020216983595254,0.0264208376224424,0.9259043304725628,0.0170896511016985,0.0550087807544893,1.3631277359632776,0.0188327569034468,0.0206727129837464,0.3783391581202048,-0.0401978205376242,0.0370736522326842,0.0644349157826077,-9.571382272803684e-05,0.0131235280208542,SSI_2017,2018-04-16,17.939856334519682,SSI,2017,vi,VN30,,2086,3,54,0.0014381591562799,0.0258868648130393,0.0023969319271332,0.0,0.8947368421052632,0.0115052732502396,0.0465004793863854,0.0,0.0,0.6033057851239669,0.805398329272898,1.7744121062732845,7.643003635560718,1,2018,-0.9323711163735823,-1.4047374124048397,0.8386885235890238,-0.2162511585629614,-0.36028053404102733,T3 Tích cực
0.0009879776458498,1.0416729191152487,0.011341134086216,0.1785714285714285,-0.0034650955587894,-0.1527667132954955,5.300760265658511e-05,-0.0115353653966262,-0.7192168819635721,-0.0103408356683257,-0.0303664412351549,-1.5458835852012425,-0.0282545776087812,0.0053877067253597,0.1939419852924626,0.0106281914929632,-0.0273485827084009,-0.7270796625822606,-0.0168556175230163,-0.0006366467787919,0.0609758737859508,-0.0001872014540988,0.0218431150405497,SSI_2016,2017-04-14,16.254344875949293,SSI,2016,vi,VN30,,1550,19,42,0.012258064516129,0.0270967741935483,0.0032258064516129,0.0006451612903225,0.3770491803278688,0.0238709677419354,0.0438709677419354,0.0,0.0,0.2952380952380952,3.608337586832299,3.944487683924572,7.346010209913293,1,2017,1.2560383190747981,0.33751445362587057,-1.331447106800684,0.11299774835417244,2.027229135447465,T1 Tiêu cực
0.0009532883428153,0.810648103501172,0.0248846147974835,0.0571428571428571,0.0225981907715857,0.4540594852581566,0.0225244818064747,-0.0033572043886241,-0.0953963727525902,-0.0032516353039212,-0.0207213302832092,-0.4807575168166877,-0.021679394175685,-0.0017967947724881,-0.029477586860491,0.0004327410392596,0.0386398601080767,0.4681750660115125,0.0417559359877962,0.0217299139020137,-0.0231520131301649,0.0014197357614965,0.0934992481501786,STB_2025,2026-04-17,20.34853705597176,STB,2025,vi,VN30,,736,4,32,0.0054347826086956,0.0434782608695652,0.0095108695652173,0.0,0.7777777777777778,0.014945652173913,0.0788043478260869,0.0,0.0,0.6811594202898551,1.3192209689158798,1.7508931557145615,6.601230118728877,1,2026,-0.12402315192125933,-0.9200087460409737,0.3483986219083862,2.6095760589958403,0.07738735948938483,T2 Trung tính
0.0018383486036844,1.5390370795259296,0.0125325237864494,0.05,0.050025036581638,1.995808563145384,0.0546850232023593,0.0649851309440692,3.666574071579359,0.0641619848785456,0.0582408977610448,2.683050802308596,0.0623514549242617,-0.0028637876315883,-0.0932881855857012,0.0135609628714745,-0.045927576914673,-1.1049398911745356,-0.0110719682671189,0.0547428796344114,0.0618627084513089,0.0014497277569467,-0.016920470519546,STB_2024,2025-04-18,19.961165776599834,STB,2024,vi,VN30,,1156,5,47,0.0043252595155709,0.0406574394463667,0.0043252595155709,0.0,0.8076923076923077,0.0112456747404844,0.0579584775086505,0.0,0.0,0.675,1.2766435394999536,1.2998788200470428,7.052721049232323,1,2025,-0.3484327678179208,-1.4413132786728866,0.47379969291516466,0.5497269622748139,0.041120421432011174,T2 Trung tính
0.001977445108046,1.2583672118802864,0.018753472408323,0.1357142857142857,-0.0428170907093013,-1.1415776709783738,-0.0399149885349808,-0.0451238617828429,-1.7014123019591707,-0.0485541583538634,-0.0604179187588574,-1.8600449505992285,-0.0589253773875363,-0.0592526867627529,-1.289884217151638,-0.0534370101739686,-0.0718163247847332,-1.154636121621304,-0.0520935236645461,-0.0397386346242151,-0.0751194474559177,0.000236803145151,0.0355628650272975,STB_2019,2020-04-20,18.5558562040882,STB,2019,vi,VN30,,778,12,29,0.0154241645244215,0.0372750642673521,0.0,0.0008180912887344,0.4146341463414634,0.0308483290488431,0.0514138817480719,0.0,0.0,0.25,2.685181345453268,2.546101836566199,6.656726524178391,1,2020,1.896406501723776,1.3205826318906673,-1.1738917313585693,-1.168370199088151,1.2408958437798414,T1 Tiêu cực
0.0004499990832276,1.2189662270626345,0.0147842306082738,0.0642857142857142,0.0060240317543115,0.2037316622665578,0.0111373067755747,-0.0224325979065832,-1.072916306547529,-0.0207222184628989,-0.0231989145696113,-0.9059585125908706,-0.0232459931203804,-0.0064482691985005,-0.1780609993505772,0.000178200236978,0.0445992496687085,0.9095623635122468,0.0470670695298499,0.0103391475653413,-0.0374901380776639,0.0005348828852675,0.0389419332654783,STB_2018,2019-04-19,17.669659954920576,STB,2018,vi,VN30,,921,5,45,0.00542888165038,0.0488599348534201,0.004343105320304,0.0,0.8,0.02171552660152,0.0597176981541802,0.0,0.0,0.4666666666666667,0.8269836178339964,1.999005559107652,6.825460036255307,1,2019,-0.1252166663214839,0.033825780779393314,0.4415537032277075,0.5568157453510197,-0.34189444700066995,T2 Trung tính
0.0022542484095881,1.423666462684037,0.028506128255354,0.0785714285714285,0.0106520589150922,0.1868380514476142,0.0224882822942341,0.0291376711557096,0.7227724746630974,0.0373981595311097,0.0365383798739715,0.7400318719897747,0.0474263321815262,-0.0123822592893851,-0.177331559785651,0.0073944913784597,-0.0781025317372912,-0.8260960291798009,-0.043558517628607,0.0221299288665335,0.0797617596324685,0.0003805580606149,0.058255027136361,STB_2016,2017-06-19,18.158654964425715,STB,2016,vi,VN30,,937,5,39,0.0053361792956243,0.0416221985058698,0.0032017075773745,0.0,0.7727272727272727,0.016008537886873,0.0501600853788687,0.0,0.0,0.5161290322580645,0.4647892004909804,1.847506701395799,6.842683282238422,1,2017,-0.14396643363354156,-0.7702545516424685,0.32722701251763125,0.10342509559842827,-0.6504072595095495,T2 Trung tính
0.002741184577148,0.4460020231259481,0.0228517712865107,0.1642857142857142,-0.0164710797672319,-0.3603895636955453,-0.0027381785150177,0.0020092908314613,0.0621738750352768,0.0121163957676171,-0.0230534849587383,-0.582446567480892,-0.013386461197128,-0.0447113972662572,-0.7987718443941814,-0.0338086766730141,-0.0373126403901264,-0.4923112625590877,-0.022199542361282,-0.0034177051454271,0.0597676468920929,0.0020509324339315,-0.0165055805414697,TAL_2024,2025-04-18,14.801851527188203,TAL,2024,vi,VN100,,1246,8,59,0.0064205457463884,0.0473515248796147,0.0032102728731942,0.0,0.7611940298507462,0.0216693418940609,0.0650080256821829,0.0,0.0,0.5,1.5997488168613645,2.5363222039780524,7.1276936993473985,0,2025,0.07535505702771525,0.02731863370352668,0.2788799045059076,0.10682743721078303,0.31633757852260924,T2 Trung tính
-0.0016087563612473,1.0767498522015515,0.0137401742333348,0.0785714285714285,0.0126718981429663,0.4611258171757122,0.0086878943261462,-0.0282138836087396,-1.4519632782346297,-0.0317270048698182,-0.0395244031063352,-1.6607813252935382,-0.0451344525738911,0.03495456880609,1.0385707427469997,0.0287346680451168,0.017764692314121,0.3898244792737903,0.0068573616237952,0.0073968877582797,-0.0659540214629509,-0.0004430451332139,0.0172906312690849,TCB_2025,2026-04-06,19.89814156618756,TCB,2025,vi,VN30,,1011,1,52,0.0009891196834817,0.0514342235410484,0.0009891196834817,0.0,0.9622641509433962,0.0247279920870425,0.039564787339268,0.0,0.0,0.2307692307692307,0.2653421184565532,2.437471203257084,6.918695219020472,1,2026,-1.0231928182719112,0.4582640213512678,1.1217615611631278,-0.7754680589228492,-0.8202938653730973,T3 Tích cực
0.0011401664101292,0.8934258884320587,0.0241311661768509,0.0714285714285714,-0.0180004201300086,-0.3729703736257165,-0.0165325967630847,-0.0069188867437495,-0.2027416204800042,-0.0055974200634216,-0.0033450294414282,-0.0800315092234734,-0.0007276196373381,-0.0206097738940495,-0.348673781342734,-0.0171857058952203,-0.0885780007894699,-1.1067543077824242,-0.081343744640609,-0.0168135667955617,0.0167254441050246,0.0020382349832479,0.0013103640089461,TAL_2025,2026-04-20,16.237684061216832,TAL,2025,vi,VN100,,1231,0,46,0.0,0.0373679935012185,0.0024370430544272,0.000812347684809,1.0,0.0186839967506092,0.0625507717303005,0.0,0.0,0.54,0.0,1.8418341500245952,7.115582126184454,0,2026,-1.2232499145337272,-0.39329851403672605,1.2799494351015976,-0.20031805357936502,-1.0463090641787947,T3 Tích cực
0.001320166680824,1.5232781392573482,0.0084642254286444,0.1428571428571428,0.0427201776571976,2.523572772094695,0.0238077215391243,0.0413642975447769,3.455599752098511,0.0021866437589318,0.0718576396136546,4.901455889144315,-0.00093852962279,-0.0025452861240645,-0.1227647724709933,0.0135464035126966,0.0029998442057037,0.1068599918103089,0.0111211882863619,0.0230312184578176,0.0326083682731376,0.0010003174901482,-0.0290707219666535,TCB_2024,2025-04-04,19.63658667029824,TCB,2024,vi,VN30,,1887,0,64,0.0,0.0339162692103868,0.0026497085320614,0.0,1.0,0.0211976682564917,0.0402755696873343,0.0,0.0,0.3103448275862069,0.0,3.4347637434294964,7.54274354536855,1,2025,-1.2232499145337272,-0.03913734058601261,1.2799494351015976,-0.11584220834329237,-1.0463090641787947,T3 Tích cực
0.0023085701938448,1.1510212686331258,0.0138506761021018,0.0642857142857142,0.0428463779651981,1.5467251435724572,0.0473146392740176,0.0122765092511513,0.6267421804392075,0.0117785591244155,0.0356263043541391,1.4850434922792275,0.0373214808692233,0.0104946631357316,0.3093299022064647,0.0231182998998457,-0.0044968272934248,-0.0978901270652608,0.0250730186088504,0.0468702416994568,0.1023051212544715,0.0012160569027444,0.0047617932545091,TCB_2023,2024-04-17,18.999291935038567,TCB,2023,vi,VN30,,1195,2,43,0.001673640167364,0.0359832635983263,0.001673640167364,0.0,0.9111111111111112,0.0217573221757322,0.0384937238493723,0.0,0.0,0.2777777777777778,0.0887445759972331,1.4222451027360885,7.085901464365611,1,2024,-0.8847432629509757,0.03971452541981207,0.9073291098243135,-0.5035600506243574,-0.9707175105136114,T3 Tích cực
-0.0005125219661321,0.9538254244095538,0.0118835276054862,0.0642857142857142,0.0216416661140735,0.9105741507295484,0.0213277188496586,-0.0073434328697447,-0.4369570511190158,-0.0068122194278642,-0.0063020471637926,-0.3061791706346222,-0.0054615232078392,-0.0104244323241596,-0.3581223367907754,-0.0105479905936116,0.0065097621011425,0.1651670437564955,0.0031514675162512,0.0205312134949415,-0.0589628929167436,-0.0002339125439696,0.0180205729963158,TCB_2021,2022-04-19,19.08552922471205,TCB,2021,vi,VN30,,1028,14,29,0.0136186770428015,0.0282101167315175,0.0,0.0,0.3488372093023256,0.0330739299610894,0.0379377431906614,0.0,0.0,0.0684931506849315,2.1873992949225327,3.1212266533167607,6.93537044601511,1,2022,1.5312327124018101,1.6341563939632093,-1.4497110872785104,-1.168370199088151,0.8168911295375624,T1 Tiêu cực
0.0012935737110428,1.322268944514992,0.01330620090229,0.1142857142857142,-0.0278209172353247,-1.0454117384676187,-0.0267415484903322,-0.0121894556201094,-0.6477616557306362,-0.0044854758329297,-0.0070577262555201,-0.3062316722416222,0.0060594742966788,-0.0366453490060668,-1.1243179924183846,-0.030013297240565,0.0027986920471965,0.0634168541724111,0.0111271051930651,-0.0265353444156273,-0.1146182289875856,7.645312934808843e-05,0.0003483232271466,TCB_2019,2020-04-16,17.142332961441564,TCB,2019,vi,VN30,,735,11,32,0.0149659863945578,0.0435374149659863,0.0040816326530612,0.0,0.4883720930232558,0.0258503401360544,0.0476190476190476,0.0,0.0,0.2962962962962963,2.376400453140253,3.3484411834686725,6.5998704992128365,1,2020,1.8037364358440318,0.6163961007132537,-0.8647838324827731,0.4529525099204948,0.977880024167495,T1 Tiêu cực
0.0024890662016635,1.2701684924592445,0.0155146657548339,0.0571428571428571,-0.0427247844518201,-1.3769160459840488,-0.0293194385345268,-0.022067422526606,-1.0057596056821378,-0.0134176717079854,-0.0295759196365847,-1.100614440139818,-0.0191437600761904,-0.0440015660854516,-1.157844095127954,-0.0226979984654741,-0.0665021921398473,-1.2924007314309556,-0.0413692616634224,-0.0294866603908215,0.0134100891545458,0.0016297056915932,-0.0225819651074414,TCB_2020,2021-04-12,19.30545570629556,TCB,2020,vi,VN30,,944,12,36,0.0127118644067796,0.0381355932203389,0.0021186440677966,0.0,0.5,0.0275423728813559,0.0582627118644067,0.0,0.0,0.3580246913580246,1.5495362860732371,3.361572971079905,6.8501261661455,1,2021,1.347822852254769,0.8547933221443916,-0.8160398945831282,-0.32679379292900107,0.2735671537041534,T1 Tiêu cực
0.001113914967083,1.3343559648238408,0.0175696735745658,0.0857142857142857,0.0514546753832503,1.4643036811377363,0.0698351865759454,0.0689606404024339,2.775380900309809,0.0780217691133113,0.10890758634410351,3.896101762871551,0.10081458871370412,0.0919838838582659,2.137334150005203,0.118299142031268,0.041381296987367,0.7101401424494653,0.076642341729379,0.0725332891955317,0.0036438551710695,-3.0458905431081627e-05,-0.1096672907158009,TCH_2024,2025-07-07,18.589619036527047,TCH,2024,vi,VN100,,679,6,17,0.0088365243004418,0.0250368188512518,0.0029455081001472,0.0,0.4782608695652174,0.0265095729013254,0.0427098674521354,0.0,0.0,0.2340425531914893,1.2760938052910291,2.581040547471149,6.520621127558696,0,2025,0.5640053813781617,0.7092780262867258,-0.9071698654389858,0.00165649813456021,0.04065216449925175,T1 Tiêu cực
-0.0022182159784401,1.0779466706540723,0.0197431810275846,0.0571428571428571,-0.0192014238796746,-0.486279892101655,-0.0254051995572145,-0.0169956311105965,-0.6087026195047812,-0.0195043592531221,-0.0144417482117223,-0.4223203548585778,-0.0184290905604951,-0.0543905575874442,-1.1246846251081009,-0.0641721235335466,-0.0576879374530049,-0.8809911413501014,-0.0786804941318064,-0.0259029616611135,-0.1544260271206003,-5.769367879885035e-05,-0.0458515354272434,SSI_2025,2026-04-15,20.546871232334677,SSI,2025,vi,VN30,,744,3,18,0.0040322580645161,0.0241935483870967,0.0094086021505376,0.0,0.7142857142857143,0.0174731182795698,0.0551075268817204,0.0,0.0,0.5185185185185185,1.3882562997115522,2.837320299427047,6.612041034833092,1,2026,-0.4076945745309264,-0.5639039965772782,0.08224124671032579,2.568952980951949,0.13619081709785263,T2 Trung tính
0.0004401905551274,1.6547211758118503,0.0291267645188083,0.0071428571428571,-0.1321121807978274,-2.267882873027609,-0.1490995428474721,-0.07193939944892218,-1.7476006311198575,-0.0675796015607667,-0.0970060639509855,-1.9228526772673935,-0.09033628908972875,-0.0527061516074289,-0.738743099212668,-0.0828047621349739,-0.0604590550446321,-0.6258536188129235,-0.0613602210164929,-0.14247405221521642,-0.1399640327664206,-0.000727992576115,-0.0308381959981449,TCH_2021,2022-06-15,17.69002710575439,TCH,2021,vi,VN100,,549,5,11,0.0091074681238615,0.0200364298724954,0.0018214936247723,0.0,0.375,0.0182149362477231,0.0564663023679417,0.0,0.0,0.5121951219512195,0.6256738983169609,1.0384724014385514,6.3080984415095305,0,2022,0.6188058625217786,-0.45938631339028596,-1.3400372270043097,-0.44482909943948473,-0.513367624884459,T1 Tiêu cực
0.0025675272480059,1.365811947552722,0.0209336688405961,0.0785714285714285,-0.0689698747232511,-1.647343216529236,-0.0646664685245689,-0.0512191102645969,-1.7301018980582357,-0.0541249274525234,0.0115472958639469,0.3184742448267452,0.0119264579969112,-0.0825458784951725,-1.6098092521240157,-0.0777316984223429,-0.1049082823465583,-1.5110125945201311,-0.0762961999228188,-0.0637648565981823,0.0576624036346206,0.0030231265634745,0.0084787513632952,TCH_2023,2024-06-21,19.04383035939684,TCH,2023,vi,VN100,,528,8,9,0.0151515151515151,0.0170454545454545,0.0,0.0,0.0588235294117647,0.0227272727272727,0.0397727272727272,0.0,0.0,0.2727272727272727,2.0401440423193264,1.5093825580330846,6.269096283706261,0,2024,1.8412610600222628,0.1763747153924666,-2.6654422443049453,-1.168370199088151,0.6914608910745104,T1 Tiêu cực
0.0016995066721124,1.059923090670705,0.0314019854670431,0.0285714285714285,-0.0239755761493311,-0.3817525515145182,-0.0201112584738464,0.0155698555061863,0.3506004555690826,0.0164867421518465,0.0388781168728216,0.7148048414221134,0.0415777894489449,-0.051712401423307,-0.6722982372883058,-0.0445091494624246,-0.0050433634452199,-0.048424686240255,0.0106215395952522,-0.0214971710841344,-0.0718096202591332,0.0011118501588355,0.0509673552612539,TCH_2019,2020-06-11,16.453772513533202,TCH,2019,vi,VN100,,430,3,9,0.0069767441860465,0.0209302325581395,0.0,0.0,0.5,0.0116279069767441,0.0720930232558139,0.0,0.0,0.7222222222222222,0.9727423550261374,0.89467776138718,6.063785208687608,0,2020,0.18785048770368465,-1.3874590590552365,-0.8160398945831282,-1.168370199088151,-0.2177389222171317,T1 Tiêu cực
0.0002653322375681,0.6684506422456379,0.0201191567020537,0.1357142857142857,-0.0642809926053097,-1.5975071310704572,-0.0651827435782176,0.0109023667147815,0.3831739843359143,0.0147779304576988,0.0224388282403263,0.6439168259736116,0.0253478603431668,-0.0201003990349096,-0.407867668867338,-0.0217400283613115,0.0146676475492857,0.2198134941672998,0.0133041099885354,-0.0645251615839426,0.0049494643105112,-6.473486493254469e-05,0.0489818235945735,TCH_2018,2019-06-17,15.749852355566082,TCH,2018,vi,VN100,,531,2,8,0.0037664783427495,0.0150659133709981,0.0,0.0,0.6,0.0094161958568738,0.064030131826742,0.0,0.0,0.7435897435897436,0.8862735019640573,0.8687310346338438,6.274762021241939,0,2019,-0.46145057622602675,-1.699075833050634,-0.3968420286461831,-1.168370199088151,-0.291392042682915,T1 Tiêu cực
0.0045704773776395,0.2929629185108282,0.029000145089912,0.05,0.0010402943509758,0.017936019763875,-0.0261451456441081,0.0002774237222702,0.0067643866839677,-0.0033518898092388,-0.0054528053410262,-0.1085573407208656,0.0190709315623475,-0.0113189615478071,-0.1593421925094408,-0.0505027019271375,-0.1834269053431925,-1.966782519046042,-0.1938218392903185,-0.0269277583894165,0.3809652427299937,0.0014191713899061,0.0754186815973487,TCH_2017,2018-05-29,16.416932429160592,TCH,2017,vi,VN100,,540,1,10,0.0018518518518518,0.0185185185185185,0.0,0.0,0.8181818181818182,0.0074074074074074,0.0666666666666666,0.0,0.0,0.8,0.4675943022990217,0.538090089211192,6.29156913955832,0,2018,-0.8486985731991153,-1.9821020251415091,0.5177714970344248,-1.168370199088151,-0.6480179078057848,T2 Trung tính
0.0010616195663688,0.6953641707000531,0.0217254770195065,0.0428571428571428,0.0112521924096264,0.2589630690162413,0.0064489361006877,0.0190879787260904,0.6212631917929543,0.0155109675353503,0.0037747068829619,0.1003120913309882,-0.003258998668569,-0.0169069006751204,-0.3177013462794396,-0.0269505972930296,-0.0430469854704408,-0.5974163171450058,-0.0575687683418946,0.0059884845983122,0.0331878255061703,0.0009916077561454,,TCX_2025,2026-03-25,18.388717254278117,TCX,2025,vi,VN30,,976,0,57,0.0,0.0584016393442623,0.0030737704918032,0.0,1.0,0.0184426229508196,0.055327868852459,0.0,0.0,0.5,0.0,1.2202935280493068,6.883462586413092,1,2026,-1.2232499145337272,-0.4273066284517124,1.2799494351015976,0.05260540656895091,-1.0463090641787947,T3 Tích cực
0.0002748956597553,0.5328480609913279,0.0160225647236634,0.2571428571428571,0.0454692509877911,1.418913007124207,0.032191652140317,0.0433957239172478,1.9151372570875884,0.0369855490966979,0.0492262252929185,1.7737968243050075,0.0382526439957833,-0.01076472568648,-0.2742807368615269,-0.0101394289159794,0.0053306057959438,0.1003109145551057,0.0070720818829635,0.0321248993049403,-0.0603727339563134,-0.0007243262592829,0.0235605071805031,TPB_2019,2020-04-14,14.219754431090688,TPB,2019,vi,VN100,,658,6,34,0.0091185410334346,0.0516717325227963,0.0030395136778115,0.0,0.7,0.0212765957446808,0.0455927051671732,0.0,0.0,0.3636363636363636,0.8408138047532906,1.7591704940103503,6.489204931325317,0,2020,0.6210454440136427,-0.028016932939606505,0.022355837290761946,0.03899777570550877,-0.3301140614958484,T2 Trung tính
-0.0014922063992728,0.9766092629363476,0.0152330523937534,0.0928571428571428,-0.0192115884464989,-0.6305889308953245,-0.0258592267433783,-0.0057178857825079,-0.2654199372753085,-0.0089127491813765,-0.0027981940470166,-0.1060547843288692,-0.0074510741897565,-0.0222644953117091,-0.5966921083244756,-0.0319676768297826,-0.0444269411217896,-0.8793527657399006,-0.0620061105172534,-0.0261938661172631,-0.0602862019344661,-0.0004913744863389,0.0228914711955798,TPB_2025,2026-04-20,19.15678627058009,TPB,2025,vi,VN100,,1100,6,55,0.0054545454545454,0.05,0.0036363636363636,0.0,0.8032786885245902,0.0281818181818181,0.06,0.0,0.0,0.3608247422680412,1.1676276508387866,3.5241747243520827,7.003065458786462,0,2026,-0.120025963693578,0.9448873131210402,0.4552978955535088,0.27608094166500047,-0.051737990538374225,T2 Trung tính
-0.0005033456660494,1.2710706599379131,0.01300166079559,0.1285714285714285,0.0504552543619233,1.9403388211387889,0.0455033660916452,0.0109715906410669,0.5966996266609819,0.0119379217138608,0.0413035243571389,1.8341196006407725,0.0379050791916242,0.0275300351472353,0.8644349335033399,0.0274765202273008,0.0366240184077054,0.8493189606741205,0.0381650630169919,0.0456321995904313,-0.1655154953915504,-0.0002533047088585,-0.0034418527715016,TPB_2024,2025-04-17,19.299664442593944,TPB,2024,vi,VN100,,1073,12,44,0.0111835973904939,0.0410065237651444,0.0018639328984156,0.0,0.5714285714285714,0.0326188257222739,0.0503261882572227,0.0,0.0,0.2134831460674157,2.542558156521196,5.363860171797165,6.9782137426306985,0,2025,1.0387190433864433,1.5700349481481548,-0.5166128474853103,-0.4279711987021147,1.119411140980716,T1 Tiêu cực
-0.000376052145139,0.6549975647762596,0.0169774959639739,0.0714285714285714,-0.0153073840540755,-0.4508139506131425,-0.023086224741004,-0.0119297431984002,-0.4968696403346607,-0.0158524316375994,-0.0106579263438365,-0.3624419441285423,-0.019814077386651,0.0262137898275182,0.630348250788706,0.0107747228684218,-0.0200009008364382,-0.3552054152601557,-0.0382321204581916,-0.0232404864334967,-0.029268959812267,-0.0005064779440699,-0.0238451986197453,VCB_2025,2026-04-16,20.237599413217048,VCB,2025,vi,VN30,,1243,8,62,0.0064360418342719,0.0498793242156074,0.0048270313757039,0.0,0.7714285714285715,0.0176991150442477,0.0587288817377312,0.0,0.0,0.5368421052631579,1.848739926190866,2.888765237577827,7.1252830915107115,1,2026,0.07848926049890552,-0.532062413782119,0.32178288438858027,0.7490428196107252,0.5284251860358994,T2 Trung tính
0.0004008889355983,0.7613547576500056,0.0069778980953196,0.0928571428571428,-0.0067113679001369,-0.4809018280618471,-0.0025208099987108,-0.0265799657166296,-2.6934864546877377,-0.0275151977087854,-0.0278020767080763,-2.300339765954013,-0.0249368927374536,-0.0291962343087489,-1.708152309149362,-0.0294026005740252,-0.0634959934961915,-2.7436288281680223,-0.0653174115196383,-0.0026100180204816,0.0341228665827395,-0.0001778226568792,-0.0007423897555988,VCB_2024,2025-04-17,18.951538632935925,VCB,2024,vi,VN30,,847,7,40,0.0082644628099173,0.0472255017709563,0.0023612750885478,0.0,0.7021276595744681,0.0283353010625737,0.0578512396694214,0.0,0.0,0.3424657534246575,1.368677614661726,4.00445507405367,6.741700694652055,1,2025,0.4483015261331709,0.9665121264770382,0.031274940821335494,-0.2304149128848027,0.11951393059513508,T2 Trung tính
0.0001564195935886,0.6279504673643268,0.011292540067734,0.0642857142857142,0.0092851699959635,0.4111196391719665,0.0216522099090941,0.0154627684943191,0.9682346392103388,0.0283769257111066,0.0049163346163636,0.2513559480115601,0.0182713132197146,0.0042227193511613,0.152659892803569,0.0081859540001805,0.0017057608082949,0.0455438928489243,-0.0068603884581308,0.0216003467149334,0.0049254743162568,0.0006173452281831,0.0157740989172442,VCB_2023,2024-04-17,18.256913231795654,VCB,2023,vi,VN30,,1056,19,39,0.0179924242424242,0.0369318181818181,0.0047348484848484,0.0,0.3448275862068966,0.0369318181818181,0.0625,0.0,0.0,0.2571428571428571,3.363386752015181,6.191172469495215,6.962243464266207,1,2024,2.4158568677515144,2.1777096053106395,-1.4665193417266638,0.7124255571008334,1.8185829847690629,T1 Tiêu cực
-0.0012039339449773,0.7943424263298947,0.0216871757840316,0.1714285714285714,-0.0010811549327236,-0.0249261347694626,-0.0052296885886644,-0.0013917407060475,-0.0453774756427324,-0.00365315991761,-0.0042836068875142,-0.1140370518613056,-0.0082386655877457,-0.0049390776333379,-0.0929752227933334,-0.0096603656328547,-0.0140083826927723,-0.194755017578987,-0.0228257971938656,-0.0054618201301669,0.0839167852297388,-0.0012049835737909,0.0637490953035063,TPB_2018,2019-04-08,14.8241103408909,TPB,2018,vi,VN100,,515,1,22,0.0019417475728155,0.0427184466019417,0.0019417475728155,0.0,0.9130434782608696,0.0135922330097087,0.0660194174757281,0.0,0.0,0.6585365853658537,0.2742051470476534,1.1320118427627142,6.244166900663736,0,2019,-0.830516469250829,-1.1106973536189941,0.9154295516781673,-0.3970613375209399,-0.8127444450975293,T3 Tích cực
3.446940170411486e-05,0.6170215986412552,0.0158503659496599,0.0642857142857142,0.0159426213312162,0.5029101972108809,0.0398178071502491,-0.0089954539026746,-0.4012996592402757,0.0048805845185596,-0.0132231559729868,-0.4816540315085996,0.0042150446483814,0.0859727870819823,2.2143490859519197,0.1263638051923157,0.0447994015247529,0.8521902795750361,0.0743085962694096,0.0381296468224494,-0.0303461015663315,-0.0002452874670402,0.0771274845094278,VCB_2021,2022-04-18,18.031883968036816,VCB,2021,vi,VN30,,1039,13,39,0.012512030798845,0.0375360923965351,0.0048123195380173,0.0,0.5,0.0211742059672762,0.0606352261790182,0.0,0.0,0.4823529411764706,2.615601087631803,3.94341668670626,6.946013991099227,1,2022,1.3074049614711227,-0.042443035805517136,-0.8160398945831282,0.7431989236602542,1.1816282239389113,T1 Tiêu cực
0.0021258349653333,1.3575694463273371,0.0114549200830429,0.0571428571428571,-0.0364906442786378,-1.592793490225051,0.0011653943997197,-0.0490682152962679,-3.0289576465989376,-0.0221851886594832,-0.0865502216931407,-4.362299643358365,-0.0462028819920259,-0.0533349099548383,-1.900832625042877,-0.0088478210858223,-0.0993443975214261,-2.614899331973006,-0.0307916914514133,0.0005681397277439,0.011334882661366,0.0018866856299892,-0.0179017194822611,VCB_2019,2020-04-06,17.48589544019943,VCB,2019,vi,VN30,,943,4,47,0.0042417815482502,0.0498409331919406,0.0010604453870625,0.0,0.8431372549019608,0.024390243902439,0.0583244962884411,0.0,0.0,0.4102564102564102,1.0867205917287734,3.550323218183884,6.849066282633458,1,2020,-0.36531683151912314,0.41067733665118095,0.6223841552005072,-0.7471357730997142,-0.12065364236139266,T3 Tích cực
-0.0005780737889128,1.0818903002262048,0.0117131049384058,0.1071428571428571,0.0438261256133082,1.8708158871525116,0.0386341795749964,0.0747476108043061,4.512427981748393,0.071479252504237,0.0790685078889964,3.897363214466965,0.0766678870600731,0.036807760033747,1.282896822712705,0.0313856883850414,0.0091729716199894,0.2361248380733046,0.0016840887006709,0.036560702993779,-0.0445189951298602,-0.0002103981123233,0.0195230171290809,VCB_2020,2021-04-20,17.954970193649775,VCB,2020,vi,VN30,,1013,26,47,0.0212398982581538,0.0463968410661401,0.0009871668311944,0.0,0.2876712328767123,0.0355380059230009,0.0552813425468904,0.0,0.0,0.217391304347826,3.892927306086188,4.838897567703789,6.920671504248683,1,2021,3.0726835719635757,1.981329854019556,-1.7061175551341763,-0.7762437788442302,2.2696392072045333,T1 Tiêu cực
0.0006008271852855,1.5153547568179646,0.0137448382869993,0.05,0.0228346553461369,0.8306629321254104,0.0020768631736768,0.0025940162723818,0.1334498419267971,-0.004151208062196,0.0017877028923074,0.0750922436883832,-0.0242279965716437,0.0452888234864842,1.345165681793791,0.0180032515265836,0.0250919460709832,0.5504252752897646,0.0148973242288292,-0.0004403906119745,-0.0776254184848311,8.207320676027063e-05,,VCB_2017,2018-04-20,18.23743913667263,VCB,2017,vi,VN30,,1361,9,67,0.0066127847171197,0.0492285084496693,0.0007347538574577,0.0,0.7631578947368421,0.0198383541513592,0.0529022777369581,0.0,0.0,0.4545454545454545,0.8299685263580878,3.2338156109290184,7.215975002651466,1,2018,0.11423687377358087,-0.23065650983116723,0.2871123841983066,-0.876508286004321,-0.3393519381166165,T2 Trung tính
0.0006923950698272,1.1889331881410237,0.010097341467747,0.0857142857142857,-0.0167546525407126,-0.8296566276494883,-0.0124334842522408,-0.0109458409890061,-0.7665263588280811,-0.0092108817146076,-0.0149943817539206,-0.8573554107890996,-0.011799357488016,-0.0352594638638958,-1.4255847334753569,-0.0287046973076843,-0.021067141447032,-0.6290747088621376,-0.0171963838749109,-0.0126041853422622,0.1072964289919792,0.0010800047207846,-0.0078278136367065,VCB_2018,2019-04-22,17.255754127306368,VCB,2018,vi,VN30,,1023,5,35,0.0048875855327468,0.0342130987292277,0.0019550342130987,0.0,0.75,0.0234604105571847,0.0391006842619745,0.0,0.0,0.25,0.9852008360702992,2.6083012297359107,6.930494765951626,1,2019,-0.23469798725760274,0.27966941938824014,0.23195477025923472,-0.3917835642746324,-0.20712693914263047,T2 Trung tính
-0.0010300436796931,1.451010645279587,0.0108998971352787,0.1,-0.0056081938780904,-0.257259027699395,-0.0132238403634169,-0.0058820254728442,-0.381583426645228,-0.0093674771373379,-0.0033591780412221,-0.1779303347807153,-0.0052732867730738,-0.0063074917090067,-0.2362428448047137,-0.0155659727007845,0.0084263075588702,0.2330872750787448,0.0003253744179884,-0.0131698982333637,-0.0410236455200239,-0.0004264375330967,-0.0009716876513939,VCB_2016,2017-04-19,16.693342643712025,VCB,2016,vi,VN30,,1134,10,66,0.0088183421516754,0.0582010582010582,0.0026455026455026,0.0,0.7368421052631579,0.0229276895943562,0.0714285714285714,0.0,0.0,0.514018691588785,1.6857150109218708,2.925864059816763,7.033506484287697,1,2017,0.5603279013454092,0.20461224470347683,0.1767971563201628,-0.11751288769367009,0.38956254014639263,T2 Trung tính
-0.000952955769319,1.7869144641610524,0.0161937850035073,0.0714285714285714,-0.0123288646311767,-0.3806665528937943,-0.0074460905098711,-0.012526984711174,-0.546994778254302,-0.0161164842587065,0.0058044407062912,0.2069433059378433,-0.013412395123961,0.0068276732290099,0.1721268945453763,0.0123582117580866,-0.0163005013303012,-0.3034982910002989,0.0108020013092919,-0.0082497143193336,-0.0731004922312315,0.0003988282250417,0.011606979477866,VCG_2023,2024-04-19,18.64186722604062,VCG,2023,vi,VN100,,1800,14,52,0.0077777777777777,0.0288888888888888,0.0,0.0,0.5757575757575758,0.0166666666666666,0.0494444444444444,0.0,0.0,0.4957983193277311,2.974465644790887,4.555842785727699,7.495541943884256,0,2024,0.3498657190716707,-0.6775281709726293,-0.4984657537218059,-1.168370199088151,1.487304701922973,T1 Tiêu cực
-0.0014816872971903,0.9312562707723212,0.0222630176959274,0.0714285714285714,0.0002386534252852,0.0053598624531691,-0.0076830784911926,-0.0166702411206109,-0.5294718218974933,-0.0202521152109687,-0.0024650024266466,-0.0639252878480118,-0.0074280828243519,-0.0279410637967754,-0.5123695127306098,-0.0390352176113203,-0.0222979437404599,-0.3019843531694825,-0.042020060157174,-0.0090422507174727,0.0826213758866815,-0.0005405749497349,-0.0575975152395486,VCG_2025,2026-04-20,19.19142930842607,VCG,2025,vi,VN100,,678,1,37,0.0014749262536873,0.0545722713864306,0.0029498525073746,0.0,0.9473684210526316,0.0088495575221238,0.0707964601769911,0.0,0.0,0.7777777777777778,0.2045037753205731,0.4626320363383693,6.519147287940395,0,2026,-0.9249346869220842,-1.7789117611293759,1.059318979345311,0.003382201227826668,-0.8721152282945637,T3 Tích cực
0.0009583651692326,1.1605653462862404,0.0148860799502416,0.1214285714285714,-0.0317322884350202,-1.0658376329123858,-0.0287011249869122,-0.0099847234839482,-0.4742864278152547,-0.0094083812575238,-0.0176074934756956,-0.6828991334137248,-0.015150759180353,-0.0556660768912091,-1.526632988915067,-0.0483089551019995,-0.0773587695453133,-1.5668696324656044,-0.0624577260413214,-0.0283496892386364,0.1229912879597021,-6.504458804967915e-05,0.0296123111898551,VCG_2024,2025-04-18,18.895770480143696,VCG,2024,vi,VN100,,605,3,26,0.0049586776859504,0.0429752066115702,0.0016528925619834,0.0,0.7931034482758621,0.0148760330578512,0.0413223140495867,0.0,0.0,0.4705882352941176,0.1843347574924303,1.897967911877912,6.405228458030842,0,2025,-0.22031905013358433,-0.9298176601259478,0.4126435055768836,-0.511801498745831,-0.8892949530991268,T2 Trung tính
0.0019643339198099,1.731364771148926,0.031923029746307,0.0285714285714285,0.004037040013331,0.0632308406409643,0.0093743728060824,0.0259030501076588,0.573762031050934,0.0313105375580198,0.0223988839884657,0.4050994471094613,0.0219299912377973,-0.0176826233600065,-0.2261345747884141,-0.0139228028139051,-0.0105047329168667,-0.0992166524094156,0.0026311639018472,0.0085895186036362,-0.0157228787727339,0.0009977923193785,-0.0076355763333434,VCG_2022,2023-04-17,18.4500652907696,VCG,2022,vi,VN100,,720,14,21,0.0194444444444444,0.0291666666666666,0.0027777777777777,0.0,0.2,0.0277777777777777,0.0555555555555555,0.0,0.0,0.3333333333333333,4.308761239893716,3.169377417363808,6.579251212010101,0,2023,2.7095391694797977,0.8879604540300348,-2.0736334923939634,-0.06497002212395796,2.6238415093733556,T1 Tiêu cực
0.0034151632584545,0.6591283463930736,0.0312035883945799,0.0857142857142857,-0.0594522949788986,-0.9526515705037548,-0.0559844928116067,-0.0410509095692341,-0.9302576409873172,-0.0383582109548601,-0.041548839865477,-0.7687652323031093,-0.0339323157886525,-0.0778899923192823,-1.01906408347938,-0.0678853308864485,-0.0491370954504903,-0.4747976909122638,-0.0198477500266943,-0.0562856331731074,-0.0008893474750716,0.0028675336362145,-0.0255936852985643,VCG_2018,2019-05-10,16.61092467526242,VCG,2018,vi,VN100,,366,0,4,0.0,0.0137322681302144,0.0,0.0,1.0,0.0081967213114754,0.0737704918032786,0.0,0.0,0.8,0.0,0.3529885222747564,5.902633333401366,0,2019,-1.2232499145337272,-1.8708924506877682,1.2799494351015976,-1.168370199088151,-1.0463090641787947,T3 Tích cực
-4.182503727605095e-05,1.1961293119768426,0.0237310197316743,0.0714285714285714,-0.0130037881595547,-0.2739829199627318,-0.0190977783457007,0.0075287253428991,0.2243313942615561,0.0066810103496266,-0.04322587036062,-1.0516390855025002,-0.0471456567200511,-0.0316711958120024,-0.5448443300537413,-0.0364340910250455,-0.0068499187952337,-0.0870307407583826,-0.0237104330701741,-0.020448881865714,-0.2186827861465187,-0.0002900963352351,-0.0349948825994134,VCG_2021,2022-04-21,18.566030149692416,VCG,2021,vi,VN100,,531,10,19,0.0188323917137476,0.0357815442561205,0.0056497175141242,0.0,0.3103448275862069,0.0338983050847457,0.0621468926553672,0.0,0.0,0.2941176470588235,1.4098013251261423,2.5441152439482875,6.274762021241939,0,2022,2.585746777004795,1.7503058830569291,-1.6110703299807827,1.0758335506695553,0.154542608478269,T1 Tiêu cực
-0.0025506572337893,1.2025765073653591,0.0199792952027127,0.0357142857142857,,,,-0.0660824001445468,-2.3387868683649704,-0.0710343561799379,0.0361384219107707,1.0443074896575306,0.0235321239529012,,,,,,,-0.0048898027980909,0.1164204605874,-0.0014757505513923,-0.0223656216940037,VCI_2025,2026-03-05,19.47466823254251,VCI,2025,vi,VN100,,1407,0,78,0.0,0.0554371002132196,0.0042643923240938,0.0,1.0,0.0234541577825159,0.0575692963752665,0.0,0.0,0.4210526315789473,0.0,2.4944249464469737,7.249215057114389,0,2026,-1.2232499145337272,0.2787884411025562,1.2799494351015976,0.5255490491298408,-1.0463090641787947,T3 Tích cực
0.0008969578587564,2.144301947248466,0.0185157084706746,0.0642857142857142,-0.0333688750161979,-0.9010963601270756,-0.0534490712080963,-0.0130722284824381,-0.4992226692158096,-0.0201925864248375,-0.0133969546266831,-0.4177390982520103,-0.0219105804767665,-0.0101888209580187,-0.2246508009424276,-0.0214025015403424,-0.0093094896160369,-0.1515965071447127,-0.0581393168857695,-0.0521501516246489,0.1390820559274748,0.000840801136424,-0.0547685374506798,VCI_2023,2024-04-02,18.99488805851816,VCI,2023,vi,VN100,,1082,6,38,0.0055452865064695,0.0351201478743068,0.0027726432532347,0.0,0.7272727272727273,0.022181146025878,0.0489833641404805,0.0,0.0,0.3766233766233766,1.4327545543114375,2.608753316245303,6.9865664594064265,0,2024,-0.10167288502894348,0.09942875289653984,0.13668252800083816,-0.06700957882813224,0.17409389075385945,T2 Trung tính
-0.0002371880697582,1.147675264576813,0.0192874892641748,0.1142857142857142,0.0134591772144687,0.34890951927756,0.013532805256269,0.0369932846918485,1.3562264173262588,0.0369527362268577,0.0267008732190206,0.7992619531476965,0.0260099846463154,0.1214552782269385,2.5707809360163347,0.1211278616820743,0.1413364300273397,2.20943931434962,0.1436134278147052,0.0131932834537327,-0.0785335270890753,0.001730499258178,0.0521723877310805,VCG_2016,2017-05-08,16.41074839358479,VCG,2016,vi,VN100,,667,3,19,0.0044977511244377,0.0284857571214392,0.0014992503748125,0.0,0.7272727272727273,0.0164917541229385,0.0584707646176911,0.0,0.0,0.56,0.6722659276589221,1.5205970884704525,6.502790045915623,0,2017,-0.31354500754410625,-0.7021722947545253,0.13668252800083816,-0.572831872690706,-0.47368109929350377,T2 Trung tính
0.0015396905375627,2.055911449154419,0.0258117033170364,0.0142857142857142,-0.0332871505568673,-0.6448073214698872,-0.0051289959748223,-0.0405647711129054,-1.111264312118588,-0.0291939413383856,-0.011386433442946,-0.2546891358795246,0.003567224294584,-0.061275877666816,-0.9691639484961592,-0.0373990414621527,-0.0638964081768629,-0.7463859206215111,-0.0388291621411005,-0.005691638721496,0.2066065973387146,0.0017470724137748,-0.0410496117383384,VCI_2022,2023-03-30,18.252258509084296,VCI,2022,vi,VN100,,907,6,23,0.0066152149944873,0.0253583241455347,0.0113860291291415,0.0,0.5862068965517241,0.0176405733186328,0.0617420066152149,0.0,0.0,0.5555555555555556,1.296519142301506,1.442540849113449,6.810142450115136,0,2023,0.11472841614341985,-0.5403105902805528,-0.45466242394783085,3.3544345610770834,0.058050218875048736,T1 Tiêu cực
-0.0011237987192411,1.7803167857369615,0.0219256830080337,0.0285714285714285,0.0025481199814147,0.0581081095736246,0.0120870979110099,-0.0155423931638225,-0.501244663529044,-0.0207085840187228,-0.0142186535374332,-0.3744076498936531,-0.012837949914495,-0.0100669825597214,-0.1874435755834796,-0.0036923002734077,-0.0330738609146917,-0.4548156730676424,-0.0584158587224334,0.0115782069328467,-0.0158351232282772,0.0014501863093898,-0.0110162504138043,VCI_2021,2022-03-30,18.01951472393302,VCI,2021,vi,VN100,,860,4,34,0.0046511627906976,0.0395348837209302,0.0046511627906976,0.0,0.7894736842105263,0.0220930232558139,0.0720930232558139,0.0,0.0,0.5308641975308642,0.5047833393109162,1.6901390126714702,6.756932389247553,0,2022,-0.2825163130421328,0.08701278542402334,0.39742761207644994,0.6791835855961014,-0.6163407370553295,T2 Trung tính
0.0002318801157272,1.9537649678016868,0.0114281831453099,0.0428571428571428,0.1119118015462055,4.896307668648684,0.0422939788440336,0.001417417682934,0.0877012244757148,0.0098843392974468,0.0221551196296628,1.1192736517670896,0.0231801334204602,0.13869771412138668,5.89177372230963,0.002014753619423,0.1028721189670758,2.7140894151714634,0.0405632506434645,0.0396606696996089,0.0364025454613137,-2.0697314370979307e-05,-0.0009011707351153,VCI_2024,2025-04-01,19.084291593674784,VCI,2024,vi,VN100,,1270,3,47,0.0023622047244094,0.037007874015748,0.0007874015748031,0.0,0.88,0.0133858267716535,0.0472440944881889,0.0,0.0,0.5584415584415584,0.1563175632069874,0.93627996145659,7.146772179452637,0,2025,-0.745475762595085,-1.1397787492214448,0.7769119959772635,-0.8555953457754771,-0.9131596594383847,T3 Tích cực
-0.0030109190132027,1.0465512231677614,0.0195537421428139,0.0714285714285714,0.0263822633992209,0.6746090647645313,0.0141447162366046,0.0306310309766425,1.107686168720348,0.0243290437137652,0.0292627727095525,0.8640223225662167,0.0197083376294152,0.0145317184900392,0.3033971291904801,-0.0034316492618593,-0.0639718230275807,-0.98642143459098,-0.0977807101373223,0.0141240043034611,-0.1752625954358639,-0.0016180876081811,-0.0129119263411442,VCI_2018,2019-04-18,13.695916238066284,VCI,2018,vi,VN100,,619,0,22,0.0,0.0355411954765751,0.0,0.0,1.0,0.0067442587095766,0.0500807754442649,0.0,0.0,0.7714285714285715,0.0,0.1255894496432766,6.428105272684596,0,2019,-1.2232499145337272,-2.0755356820240594,1.2799494351015976,-1.168370199088151,-1.0463090641787947,T3 Tích cực
0.0030788550534338,0.827626639084244,0.0204117346548646,0.1357142857142857,0.0136528851971338,0.3344371614658428,0.0353889808993332,0.0067901729971237,0.2352263270555352,0.0135175138707979,-0.0199049885184457,-0.5630168466158362,-0.0077652526931756,-0.0557895211637668,-1.1158275877095645,-0.0252376818873183,-0.091069252453901,-1.3452268129756155,-0.037010198681133,0.034598079908221,0.1804005559699284,0.0028386051719795,0.0038186457876248,VCI_2017,2018-04-16,14.109607069392109,VCI,2017,vi,VN100,,749,2,32,0.0026702269692923,0.0427236315086782,0.0013351134846461,0.0,0.8823529411764706,0.0120160213618157,0.032056911014542,0.0,0.0,0.4545454545454545,0.2986276099140389,0.963832858753762,6.618738983517219,0,2018,-0.6831758843049175,-1.3327760801025819,0.7867754751757797,-0.6380309952068527,-0.7919416873891834,T3 Tích cực
0.0002248569324018,0.7545709365717073,0.0204739631485347,0.1642857142857142,-0.0025642632896908,-0.0626225433514663,-0.0022187022731214,-0.000558463454556,-0.0192875845724903,-0.0021560166566405,0.0010722432806658,0.0302364492032169,0.0023026084116701,-0.0109647559457781,-0.2186358760999213,-0.0085028655924158,-0.0588434134867141,-0.8665619153072558,-0.0602296786487706,-0.0022227536823152,0.1392565715183814,1.2126202308494906e-05,0.0055190785273497,VGC_2016,2017-04-18,14.578883312909552,VGC,2016,vi,VN100,,876,0,28,0.0,0.0319634703196347,0.0011415525114155,0.0,1.0,0.0068493150684931,0.0593607305936073,0.0,0.0,0.7931034482758621,0.0,0.2965348302107301,6.775366090936392,0,2017,-1.2232499145337272,-2.0607338738859413,1.2799494351015976,-0.7149180715686169,-1.0463090641787947,T3 Tích cực
0.0006912211842378,0.6079453838052835,0.0222341702804963,0.0928571428571428,-0.006873499827002,-0.1545706392523097,-0.0121563946458138,0.0091906437446248,0.2922873412098759,0.0068440854703742,0.0134991750164036,0.35053038774265,0.0076677862013946,-0.0037461952763313,-0.0687850186452703,-0.0068253432711081,-0.0354833328976413,-0.4811795212998345,-0.0431397423621197,-0.0124861075995386,0.0163438446026686,0.000532230895193,-0.0528908065441403,VHC_2025,2026-04-17,18.238820872978906,VHC,2025,vi,VN100,,501,6,15,0.0119760479041916,0.029940119760479,0.0079840319361277,0.0,0.4285714285714285,0.0319361277445109,0.0479041916167664,0.0,0.0,0.2,1.0097421619426226,0.9105578956848328,6.2166061010848646,0,2026,1.1989982809237067,1.4738469154831282,-1.1154669416809464,2.003079411347924,-0.1862229353672299,T1 Tiêu cực
-0.000699442755686,1.1957342790849816,0.0125470013611464,0.0571428571428571,-0.0068876507614943,-0.2744739784129966,-0.0106634476990928,0.0362981480250551,2.0456414942704946,0.0332652866473295,-0.0185725727185494,-0.8546169359480027,-0.0211808966490026,0.0787611835018061,2.5626934750395964,0.0765234268413347,0.1050378356276842,2.524116969470654,0.1026577578432443,-0.014474202670676,-0.249041834859079,-0.0009663344374223,0.0415761897117693,VHC_2024,2025-04-18,17.802670218579564,VHC,2024,vi,VN100,,548,3,21,0.0054744525547445,0.0383211678832116,0.0036496350364963,0.0,0.75,0.0200729927007299,0.0711678832116788,0.0,0.0,0.56,0.6147445561599969,0.6097997281647828,6.306275286948016,0,2025,-0.11599959890948407,-0.197597351628741,0.23195477025923472,0.2813526611567948,-0.5226771059980884,T2 Trung tính
0.0015336845213642,1.341632334044819,0.0182944407455304,0.0642857142857142,0.0420501808282044,1.1492611720989037,0.0519596055788731,0.0199984513136356,0.772969271583536,0.022334904701304,0.0420568710834721,1.3272636304691825,0.0395562494070907,0.0292521810236244,0.6527749637906682,0.0433376318740448,0.0157592101896835,0.2597281174028751,0.0489469603607923,0.0522964123389586,0.0011452137910494,0.0014743256236079,-0.037925951457756,VHC_2023,2024-04-19,17.90597435176111,VHC,2023,vi,VN100,,749,6,17,0.0080106809078771,0.0226969292389853,0.0013351134846461,0.0,0.4782608695652174,0.0186915887850467,0.048064085447263,0.0,0.0,0.44,1.6975456575986014,2.2704974430827334,6.618738983517219,0,2024,0.39697217615274244,-0.3922288421169981,-0.9071698654389858,-0.6380309952068527,0.39963974152020715,T1 Tiêu cực
0.0047757095949946,1.3908636150347649,0.0259480584555304,0.0357142857142857,0.0537149995758109,1.0350485310464987,0.0485917978811942,0.0160202392808626,0.4365652193647916,0.0114802819059541,0.0435496229313771,0.96898912747664,0.0401850500285987,-0.0359465119117307,-0.5655568435400673,-0.048303816059255,0.0593380084076863,0.6894960071956724,0.0821410189831811,0.0452767787547948,0.2745244965867899,0.0033060925878539,0.0665839044978773,VHC_2021,2022-04-18,17.972858567210753,VHC,2021,vi,VN100,,532,8,8,0.0150375939849624,0.0150375939849624,0.0,0.0,0.0588235294117647,0.0244360902255639,0.0394736842105263,0.0,0.0,0.2352941176470588,1.3714439011356985,2.085437105111158,6.2766434893416445,0,2022,1.8182196241233546,0.4171368074127015,-2.6654422443049453,-1.168370199088151,0.12187021986803749,T1 Tiêu cực
-0.0013207547867356,1.171397220474809,0.0225620611083984,0.0714285714285714,0.0915713188836072,2.0293207797739967,0.0913844939996955,0.0406494007074143,1.2739734527481867,0.0401456400196913,0.0139353572054587,0.3565978389638514,0.0115720765146667,0.0662218453286515,1.198248467500204,0.0665131009640287,0.117173495764725,1.565864842186265,0.1056825014198711,0.0952085787121528,0.0253792034129015,-0.0012513446419869,-0.0197846159986022,VHC_2019,2020-04-13,15.534379340363204,VHC,2019,vi,VN100,,730,0,14,0.0,0.0191780821917808,0.0,0.0,1.0,0.0178082191780821,0.0410958904109589,0.0,0.0,0.3953488372093023,0.0,1.573605304280398,6.593044534142437,0,2020,-1.2232499145337272,-0.516690298540852,1.2799494351015976,-1.168370199088151,-1.0463090641787947,T3 Tích cực
0.001361605978045,0.8666791330063712,0.0241348426022038,0.05,-0.0419119987675877,-0.8682882142301723,-0.0375604542708974,-0.0358592587098147,-1.0506107464615246,-0.0333831439053571,-0.0417973841372891,-0.9998710735690688,-0.0385013702964315,-0.0406909963395436,-0.688300726327218,-0.0342152020736665,-0.0531137801127718,-0.6635389143141617,-0.0354930368166429,-0.0377317001741436,0.0137174732641878,0.0023013413838034,0.0298847061483828,VHC_2018,2019-04-22,15.62500772678611,VHC,2018,vi,VN100,,788,1,19,0.0012690355329949,0.0241116751269035,0.0025380710659898,0.0,0.9,0.015228426395939,0.0723350253807106,0.0,0.0,0.6521739130434783,0.0552597108455912,1.1302376074618663,6.669498089857879,0,2019,-0.9665776755480772,-0.8801675615186625,0.8607515691646526,-0.16018729627821915,-0.9992395125924842,T3 Tích cực
0.0027426063281673,0.5516714411447387,0.0248737850075476,0.1,-0.14570269167523225,-4.767411465657845,-0.1490995428474721,-0.07193939944892218,-3.1148326165931435,-0.07466563683291379,-0.11220082485040792,-2.9020492354994327,-0.09033628908972875,-0.16131210164133894,-4.956171956982268,-0.16993091737348434,-0.1834269053431925,-3.8689731406407457,-0.1938218392903185,-0.14247405221521642,0.3809652427299937,0.00066865904321,,VHC_2017,2018-04-23,15.740289977365672,VHC,2017,vi,VN100,,1047,6,27,0.0057306590257879,0.0257879656160458,0.0,0.0008180912887344,0.6363636363636364,0.0238777459407831,0.049665711556829,0.0,0.0,0.3506493506493506,1.2546533149868264,1.7293208749779916,6.953684210870537,0,2018,-0.06417986112000956,0.338469461013338,-0.24440644103274847,-1.168370199088151,0.022389414858208775,T2 Trung tính
-0.0002329637880485,0.6149742156134851,0.0219519946348698,0.0714285714285714,-0.0132275414577396,-0.3012833612105627,-0.0092020066618068,0.0023825111248198,0.0767442686021996,0.0042594097593288,0.065740029011692,1.729001126218578,0.0663930312587773,-0.031839436501325,-0.5921282205650334,-0.0331376875926809,-0.0225306045438655,-0.309458570082738,-0.0262496996685749,-0.0092806057159392,-0.0263367641796069,0.0025368572626088,-0.0070863221936357,VHC_2016,2017-04-20,14.730625125461538,VHC,2016,vi,VN100,,765,1,22,0.0013071895424836,0.0287581699346405,0.0,0.0,0.9130434782608696,0.0248366013071895,0.0627450980392156,0.0,0.0,0.4328358208955223,0.0727634440893197,1.3136357790086215,6.639875833826536,0,2017,-0.9588607324151824,0.4735664062352164,0.9154295516781673,-1.168370199088151,-0.9843300448761068,T3 Tích cực
-0.0005317778951083,1.8939209941987063,0.0268354812012168,0.0571428571428571,0.0986697096093988,1.8384188617591213,0.1289282149296275,0.0370799685966963,0.9770459133678328,0.0490753125572358,0.0157095404368258,0.337981917746846,0.0340293077844314,0.0992763648016915,1.5102917629783212,0.13368714866794632,0.1060913627032151,1.1919946274443225,0.1627621840869226,0.1348729667727246,0.2703444515088479,0.0007787885447302,-0.0604822586298435,VHM_2025,2026-04-13,19.674784522733635,VHM,2025,vi,VN30,,2327,2,79,0.0008594757198109,0.0339492909325311,0.0034379028792436,0.0,0.9506172839506172,0.0201976794155565,0.0605930382466695,0.0,0.0,0.5,0.3428115185646117,4.282564592301479,7.752335163302292,1,2026,-1.0494143113358823,-0.18002974459124166,1.0729381432808835,0.19724755323540216,-0.754306369800856,T3 Tích cực
0.0015657312042135,1.274071200811477,0.0179002973654081,0.15,0.0611176159451319,1.707167615640844,0.0662919424110034,0.0654993821252288,2.5873903834570253,0.0698725993680979,0.0377364937468727,1.2171403847811324,0.0563710046055112,0.0369318686279268,0.8422973050785018,0.0429497305745459,0.0742150559150078,1.250073160242032,0.0925505961662773,0.0659420804358298,0.35023377867571,0.0010074286637584,0.0113044443672632,VHM_2024,2025-04-14,19.088887003292157,VHM,2024,vi,VN30,,1542,3,78,0.0019455252918287,0.0505836575875486,0.0012970168612191,0.0,0.925925925925926,0.0226977950713359,0.0674448767833981,0.0,0.0,0.4964028776978417,0.3572392249331478,2.538928843715046,7.340835554123275,1,2025,-0.8297523964000962,0.17222149123699415,0.9694324973705276,-0.6531638907780456,-0.7420170244750447,T3 Tích cực
-0.0030334123639417,1.299353042576052,0.0160095212132057,0.0714285714285714,0.0401907904512347,1.2552152533481975,0.0218655094082539,0.0208576890549438,0.9212401279349668,0.0124588618788717,0.0276597205590457,0.997490611855544,0.0156283506470016,0.0440432066674617,1.1231168995676333,0.0215013156075858,0.0968470522403998,1.823944923181672,0.0481243601011959,0.0217702076045108,-0.1071471720943525,-0.0019474208957578,-0.0211780307754024,VHM_2023,2024-04-02,18.84483878298576,VHM,2023,vi,VN30,,1513,6,45,0.0039656311962987,0.0297422339722405,0.0,0.0,0.7647058823529411,0.0264375413086582,0.0495703899537343,0.0,0.0,0.3043478260869565,0.7949746072542501,2.484403740294054,7.321849713788356,1,2024,-0.42117037327519263,0.6991292087802068,0.2936015152499617,-1.168370199088151,-0.36915933405228823,T2 Trung tính
0.0009695409906526,1.443347460115366,0.0190182859064143,0.15,-0.0177282006419831,-0.4660830300170202,-0.0071415423565687,0.0039558842655786,0.147081214550276,0.0075357694237214,0.0086272050600751,0.2619015818932756,0.0087071269303699,0.0018228821197499,0.0391301567747528,0.0155901791445303,-0.0322565715895943,-0.5113879515381177,-0.0266173445400546,-0.0073277104235955,0.0041629364709834,6.503797873994831e-05,-0.0019182143774936,VHM_2018,2019-04-19,16.9442303192228,VHM,2018,vi,VN30,,1781,4,48,0.0022459292532285,0.0269511510387422,0.0033688938798427,0.0,0.8461538461538461,0.0202133632790567,0.0539023020774845,0.0,0.0,0.4545454545454545,1.636657758920231,2.976370820221044,7.484930283289661,1,2019,-0.7689933747904505,-0.17781998269973234,0.6350296413524512,0.16983551806101446,0.34777616778867243,T3 Tích cực
-0.0014646388544115,0.94815606879351,0.0150347608829882,0.0714285714285714,0.0552404005546764,1.8370894284451371,0.0505667618137462,0.0343961789702864,1.617702575124798,0.0348148054167589,0.0264456479755057,1.015540060555831,0.0258443154884079,0.0352447936672341,0.9570239842444426,0.0271778283360445,0.0156036305263077,0.312919617205552,-0.0001450664742952,0.0508796000470553,0.0280881852782212,-0.0007723664071065,-0.0393634600080507,VIB_2025,2026-03-20,18.440571005077626,VIB,2025,vi,VN30,,2598,3,112,0.0011547344110854,0.0431100846805234,0.006158583525789,0.0,0.9478260869565216,0.0219399538106235,0.0519630484988452,0.0,0.0,0.40625,0.6702212612851978,3.735732999142562,7.862497197230545,1,2026,-0.989695960352795,0.06544622264872964,1.0612375050475387,1.2779673757054821,-0.47542272131580743,T3 Tích cực
0.0008817971970956,1.0800312220479582,0.0110882849689367,0.1,0.0650645359128114,2.9339314463456887,0.0694132288916483,-0.0013832787135747,-0.0882125379515267,-0.0009709456720569,0.0350165205245118,1.8232573935056084,0.0362802654099677,0.0560517122737475,2.0637110046716294,0.0616309582566022,0.0548110449145487,1.4904155057517887,0.0656643050313869,0.0699944481033496,-0.0284252391272211,0.0007886702208442,-0.0041248061088027,VIB_2023,2024-03-18,18.012949809695314,VIB,2023,vi,VN30,,1726,5,83,0.0028968713789107,0.0480880648899188,0.0113860291291415,0.0,0.8863636363636364,0.0272305909617612,0.0567786790266512,0.0,0.0,0.3517241379310344,0.6575665044502899,4.585452103034555,7.453561871643373,1,2024,-0.6373353017854921,0.8108651277697618,0.8035882238096145,3.3544345610770834,-0.48620188972870976,T3 Tích cực
0.0004640391200707,1.0463599000686494,0.0087037042218978,0.1571428571428571,0.0023681140448931,0.1360405859688523,0.0041488368911907,-0.0022649081509305,-0.1840057832225464,-0.0011669319300271,-0.0001730626989554,-0.0114799162840612,0.0013847580300556,-0.0257675534499299,-1.2086301851691743,-0.0228345361563588,-0.0144687833066944,-0.5012236397268666,-0.0100378238735419,0.0041359132241138,-0.0585757380584475,0.0004882591479091,0.0075898756116946,VIB_2024,2025-03-17,18.68109173546342,VIB,2024,vi,VN30,,1821,5,85,0.0027457440966501,0.0466776496430532,0.0027457440966501,0.0,0.8888888888888888,0.0323997803404722,0.0400878638110928,0.0,0.0,0.106060606060606,1.6159780525707403,3.576659085348069,7.507141079727608,1,2025,-0.6679019619782927,1.539172773326862,0.8141740285049917,-0.07769457111696132,0.3301614446945367,T3 Tích cực
0.000315247884903,1.09562793983651,0.0167344806787725,0.0928571428571428,-0.0278556211745785,-0.8322822114794685,-0.0255157912439033,-0.0087379207121584,-0.3692162970360417,-0.0090658889025013,-0.0106970734741827,-0.3690558654559693,-0.010979983720634,-0.0201323362193041,-0.49114113561948,-0.0168121111972876,-0.0117873883511009,-0.2123777474199694,-0.0075696343216644,-0.0254369061956112,0.0306982633137165,0.0003389840254691,0.0120002998490776,VIB_2022,2023-03-03,17.501865495724978,VIB,2022,vi,VN30,,1464,3,65,0.0020491803278688,0.0443989071038251,0.0113860291291415,0.0,0.9117647058823528,0.0225409836065573,0.049863387978142,0.0,0.0,0.3773584905660377,0.7011836399394512,2.8156068794748013,7.288927694521257,1,2023,-0.8087873646962459,0.15012770044271312,0.9100689651572337,3.3544345610770834,-0.44904934264624574,T3 Tích cực
0.0002154450455781,1.1793382721694716,0.019892065350484,0.0285714285714285,-0.0111200755151505,-0.279510330355916,-0.0133845363953959,-0.0019051863944843,-0.0677239992543768,-0.0052540085555615,-0.0067309118416188,-0.195358988379542,-0.0098249656150476,-0.0170213552617732,-0.3493322118423405,-0.0228565957889739,-0.0161171094451441,-0.2442929506761418,-0.0149018924810275,-0.0131248281854984,-0.0002945321851125,0.0011827298250392,-0.0014804479674325,VIB_2021,2022-03-07,17.444795829873353,VIB,2021,vi,VN30,,1404,2,65,0.0014245014245014,0.0462962962962962,0.0085470085470085,0.0,0.9402985074626866,0.027065527065527,0.0441595441595441,0.0,0.0,0.24,0.3517231456413741,2.6207517539236416,7.247080584585756,1,2022,-0.9351334981224841,0.7876086190939682,1.0296820524526753,2.2267072684940574,-0.7467155539245348,T3 Tích cực
0.0064984278959908,1.6638182940618995,0.0296650020534971,0.0642857142857142,0.11492199002700906,2.302687960568947,0.1289282149296275,0.0517854022982726,1.2343774345791831,0.0744796884125422,0.0492818417784467,0.959139816192682,0.0835659138264024,0.1168988056187527,1.608755578882462,0.13368714866794632,0.2022903365792867,2.2398278251745274,0.19065654180621017,0.1348729667727246,-0.035263711560738,0.004980526129842085,-0.0586481636299558,VIC_2025,2026-04-13,20.347456903891636,VIC,2025,vi,VN30,,1587,5,48,0.0031505986137366,0.0302457466918714,0.0006301197227473,0.0,0.8113207547169812,0.0245746691871455,0.0560806553245116,0.0,0.0,0.390625,0.9999435211117096,2.4010635276849905,7.369600720526409,1,2026,-0.5860170086714229,0.4366617483345623,0.4890100654092484,-0.9180714821964642,-0.19456929880288265,T2 Trung tính
0.0027192943791807,1.012326235318738,0.0141145908937796,0.15,-0.0616433125374793,-2.1836733703931097,-0.050720956517066,-0.07193939944892218,-4.876407258252512,-0.07466563683291379,-0.11220082485040792,-6.979401879831095,-0.09033628908972875,0.0135595087266909,0.3921931778866503,0.0299553321504234,0.1120512338077937,2.393602366603084,0.1424707106388153,-0.0549069321995013,0.3809652427299937,0.0018907350599407,0.0009085564281551,VIC_2024,2025-04-21,18.81634950471241,VIC,2024,vi,VN30,,1607,1,65,0.0006222775357809,0.0404480398257622,0.0,0.0,0.9696969696969696,0.0242688238954573,0.0634723086496577,0.0,0.0,0.4468085106382978,0.183449199806756,2.918718566673955,7.382124365737512,1,2025,-1.0973894762507919,0.3935699890711973,1.1529197787570684,-1.168370199088151,-0.8900492603969875,T3 Tích cực
-0.0015297712564675,1.13814488778166,0.017073744844152,0.0785714285714285,-0.0793624362721507,-2.324107481884188,-0.089841180240978,-0.041897236165378,-1.7351682408244642,-0.0496357461608666,-0.0522634025912613,-1.767291817363989,-0.061637284442947,-0.0787186410801378,-1.882232102092815,-0.0890203696202053,-0.0411208824703841,-0.726168317322388,-0.0541288104428774,-0.0848907607265069,0.0802921514146671,-0.0008117543128203,-0.0135226755116038,VIC_2023,2024-04-17,18.334395878443893,VIC,2023,vi,VN30,,2493,9,77,0.003610108303249,0.03088648215002,0.0008022462896109,0.0,0.7906976744186046,0.0284797432811873,0.0461291616526273,0.0,0.0,0.2365591397849462,1.313819676224432,4.296506432501315,7.821242083523558,1,2024,-0.4930776245673352,0.9868631649959149,0.4025585529079913,-0.8496986678349497,0.07278660387408206,T2 Trung tính
0.0005461867622639,0.7720435874208216,0.0208014679313769,0.0857142857142857,-0.0270542318815663,-0.6502962187768926,-0.0245622276710018,-0.0099447900523733,-0.3380544347498975,-0.0076678607770669,-0.021401845252842,-0.5940139012614961,-0.0164802462432283,-0.0199219973369293,-0.3909878563502262,-0.0127960384278841,-0.0191048570575734,-0.2769194538769099,-0.0070851074564516,-0.0243247468777948,0.0218702231749879,-0.0004869190234076,-0.0151785944636376,VIC_2022,2023-04-07,17.65963830359502,VIC,2022,vi,VN30,,2495,20,73,0.0080160320641282,0.0292585170340681,0.0036072144288577,0.0,0.5698924731182796,0.0352705410821643,0.0472945891783567,0.0,0.0,0.145631067961165,2.1634712514434904,7.084881613102409,7.822044008185619,1,2023,0.3980544888385743,1.9436456690869495,-0.523052138820747,0.26450217500566475,0.7965095122677333,T1 Tiêu cực
-0.001154298376278,0.6722645522933788,0.0171376534660692,0.1142857142857142,0.007316177890653,0.2134533150976097,0.0150216708333105,0.022506594256128,0.9286315335662186,0.0312439183537377,0.0207562217530594,0.6992561869811821,0.034172406358814,0.0316375250056448,0.7536600925928648,0.0456612564068658,0.0533130999018967,0.9379641423404506,0.0567947557923685,0.0146124344443009,0.0533351597981592,-0.0022080848086929,-0.0132587924184703,VIC_2021,2022-04-19,18.78967200175616,VIC,2021,vi,VN30,,1631,15,49,0.009196811771919,0.0300429184549356,0.0024524831391784,0.0,0.53125,0.0380134886572654,0.061925199264255,0.0,0.0,0.2392638036809816,2.2312003206520035,4.059886219905105,7.396948602621014,1,2022,0.6368763054603979,2.330110459588897,-0.6850405614778329,-0.1941848803705111,0.8542003120967601,T1 Tiêu cực
3.9517803979640005e-05,1.1713225985849656,0.0138581122637367,0.1142857142857142,-0.0432906163091239,-1.561923279493298,-0.0416369700953956,-0.0271702806851751,-1.3863569116482772,-0.0230199753611256,-0.0042863011008886,-0.1785738957319253,-0.0012695346911723,-0.0610756814386446,-1.7992380247552455,-0.0632774593088483,-0.0873926558299621,-1.90140451051654,-0.085097319139042,-0.04079394835436,0.2226624780045423,-0.0005234057357015,-0.0294916550179053,VIC_2020,2021-04-19,18.35225699236096,VIC,2020,vi,VN30,,1748,11,51,0.0062929061784897,0.0291762013729977,0.0,0.0,0.6451612903225806,0.0245995423340961,0.0554919908466819,0.0,0.0,0.3857142857142857,1.831062383490126,3.426783768762649,7.466227556215481,1,2021,0.049538968491247226,0.44016622491028873,-0.2075268633843369,-1.168370199088151,0.5133676695317559,T2 Trung tính
0.0047623612089033,1.105154254333678,0.0189705870236176,0.0785714285714285,0.0804574403975085,2.120583835843937,0.0947810371374243,0.0265111709257092,0.988173360973296,0.0344143926326662,-0.0049218829766718,-0.1497924369954188,0.0036891104551621,0.0716969421303286,1.542922948022272,0.0939681284983482,0.000985983338239,0.0156708467520591,0.0499432840260524,0.0959213618497057,0.2243767023261191,0.0028721012227412,,VIC_2017,2018-04-20,18.40819096419916,VIC,2017,vi,VN30,,1620,0,53,0.0,0.032716049382716,0.0,0.0,1.0,0.019753086419753,0.0567901234567901,0.0,0.0,0.4838709677419355,0.0,1.786223562438247,7.3901814282264295,1,2018,-1.2232499145337272,-0.2426702195830029,1.2799494351015976,-1.168370199088151,-1.0463090641787947,T3 Tích cực
-3.424789739754645e-05,0.947091362178108,0.0140214127511161,0.1857142857142857,-0.0321393595843155,-1.146081359802963,-0.0323957515941835,-0.0138233090791354,-0.6971163150101402,-0.0143331467030262,-0.0037440529281403,-0.1541663457378755,-0.0037269806511088,-0.0292351340936805,-0.8512119090336908,-0.0292007394516597,-0.0493572092002598,-1.0613594203901977,-0.0505659932555373,-0.0321584613543591,-0.0702111910958804,-0.0008712196582782,-0.0259414493569748,VIC_2016,2017-04-18,16.384397309632522,VIC,2016,vi,VN30,,5256,1,133,0.0001902587519025,0.0253044140030441,0.0005707762557077,0.0,0.9850746268656716,0.0214992389649923,0.0542237442922374,0.0,0.0,0.4321608040201005,0.0442990158445329,3.828936995939886,8.567125560164447,1,2017,-1.1847686123418315,0.0033521556552393614,1.2173825894393668,-0.9416441353284037,-1.00857569967851,T3 Tích cực
-0.00100205795918,0.8213373929204462,0.0105205448168029,0.1142857142857142,-0.032071579318049,-1.5242356682339169,-0.0374454987161083,-0.020601856483832,-1.3846918271269315,-0.0202990476703657,-0.0432812269966071,-2.3752028523692053,-0.0444538250360364,-0.0303143385916041,-1.176343727636524,-0.0365329806175644,-0.0457587919719771,-1.3114144879350116,-0.0594603191913658,-0.0371705197175294,-0.0221074247882062,-0.0011764500332079,-0.0050270075006172,VJC_2024,2025-05-16,17.64904921417264,VJC,2024,vi,VN30,,956,0,24,0.0,0.0251046025104602,0.0010460251046025,0.0,1.0,0.0167364016736401,0.0355648535564853,0.0,0.0,0.36,0.0,1.23917769535842,6.862757913051401,1,2025,-1.2232499145337272,-0.6677029285562948,1.2799494351015976,-0.75286385629828,-1.0463090641787947,T3 Tích cực
0.0001901951096606,0.5656189600633816,0.0128676554661159,0.0642857142857142,-0.0133513217592965,-0.5187938779700084,-0.0237715629626589,-0.0065280323281663,-0.3587301462342283,-0.0071516718468815,0.0009247589316447,0.0414923930413363,0.0071034633606125,-0.0151965274698003,-0.4821357221499945,-0.0293330970804337,0.0989633419132604,2.318881661290144,0.0743284332641865,-0.0237017113626198,0.0566889358641907,-0.000311624617639,-0.0017422450394848,VJC_2023,2024-04-22,17.850323431960273,VJC,2023,vi,VN30,,1141,7,19,0.0061349693251533,0.0166520595968448,0.0,0.0,0.4615384615384615,0.0131463628396143,0.0376862401402278,0.0,0.0,0.4827586206896552,1.364111002431532,2.6157136646301966,7.039660349862076,1,2024,0.01759501994905547,-1.1735177747749648,-0.977269843020415,-1.168370199088151,0.11562414567489876,T1 Tiêu cực
0.0006594612435611,0.1568032548916234,0.019273149919462,0.1071428571428571,-0.0114895304693695,-0.2980709047919396,0.0724436079150727,-0.028309940030943,-1.0386548464841194,0.00842754391958,0.0092027335312523,0.2756788954452978,0.0307003308276234,-0.0240350152873463,-0.5091152169383326,0.0121189444983186,-0.0308729023211092,-0.4829791875616464,-0.0105463306664788,0.069999677280409,0.0166669039372218,0.0003598579164499,0.0475118249323316,VJC_2021,2022-05-11,18.324325317342044,VJC,2021,vi,VN30,,781,11,24,0.0140845070422535,0.0307298335467349,0.0,0.0,0.3714285714285714,0.0217669654289372,0.056338028169014,0.0,0.0,0.4426229508196721,1.0843158767354368,1.9227730791564568,6.660575149839686,1,2022,1.6254504280112831,0.04107320170785271,-1.3550085793592008,-1.168370199088151,-0.12270194943171933,T1 Tiêu cực
1.2078010890797524e-05,0.7495419790593669,0.0173475807859815,0.1071428571428571,-0.0001390844080942,-0.0040087551633321,-0.0051393436009844,-0.006115014659854,-0.2492548319205488,-0.0081284571804858,0.0039199245258098,0.1304602358161766,0.0052757516260217,-0.0113953316728947,-0.2681713797515407,-0.0189711435109137,-0.0039542239595562,-0.0687267808414457,-0.0069478151849912,-0.0051549342438661,-0.1479189833651865,0.000506737124395,-0.0049410375020398,VJC_2019,2020-05-28,17.299082989561626,VJC,2019,vi,VN30,,1059,7,34,0.0066100094428706,0.0321057601510859,0.0,0.0,0.6585365853658537,0.0169971671388102,0.0585457979225684,0.0,0.0,0.55,1.2747633148911692,2.1322340254008143,6.9650803456014065,1,2020,0.11367555311959208,-0.6309626452997359,-0.15145791200016623,-1.168370199088151,0.03951886891096526,T2 Trung tính
0.0032985697511759,1.059759274696847,0.0186198767160234,0.0928571428571428,-0.077165136253601,-2.072117270980539,-0.0670032649302597,-0.0183172573001471,-0.6956145331793043,-0.0133952490263724,-0.0356653830742304,-1.1058837194629791,-0.027225032460822,-0.0636916782798245,-1.3964656786441871,-0.0448491178200828,-0.0299750966191841,-0.485386225877696,0.0056675175867956,-0.0625958272104146,0.008486190597272,0.0019770485859885,,VJC_2017,2018-04-26,18.56264240458312,VJC,2017,vi,VN30,,626,1,16,0.0015974440894568,0.0255591054313099,0.0,0.0,0.8823529411764706,0.0223642172523961,0.0431309904153354,0.0,0.0,0.3170731707317073,0.0569692547917579,0.7657048324093033,6.439350371100098,1,2018,-0.9001545082706485,0.1252223859376832,0.7867754751757797,-1.168370199088151,-0.9977833437900812,T3 Tích cực
0.0001878608261097,1.7610930460377965,0.0141475137532743,0.0785714285714285,-0.0110274794198979,-0.3897320621916936,-0.014078991459408,0.0113881081669722,0.5691889508068712,0.0054102791019193,0.0142466197123255,0.5813947149582884,0.0128271353781687,-0.0644915690921471,-1.8610035155546376,-0.0557474191153617,-0.1054967452094638,-2.248343140102712,-0.0827681286428456,-0.0143513015113106,0.210632106606281,-0.0009090104827099,0.0463528010093028,VND_2024,2025-04-18,19.403908874071256,VND,2024,vi,VN100,,2180,18,52,0.0082568807339449,0.0238532110091743,0.0027522935779816,0.0,0.4857142857142857,0.0243119266055045,0.0426605504587156,0.0,0.0,0.273972602739726,2.4515897293712823,5.84289265739665,7.687080155783135,0,2025,0.4467679927013668,0.39964290127690816,-0.8759253040026919,-0.07509295952728894,1.0419253378714146,T1 Tiêu cực
0.0025529367301329,1.6965279997315608,0.0241900593193109,0.0214285714285714,-0.0425890846419458,-0.8803013684209314,-0.0307102762549471,-0.0150374586231212,-0.4395644022142914,-0.0064844923470041,-0.0458750378546971,-1.0949111411789676,-0.0225131626252758,-0.0527887881653544,-0.8909003586841476,-0.0360780697597329,0.0256019230424599,0.3191091902013745,0.0654711438012073,-0.0305002544102336,0.1389674243890329,0.004980526129842085,-0.0027950161214187,VND_2021,2022-03-22,18.921382072980467,VND,2021,vi,VN100,,2476,1,74,0.0004038772213247,0.029886914378029,0.002827140549273,0.0,0.9733333333333334,0.0234248788368336,0.0452342487883683,0.0,0.0,0.3176470588235294,0.0480820321727837,4.05018856569726,7.814399633804487,0,2022,-1.1415626268436272,0.2746632140249621,1.1681633375184124,-0.045361941434748795,-1.0053533722452013,T3 Tích cực
-0.0010249496481119,1.9587008880677284,0.0168665368270652,0.0285714285714285,0.0641501813083535,1.9016998559364515,0.0706430435898652,0.0517686968917261,2.170332712675784,0.0476676759135693,0.0520018739330648,1.7800510099644462,0.0289980496508214,0.047960369015526,1.1608630071103592,0.0555144851301055,0.000496013554078,0.008866889222859,0.0350115356567066,0.0695461679729867,-0.0903279682288156,0.0004133771549616,-0.0334239525233472,VND_2023,2024-04-19,20.10069630102309,VND,2023,vi,VN100,,1998,17,30,0.0085085085085085,0.015015015015015,0.0113860291291415,0.0,0.2765957446808511,0.022022022022022,0.041041041041041,0.0,0.0,0.3015873015873015,2.8817118348317776,4.915486447099802,7.599901959208498,0,2024,0.49766165376048166,0.07700913927640964,-1.7525457652933247,3.3544345610770834,1.408298131387408,T1 Tiêu cực
-0.0005742925178464,0.5048689561042524,0.0167122304694311,0.2857142857142857,-0.0818243629332842,-2.448038371746719,-0.0745248936119793,-0.07193939944892218,-3.712238852998033,-0.07466563683291379,-0.0444605909550028,-1.5359609959396685,-0.0376751140678137,-0.092442505921357,-2.2581961801939032,-0.0842960596751811,-0.1016704890407254,-1.8342737619984093,-0.1040991794272865,-0.0725661541212223,-0.02805445876565,-0.0009186803145774,0.044996645566603,VND_2019,2020-04-20,13.938220731612214,VND,2019,vi,VN100,,1633,6,31,0.0036742192284139,0.0189834660134721,0.0079608083282302,0.0,0.6756756756756757,0.0195958358848744,0.0440906307409675,0.0,0.0,0.3846153846153846,0.4551550794731608,3.731459638270161,7.398174092970465,0,2020,-0.4801106947393881,-0.264825872709526,-0.07961121118038678,1.9938544354449383,-0.6586134869634739,T2 Trung tính
0.0001824862020145,0.4768660816165647,0.0209513091226793,0.0428571428571428,0.0192563052025426,0.459548973522091,0.0504964738520727,-0.0096101378986828,-0.3243421991679096,0.0110424766628588,-0.0075286309178399,-0.2074647012075755,0.0122236744887432,0.0069601796030172,0.1356230967532905,0.0287766024537962,-0.011472963531553,-0.1651079958982456,-0.0046498585327252,0.0496974730953343,-0.0687962476816868,-0.0001172867965599,-0.0434717116085308,VNM_2025,2026-03-19,20.024193508650864,VNM,2025,vi,VN30,,844,0,30,0.0,0.0355450236966824,0.0035545023696682,0.0,1.0,0.0177725118483412,0.0568720379146919,0.0,0.0,0.5238095238095238,0.0,0.8841519537412216,6.738152494595957,1,2026,-1.2232499145337272,-0.5217212462093259,1.2799494351015976,0.2435636766480413,-1.0463090641787947,T3 Tích cực
-0.0010860064784445,0.6691931568165883,0.0094806733214418,0.0928571428571428,-0.0138275964594796,-0.7292518152801816,-0.0199945977521498,-0.0125546867773494,-0.9363790793064464,-0.0140396570292107,-0.0114817761460448,-0.6992126322612159,-0.0124769732676571,-0.0124674226772442,-0.5368610247295498,-0.0187896795955452,-0.0352445990159256,-1.120874655006022,-0.0234367338300067,-0.0199485987760535,-0.0297368267794603,-0.0002943326003726,0.0027652700554582,VNM_2024,2025-03-20,18.860554252996163,VNM,2024,vi,VN30,,854,2,31,0.0023419203747072,0.0362997658079625,0.0011709601873536,0.0,0.8787878787878788,0.0339578454332552,0.0550351288056206,0.0,0.0,0.2368421052631578,0.4041959420409259,2.215116822048358,6.74993119378857,1,2025,-0.7495784290051771,1.758694759505758,0.7718308097234823,-0.7032366350283026,-0.7020198622675864,T3 Tích cực
-0.0026168442547193,1.4415985695346076,0.0169703038440772,0.1357142857142857,-0.0240101208171355,-0.7074157610181869,-0.0277954667809343,-0.0366692407578581,-1.5279083414816426,-0.0402685986328308,-0.0195192558988395,-0.6640687020762626,-0.0301873312735055,-0.0194690245720151,-0.4683590860571472,-0.0272513999061366,0.0326210027181038,0.579577271060062,-0.0011701827561875,-0.0283940874602889,-0.0679356786220091,-0.0012114509989852,0.0264138363667975,VND_2018,2019-04-19,14.818413919616733,VND,2018,vi,VN100,,1412,4,31,0.0028328611898017,0.0219546742209631,0.0035410764872521,0.0,0.7714285714285715,0.0269121813031161,0.0531161473087818,0.0,0.0,0.3274336283185841,0.4564155414746285,3.374862659072616,7.252762418053187,0,2019,-0.650281856968016,0.7660031248867717,0.32178288438858027,0.2382305930758641,-0.6575398407157321,T2 Trung tính
0.0012499526839475,0.4514924453467237,0.0141637777881154,0.0571428571428571,0.0056379908950584,0.1990285000019259,0.0104903335494793,0.0015657028421826,0.078165522898797,0.0106305529148796,-0.0235798555450098,-0.9611726581722488,-0.0120815249350939,-0.0092659190001182,-0.2670753274983596,-0.0056616318905317,-0.0296428989494067,-0.6310230542389517,-0.0337632798977208,0.0107776164897371,0.0327985704780451,0.0009981792749606,0.0359633070927006,VNM_2022,2023-03-20,18.41536853114988,VNM,2022,vi,VN30,,738,5,20,0.0067750677506775,0.02710027100271,0.005420054200542,0.0,0.6,0.0388737060041408,0.0447154471544715,0.0,0.0,0.03125,0.9595590511760528,2.300861210944865,6.6039438246004725,1,2023,0.14705987083684077,2.451309902029604,-0.3968420286461831,0.9846057559639912,-0.22896830056808756,T1 Tiêu cực
-0.0008852750725944,0.4608688707372738,0.0095286884340602,0.0785714285714285,-0.0129017245028184,-0.6769937222787826,-0.0314603045465275,0.0070323521986719,0.5218581719597881,-0.0070875365150004,-0.0043611454907291,-0.2642450260045605,-0.0201088785175503,-0.0218157624720557,-0.9346771904669572,-0.0407671012270323,0.062527456131286,1.9785238547397697,0.0326020323747943,-0.0319818034642797,-0.0641237545120162,-0.0013982275694186,-0.0095822855671161,VNM_2021,2022-03-18,18.64958774373436,VNM,2021,vi,VN30,,524,9,13,0.0171755725190839,0.0248091603053435,0.0057251908396946,0.0,0.1818181818181818,0.0190839694656488,0.0629770992366412,0.0,0.0,0.5348837209302325,1.2466120994627106,1.2950286395040609,6.261491684321042,1,2022,2.2506422970812667,-0.3369447678231928,-2.1498512862006813,1.1058133717541203,0.015540004987306243,T1 Tiêu cực
-0.0001200214015202,0.5905901675682761,0.0104133029943268,0.0714285714285714,-0.0113038981853105,-0.542762377675403,-0.0159864923168057,-0.0043418196755253,-0.2948276965460166,0.0023306857721409,-0.015458137880612,-0.857053719785537,-0.0087502137196422,-0.0232769529617007,-0.9125611978254312,-0.0254727492877131,-0.033468543543504,-0.9690628967925876,-0.040689607711423,-0.0158154279189178,-0.0209021385029728,-0.0004784774266964,0.0007702692374484,VNM_2023,2024-03-18,19.120642620706043,VNM,2023,vi,VN30,,986,2,28,0.0020283975659229,0.0283975659229208,0.0040567951318458,0.0,0.8666666666666667,0.0263691683569979,0.0588235294117647,0.0,0.0,0.3809523809523809,0.3857341812344728,1.7520420880880276,6.893656354602635,1,2024,-0.8129908388325224,0.6894958717528212,0.7210189471856708,0.4430864488109019,-0.7177453662442834,T3 Tích cực
0.0005962848039594,0.8907770667063278,0.0138688977320119,0.05,0.0274683995690158,0.9902877683499586,0.0338433506456542,0.0144784207361126,0.7381833568320608,0.0183726006257746,0.010549376301912,0.4391614507065818,0.0156086991957368,0.0209115654696127,0.6155579930615044,0.0278213450373164,0.025097714891162,0.5456270504610499,0.0340291201242466,0.0333600776780056,-0.0866377876514279,-0.0005016214395203,-0.0438500856493093,VNM_2018,2019-03-20,17.918380683307742,VNM,2018,vi,VN30,,937,10,42,0.0106723585912486,0.0448239060832443,0.0032017075773745,0.0,0.6153846153846154,0.0202774813233724,0.0437566702241195,0.0,0.0,0.3666666666666666,0.5099830688218625,1.7161279630756292,6.842683282238422,1,2019,0.935317047266644,-0.16878613648670446,-0.33235004927126827,0.10342509559842827,-0.6119116705129034,T2 Trung tính
-0.0027967196185249,1.418554166455846,0.0193576925159488,0.05,-0.0146672156830161,-0.3788472120561849,-0.0202972586787711,0.0138547295020721,0.5060919928523994,0.0087026003860687,0.0018968047964341,0.056572897772768,0.0011171496611112,-0.0173232037957481,-0.3653414955911984,-0.033458226251494,-0.0227152905125439,-0.3538085843273321,-0.0318647721155247,-0.0207248389163275,0.0524697605850574,0.0002429448323307,-0.0685978140184722,VPB_2025,2026-03-30,19.977769804613967,VPB,2025,vi,VN30,,1385,1,69,0.0007220216606498,0.0498194945848375,0.0014440433212996,0.0,0.9714285714285714,0.0223826714801444,0.0512635379061371,0.0,0.0,0.392156862745098,0.2412581047978556,2.8755755214729257,7.233455418621439,1,2026,-1.0772154565404486,0.12782247546376876,1.1601786162624703,-0.5947614428323965,-0.84080833615057,T3 Tích cực
0.0001717761103754,1.1924726941790378,0.0078941746733312,0.2071428571428571,0.0055436341479687,0.3511218320704707,-0.0065539742220755,-0.0053960389827426,-0.4833406802023765,-0.005059072283464,0.0001521912582743,0.0111306966933271,-0.0002623114189895,0.0093181469671609,0.4818892065418642,-0.0178174434897677,-0.0500956773400317,-1.9133621508723024,-0.0601017958496445,-0.0062205097135946,-0.0221770854456153,0.0001894147322973,0.0047922076126843,VPB_2024,2025-03-31,19.19980433567578,VPB,2024,vi,VN30,,1185,6,54,0.0050632911392405,0.0455696202531645,0.0025316455696202,0.0,0.8,0.0244725738396624,0.0481012658227848,0.0,0.0,0.3255813953488372,1.0264507035701684,2.801247054979313,7.077498053569231,1,2025,-0.19916017113779913,0.4222771288710182,0.4415537032277075,-0.162739658057487,-0.17199080222655252,T2 Trung tính
-0.0005586054939832,1.002978436365321,0.0116889866073183,0.1,0.0157859298212763,0.6752480070168341,0.0135844165103348,0.0115594590212243,0.699271214464239,0.0104358757272724,-0.0011769137465741,-0.0581309134165794,-0.0029146444142817,0.0109546714253871,0.3826016773094456,0.0076456126767395,-0.0194424867477852,-0.5015088577131118,-0.0254448895616843,0.0142364176164164,-0.0018133570193892,-0.000492878069958,0.0046526185645764,VPB_2023,2024-04-19,19.1425887633727,VPB,2023,vi,VN30,,1183,20,45,0.0169061707523246,0.0380388841927303,0.0033812341504649,0.0,0.3846153846153846,0.0278951817413355,0.0524091293322062,0.0,0.0,0.3052631578947368,2.926315451171363,4.116544078085161,7.075808863978387,1,2024,2.1961537088085556,0.9045019652832317,-1.299729739894988,0.17473737050481036,1.4462909508956125,T1 Tiêu cực
-0.0003703161659708,1.0421651029937744,0.0160101165602591,0.0642857142857142,0.0090271241869286,0.2819193774433858,0.0062806513047865,3.902009265393386e-05,0.0017233710956616,-0.0018417328935119,0.0415204733696409,1.4972943130437066,0.0393490170182989,0.0104524825791978,0.2665319848234609,0.0064319827345395,0.0271777342138652,0.5118260791267445,0.0189697966958894,0.0062290785167695,0.0627579427415915,0.0008829228210814,-0.0097168545000444,VPB_2021,2022-04-07,19.381268660442565,VPB,2021,vi,VN30,,905,2,37,0.0022099447513812,0.0408839779005524,0.0033149171270718,0.0,0.8974358974358975,0.0232044198895027,0.0497237569060773,0.0,0.0,0.3636363636363636,0.2913914920669836,1.8260651123764189,6.807934943699926,1,2022,-0.7762715182448993,0.2436018763355697,0.8500029059355002,0.14839465297964294,-0.7981053248218568,T3 Tích cực
0.0041311070528366,1.6424516141529213,0.0157900267929422,0.0928571428571428,-0.0782951176802514,-2.47925854423652,-0.0093914982256865,-0.0065028372463106,-0.291209152087948,0.0424215525448261,-0.0453299051875848,-1.6574533599962091,0.0280976442228417,-0.0366722884921814,-0.9481553945825142,0.0451279651186694,-0.0650292043308741,-1.2417358812454848,0.0615680881891858,-0.0121776291858106,-0.1671842177004504,0.0020188345725476,-0.0048338175328584,VPB_2019,2020-04-06,16.97898805830992,VPB,2019,vi,VN30,,1420,3,57,0.002112676056338,0.0401408450704225,0.0028169014084507,0.0,0.9,0.0204225352112676,0.0373239436619718,0.0,0.0,0.2926829268292683,0.6369363017529781,2.0189707957516663,7.258412150595307,1,2020,-0.7959448631519807,-0.14834891745059303,0.8607515691646526,-0.049429174561052266,-0.5037744462122302,T3 Tích cực
-0.0017762011979108,1.5824031362033055,0.0155724131476135,0.0642857142857142,0.0015811368752931,0.0507672401285956,-0.0048073917276794,-0.0034691479030683,-0.1575258750166588,-0.0077612887387413,0.0150985199022395,0.5597805842480352,0.011409066562651,0.0029362943961649,0.0769782535416908,-0.0214102770065148,-0.0159278915042831,-0.3083940772841053,-0.0482980053317583,-0.0057117959855763,-0.0181891968788006,-0.0014185140137027,-0.0273931313810929,VPB_2018,2019-03-14,16.34596434819734,VPB,2018,vi,VN30,,783,0,30,0.0,0.0383141762452107,0.0012771392081736,0.0,1.0,0.0153256704980842,0.032056911014542,0.0,0.0,0.25,0.0,0.8236514569259246,6.663132695990803,1,2019,-1.2232499145337272,-0.8664664533005407,1.2799494351015976,-0.6610597728977393,-1.0463090641787947,T3 Tích cực
0.0026293473716325,1.3710287875885667,0.0164752367155088,0.05,-0.0268921185693184,-0.816137547328948,-0.012670117057377,0.0019211618045735,0.0824550544085227,0.0068742407982463,0.0180887458372968,0.6338933065911645,0.0244506535352981,-0.0079037086696809,-0.1958500268274898,0.0020069776913039,0.14660033242691,2.682915220512481,0.173345575150321,-0.0128263734183307,0.1330701766399264,0.0009082456174561,0.04481766111543,VPB_2020,2021-04-14,17.879126158998957,VPB,2020,vi,VN30,,1519,14,72,0.0092165898617511,0.0473996050032916,0.0039499670836076,0.0,0.6744186046511628,0.0276497695852534,0.0487162606978275,0.0,0.0,0.2758620689655172,2.199601889240405,3.8840546484322624,7.325807502595773,1,2021,0.6408765769012487,0.8699248707926798,-0.0848808260884565,0.40065177737182395,0.8272851514016439,T2 Trung tính
-0.0004163839947396,0.5926087842529923,0.0169526642945635,0.0785714285714285,-0.0090621897706374,-0.2672792197490607,-0.0190903225967095,0.0261873834351278,1.0922929922259683,0.0214797417861911,0.0236924561727445,0.8068847298229146,0.0142290178069803,0.0065373578653422,0.1574304266458178,-0.0034701102731594,0.0122481289222349,0.2178389045956121,-0.0081888800895282,-0.0205898353142874,-0.0284538568952573,-0.0011134598061309,0.008849272503761,VPI_2025,2026-04-17,18.278604301678754,VPI,2025,vi,VN100,,1843,2,58,0.0010851871947911,0.0314704286489419,0.0016277807921866,0.0,0.9333333333333332,0.0151926207270754,0.0520889853499728,0.0,0.0,0.5483870967741935,0.4761571286716675,1.6462405822534,7.519149957669823,0,2026,-1.0037624220533194,-0.8852123645771545,1.0004841911436337,-0.5217764979913936,-0.6407241961394664,T3 Tích cực
0.0002474044783801,1.0955551486169774,0.0169350029366155,0.0857142857142857,-0.0170614296741297,-0.5037327049185478,-0.0147719831214028,-0.0051201215039879,-0.2137863600921516,-0.0037847639519075,-0.0230727754539095,-0.7865999887407551,-0.0215529150023988,-0.0433143822319571,-1.0441700284835491,-0.0388208256848794,-0.0412169373949192,-0.7338276975701088,-0.034475022683445,-0.0152364115839872,0.2055836447100919,0.0005815988175153,,VPB_2017,2018-03-12,17.181572725779805,VPB,2017,vi,VN30,,691,2,26,0.0028943560057887,0.0376266280752532,0.0028943560057887,0.0,0.8571428571428571,0.0130246020260492,0.0535455861070911,0.0,0.0,0.6086956521739131,0.5762875399740118,0.9424477995223232,6.53813982376767,1,2018,-0.6378440554289654,-1.1906731399496158,0.6810953409059615,-0.01866234465365316,-0.555434326032768,T3 Tích cực
0.0009794859325894,0.472455717227252,0.0085877147804883,0.0714285714285714,-0.0094774868330913,-0.5518049373638193,0.0134464991831998,-0.0002300468262668,-0.018941904220353,0.0036594435750693,0.0011203308700232,0.0753196101550779,0.0007279986054155,0.0049287209034792,0.2343046939088625,0.0400525892523618,0.0371633474084464,1.30479075429821,0.0716358702554836,0.0138658520813692,-0.0518044076874191,9.325782166898873e-06,0.017635333504114,VPI_2023,2024-04-10,17.575092575397694,VPI,2023,vi,VN100,,957,10,38,0.0104493207941483,0.0397074190177638,0.0020898641588296,0.0,0.5833333333333334,0.0229885057471264,0.0564263322884012,0.0,0.0,0.4210526315789473,1.647739071199686,2.895431436487917,6.863803391452954,0,2024,0.8902059299876363,0.21318087428751198,-0.46670833963567376,-0.3382258653219939,0.3572150952097601,T1 Tiêu cực
-0.0001523346404406,0.7125405510882642,0.014654707813728,0.1928571428571428,0.0044632492532792,0.1522803903704681,0.0013445093152392,0.0085163218566509,0.4109224838972171,0.0013805342141256,0.0107702796639446,0.4243157859074472,0.0054504104927897,0.0252750218549787,0.7041071439217559,0.0284531796455351,-0.0292508062378088,-0.6018168380323234,-0.0340484268105426,0.0004271624268028,-0.0328910453488638,-0.000134157032489,-0.0090870861597441,VPI_2020,2021-04-19,17.203450849277147,VPI,2020,vi,VN100,,873,6,30,0.0068728522336769,0.0343642611683848,0.0057273768613974,0.0,0.6666666666666666,0.0160366552119129,0.0652920962199312,0.0,0.0,0.6056338028169014,1.0687494370326516,1.452313055830433,6.771935555839602,0,2021,0.16683753784217523,-0.7662929899160762,-0.11737678468821974,1.1066817121782584,-0.1359612540026896,T2 Trung tính
0.0005059656060255,0.1783056497059219,0.0066427090156319,0.1571428571428571,0.0137196349791226,1.0326837248806924,0.0308292827527537,0.0088017770885721,0.936936459383604,0.0198404450721101,0.0100811019602172,0.8761977856869565,0.0187059393676554,0.010390181288795,0.6385608249252334,0.0068728780069086,-0.0083455030343538,-0.3788008529568961,-0.0622978890131964,0.0303161358595871,0.0057294759559628,0.0004011650027733,0.0031726577981094,VPI_2019,2020-04-27,16.093867598120436,VPI,2019,vi,VN100,,1172,4,28,0.0034129692832764,0.0238907849829351,0.0017064846416382,0.0,0.75,0.0093856655290102,0.0554607508532423,0.0,0.0,0.7105263157894737,1.0631657184347705,0.7762802594136007,7.066466970136958,0,2020,-0.5329505141218056,-1.70337737233956,0.23195477025923472,-0.49051343508283574,-0.14071739779288778,T2 Trung tính
0.0002077202173292,1.0876519334922283,0.0280882446915641,0.1357142857142857,-0.0161713797617442,-0.2878673968295551,-0.0141967169618955,-0.0195105581173071,-0.4911680349190914,-0.0169763887656795,-0.00943278461281,-0.19388967859032,-0.0072285019530056,-0.0280837516365877,-0.4081829862046189,-0.0260312472276216,-0.1131198250561409,-1.2142770374441356,-0.1049391969500979,-0.0141324998728062,0.0393036716202656,-0.0006476520067691,0.0711674349063211,VPL_2025,2026-03-31,18.030349766013245,VPL,2025,vi,VN30,,1264,2,66,0.0015822784810126,0.0522151898734177,0.0015822784810126,0.0,0.9411764705882352,0.0197784810126582,0.0656645569620253,0.0,0.0,0.5370370370370371,0.4312984673892044,1.4700144550425007,7.142036574706803,1,2026,-0.9032218697225111,-0.23909227441333283,1.0333624551386882,-0.5398511109439958,-0.6789342598371881,T3 Tích cực
0.0022525724188396,1.3568201091199688,0.0178210439472995,0.15,-0.0123080343787678,-0.3453230465949449,-0.0074681454911594,-0.0216086343410862,-0.8573915153313967,-0.0157302542659673,-0.0183309829836096,-0.5938708187575724,-0.0116543832355009,-0.0317753632717898,-0.72791682535198,-0.0217088392646495,-0.0643693402861452,-1.089054400889918,-0.0499079187319642,-0.0074413024917083,0.1640681944536772,0.0011419093966209,0.0163701162491734,VPB_2022,2023-04-11,19.32194315724098,VPB,2022,vi,VN30,,1337,11,65,0.0082273747195213,0.0486163051608077,0.0052356020942408,0.0,0.7105263157894737,0.0164547494390426,0.0583395661929693,0.0,0.0,0.56,1.1787447281247323,2.799069372033726,7.198183577101943,1,2023,0.44080017337027555,-0.7073860318085021,0.06648192844201947,0.9113369407396906,-0.04226859891846548,T2 Trung tính
-0.0012839252050489,1.6192444142939242,0.0278908612586074,0.0571428571428571,-0.0031670347143889,-0.0567754915315064,0.0114729566526982,-0.0175573013784498,-0.4451238256476,-0.0225102239559179,-0.0317108566216299,-0.6564254662835672,-0.0418864440851093,-0.0231143851099704,-0.3383333386076995,-0.0031222277583633,-0.0184480198335421,-0.1994304590752622,0.0222047219759269,0.0102520505153771,0.0094545974088945,-0.0001967349096452,-0.11250834785860442,VRE_2025,2026-04-06,19.262810125879746,VRE,2025,vi,VN30,,1586,2,60,0.0012610340479192,0.0378310214375788,0.0025220680958385,0.0,0.935483870967742,0.0315258511979823,0.0523329129886506,0.0,0.0,0.2481203007518796,0.271857313847112,1.6966552928620433,7.368970402194793,1,2026,-0.9681960377106742,1.4160414214804968,1.0094991990132463,-0.16654406111310222,-0.8147443009465353,T3 Tích cực
-0.0006600727142416,1.374350486423077,0.0121157639007355,0.1428571428571428,0.0307261396155526,1.2680232079170564,0.0217777966843085,0.0179330138934569,1.046616279012021,0.0134298676756956,0.0337044767189203,1.6061132311585251,0.0244251634612351,0.1027788934994768,3.463199506915255,0.0937649385028419,0.201870021785745,5.023711438852602,0.19065654180621017,0.0218029886409016,0.1936047733931566,-0.0008747414736543,-0.0201909048182346,VRE_2024,2025-04-16,19.08672074609596,VRE,2024,vi,VN30,,918,0,35,0.0,0.0381263616557734,0.0,0.0,1.0,0.0348583877995642,0.0631808278867102,0.0,0.0,0.2888888888888888,0.0,2.753012476675982,6.822197390620491,1,2025,-1.2232499145337272,1.8855757542768323,1.2799494351015976,-1.168370199088151,-1.0463090641787947,T3 Tích cực
-0.0013382080691697,1.1329298170081394,0.0197545597625749,0.05,-0.0161877549420889,-0.4097219866361355,-0.0284237413356516,-0.0185147285695967,-0.6627275059904293,-0.0254938095675488,-0.0312841954871477,-0.9143174488810454,-0.0396395079573039,0.0087367429830081,0.1805537774520533,-0.0064600602762056,0.0066934205858145,0.1021608309630264,-0.0122581674059546,-0.0276849978357875,-0.0868635154454445,-0.0011600217988273,-0.0031811021438732,VRE_2023,2024-04-12,19.35428622500443,VRE,2023,vi,VN30,,1827,5,57,0.0027367268746579,0.0311986863711001,0.0005473453749315,0.0,0.8387096774193549,0.0279146141215106,0.0388615216201423,0.0,0.0,0.1639344262295081,0.4704335536473327,1.5641451724094972,7.510430556378006,1,2024,-0.6697257647781296,0.9072398705941078,0.6038238448807185,-0.9509514450065628,-0.645599467937736,T3 Tích cực
0.0012652108874415,1.3566560377276535,0.0218392530580463,0.0714285714285714,-0.0359102540739439,-0.8221493193585525,-0.0240477622971834,-0.0241126860515805,-0.7807155205527059,-0.0172176524721772,-0.0222328245733755,-0.5877548658906561,-0.010820111303873,-0.0453991988995284,-0.8486620531343119,-0.0296247231666686,-0.0758833804133724,-1.0476411440780575,-0.0455550830122241,-0.0242918625755256,0.0622171465625921,0.0015679580659587,-0.0424896053943519,VRE_2022,2023-03-22,17.869110984452174,VRE,2022,vi,VN30,,1479,2,51,0.0013522650439486,0.0344827586206896,0.0006761325219743,0.0,0.9245283018867924,0.033130493576741,0.0554428668018931,0.0,0.0,0.2519083969465648,0.2511242407775539,2.7245943206138654,7.2991214627108,1,2023,-0.9497438640662573,1.642125866683454,0.9635736872246575,-0.8997940911049754,-0.8324044811656681,T3 Tích cực
0.0006896719913578,1.5158346146521078,0.0190236138289645,0.0357142857142857,0.0400250724660156,1.0519839402194735,0.0233886408014392,0.0272800464123587,1.0139979702433095,0.0112738180833373,0.048806878707704,1.4812466660406374,0.0243093036965756,0.0875235787568587,1.8782630747247295,0.058688404700958,0.0391015871063781,0.6197335695291666,0.0212233662501886,0.0229001929452363,-0.0348453695651423,-0.0011964923131012,0.0163202924966957,VRE_2021,2022-04-19,19.06041711255464,VRE,2021,vi,VN30,,1501,7,43,0.0046635576282478,0.0286475682878081,0.0019986675549633,0.0,0.72,0.0253164556962025,0.0439706862091938,0.0,0.0,0.2692307692307692,0.974067452123589,2.7322809790022644,7.313886831633462,1,2022,-0.28000936140590466,0.5411749991243875,0.10619541047815105,-0.374451350906054,-0.21661022057843415,T2 Trung tính
-0.0010660226564311,1.253536694149171,0.017549509039807,0.1285714285714285,-0.0629434095285354,-1.793309698458307,-0.0721215532247777,-0.0420605170081591,-1.6947070558623678,-0.0514396732452443,-0.0552848447781755,-1.8187813654721623,-0.0628396988632794,-0.0807427124937879,-1.878290399363018,-0.0930747485243806,-0.0304595826644226,-0.5233143390847006,-0.0441769903297373,-0.0706944356248474,0.077523022642666,0.0001610656986696,-0.0298832335512423,VRE_2019,2020-04-20,17.82531070585569,VRE,2019,vi,VN30,,1584,0,39,0.0,0.0246212121212121,0.0006313131313131,0.0,1.0,0.0246212121212121,0.043560606060606,0.0,0.0,0.2777777777777778,0.0,2.0167095940528657,7.367708572374371,1,2020,-1.2232499145337272,0.4432193673815581,1.2799494351015976,-0.9175974315962944,-1.0463090641787947,T3 Tích cực
-0.0008900880017098,1.189021484792131,0.0152132312095305,0.0571428571428571,-0.038405165238861,-1.2622290659331314,-0.0403154383358606,-0.0073287259314693,-0.340637155396234,-0.0046170400726435,0.0002317749588261,0.0087959837740381,0.0007591306991855,-0.0772784069311715,-2.07377230286603,-0.0853097743865458,-0.0823308570641076,-1.6317169621459269,-0.090068966332833,-0.0418018705283921,-0.0787866816319977,-0.0006905057139566,0.0290116310751135,VRE_2020,2021-04-19,19.059808955661712,VRE,2020,vi,VN30,,1957,10,61,0.005109862033725,0.031170158405723,0.0005109862033725,0.0,0.7183098591549296,0.0235053653551354,0.0485436893203883,0.0,0.0,0.3475177304964539,1.5457291963068367,2.0964721119353347,7.579167967396076,1,2021,-0.189740847999785,0.2860032796230407,0.09911037612428748,-0.9653941828862533,0.2703243208081576,T2 Trung tính
0.0053410478680622,-0.6365340999293451,0.0293544360606572,0.05,0.0229251231150856,0.3904882224225633,0.052466588224614,-0.0254964027550436,-0.614172224147,-0.0011526365325347,-0.0371834890775538,-0.731334009754932,-0.016896272272374,0.0754576983774884,1.0494317213688544,0.0911256258189678,0.091582029386973,0.9406762494965905,0.1059049422413669,0.0505899584757872,-0.249041834859079,0.0022194815416651,0.0509112752310102,VTP_2024,2025-04-18,17.74673347153434,VTP,2024,vi,VN100,,823,0,25,0.0,0.0303766707168894,0.0,0.0,1.0,0.0097205346294046,0.0583232077764277,0.0,0.0,0.7142857142857143,0.0,1.006388011432226,6.71295620067707,0,2025,-1.2232499145337272,-1.656196333261652,1.2799494351015976,-1.168370199088151,-1.0463090641787947,T3 Tích cực
0.0006297990743428,0.5912379860841667,0.027371199004374,0.0571428571428571,-0.0549075977741361,-1.0030177663273263,-0.0642509112164956,-0.0249321940078823,-0.6440975950675337,-0.027350300028317,-0.0147399637573264,-0.3109152084195424,-0.0159307934901532,-0.0534725216098547,-0.7975560562957644,-0.0627992680544206,-0.1050459448687205,-1.157148580694185,-0.1184752075614475,-0.0644812303412447,-0.0368159864928008,-2.252460314573437e-06,-0.0854564475424442,VTP_2025,2026-04-20,17.581588433067523,VTP,2025,vi,VN100,,958,3,32,0.0031315240083507,0.0334029227557411,0.0041753653444676,0.0,0.8285714285714286,0.011482254697286,0.0438413361169102,0.0,0.0,0.5849056603773585,0.6445739957984552,0.5042016497941123,6.86484777797086,0,2026,-0.5898749949490902,-1.4079805878579992,0.5613245220668347,0.4901853905031505,-0.4972687510434919,T2 Trung tính
-0.00309083938838,1.365799191433667,0.0267492516113763,0.05,0.0839746674798386,1.5696638676075056,0.0703509060148204,0.0635696820467179,1.6804415280908147,0.0581276492567826,0.0581265282056616,1.2545908646028978,0.0456720467308526,0.0781142589244292,1.1921833601201426,0.055554849250569,0.0786440305071141,0.8864572260081469,0.0404075560626737,0.0712536344812886,0.119385091801873,-0.0014692973943877,-0.0272507402760771,VTP_2022,2023-04-17,16.11586891196285,VTP,2022,vi,VN100,,488,3,8,0.0061475409836065,0.0163934426229508,0.0061475409836065,0.0,0.4545454545454545,0.0225409836065573,0.0594262295081967,0.0,0.0,0.45,0.3671625103370122,0.8088804627765426,6.1903154058531475,0,2023,0.02013773497873679,0.15012770044271312,-1.0065843790999218,1.2735810122260924,-0.7335644903036658,T1 Tiêu cực
-0.0027903208179425,0.8384178990854461,0.0178133945690556,0.0785714285714285,,,,-0.0150371879027036,-0.5969046211129736,-0.0210622638630584,,,,,,,,,,-0.0076553284694202,-0.0906929924196821,-0.0008375414306866,-0.011342161097911,VTP_2020,2021-04-13,16.66426031924536,VTP,2020,vi,VN100,,876,17,24,0.0194063926940639,0.0273972602739726,0.0011415525114155,0.0,0.1707317073170731,0.0388737060041408,0.0433789954337899,0.0,0.0,0.0271959459459459,4.44374827523133,8.30668828238697,6.775366090936392,0,2021,2.7018429090414187,2.451309902029604,-2.1963255507169723,-0.7149180715686169,2.7388218291412407,T1 Tiêu cực
-0.0006468264473191,0.4986932460491776,0.0152378925869462,0.0642857142857142,-0.0588124975895641,-1.9298107416752224,-0.0425509239356409,0.0123934983960788,0.5751140919577936,0.027995774106488,,,,-0.0957030049614643,-2.564041447650236,-0.0675394082787548,-0.090026554284396,-1.7813504902406652,-0.0723942125951274,-0.0420139965962985,0.2517447143515695,0.0005348974134023,-0.0127098422771675,VTP_2021,2022-04-19,16.44341981481506,VTP,2021,vi,VN100,,1096,14,20,0.0127737226277372,0.0182481751824817,0.000912408759124,0.0,0.1764705882352941,0.031934306569343,0.0355839416058394,0.0,0.0,0.054054054054054,3.5881511279946205,4.440661844556515,6.999422467507961,0,2022,1.3603341552561803,1.4735903228722744,-2.1722682843791277,-0.8059394840269444,2.01003455460248,T1 Tiêu cực
-0.001214661159308,0.5257489463578703,0.0132943532174043,0.1,0.0562220149991096,2.114507343069022,0.0464907742802227,0.0522782829875184,2.7806037499341416,0.0726847831671639,0.0472387607697037,2.051495909621824,0.0651667683136323,0.0375083797785091,1.1518222565802556,-0.0046685755247968,0.0402653736684761,0.91320478372837,-0.0210586062631513,0.0493133019135136,0.1067693952848769,-0.0007532387566753,0.0142125515574163,VTP_2019,2020-03-30,14.649662575833196,VTP,2019,vi,VN100,,746,3,18,0.0040214477211796,0.0241286863270777,0.0,0.0,0.7142857142857143,0.0227882037533512,0.0482573726541554,0.0,0.0,0.3584905660377358,1.0186695103961647,3.474599968932085,6.61472560020376,0,2020,-0.40988104997329244,0.18495952993367362,0.08224124671032579,-1.168370199088151,-0.1786187282128145,T2 Trung tính
-0.0029973421618974,0.7511144243904978,0.0163783479375275,0.0785714285714285,0.0068043450435398,0.2077237908699292,0.0084172536220848,-0.0107584206992577,-0.4644761645264725,-0.0159306294355934,-0.0209539852196373,-0.7386452561209476,-0.0257541963447388,-0.0228147508790474,-0.5686826949370604,-0.023358658719396,-0.0175780044199027,-0.3235959919678457,-0.0213945534524571,0.0085612420649989,-0.0983573049172956,-0.0017068652823394,0.0656875750195964,DPM_2017,2018-04-16,15.86303473059374,DPM,2017,vi,VN100,,780,7,28,0.0089743589743589,0.0358974358974358,0.0051282051282051,0.0,0.6,0.0217948717948717,0.0602564102564102,0.0,0.0,0.46875,2.022801609250393,1.7722623225018486,6.659293919683638,0,2018,0.5918835088571197,0.045005040567058535,-0.3968420286461831,0.8686762814611741,0.676688816891002,T1 Tiêu cực
0.001105773734171,1.6474821544367468,0.0186280993941993,0.05,0.0782728748871554,2.100935614277669,0.05012692407533,0.0596904966234152,2.2658003933537496,0.0518598496940739,0.0898113581174527,2.783569632527501,0.0748054414827518,-0.0169163286136598,-0.3707335939812548,-0.0610005100852356,-0.1122096707196582,-1.8162072242242515,-0.1439991842133424,0.0468917737917838,0.0796230233703542,0.0008581031294053,,GAS_2017,2018-04-19,17.796507935945094,GAS,2017,vi,VN30,,1517,8,32,0.005273566249176,0.021094264996704,0.004614370468029,0.0,0.6,0.020435069215557,0.053394858272907,0.0,0.0,0.4464285714285714,0.8928266863950103,4.747780746642732,7.324489979348532,1,2018,-0.15663040592096086,-0.14658295174792188,-0.3968420286461831,0.6645687896724564,-0.28581011965242276,T1 Tiêu cực
0.0055775421594781,1.1334704671986875,0.0229866571487055,0.0571428571428571,-0.0068181093923725,-0.1483058051517608,0.0126155172226791,-0.0373039096566734,-1.1475286429148963,-0.0287398099228241,-0.0584494770562875,-1.4680612798168784,-0.0505798806958203,0.0111549717541153,0.1981148506861819,0.0435039518042756,0.0285221354952539,0.3741190973428453,0.0927055065670483,0.0105331423881609,-0.0734680849048574,0.0040749386065083,0.0053420010791136,VTP_2023,2024-04-16,18.18473070110925,VTP,2023,vi,VN100,,559,0,18,0.0,0.0322003577817531,0.0,0.0,1.0,0.0067442587095766,0.071556350626118,0.0,0.0,0.8296392229417208,0.0,0.0125828175794687,6.326149473155099,0,2024,-1.2232499145337272,-2.0755356820240594,1.2799494351015976,-1.168370199088151,-1.0463090641787947,T3 Tích cực
0.0009407641533594,1.2445865233207043,0.0145856650273753,0.1357142857142857,0.0063545597975341,0.2178357923895646,0.0173899655978998,-0.0173055924437481,-0.8389676950936349,-0.0123734629297899,-0.0458186366681222,-1.813657599059928,-0.0407145694192497,0.0010982743925592,0.0307403633897407,0.0184669125171317,-0.0041794027163777,-0.0863956035039805,0.0105032895917467,0.0174673135795229,-0.1281944349559834,-9.344890117062992e-05,0.0023498039507894,HDB_2019,2020-04-13,15.954858844988092,HDB,2019,vi,VN30,,1061,6,30,0.005655042412818,0.0282752120640904,0.002827521206409,0.0,0.6666666666666666,0.0263901979264844,0.0584354382657869,0.0,0.0,0.3777777777777777,0.9300230086700852,2.296823122917171,6.966967138613983,1,2020,-0.07947390518014041,0.6924588114166051,-0.11737678468821974,-0.04521073526030774,-0.25412674340313574,T2 Trung tính
