ticker,group,year,lang,name,url,file,size_mb,d_cbtt,d_lastmod,d_pdf_mod,d_pdf_create,d_agm_doc,d_agm_res,status,event_date,event_src
ACB,VN30,2025,vi,Báo cáo thường niên năm 2025,https://cafefnew.mediacdn.vn/Images/Uploaded/DuLieuDownload/BCTC/ACB_25CN_BCTN.pdf,ACB_2025_vi.pdf,17.6,,,2026-03-19,2026-03-19,,2026-04-09,ok,2026-03-19,pdf_meta
ACB,VN30,2024,vi,Báo cáo thường niên năm 2024,https://cafefnew.mediacdn.vn/Images/Uploaded/DuLieuDownload/BCTC/ACB_24CN_BCTN.pdf,ACB_2024_vi.pdf,18.84,,,2025-03-24,2025-03-24,,2025-04-08,ok,2025-03-24,pdf_meta
ACB,VN30,2023,vi,Báo cáo thường niên năm 2023,https://cafefnew.mediacdn.vn/Images/Uploaded/DuLieuDownload/BCTC/ACB_23CN_BCTN.pdf,ACB_2023_vi.pdf,10.89,,,2024-03-27,2024-03-27,,2024-04-04,ok,2024-03-27,pdf_meta
ACB,VN30,2022,vi,Báo cáo thường niên năm 2022,https://cafefnew.mediacdn.vn/Images/Uploaded/DuLieuDownload/BCTC/ACB_22CN_BCTN.pdf,ACB_2022_vi.pdf,10.65,,,2023-03-30,2023-03-30,,2023-04-14,ok,2023-03-30,pdf_meta
ACB,VN30,2021,vi,Báo cáo thường niên năm 2021,https://cafefnew.mediacdn.vn/Images/Uploaded/DuLieuDownload/2021/ACB_21CN_BCTN.pdf,ACB_2021_vi.pdf,12.43,,,2022-04-04,2022-04-04,,2022-04-08,ok,2022-04-04,pdf_meta
ACB,VN30,2020,vi,Báo cáo thường niên năm 2020,https://cafefnew.mediacdn.vn/Images/Uploaded/DuLieuDownload/2020/ACB_20CN_BCTN.pdf,ACB_2020_vi.pdf,8.21,,,2021-04-05,2021-04-05,,2021-04-07,ok,2021-04-05,pdf_meta
ACB,VN30,2019,vi,Báo cáo thường niên năm 2019,https://cafefnew.mediacdn.vn/Images/Uploaded/DuLieuDownload/2019/ACB_19CN_BCTN.pdf,ACB_2019_vi.pdf,9.06,,,2020-05-11,2020-05-11,,2020-06-16,ok,2020-05-11,pdf_meta
ACB,VN30,2018,vi,Báo cáo thường niên năm 2018,https://cafefnew.mediacdn.vn/Images/Uploaded/DuLieuDownload/2018/ACB_18CN_BCTN.pdf,ACB_2018_vi.pdf,3.15,,,2019-04-11,2019-04-10,,2019-04-23,ok,2019-04-11,pdf_meta
ACB,VN30,2017,vi,Báo cáo thường niên năm 2017,https://cafefnew.mediacdn.vn/Images/Uploaded/DuLieuDownload/2017/ACB_17CN_BCTN.pdf,ACB_2017_vi.pdf,11.8,,,2018-04-11,2018-04-11,,,ok,2018-04-11,pdf_meta
ACB,VN30,2016,vi,Báo cáo thường niên năm 2016,https://cafefnew.mediacdn.vn/Images/Uploaded/DuLieuDownload/2016/ACB_16CN_BCTN.pdf,ACB_2016_vi.pdf,9.48,,,2017-04-07,2017-04-04,,2017-04-10,ok,2017-04-07,pdf_meta
ANV,VN100,2025,vi,Báo cáo thường niên năm 2025,https://cafefnew.mediacdn.vn/Images/Uploaded/DuLieuDownload/BCTC/ANV_25CN_BCTN.pdf,ANV_2025_vi.pdf,13.32,,,2026-04-07,,,2026-06-27,ok,2026-04-07,pdf_meta
ANV,VN100,2024,vi,Báo cáo thường niên năm 2024,https://cafefnew.mediacdn.vn/Images/Uploaded/DuLieuDownload/BCTC/ANV_24CN_BCTN.pdf,ANV_2024_vi.pdf,2.13,,,2025-04-09,2025-04-09,,2025-06-28,ok,2025-04-09,pdf_meta
ANV,VN100,2023,vi,Báo cáo thường niên năm 2023,https://cafefnew.mediacdn.vn/Images/Uploaded/DuLieuDownload/BCTC/ANV_23CN_BCTN.pdf,ANV_2023_vi.pdf,2.08,,,2024-04-04,2024-04-04,,2024-06-29,ok,2024-04-04,pdf_meta
ANV,VN100,2022,vi,Báo cáo thường niên năm 2022,https://cafefnew.mediacdn.vn/Images/Uploaded/DuLieuDownload/BCTC/ANV_22CN_BCTN.pdf,ANV_2022_vi.pdf,2.24,,,2023-04-10,2023-04-10,,2023-06-24,ok,2023-04-10,pdf_meta
ANV,VN100,2021,vi,Báo cáo thường niên năm 2021,https://cafefnew.mediacdn.vn/Images/Uploaded/DuLieuDownload/2021/ANV_21CN_BCTN.pdf,ANV_2021_vi.pdf,1.12,,,2022-04-08,2022-04-07,,2022-06-11,ok,2022-04-08,pdf_meta
ANV,VN100,2020,vi,Báo cáo thường niên năm 2020,https://cafefnew.mediacdn.vn/Images/Uploaded/DuLieuDownload/2020/ANV_20CN_BCTN.pdf,ANV_2020_vi.pdf,1.0,,,2021-04-18,2021-04-17,,2021-06-30,ok,2021-04-18,pdf_meta
ANV,VN100,2019,vi,Báo cáo thường niên năm 2019,https://cafefnew.mediacdn.vn/Images/Uploaded/DuLieuDownload/2019/ANV_19CN_BCTN.pdf,ANV_2019_vi.pdf,15.89,,,2020-04-15,2020-04-15,,2020-06-26,ok,2020-04-15,pdf_meta
ANV,VN100,2018,vi,Báo cáo thường niên năm 2018,https://cafefnew.mediacdn.vn/Images/Uploaded/DuLieuDownload/2018/ANV_18CN_BCTN.pdf,ANV_2018_vi.pdf,8.63,,,2019-04-05,2019-04-04,,2019-05-17,ok,2019-04-05,pdf_meta
ANV,VN100,2017,vi,Báo cáo thường niên năm 2017,https://cafefnew.mediacdn.vn/Images/Uploaded/DuLieuDownload/2017/ANV_17CN_BCTN.pdf,ANV_2017_vi.pdf,8.73,,,2018-04-04,2018-04-04,,2018-04-21,ok,2018-04-04,pdf_meta
ANV,VN100,2016,vi,Báo cáo thường niên năm 2016,https://cafefnew.mediacdn.vn/Images/Uploaded/DuLieuDownload/2016/ANV_16CN_BCTN.pdf,ANV_2016_vi.pdf,18.31,,,2017-04-26,2017-04-25,,2017-05-20,ok,2017-04-26,pdf_meta
BAF,VN100,2025,vi,Báo cáo thường niên năm 2025,https://cafefnew.mediacdn.vn/Images/Uploaded/DuLieuDownload/BCTC/BAF_25CN_BCTN.pdf,BAF_2025_vi.pdf,16.91,,,2026-04-17,,,2026-04-23,ok,2026-04-17,pdf_meta
BAF,VN100,2024,vi,Báo cáo thường niên năm 2024,https://cafefnew.mediacdn.vn/Images/Uploaded/DuLieuDownload/BCTC/BAF_24CN_BCTN.pdf,BAF_2024_vi.pdf,13.86,,,2025-04-17,2025-04-17,,2025-04-23,ok,2025-04-17,pdf_meta
BAF,VN100,2023,vi,Báo cáo thường niên năm 2023,https://cafefnew.mediacdn.vn/Images/Uploaded/DuLieuDownload/BCTC/BAF_23CN_BCTN.pdf,BAF_2023_vi.pdf,15.23,,,2024-04-12,2024-04-12,,2024-04-26,ok,2024-04-12,pdf_meta
BAF,VN100,2021,vi,Báo cáo thường niên năm 2021,https://cafefnew.mediacdn.vn/Images/Uploaded/DuLieuDownload/2021/BAF_21CN_BCTN.pdf,BAF_2021_vi.pdf,11.15,,,2022-03-08,2022-03-08,,,ok,2022-03-08,pdf_meta
BCM,VN100,2025,vi,Báo cáo thường niên năm 2025,https://cafefnew.mediacdn.vn/Images/Uploaded/DuLieuDownload/BCTC/BCM_25CN_BCTN.pdf,BCM_2025_vi.pdf,11.14,,,2026-04-20,,,2026-06-25,ok,2026-04-20,pdf_meta
BCM,VN100,2024,vi,Báo cáo thường niên năm 2024,https://cafefnew.mediacdn.vn/Images/Uploaded/DuLieuDownload/BCTC/BCM_24CN_BCTN.pdf,BCM_2024_vi.pdf,13.2,,,2025-04-20,,,2025-05-15,ok,2025-04-20,pdf_meta
BCM,VN100,2023,vi,Báo cáo thường niên năm 2023,https://cafefnew.mediacdn.vn/Images/Uploaded/DuLieuDownload/BCTC/BCM_23CN_BCTN.pdf,BCM_2023_vi.pdf,19.11,,,2024-04-19,2024-04-19,,2024-06-27,ok,2024-04-19,pdf_meta
BCM,VN100,2022,vi,Báo cáo thường niên năm 2022,https://cafefnew.mediacdn.vn/Images/Uploaded/DuLieuDownload/BCTC/BCM_22CN_BCTN.pdf,BCM_2022_vi.pdf,14.88,,,2023-04-19,,,2023-06-29,ok,2023-04-19,pdf_meta
BCM,VN100,2021,vi,Báo cáo thường niên năm 2021,https://cafefnew.mediacdn.vn/Images/Uploaded/DuLieuDownload/2021/BCM_21CN_BCTN.pdf,BCM_2021_vi.pdf,9.86,,,2022-04-18,2022-04-18,,2022-04-28,ok,2022-04-18,pdf_meta
BCM,VN100,2020,vi,Báo cáo thường niên năm 2020,https://cafefnew.mediacdn.vn/Images/Uploaded/DuLieuDownload/2020/BCM_20CN_BCTN.pdf,BCM_2020_vi.pdf,18.07,,,2021-04-28,2021-04-28,,2021-11-25,ok,2021-04-28,pdf_meta
BCM,VN100,2019,vi,Báo cáo thường niên năm 2019,https://cafefnew.mediacdn.vn/Images/Uploaded/DuLieuDownload/2019/BCM_19CN_BCTN.pdf,BCM_2019_vi.pdf,16.92,,,2020-04-27,,,2020-06-26,ok,2020-04-27,pdf_meta
BCM,VN100,2018,vi,Báo cáo thường niên năm 2018,https://cafefnew.mediacdn.vn/Images/Uploaded/DuLieuDownload/2018/BCM_18CN_BCTN.pdf,BCM_2018_vi.pdf,9.83,,,2019-04-23,2019-04-23,,2019-06-06,ok,2019-04-23,pdf_meta
BID,VN30,2025,vi,Báo cáo thường niên năm 2025,https://cafefnew.mediacdn.vn/Images/Uploaded/DuLieuDownload/BCTC/BID_25CN_BCTN.pdf,BID_2025_vi.pdf,11.72,,,,,,2026-04-24,ok,,missing
BID,VN30,2024,vi,Báo cáo thường niên năm 2024,https://cafefnew.mediacdn.vn/Images/Uploaded/DuLieuDownload/BCTC/BID_24CN_BCTN.pdf,BID_2024_vi.pdf,0.87,,,2025-04-18,2025-05-18,,2025-04-26,ok,2025-04-18,pdf_meta
BID,VN30,2023,vi,Báo cáo thường niên năm 2023,https://cafefnew.mediacdn.vn/Images/Uploaded/DuLieuDownload/BCTC/BID_23CN_BCTN.pdf,BID_2023_vi.pdf,15.36,,,2024-04-17,2024-04-17,,2024-04-27,ok,2024-04-17,pdf_meta
BID,VN30,2021,vi,Báo cáo thường niên năm 2021,https://cafefnew.mediacdn.vn/Images/Uploaded/DuLieuDownload/2021/BID_21CN_BCTN.pdf,BID_2021_vi.pdf,0.52,,,2022-04-20,2022-04-20,,2022-04-29,ok,2022-04-20,pdf_meta
BID,VN30,2020,vi,Báo cáo thường niên năm 2020,https://cafefnew.mediacdn.vn/Images/Uploaded/DuLieuDownload/2020/BID_20CN_BCTN.pdf,BID_2020_vi.pdf,9.31,,,2021-04-14,2021-03-28,,2021-03-12,ok,,missing
BID,VN30,2018,vi,Báo cáo thường niên năm 2018,https://cafefnew.mediacdn.vn/Images/Uploaded/DuLieuDownload/2018/BID_18CN_BCTN.pdf,BID_2018_vi.pdf,6.85,,,2019-04-22,2019-04-22,,,ok,2019-04-22,pdf_meta
BID,VN30,2017,vi,Báo cáo thường niên năm 2017,https://cafefnew.mediacdn.vn/Images/Uploaded/DuLieuDownload/2017/BID_17CN_BCTN.pdf,BID_2017_vi.pdf,16.4,,,2018-04-18,2018-04-17,,2018-04-21,ok,2018-04-18,pdf_meta
BMP,VN100,2025,vi,Báo cáo thường niên năm 2025,https://cafefnew.mediacdn.vn/Images/Uploaded/DuLieuDownload/BCTC/BMP_25CN_BCTN.pdf,BMP_2025_vi.pdf,9.78,,,2026-04-14,2026-04-14,,2026-04-28,ok,2026-04-14,pdf_meta
BMP,VN100,2024,vi,Báo cáo thường niên năm 2024,https://cafefnew.mediacdn.vn/Images/Uploaded/DuLieuDownload/BCTC/BMP_24CN_BCTN.pdf,BMP_2024_vi.pdf,14.35,,,2025-04-15,2025-04-15,,2025-04-24,ok,2025-04-15,pdf_meta
BMP,VN100,2023,vi,Báo cáo thường niên năm 2023,https://cafefnew.mediacdn.vn/Images/Uploaded/DuLieuDownload/BCTC/BMP_23CN_BCTN.pdf,BMP_2023_vi.pdf,16.35,,,2024-04-15,2024-04-15,,2024-04-29,ok,2024-04-15,pdf_meta
BMP,VN100,2022,vi,Báo cáo thường niên năm 2022,https://cafefnew.mediacdn.vn/Images/Uploaded/DuLieuDownload/BCTC/BMP_22CN_BCTN.pdf,BMP_2022_vi.pdf,15.9,,,2023-04-19,2023-04-18,,2023-04-28,ok,2023-04-19,pdf_meta
BMP,VN100,2021,vi,Báo cáo thường niên năm 2021,https://cafefnew.mediacdn.vn/Images/Uploaded/DuLieuDownload/2021/BMP_21CN_BCTN.pdf,BMP_2021_vi.pdf,15.8,,,2022-04-15,2022-04-15,,2022-04-26,ok,2022-04-15,pdf_meta
BMP,VN100,2019,vi,Báo cáo thường niên năm 2019,https://cafefnew.mediacdn.vn/Images/Uploaded/DuLieuDownload/2019/BMP_19CN_BCTN.pdf,BMP_2019_vi.pdf,10.9,,,2020-06-17,2020-06-16,,2020-06-24,ok,2020-06-17,pdf_meta
BMP,VN100,2018,vi,Báo cáo thường niên năm 2018,https://cafefnew.mediacdn.vn/Images/Uploaded/DuLieuDownload/2018/BMP_18CN_BCTN.pdf,BMP_2018_vi.pdf,16.21,,,2019-04-25,2019-04-25,,2019-04-19,ok,,missing
BMP,VN100,2017,vi,Báo cáo thường niên năm 2017,https://cafefnew.mediacdn.vn/Images/Uploaded/DuLieuDownload/2017/BMP_17CN_BCTN.pdf,BMP_2017_vi.pdf,12.33,,,2018-04-11,2018-04-11,,2018-04-20,ok,2018-04-11,pdf_meta
BMP,VN100,2016,vi,Báo cáo thường niên năm 2016,https://cafefnew.mediacdn.vn/Images/Uploaded/DuLieuDownload/2016/BMP_16CN_BCTN.pdf,BMP_2016_vi.pdf,11.18,,,2017-03-29,2017-03-27,,2017-04-19,ok,2017-03-29,pdf_meta
BSI,VN100,2025,vi,Báo cáo thường niên năm 2025,https://cafefnew.mediacdn.vn/Images/Uploaded/DuLieuDownload/BCTC/BSI_25CN_BCTN.pdf,BSI_2025_vi.pdf,13.51,,,2026-04-17,2026-04-17,,2026-04-22,ok,2026-04-17,pdf_meta
BSI,VN100,2024,vi,Báo cáo thường niên năm 2024,https://cafefnew.mediacdn.vn/Images/Uploaded/DuLieuDownload/BCTC/BSI_24CN_BCTN.pdf,BSI_2024_vi.pdf,11.62,,,2025-04-10,,,2025-04-18,ok,2025-04-10,pdf_meta
BSI,VN100,2023,vi,Báo cáo thường niên năm 2023,https://cafefnew.mediacdn.vn/Images/Uploaded/DuLieuDownload/BCTC/BSI_23CN_BCTN.pdf,BSI_2023_vi.pdf,15.61,,,2024-04-12,2024-04-11,,2024-04-23,ok,2024-04-12,pdf_meta
BSI,VN100,2022,vi,Báo cáo thường niên năm 2022,https://cafefnew.mediacdn.vn/Images/Uploaded/DuLieuDownload/BCTC/BSI_22CN_BCTN.pdf,BSI_2022_vi.pdf,9.88,,,,,,2023-04-17,ok,,missing
BSI,VN100,2021,vi,Báo cáo thường niên năm 2021,https://cafefnew.mediacdn.vn/Images/Uploaded/DuLieuDownload/2021/BSI_21CN_BCTN.pdf,BSI_2021_vi.pdf,6.28,,,2022-04-12,2022-04-12,,2022-04-29,ok,2022-04-12,pdf_meta
BSI,VN100,2020,vi,Báo cáo thường niên năm 2020,https://cafefnew.mediacdn.vn/Images/Uploaded/DuLieuDownload/2020/BSI_20CN_BCTN.pdf,BSI_2020_vi.pdf,7.15,,,2021-03-23,2021-03-22,,2021-04-12,ok,2021-03-23,pdf_meta
BSI,VN100,2019,vi,Báo cáo thường niên năm 2019,https://cafefnew.mediacdn.vn/Images/Uploaded/DuLieuDownload/2019/BSI_19CN_BCTN.pdf,BSI_2019_vi.pdf,4.45,,,2020-03-17,2020-03-16,,2020-06-29,ok,2020-03-17,pdf_meta
BSI,VN100,2018,vi,Báo cáo thường niên năm 2018,https://cafefnew.mediacdn.vn/Images/Uploaded/DuLieuDownload/2018/BSI_18CN_BCTN.pdf,BSI_2018_vi.pdf,13.94,,,2019-04-17,2019-04-16,,2019-04-20,ok,2019-04-17,pdf_meta
BSI,VN100,2017,vi,Báo cáo thường niên năm 2017,https://cafefnew.mediacdn.vn/Images/Uploaded/DuLieuDownload/2017/BSI_17CN_BCTN.pdf,BSI_2017_vi.pdf,5.01,,,2018-04-12,2018-04-11,,2018-04-20,ok,2018-04-12,pdf_meta
BSI,VN100,2016,vi,Báo cáo thường niên năm 2016,https://cafefnew.mediacdn.vn/Images/Uploaded/DuLieuDownload/2016/BSI_16CN_BCTN.pdf,BSI_2016_vi.pdf,4.04,,,2017-04-13,2017-04-12,,2017-04-27,ok,2017-04-13,pdf_meta
BSR,VN30,2025,vi,Báo cáo thường niên năm 2025,https://cafefnew.mediacdn.vn/Images/Uploaded/DuLieuDownload/BCTC/BSR_25CN_BCTN.pdf,BSR_2025_vi.pdf,8.27,,,2026-04-16,2026-04-10,,2026-04-13,ok,2026-04-10,pdf_meta
BSR,VN30,2024,vi,Báo cáo thường niên năm 2024,https://cafefnew.mediacdn.vn/Images/Uploaded/DuLieuDownload/BCTC/BSR_24CN_BCTN.pdf,BSR_2024_vi.pdf,12.84,,,2025-04-10,,,2025-04-23,ok,2025-04-10,pdf_meta
BSR,VN30,2023,vi,Báo cáo thường niên năm 2023,https://cafefnew.mediacdn.vn/Images/Uploaded/DuLieuDownload/BCTC/BSR_23CN_BCTN.pdf,BSR_2023_vi.pdf,14.42,,,2024-04-10,2024-04-10,,2024-05-23,ok,2024-04-10,pdf_meta
BSR,VN30,2022,vi,Báo cáo thường niên năm 2022,https://cafefnew.mediacdn.vn/Images/Uploaded/DuLieuDownload/BCTC/BSR_22CN_BCTN.pdf,BSR_2022_vi.pdf,13.72,,,2023-03-28,,,2023-04-13,ok,2023-03-28,pdf_meta
BSR,VN30,2021,vi,Báo cáo thường niên năm 2021,https://cafefnew.mediacdn.vn/Images/Uploaded/DuLieuDownload/2021/BSR_21CN_BCTN.pdf,BSR_2021_vi.pdf,8.82,,,2022-04-06,2022-04-06,,2022-04-22,ok,2022-04-06,pdf_meta
BSR,VN30,2020,vi,Báo cáo thường niên năm 2020,https://cafefnew.mediacdn.vn/Images/Uploaded/DuLieuDownload/2020/BSR_20CN_BCTN.pdf,BSR_2020_vi.pdf,9.3,,,2021-04-12,2021-04-12,,2021-04-23,ok,2021-04-12,pdf_meta
BSR,VN30,2019,vi,Báo cáo thường niên năm 2019,https://cafefnew.mediacdn.vn/Images/Uploaded/DuLieuDownload/2019/BSR_19CN_BCTN.pdf,BSR_2019_vi.pdf,13.43,,,2020-04-09,2020-04-09,,2020-05-26,ok,2020-04-09,pdf_meta
BSR,VN30,2018,vi,Báo cáo thường niên năm 2018,https://cafefnew.mediacdn.vn/Images/Uploaded/DuLieuDownload/2018/BSR_18CN_BCTN.pdf,BSR_2018_vi.pdf,7.69,,,2019-04-11,2019-04-11,,2019-04-25,ok,2019-04-11,pdf_meta
BVH,VN100,2025,vi,Báo cáo thường niên năm 2025,https://cafefnew.mediacdn.vn/Images/Uploaded/DuLieuDownload/BCTC/BVH_25CN_BCTN.pdf,BVH_2025_vi.pdf,7.39,,,2026-04-20,2026-04-20,,2026-06-28,ok,2026-04-20,pdf_meta
BVH,VN100,2023,vi,Báo cáo thường niên năm 2023,https://cafefnew.mediacdn.vn/Images/Uploaded/DuLieuDownload/BCTC/BVH_23CN_BCTN.pdf,BVH_2023_vi.pdf,0.45,,,,2024-04-19,,2024-06-26,ok,2024-04-19,pdf_meta
BVH,VN100,2020,vi,Báo cáo thường niên năm 2020,https://cafefnew.mediacdn.vn/Images/Uploaded/DuLieuDownload/2020/BVH_20CN_BCTN.pdf,BVH_2020_vi.pdf,46.88,,,2021-05-05,2021-04-29,,2021-06-29,ok,2021-05-05,pdf_meta
BVH,VN100,2019,vi,Báo cáo thường niên năm 2019,https://cafefnew.mediacdn.vn/Images/Uploaded/DuLieuDownload/2019/BVH_19CN_BCTN.pdf,BVH_2019_vi.pdf,49.12,,,2020-05-04,2020-05-04,,2020-06-29,ok,2020-05-04,pdf_meta
BVH,VN100,2018,vi,Báo cáo thường niên năm 2018,https://cafefnew.mediacdn.vn/Images/Uploaded/DuLieuDownload/2018/BVH_18CN_BCTN.pdf,BVH_2018_vi.pdf,108.67,,,2019-05-09,2019-05-09,,2019-06-29,ok,2019-05-09,pdf_meta
BWE,VN100,2025,vi,Báo cáo thường niên năm 2025,https://cafefnew.mediacdn.vn/Images/Uploaded/DuLieuDownload/BCTC/BWE_25CN_BCTN.pdf,BWE_2025_vi.pdf,11.34,,,2026-03-17,2026-03-17,,2026-03-27,ok,2026-03-17,pdf_meta
BWE,VN100,2024,vi,Báo cáo thường niên năm 2024,https://cafefnew.mediacdn.vn/Images/Uploaded/DuLieuDownload/BCTC/BWE_24CN_BCTN.pdf,BWE_2024_vi.pdf,168.13,,,2025-03-22,2025-03-22,,2025-03-26,ok,2025-03-22,pdf_meta
BWE,VN100,2023,vi,Báo cáo thường niên năm 2023,https://cafefnew.mediacdn.vn/Images/Uploaded/DuLieuDownload/BCTC/BWE_23CN_BCTN.pdf,BWE_2023_vi.pdf,14.73,,,2024-03-23,,,2024-03-25,ok,2024-03-23,pdf_meta
BWE,VN100,2022,vi,Báo cáo thường niên năm 2022,https://cafefnew.mediacdn.vn/Images/Uploaded/DuLieuDownload/BCTC/BWE_22CN_BCTN.pdf,BWE_2022_vi.pdf,7.29,,,2023-03-23,,,2023-04-01,ok,2023-03-23,pdf_meta
BWE,VN100,2021,vi,Báo cáo thường niên năm 2021,https://cafefnew.mediacdn.vn/Images/Uploaded/DuLieuDownload/2021/BWE_21CN_BCTN.pdf,BWE_2021_vi.pdf,6.71,,,2022-03-23,,,2022-04-01,ok,2022-03-23,pdf_meta
BWE,VN100,2020,vi,Báo cáo thường niên năm 2020,https://cafefnew.mediacdn.vn/Images/Uploaded/DuLieuDownload/2020/BWE_20CN_BCTN.pdf,BWE_2020_vi.pdf,10.35,,,2021-03-19,2021-03-20,,2021-03-12,ok,,missing
BWE,VN100,2019,vi,Báo cáo thường niên năm 2019,https://cafefnew.mediacdn.vn/Images/Uploaded/DuLieuDownload/2019/BWE_19CN_BCTN.pdf,BWE_2019_vi.pdf,9.64,,,2020-03-10,,,2020-03-17,ok,2020-03-10,pdf_meta
BWE,VN100,2018,vi,Báo cáo thường niên năm 2018,https://cafefnew.mediacdn.vn/Images/Uploaded/DuLieuDownload/2018/BWE_18CN_BCTN.pdf,BWE_2018_vi.pdf,5.88,,,2019-03-19,2019-03-20,,2019-03-16,ok,,missing
BWE,VN100,2017,vi,Báo cáo thường niên năm 2017,https://cafefnew.mediacdn.vn/Images/Uploaded/DuLieuDownload/2017/BWE_17CN_BCTN.pdf,BWE_2017_vi.pdf,13.07,,,2018-03-23,2018-03-23,,2018-03-21,ok,,missing
CII,VN100,2025,vi,Báo cáo thường niên năm 2025,https://cafefnew.mediacdn.vn/Images/Uploaded/DuLieuDownload/BCTC/CII_25CN_BCTN.pdf,CII_2025_vi.pdf,111.95,,,2026-04-14,,,2026-04-28,ok,2026-04-14,pdf_meta
CII,VN100,2024,vi,Báo cáo thường niên năm 2024,https://cafefnew.mediacdn.vn/Images/Uploaded/DuLieuDownload/BCTC/CII_24CN_BCTN.pdf,CII_2024_vi.pdf,89.07,,,2025-03-24,,,,ok,2025-03-24,pdf_meta
CII,VN100,2023,vi,Báo cáo thường niên năm 2023,https://cafefnew.mediacdn.vn/Images/Uploaded/DuLieuDownload/BCTC/CII_23CN_BCTN.pdf,CII_2023_vi.pdf,121.66,,,,,,2024-05-21,ok,,missing
CII,VN100,2021,vi,Báo cáo thường niên năm 2021,https://cafefnew.mediacdn.vn/Images/Uploaded/DuLieuDownload/2021/CII_21CN_BCTN.pdf,CII_2021_vi.pdf,52.73,,,2022-04-12,2022-04-12,,2022-05-20,ok,2022-04-12,pdf_meta
CII,VN100,2020,vi,Báo cáo thường niên năm 2020,https://cafefnew.mediacdn.vn/Images/Uploaded/DuLieuDownload/2020/CII_20CN_BCTN.pdf,CII_2020_vi.pdf,13.3,,,2021-04-03,2021-04-02,,2021-04-23,ok,2021-04-03,pdf_meta
CII,VN100,2019,vi,Báo cáo thường niên năm 2019,https://cafefnew.mediacdn.vn/Images/Uploaded/DuLieuDownload/2019/CII_19CN_BCTN.pdf,CII_2019_vi.pdf,19.12,,,2020-04-17,2020-04-17,,2020-03-27,ok,,missing
CII,VN100,2018,vi,Báo cáo thường niên năm 2018,https://cafefnew.mediacdn.vn/Images/Uploaded/DuLieuDownload/2018/CII_18CN_BCTN.pdf,CII_2018_vi.pdf,11.2,,,2019-04-16,2019-04-16,,2019-04-18,ok,2019-04-16,pdf_meta
CII,VN100,2017,vi,Báo cáo thường niên năm 2017,https://cafefnew.mediacdn.vn/Images/Uploaded/DuLieuDownload/2017/CII_17CN_BCTN.pdf,CII_2017_vi.pdf,13.5,,,2018-04-12,2018-04-12,,2018-04-24,ok,2018-04-12,pdf_meta
CII,VN100,2016,vi,Báo cáo thường niên năm 2016,https://cafefnew.mediacdn.vn/Images/Uploaded/DuLieuDownload/2016/CII_16CN_BCTN.PDF,CII_2016_vi.pdf,10.27,,,2017-04-05,2017-04-05,,2017-04-28,ok,2017-04-05,pdf_meta
CMG,VN100,2024,vi,Báo cáo thường niên năm 2024,https://cafefnew.mediacdn.vn/Images/Uploaded/DuLieuDownload/BCTC/CMG_24CN_BCTN.pdf,CMG_2024_vi.pdf,5.49,,,2025-07-18,,,2025-07-29,ok,2025-07-18,pdf_meta
CMG,VN100,2023,vi,Báo cáo thường niên năm 2023,https://cafefnew.mediacdn.vn/Images/Uploaded/DuLieuDownload/BCTC/CMG_23CN_BCTN.pdf,CMG_2023_vi.pdf,6.17,,,2024-07-22,2024-07-22,,2024-07-25,ok,2024-07-22,pdf_meta
CMG,VN100,2020,vi,Báo cáo thường niên năm 2020,https://cafefnew.mediacdn.vn/Images/Uploaded/DuLieuDownload/2020/CMG_20CN_BCTN.pdf,CMG_2020_vi.pdf,18.01,,,2021-07-20,2021-07-19,,2021-07-21,ok,2021-07-20,pdf_meta
CMG,VN100,2019,vi,Báo cáo thường niên năm 2019,https://cafefnew.mediacdn.vn/Images/Uploaded/DuLieuDownload/2019/CMG_19CN_BCTN.pdf,CMG_2019_vi.pdf,15.27,,,2020-07-14,2020-07-13,,2020-07-15,ok,2020-07-14,pdf_meta
CMG,VN100,2017,vi,Báo cáo thường niên năm 2017,https://cafefnew.mediacdn.vn/Images/Uploaded/DuLieuDownload/2017/CMG_17CN_BCTN.pdf,CMG_2017_vi.pdf,14.07,,,2018-07-05,2018-07-05,,,ok,2018-07-05,pdf_meta
CMG,VN100,2016,vi,Báo cáo thường niên năm 2016,https://cafefnew.mediacdn.vn/Images/Uploaded/DuLieuDownload/2016/CMG_16CN_BCTN.pdf,CMG_2016_vi.pdf,24.19,,,2017-07-13,2017-07-13,,2017-06-26,ok,,missing
CTD,VN100,2024,vi,Báo cáo thường niên năm 2024,https://cafefnew.mediacdn.vn/Images/Uploaded/DuLieuDownload/BCTC/CTD_24CN_BCTN.pdf,CTD_2024_vi.pdf,24.21,,,2024-10-22,,,2025-10-20,ok,,missing
CTD,VN100,2023,vi,Báo cáo thường niên năm 2023,https://cafefnew.mediacdn.vn/Images/Uploaded/DuLieuDownload/BCTC/CTD_23CN_BCTN.pdf,CTD_2023_vi.pdf,11.93,,,2023-10-19,2023-10-18,,2024-10-19,ok,,missing
CTD,VN100,2021,vi,Báo cáo thường niên năm 2021,https://cafefnew.mediacdn.vn/Images/Uploaded/DuLieuDownload/2021/CTD_21CN_BCTN.pdf,CTD_2021_vi.pdf,9.23,,,2022-04-20,,,2022-04-26,ok,2022-04-20,pdf_meta
CTD,VN100,2019,vi,Báo cáo thường niên năm 2019,https://cafefnew.mediacdn.vn/Images/Uploaded/DuLieuDownload/2019/CTD_19CN_BCTN.pdf,CTD_2019_vi.pdf,13.31,,,2020-05-29,2020-05-29,,2020-07-01,ok,2020-05-29,pdf_meta
CTD,VN100,2018,vi,Báo cáo thường niên năm 2018,https://cafefnew.mediacdn.vn/Images/Uploaded/DuLieuDownload/2018/CTD_18CN_BCTN.pdf,CTD_2018_vi.pdf,13.25,,,2019-03-29,2019-03-29,,2019-04-09,ok,2019-03-29,pdf_meta
CTD,VN100,2017,vi,Báo cáo thường niên năm 2017,https://cafefnew.mediacdn.vn/Images/Uploaded/DuLieuDownload/2017/CTD_17CN_BCTN.pdf,CTD_2017_vi.pdf,15.57,,,2018-04-18,2018-04-18,,,ok,2018-04-18,pdf_meta
CTD,VN100,2016,vi,Báo cáo thường niên năm 2016,https://cafefnew.mediacdn.vn/Images/Uploaded/DuLieuDownload/2016/CTD_16CN_BCTN.pdf,CTD_2016_vi.pdf,0.18,,,2017-03-28,2017-03-28,,2017-06-29,ok,2017-03-28,pdf_meta
CTG,VN30,2025,vi,Báo cáo thường niên năm 2025,https://cafefnew.mediacdn.vn/Images/Uploaded/DuLieuDownload/BCTC/CTG_25CN_BCTN.pdf,CTG_2025_vi.pdf,19.82,,,2026-04-20,2026-04-20,,2026-04-24,ok,2026-04-20,pdf_meta
CTG,VN30,2024,vi,Báo cáo thường niên năm 2024,https://cafefnew.mediacdn.vn/Images/Uploaded/DuLieuDownload/BCTC/CTG_24CN_BCTN.pdf,CTG_2024_vi.pdf,15.76,,,2025-03-25,2025-03-25,,2025-04-18,ok,2025-03-25,pdf_meta
CTG,VN30,2023,vi,Báo cáo thường niên năm 2023,https://cafefnew.mediacdn.vn/Images/Uploaded/DuLieuDownload/BCTC/CTG_23CN_BCTN.pdf,CTG_2023_vi.pdf,11.88,,,2024-04-17,2024-04-17,,2024-04-27,ok,2024-04-17,pdf_meta
CTG,VN30,2022,vi,Báo cáo thường niên năm 2022,https://cafefnew.mediacdn.vn/Images/Uploaded/DuLieuDownload/BCTC/CTG_22CN_BCTN.pdf,CTG_2022_vi.pdf,16.6,,,2023-04-19,2023-04-19,,2023-04-21,ok,2023-04-19,pdf_meta
CTG,VN30,2021,vi,Báo cáo thường niên năm 2021,https://cafefnew.mediacdn.vn/Images/Uploaded/DuLieuDownload/2021/CTG_21CN_BCTN.pdf,CTG_2021_vi.pdf,18.42,,,2022-04-19,2022-04-19,,2022-04-29,ok,2022-04-19,pdf_meta
CTG,VN30,2019,vi,Báo cáo thường niên năm 2019,https://cafefnew.mediacdn.vn/Images/Uploaded/DuLieuDownload/2019/CTG_19CN_BCTN.pdf,CTG_2019_vi.pdf,16.76,,,2020-03-26,2020-03-26,,,ok,2020-03-26,pdf_meta
CTG,VN30,2018,vi,Báo cáo thường niên năm 2018,https://cafefnew.mediacdn.vn/Images/Uploaded/DuLieuDownload/2018/CTG_18CN_BCTN.pdf,CTG_2018_vi.pdf,16.72,,,2019-04-19,2019-04-19,,2019-04-23,ok,2019-04-19,pdf_meta
CTG,VN30,2017,vi,Báo cáo thường niên năm 2017,https://cafefnew.mediacdn.vn/Images/Uploaded/DuLieuDownload/2017/CTG_17CN_BCTN.pdf,CTG_2017_vi.pdf,11.33,,,2018-04-17,2018-04-13,,2018-04-22,ok,2018-04-17,pdf_meta
CTG,VN30,2016,vi,Báo cáo thường niên năm 2016,https://cafefnew.mediacdn.vn/Images/Uploaded/DuLieuDownload/2016/CTG_16CN_BCTN.pdf,CTG_2016_vi.pdf,10.37,,,2017-04-20,2017-04-20,,2017-04-18,ok,,missing
CTR,VN100,2025,vi,Báo cáo thường niên năm 2025,https://cafefnew.mediacdn.vn/Images/Uploaded/DuLieuDownload/BCTC/CTR_25CN_BCTN.pdf,CTR_2025_vi.pdf,13.14,,,2026-04-09,,,2026-04-22,ok,2026-04-09,pdf_meta
CTR,VN100,2024,vi,Báo cáo thường niên năm 2024,https://cafefnew.mediacdn.vn/Images/Uploaded/DuLieuDownload/BCTC/CTR_24CN_BCTN.pdf,CTR_2024_vi.pdf,13.5,,,2025-04-06,,,2025-04-16,ok,2025-04-06,pdf_meta
CTR,VN100,2023,vi,Báo cáo thường niên năm 2023,https://cafefnew.mediacdn.vn/Images/Uploaded/DuLieuDownload/BCTC/CTR_23CN_BCTN.pdf,CTR_2023_vi.pdf,13.46,,,2024-04-08,,,2024-04-24,ok,2024-04-08,pdf_meta
CTR,VN100,2022,vi,Báo cáo thường niên năm 2022,https://cafefnew.mediacdn.vn/Images/Uploaded/DuLieuDownload/BCTC/CTR_22CN_BCTN.pdf,CTR_2022_vi.pdf,7.87,,,2023-04-01,,,2023-04-19,ok,2023-04-01,pdf_meta
CTR,VN100,2021,vi,Báo cáo thường niên năm 2021,https://cafefnew.mediacdn.vn/Images/Uploaded/DuLieuDownload/2021/CTR_21CN_BCTN.pdf,CTR_2021_vi.pdf,0.21,,,2022-04-19,2022-04-19,,2022-04-01,ok,,missing
CTR,VN100,2020,vi,Báo cáo thường niên năm 2020,https://cafefnew.mediacdn.vn/Images/Uploaded/DuLieuDownload/2020/CTR_20CN_BCTN.pdf,CTR_2020_vi.pdf,6.88,,,2021-04-20,2021-04-20,,2021-04-23,ok,2021-04-20,pdf_meta
CTR,VN100,2019,vi,Báo cáo thường niên năm 2019,https://cafefnew.mediacdn.vn/Images/Uploaded/DuLieuDownload/2019/CTR_19CN_BCTN.pdf,CTR_2019_vi.pdf,16.15,,,2020-04-29,2020-03-26,,2020-06-06,ok,2020-04-29,pdf_meta
CTR,VN100,2018,vi,Báo cáo thường niên năm 2018,https://cafefnew.mediacdn.vn/Images/Uploaded/DuLieuDownload/2018/CTR_18CN_BCTN.pdf,CTR_2018_vi.pdf,8.53,,,2019-04-25,2019-04-03,,2019-04-23,ok,2019-04-03,pdf_meta
CTR,VN100,2017,vi,Báo cáo thường niên năm 2017,https://cafefnew.mediacdn.vn/Images/Uploaded/DuLieuDownload/2017/CTR_17CN_BCTN.pdf,CTR_2017_vi.pdf,7.47,,,2018-04-16,2018-04-16,,2018-06-19,ok,2018-04-16,pdf_meta
CTS,VN100,2025,vi,Báo cáo thường niên năm 2025,https://cafefnew.mediacdn.vn/Images/Uploaded/DuLieuDownload/BCTC/CTS_25CN_BCTN.pdf,CTS_2025_vi.pdf,11.56,,,2026-03-27,,,2026-04-21,ok,2026-03-27,pdf_meta
CTS,VN100,2024,vi,Báo cáo thường niên năm 2024,https://cafefnew.mediacdn.vn/Images/Uploaded/DuLieuDownload/BCTC/CTS_24CN_BCTN.pdf,CTS_2024_vi.pdf,8.53,,,2025-03-26,,,2025-04-24,ok,2025-03-26,pdf_meta
CTS,VN100,2023,vi,Báo cáo thường niên năm 2023,https://cafefnew.mediacdn.vn/Images/Uploaded/DuLieuDownload/BCTC/CTS_23CN_BCTN.pdf,CTS_2023_vi.pdf,13.96,,,2024-04-09,2024-04-09,,2024-04-02,ok,,missing
CTS,VN100,2022,vi,Báo cáo thường niên năm 2022,https://cafefnew.mediacdn.vn/Images/Uploaded/DuLieuDownload/BCTC/CTS_22CN_BCTN.pdf,CTS_2022_vi.pdf,10.75,,,2023-04-10,2023-04-10,,,ok,2023-04-10,pdf_meta
CTS,VN100,2021,vi,Báo cáo thường niên năm 2021,https://cafefnew.mediacdn.vn/Images/Uploaded/DuLieuDownload/2021/CTS_21CN_BCTN.pdf,CTS_2021_vi.pdf,9.83,,,2022-03-29,2022-03-29,,,ok,2022-03-29,pdf_meta
CTS,VN100,2020,vi,Báo cáo thường niên năm 2020,https://cafefnew.mediacdn.vn/Images/Uploaded/DuLieuDownload/2020/CTS_20CN_BCTN.pdf,CTS_2020_vi.pdf,16.07,,,2021-04-12,2021-04-12,,2021-04-27,ok,2021-04-12,pdf_meta
CTS,VN100,2019,vi,Báo cáo thường niên năm 2019,https://cafefnew.mediacdn.vn/Images/Uploaded/DuLieuDownload/2019/CTS_19CN_BCTN.pdf,CTS_2019_vi.pdf,161.97,,,2020-03-18,,,2020-04-27,ok,2020-03-18,pdf_meta
CTS,VN100,2018,vi,Báo cáo thường niên năm 2018,https://cafefnew.mediacdn.vn/Images/Uploaded/DuLieuDownload/2018/CTS_18CN_BCTN.pdf,CTS_2018_vi.pdf,8.92,,,2019-03-20,2019-03-20,,2019-04-10,ok,2019-03-20,pdf_meta
CTS,VN100,2017,vi,Báo cáo thường niên năm 2017,https://cafefnew.mediacdn.vn/Images/Uploaded/DuLieuDownload/2017/CTS_17CN_BCTN.pdf,CTS_2017_vi.pdf,9.5,,,2018-03-30,2018-03-30,,,ok,2018-03-30,pdf_meta
CTS,VN100,2016,vi,Báo cáo thường niên năm 2016,https://cafefnew.mediacdn.vn/Images/Uploaded/DuLieuDownload/2016/CTS_16CN_BCTN.pdf,CTS_2016_vi.pdf,1.07,,,2014-12-10,2014-02-24,,2017-04-27,ok,,missing
DBC,VN100,2025,vi,Báo cáo thường niên năm 2025,https://cafefnew.mediacdn.vn/Images/Uploaded/DuLieuDownload/BCTC/DBC_25CN_BCTN.pdf,DBC_2025_vi.pdf,8.61,,,2026-04-15,2026-04-15,,2026-04-25,ok,2026-04-15,pdf_meta
DBC,VN100,2024,vi,Báo cáo thường niên năm 2024,https://cafefnew.mediacdn.vn/Images/Uploaded/DuLieuDownload/BCTC/DBC_24CN_BCTN.pdf,DBC_2024_vi.pdf,11.7,,,2025-04-11,2025-04-11,,2025-04-19,ok,2025-04-11,pdf_meta
DBC,VN100,2023,vi,Báo cáo thường niên năm 2023,https://cafefnew.mediacdn.vn/Images/Uploaded/DuLieuDownload/BCTC/DBC_23CN_BCTN.pdf,DBC_2023_vi.pdf,18.72,,,2024-04-17,2024-04-17,,2024-04-27,ok,2024-04-17,pdf_meta
DBC,VN100,2022,vi,Báo cáo thường niên năm 2022,https://cafefnew.mediacdn.vn/Images/Uploaded/DuLieuDownload/BCTC/DBC_22CN_BCTN.pdf,DBC_2022_vi.pdf,6.05,,,2023-04-17,2023-04-17,,2023-04-22,ok,2023-04-17,pdf_meta
DBC,VN100,2021,vi,Báo cáo thường niên năm 2021,https://cafefnew.mediacdn.vn/Images/Uploaded/DuLieuDownload/2021/DBC_21CN_BCTN.pdf,DBC_2021_vi.pdf,6.75,,,2022-03-30,2022-03-30,,2022-04-29,ok,2022-03-30,pdf_meta
DBC,VN100,2020,vi,Báo cáo thường niên năm 2020,https://cafefnew.mediacdn.vn/Images/Uploaded/DuLieuDownload/2020/DBC_20CN_BCTN.pdf,DBC_2020_vi.pdf,11.35,,,2021-04-02,2021-04-02,,2021-04-26,ok,2021-04-02,pdf_meta
DBC,VN100,2019,vi,Báo cáo thường niên năm 2019,https://cafefnew.mediacdn.vn/Images/Uploaded/DuLieuDownload/2019/DBC_19CN_BCTN.pdf,DBC_2019_vi.pdf,11.95,,,2020-03-31,2020-03-31,,,ok,2020-03-31,pdf_meta
DBC,VN100,2018,vi,Báo cáo thường niên năm 2018,https://cafefnew.mediacdn.vn/Images/Uploaded/DuLieuDownload/2018/DBC_18CN_BCTN.pdf,DBC_2018_vi.pdf,22.19,,,2019-04-09,2019-04-09,,2019-04-28,ok,2019-04-09,pdf_meta
DBC,VN100,2017,vi,Báo cáo thường niên năm 2017,https://cafefnew.mediacdn.vn/Images/Uploaded/DuLieuDownload/2017/DBC_17CN_BCTN.pdf,DBC_2017_vi.pdf,6.67,,,2018-03-22,2018-03-22,,2018-04-28,ok,2018-03-22,pdf_meta
DBC,VN100,2016,vi,Báo cáo thường niên năm 2016,https://cafefnew.mediacdn.vn/Images/Uploaded/DuLieuDownload/2016/DBC_16CN_BCTN.pdf,DBC_2016_vi.pdf,6.74,,,2017-03-07,2017-03-06,,2017-04-16,ok,2017-03-07,pdf_meta
DCM,VN100,2025,vi,Báo cáo thường niên năm 2025,https://cafefnew.mediacdn.vn/Images/Uploaded/DuLieuDownload/BCTC/DCM_25CN_BCTN.pdf,DCM_2025_vi.pdf,18.25,,,2026-03-19,2026-03-19,,2026-04-22,ok,2026-03-19,pdf_meta
DCM,VN100,2024,vi,Báo cáo thường niên năm 2024,https://cafefnew.mediacdn.vn/Images/Uploaded/DuLieuDownload/BCTC/DCM_24CN_BCTN.pdf,DCM_2024_vi.pdf,12.18,,,2025-03-19,2025-03-18,,2025-06-16,ok,2025-03-19,pdf_meta
DCM,VN100,2023,vi,Báo cáo thường niên năm 2023,https://cafefnew.mediacdn.vn/Images/Uploaded/DuLieuDownload/BCTC/DCM_23CN_BCTN.pdf,DCM_2023_vi.pdf,12.97,,,2024-03-20,2024-03-19,,2024-06-11,ok,2024-03-20,pdf_meta
DCM,VN100,2022,vi,Báo cáo thường niên năm 2022,https://cafefnew.mediacdn.vn/Images/Uploaded/DuLieuDownload/BCTC/DCM_22CN_BCTN.pdf,DCM_2022_vi.pdf,10.85,,,2023-03-20,2023-03-20,,2023-06-13,ok,2023-03-20,pdf_meta
DCM,VN100,2018,vi,Báo cáo thường niên năm 2018,https://cafefnew.mediacdn.vn/Images/Uploaded/DuLieuDownload/2018/DCM_18CN_BCTN.pdf,DCM_2018_vi.pdf,11.35,,,2019-04-17,2019-04-17,,2019-04-25,ok,2019-04-17,pdf_meta
DCM,VN100,2017,vi,Báo cáo thường niên năm 2017,https://cafefnew.mediacdn.vn/Images/Uploaded/DuLieuDownload/2017/DCM_17CN_BCTN.pdf,DCM_2017_vi.pdf,11.85,,,2018-04-18,,,2018-06-13,ok,2018-04-18,pdf_meta
DCM,VN100,2016,vi,Báo cáo thường niên năm 2016,https://cafefnew.mediacdn.vn/Images/Uploaded/DuLieuDownload/2016/DCM_16CN_BCTN.pdf,DCM_2016_vi.pdf,5.45,,,2017-04-12,,,2017-04-21,ok,2017-04-12,pdf_meta
DGW,VN100,2025,vi,Báo cáo thường niên năm 2025,https://cafefnew.mediacdn.vn/Images/Uploaded/DuLieuDownload/BCTC/DGW_25CN_BCTN.pdf,DGW_2025_vi.pdf,7.91,,,2026-04-13,2026-04-13,,2026-04-22,ok,2026-04-13,pdf_meta
DGW,VN100,2024,vi,Báo cáo thường niên năm 2024,https://cafefnew.mediacdn.vn/Images/Uploaded/DuLieuDownload/BCTC/DGW_24CN_BCTN.pdf,DGW_2024_vi.pdf,20.46,,,2025-05-23,2025-05-23,,2025-04-25,ok,,missing
DGW,VN100,2023,vi,Báo cáo thường niên năm 2023,https://cafefnew.mediacdn.vn/Images/Uploaded/DuLieuDownload/BCTC/DGW_23CN_BCTN.pdf,DGW_2023_vi.pdf,30.09,,,2024-04-17,2024-04-17,,2024-04-25,ok,2024-04-17,pdf_meta
DGW,VN100,2022,vi,Báo cáo thường niên năm 2022,https://cafefnew.mediacdn.vn/Images/Uploaded/DuLieuDownload/BCTC/DGW_22CN_BCTN.pdf,DGW_2022_vi.pdf,89.37,,,2023-04-27,2023-04-27,,2023-04-27,ok,2023-04-27,pdf_meta
DGW,VN100,2021,vi,Báo cáo thường niên năm 2021,https://cafefnew.mediacdn.vn/Images/Uploaded/DuLieuDownload/BCTC/DGW_21CN_BCTN.pdf,DGW_2021_vi.pdf,30.42,,,2022-04-19,2022-04-19,,2022-04-07,ok,,missing
DGW,VN100,2020,vi,Báo cáo thường niên năm 2020,https://cafefnew.mediacdn.vn/Images/Uploaded/DuLieuDownload/2020/DGW_20CN_BCTN.pdf,DGW_2020_vi.pdf,57.97,,,2021-04-22,2021-04-22,,2021-04-07,ok,,missing
DGW,VN100,2018,vi,Báo cáo thường niên năm 2018,https://cafefnew.mediacdn.vn/Images/Uploaded/DuLieuDownload/2018/DGW_18CN_BCTN.pdf,DGW_2018_vi.pdf,13.05,,,2019-04-19,2019-04-19,,2019-04-25,ok,2019-04-19,pdf_meta
DGW,VN100,2017,vi,Báo cáo thường niên năm 2017,https://cafefnew.mediacdn.vn/Images/Uploaded/DuLieuDownload/2017/DGW_17CN_BCTN.pdf,DGW_2017_vi.pdf,18.1,,,2018-04-20,2018-04-20,,2018-04-20,ok,2018-04-20,pdf_meta
DGW,VN100,2016,vi,Báo cáo thường niên năm 2016,https://cafefnew.mediacdn.vn/Images/Uploaded/DuLieuDownload/2016/DGW_16CN_BCTN.pdf,DGW_2016_vi.pdf,14.06,,,2017-04-17,2017-04-17,,2017-04-28,ok,2017-04-17,pdf_meta
DIG,VN100,2025,vi,Báo cáo thường niên năm 2025,https://cafefnew.mediacdn.vn/Images/Uploaded/DuLieuDownload/BCTC/DIG_25CN_BCTN.pdf,DIG_2025_vi.pdf,14.52,,,2026-04-14,2026-04-14,,2026-04-24,ok,2026-04-14,pdf_meta
DIG,VN100,2024,vi,Báo cáo thường niên năm 2024,https://cafefnew.mediacdn.vn/Images/Uploaded/DuLieuDownload/BCTC/DIG_24CN_BCTN.pdf,DIG_2024_vi.pdf,28.39,,,2025-04-09,2025-04-09,,2025-04-18,ok,2025-04-09,pdf_meta
DIG,VN100,2021,vi,Báo cáo thường niên năm 2021,https://cafefnew.mediacdn.vn/Images/Uploaded/DuLieuDownload/2021/DIG_21CN_BCTN.pdf,DIG_2021_vi.pdf,10.32,,,2022-04-18,,,2022-04-25,ok,2022-04-18,pdf_meta
DIG,VN100,2020,vi,Báo cáo thường niên năm 2020,https://cafefnew.mediacdn.vn/Images/Uploaded/DuLieuDownload/2020/DIG_20CN_BCTN.pdf,DIG_2020_vi.pdf,24.74,,,2021-05-12,2021-04-27,,2021-04-22,ok,,missing
DIG,VN100,2016,vi,Báo cáo thường niên năm 2016,https://cafefnew.mediacdn.vn/Images/Uploaded/DuLieuDownload/2016/DIG_16CN_BCTN.pdf,DIG_2016_vi.pdf,19.6,,,2017-04-18,2017-04-18,,2017-04-24,ok,2017-04-18,pdf_meta
DPM,VN100,2025,vi,Báo cáo thường niên năm 2025,https://cafefnew.mediacdn.vn/Images/Uploaded/DuLieuDownload/BCTC/DPM_25CN_BCTN.pdf,DPM_2025_vi.pdf,79.65,,,2026-04-12,2026-04-12,,2026-04-23,ok,2026-04-12,pdf_meta
DPM,VN100,2024,vi,Báo cáo thường niên năm 2024,https://cafefnew.mediacdn.vn/Images/Uploaded/DuLieuDownload/BCTC/DPM_24CN_BCTN.pdf,DPM_2024_vi.pdf,23.41,,,2025-04-10,2025-04-10,,2025-04-17,ok,2025-04-10,pdf_meta
DPM,VN100,2023,vi,Báo cáo thường niên năm 2023,https://cafefnew.mediacdn.vn/Images/Uploaded/DuLieuDownload/BCTC/DPM_23CN_BCTN.pdf,DPM_2023_vi.pdf,20.01,,,2024-04-05,2024-04-04,,2024-03-29,ok,,missing
DPM,VN100,2022,vi,Báo cáo thường niên năm 2022,https://cafefnew.mediacdn.vn/Images/Uploaded/DuLieuDownload/BCTC/DPM_22CN_BCTN.pdf,DPM_2022_vi.pdf,19.08,,,2023-03-31,2023-03-31,,2023-06-28,ok,2023-03-31,pdf_meta
DPM,VN100,2021,vi,Báo cáo thường niên năm 2021,https://cafefnew.mediacdn.vn/Images/Uploaded/DuLieuDownload/2021/DPM_21CN_BCTN.pdf,DPM_2021_vi.pdf,9.8,,,2022-04-19,2022-04-19,,2022-06-24,ok,2022-04-19,pdf_meta
DPM,VN100,2020,vi,Báo cáo thường niên năm 2020,https://cafefnew.mediacdn.vn/Images/Uploaded/DuLieuDownload/2020/DPM_20CN_BCTN.pdf,DPM_2020_vi.pdf,13.36,,,2021-04-15,2021-04-15,,2021-05-27,ok,2021-04-15,pdf_meta
DPM,VN100,2019,vi,Báo cáo thường niên năm 2019,https://cafefnew.mediacdn.vn/Images/Uploaded/DuLieuDownload/2019/DPM_19CN_BCTN.pdf,DPM_2019_vi.pdf,11.67,,,2020-04-20,2020-04-20,,2020-06-17,ok,2020-04-20,pdf_meta
DPM,VN100,2018,vi,Báo cáo thường niên năm 2018,https://cafefnew.mediacdn.vn/Images/Uploaded/DuLieuDownload/2018/DPM_18CN_BCTN.pdf,DPM_2018_vi.pdf,11.5,,,2019-04-08,2019-04-08,,2019-04-18,ok,2019-04-08,pdf_meta
DSE,VN100,2025,vi,Báo cáo thường niên năm 2025,https://cafefnew.mediacdn.vn/Images/Uploaded/DuLieuDownload/BCTC/DSE_25CN_BCTN.pdf,DSE_2025_vi.pdf,11.3,,,2026-03-23,,,2026-03-26,ok,2026-03-23,pdf_meta
DSE,VN100,2024,vi,Báo cáo thường niên năm 2024,https://cafefnew.mediacdn.vn/Images/Uploaded/DuLieuDownload/BCTC/DSE_24CN_BCTN.pdf,DSE_2024_vi.pdf,13.37,,,2025-03-18,,,2025-03-19,ok,2025-03-18,pdf_meta
DSE,VN100,2023,vi,Báo cáo thường niên năm 2023,https://cafefnew.mediacdn.vn/Images/Uploaded/DuLieuDownload/BCTC/DSE_23CN_BCTN.pdf,DSE_2023_vi.pdf,53.86,,,2024-03-18,2024-03-18,,,ok,2024-03-18,pdf_meta
DSE,VN100,2022,vi,Báo cáo thường niên năm 2022,https://cafefnew.mediacdn.vn/Images/Uploaded/DuLieuDownload/BCTC/DSE_22CN_BCTN.pdf,DSE_2022_vi.pdf,12.77,,,2023-03-20,2023-03-16,,,ok,2023-03-20,pdf_meta
DSE,VN100,2021,vi,Báo cáo thường niên năm 2021,https://cafefnew.mediacdn.vn/Images/Uploaded/DuLieuDownload/BCTC/DSE_21CN_BCTN.pdf,DSE_2021_vi.pdf,2.31,,,2022-03-23,,,,ok,2022-03-23,pdf_meta
DXG,VN100,2025,vi,Báo cáo thường niên năm 2025,https://cafefnew.mediacdn.vn/Images/Uploaded/DuLieuDownload/BCTC/DXG_25CN_BCTN.pdf,DXG_2025_vi.pdf,17.62,,,2026-05-05,2026-05-05,,2026-04-17,ok,,missing
DXG,VN100,2024,vi,Báo cáo thường niên năm 2024,https://cafefnew.mediacdn.vn/Images/Uploaded/DuLieuDownload/BCTC/DXG_24CN_BCTN.pdf,DXG_2024_vi.pdf,13.32,,,2025-04-19,,,2025-05-09,ok,2025-04-19,pdf_meta
DXG,VN100,2023,vi,Báo cáo thường niên năm 2023,https://cafefnew.mediacdn.vn/Images/Uploaded/DuLieuDownload/BCTC/DXG_23CN_BCTN.pdf,DXG_2023_vi.pdf,0.25,,,2024-04-01,2024-03-30,,2024-04-19,ok,2024-04-01,pdf_meta
DXG,VN100,2021,vi,Báo cáo thường niên năm 2021,https://cafefnew.mediacdn.vn/Images/Uploaded/DuLieuDownload/2021/DXG_21CN_BCTN.pdf,DXG_2021_vi.pdf,7.77,,,2022-04-04,,,2022-04-28,ok,2022-04-04,pdf_meta
DXG,VN100,2020,vi,Báo cáo thường niên năm 2020,https://cafefnew.mediacdn.vn/Images/Uploaded/DuLieuDownload/2020/DXG_20CN_BCTN.pdf,DXG_2020_vi.pdf,82.21,,,2021-05-06,2021-05-06,,2021-06-26,ok,2021-05-06,pdf_meta
DXG,VN100,2019,vi,Báo cáo thường niên năm 2019,https://cafefnew.mediacdn.vn/Images/Uploaded/DuLieuDownload/2019/DXG_19CN_BCTN.pdf,DXG_2019_vi.pdf,15.15,,,2020-03-02,2020-03-02,,2020-05-30,ok,2020-03-02,pdf_meta
DXG,VN100,2018,vi,Báo cáo thường niên năm 2018,https://cafefnew.mediacdn.vn/Images/Uploaded/DuLieuDownload/2018/DXG_18CN_BCTN.pdf,DXG_2018_vi.pdf,6.98,,,2019-03-12,2019-03-05,,2019-03-16,ok,2019-03-12,pdf_meta
DXG,VN100,2017,vi,Báo cáo thường niên năm 2017,https://cafefnew.mediacdn.vn/Images/Uploaded/DuLieuDownload/2017/DXG_17CN_BCTN.pdf,DXG_2017_vi.pdf,11.51,,,2018-03-05,2018-03-05,,2018-03-01,ok,,missing
DXG,VN100,2016,vi,Báo cáo thường niên năm 2016,https://cafefnew.mediacdn.vn/Images/Uploaded/DuLieuDownload/2016/DXG_16CN_BCTN.pdf,DXG_2016_vi.pdf,3.72,,,2017-03-29,2017-03-29,,2017-03-31,ok,2017-03-29,pdf_meta
EIB,VN100,2025,vi,Báo cáo thường niên năm 2025,https://cafefnew.mediacdn.vn/Images/Uploaded/DuLieuDownload/BCTC/EIB_25CN_BCTN.pdf,EIB_2025_vi.pdf,11.81,,,2026-04-17,2026-04-17,,2026-04-28,ok,2026-04-17,pdf_meta
EIB,VN100,2024,vi,Báo cáo thường niên năm 2024,https://cafefnew.mediacdn.vn/Images/Uploaded/DuLieuDownload/BCTC/EIB_24CN_BCTN.pdf,EIB_2024_vi.pdf,17.17,,,2025-04-16,2025-04-16,,2025-04-29,ok,2025-04-16,pdf_meta
EIB,VN100,2023,vi,Báo cáo thường niên năm 2023,https://cafefnew.mediacdn.vn/Images/Uploaded/DuLieuDownload/BCTC/EIB_23CN_BCTN.pdf,EIB_2023_vi.pdf,18.91,,,2024-04-17,2024-04-17,,2024-04-26,ok,2024-04-17,pdf_meta
EIB,VN100,2022,vi,Báo cáo thường niên năm 2022,https://cafefnew.mediacdn.vn/Images/Uploaded/DuLieuDownload/BCTC/EIB_22CN_BCTN.pdf,EIB_2022_vi.pdf,19.78,,,2023-04-06,2023-04-05,,2023-04-17,ok,2023-04-06,pdf_meta
EIB,VN100,2021,vi,Báo cáo thường niên năm 2021,https://cafefnew.mediacdn.vn/Images/Uploaded/DuLieuDownload/2021/EIB_21CN_BCTN.pdf,EIB_2021_vi.pdf,13.63,,,2022-04-20,2022-04-20,,2022-05-27,ok,2022-04-20,pdf_meta
EIB,VN100,2020,vi,Báo cáo thường niên năm 2020,https://cafefnew.mediacdn.vn/Images/Uploaded/DuLieuDownload/2020/EIB_20CN_BCTN.pdf,EIB_2020_vi.pdf,7.6,,,2021-04-20,2021-04-20,,,ok,2021-04-20,pdf_meta
EIB,VN100,2019,vi,Báo cáo thường niên năm 2019,https://cafefnew.mediacdn.vn/Images/Uploaded/DuLieuDownload/2019/EIB_19CN_BCTN.pdf,EIB_2019_vi.pdf,11.04,,,2020-04-20,2020-04-17,,,ok,2020-04-20,pdf_meta
EIB,VN100,2018,vi,Báo cáo thường niên năm 2018,https://cafefnew.mediacdn.vn/Images/Uploaded/DuLieuDownload/2018/EIB_18CN_BCTN.pdf,EIB_2018_vi.pdf,131.1,,,2019-04-18,2019-04-18,,,ok,2019-04-18,pdf_meta
EIB,VN100,2017,vi,Báo cáo thường niên năm 2017,https://cafefnew.mediacdn.vn/Images/Uploaded/DuLieuDownload/2017/EIB_17CN_BCTN.pdf,EIB_2017_vi.pdf,12.04,,,2018-04-17,2018-04-17,,2018-04-28,ok,2018-04-17,pdf_meta
EIB,VN100,2016,vi,Báo cáo thường niên năm 2016,https://cafefnew.mediacdn.vn/Images/Uploaded/DuLieuDownload/2016/EIB_16CN_BCTN.pdf,EIB_2016_vi.pdf,11.8,,,2017-04-18,2017-04-17,,2017-04-22,ok,2017-04-18,pdf_meta
EVF,VN100,2025,vi,Báo cáo thường niên năm 2025,https://cafefnew.mediacdn.vn/Images/Uploaded/DuLieuDownload/BCTC/EVF_25CN_BCTN.pdf,EVF_2025_vi.pdf,18.01,,,2026-03-04,,,2026-04-03,ok,2026-03-04,pdf_meta
EVF,VN100,2024,vi,Báo cáo thường niên năm 2024,https://cafefnew.mediacdn.vn/Images/Uploaded/DuLieuDownload/BCTC/EVF_24CN_BCTN.pdf,EVF_2024_vi.pdf,9.44,,,2025-03-19,,,2025-04-05,ok,2025-03-19,pdf_meta
EVF,VN100,2023,vi,Báo cáo thường niên năm 2023,https://cafefnew.mediacdn.vn/Images/Uploaded/DuLieuDownload/BCTC/EVF_23CN_BCTN.pdf,EVF_2023_vi.pdf,17.97,,,2024-03-08,2024-03-07,,2024-03-15,ok,2024-03-08,pdf_meta
EVF,VN100,2022,vi,Báo cáo thường niên năm 2022,https://cafefnew.mediacdn.vn/Images/Uploaded/DuLieuDownload/BCTC/EVF_22CN_BCTN.pdf,EVF_2022_vi.pdf,3.21,,,,,,2023-03-17,ok,,missing
EVF,VN100,2021,vi,Báo cáo thường niên năm 2021,https://cafefnew.mediacdn.vn/Images/Uploaded/DuLieuDownload/2021/EVF_21CN_BCTN.pdf,EVF_2021_vi.pdf,10.77,,,,,,2022-04-01,ok,,missing
EVF,VN100,2020,vi,Báo cáo thường niên năm 2020,https://cafefnew.mediacdn.vn/Images/Uploaded/DuLieuDownload/2020/EVF_20CN_BCTN.pdf,EVF_2020_vi.pdf,4.6,,,,,,2021-04-27,ok,,missing
EVF,VN100,2019,vi,Báo cáo thường niên năm 2019,https://cafefnew.mediacdn.vn/Images/Uploaded/DuLieuDownload/2019/EVF_19CN_BCTN.pdf,EVF_2019_vi.pdf,4.87,,,2020-04-20,2020-04-15,,2020-06-10,ok,2020-04-20,pdf_meta
EVF,VN100,2018,vi,Báo cáo thường niên năm 2018,https://cafefnew.mediacdn.vn/Images/Uploaded/DuLieuDownload/2018/EVF_18CN_BCTN.pdf,EVF_2018_vi.pdf,5.8,,,,2019-04-23,,2019-04-18,ok,,missing
FPT,VN30,2025,vi,Báo cáo thường niên năm 2025,https://cafefnew.mediacdn.vn/Images/Uploaded/DuLieuDownload/BCTC/FPT_25CN_BCTN.pdf,FPT_2025_vi.pdf,12.76,,,2026-04-08,2026-03-31,,2026-04-16,ok,2026-04-08,pdf_meta
FPT,VN30,2024,vi,Báo cáo thường niên năm 2024,https://cafefnew.mediacdn.vn/Images/Uploaded/DuLieuDownload/BCTC/FPT_24CN_BCTN.pdf,FPT_2024_vi.pdf,10.94,,,2025-04-02,2025-04-01,,2025-04-15,ok,2025-04-02,pdf_meta
FPT,VN30,2023,vi,Báo cáo thường niên năm 2023,https://cafefnew.mediacdn.vn/Images/Uploaded/DuLieuDownload/BCTC/FPT_23CN_BCTN.pdf,FPT_2023_vi.pdf,14.72,,,2024-03-26,2024-03-26,,2024-04-10,ok,2024-03-26,pdf_meta
FPT,VN30,2022,vi,Báo cáo thường niên năm 2022,https://cafefnew.mediacdn.vn/Images/Uploaded/DuLieuDownload/BCTC/FPT_22CN_BCTN.pdf,FPT_2022_vi.pdf,13.8,,,2023-03-28,2023-03-27,,2023-04-07,ok,2023-03-28,pdf_meta
FPT,VN30,2021,vi,Báo cáo thường niên năm 2021,https://cafefnew.mediacdn.vn/Images/Uploaded/DuLieuDownload/2021/FPT_21CN_BCTN.pdf,FPT_2021_vi.pdf,9.58,,,2022-03-23,2022-03-21,,2022-04-08,ok,2022-03-23,pdf_meta
FPT,VN30,2020,vi,Báo cáo thường niên năm 2020,https://cafefnew.mediacdn.vn/Images/Uploaded/DuLieuDownload/2020/FPT_20CN_BCTN.pdf,FPT_2020_vi.pdf,14.19,,,2021-03-25,2021-03-25,,2021-04-09,ok,2021-03-25,pdf_meta
FPT,VN30,2019,vi,Báo cáo thường niên năm 2019,https://cafefnew.mediacdn.vn/Images/Uploaded/DuLieuDownload/2019/FPT_19CN_BCTN.pdf,FPT_2019_vi.pdf,14.37,,,2020-03-24,2020-03-24,,2020-04-09,ok,2020-03-24,pdf_meta
FPT,VN30,2018,vi,Báo cáo thường niên năm 2018,https://cafefnew.mediacdn.vn/Images/Uploaded/DuLieuDownload/2018/FPT_18CN_BCTN.pdf,FPT_2018_vi.pdf,10.98,,,2019-03-20,2019-03-20,,2019-03-29,ok,2019-03-20,pdf_meta
FPT,VN30,2017,vi,Báo cáo thường niên năm 2017,https://cafefnew.mediacdn.vn/Images/Uploaded/DuLieuDownload/2017/FPT_17CN_BCTN.pdf,FPT_2017_vi.pdf,9.23,,,2018-03-27,2018-03-27,,2018-04-06,ok,2018-03-27,pdf_meta
FPT,VN30,2016,vi,Báo cáo thường niên năm 2016,https://cafefnew.mediacdn.vn/Images/Uploaded/DuLieuDownload/2016/FPT_16CN_BCTN.pdf,FPT_2016_vi.pdf,8.4,,,2017-03-21,2017-03-20,,2017-03-31,ok,2017-03-21,pdf_meta
FRT,VN100,2025,vi,Báo cáo thường niên năm 2025,https://cafefnew.mediacdn.vn/Images/Uploaded/DuLieuDownload/BCTC/FRT_25CN_BCTN.pdf,FRT_2025_vi.pdf,17.34,,,2026-04-14,,,2026-04-17,ok,2026-04-14,pdf_meta
FRT,VN100,2024,vi,Báo cáo thường niên năm 2024,https://cafefnew.mediacdn.vn/Images/Uploaded/DuLieuDownload/BCTC/FRT_24CN_BCTN.pdf,FRT_2024_vi.pdf,14.0,,,2025-03-26,,,2025-04-25,ok,2025-03-26,pdf_meta
FRT,VN100,2023,vi,Báo cáo thường niên năm 2023,https://cafefnew.mediacdn.vn/Images/Uploaded/DuLieuDownload/BCTC/FRT_23CN_BCTN.pdf,FRT_2023_vi.pdf,48.12,,,2024-03-27,2024-03-27,,2024-04-17,ok,2024-03-27,pdf_meta
FRT,VN100,2022,vi,Báo cáo thường niên năm 2022,https://cafefnew.mediacdn.vn/Images/Uploaded/DuLieuDownload/BCTC/FRT_22CN_BCTN.pdf,FRT_2022_vi.pdf,12.45,,,2023-04-07,,,2023-04-17,ok,2023-04-07,pdf_meta
FRT,VN100,2021,vi,Báo cáo thường niên năm 2021,https://cafefnew.mediacdn.vn/Images/Uploaded/DuLieuDownload/2021/FRT_21CN_BCTN.pdf,FRT_2021_vi.pdf,10.43,,,2022-03-29,,,2022-04-15,ok,2022-03-29,pdf_meta
FRT,VN100,2020,vi,Báo cáo thường niên năm 2020,https://cafefnew.mediacdn.vn/Images/Uploaded/DuLieuDownload/2020/FRT_20CN_BCTN.pdf,FRT_2020_vi.pdf,5.03,,,2021-04-20,,,2021-04-29,ok,2021-04-20,pdf_meta
FRT,VN100,2019,vi,Báo cáo thường niên năm 2019,https://cafefnew.mediacdn.vn/Images/Uploaded/DuLieuDownload/2019/FRT_19CN_BCTN.pdf,FRT_2019_vi.pdf,4.27,,,2020-04-20,2020-04-20,,2020-05-29,ok,2020-04-20,pdf_meta
FRT,VN100,2018,vi,Báo cáo thường niên năm 2018,https://cafefnew.mediacdn.vn/Images/Uploaded/DuLieuDownload/2018/FRT_18CN_BCTN.pdf,FRT_2018_vi.pdf,5.96,,,2019-04-12,2019-04-12,,2019-03-28,ok,,missing
FRT,VN100,2017,vi,Báo cáo thường niên năm 2017,https://cafefnew.mediacdn.vn/Images/Uploaded/DuLieuDownload/2017/FRT_17CN_BCTN.pdf,FRT_2017_vi.pdf,7.76,,,2018-04-23,,,2018-03-28,ok,,missing
FTS,VN100,2025,vi,Báo cáo thường niên năm 2025,https://cafefnew.mediacdn.vn/Images/Uploaded/DuLieuDownload/BCTC/FTS_25CN_BCTN.pdf,FTS_2025_vi.pdf,17.62,,,2026-03-25,2026-03-25,,2026-03-31,ok,2026-03-25,pdf_meta
FTS,VN100,2024,vi,Báo cáo thường niên năm 2024,https://cafefnew.mediacdn.vn/Images/Uploaded/DuLieuDownload/BCTC/FTS_24CN_BCTN.pdf,FTS_2024_vi.pdf,14.02,,,2025-03-29,2025-03-29,,2025-04-01,ok,2025-03-29,pdf_meta
FTS,VN100,2023,vi,Báo cáo thường niên năm 2023,https://cafefnew.mediacdn.vn/Images/Uploaded/DuLieuDownload/BCTC/FTS_23CN_BCTN.pdf,FTS_2023_vi.pdf,5.74,,,2024-03-22,2024-03-22,,2024-03-28,ok,2024-03-22,pdf_meta
FTS,VN100,2021,vi,Báo cáo thường niên năm 2021,https://cafefnew.mediacdn.vn/Images/Uploaded/DuLieuDownload/2021/FTS_21CN_BCTN.pdf,FTS_2021_vi.pdf,6.26,,,2022-02-18,2022-02-18,,,ok,2022-02-18,pdf_meta
FTS,VN100,2020,vi,Báo cáo thường niên năm 2020,https://cafefnew.mediacdn.vn/Images/Uploaded/DuLieuDownload/2020/FTS_20CN_BCTN.pdf,FTS_2020_vi.pdf,7.75,,,,,,2021-04-13,ok,,missing
FTS,VN100,2019,vi,Báo cáo thường niên năm 2019,https://cafefnew.mediacdn.vn/Images/Uploaded/DuLieuDownload/2019/FTS_19CN_BCTN.pdf,FTS_2019_vi.pdf,4.8,,,2020-04-06,2020-04-06,,2020-04-07,ok,2020-04-06,pdf_meta
FTS,VN100,2018,vi,Báo cáo thường niên năm 2018,https://cafefnew.mediacdn.vn/Images/Uploaded/DuLieuDownload/2018/FTS_18CN_BCTN.pdf,FTS_2018_vi.pdf,10.36,,,2019-03-12,,,2019-03-21,ok,2019-03-12,pdf_meta
FTS,VN100,2017,vi,Báo cáo thường niên năm 2017,https://cafefnew.mediacdn.vn/Images/Uploaded/DuLieuDownload/2017/FTS_17CN_BCTN.pdf,FTS_2017_vi.pdf,10.99,,,2018-04-12,,,2018-04-11,ok,,missing
FTS,VN100,2016,vi,Báo cáo thường niên năm 2016,https://cafefnew.mediacdn.vn/Images/Uploaded/DuLieuDownload/2016/FTS_16CN_BCTN.pdf,FTS_2016_vi.pdf,0.21,,,,2017-04-20,,2017-03-30,ok,,missing
GAS,VN30,2025,vi,Báo cáo thường niên năm 2025,https://cafefnew.mediacdn.vn/Images/Uploaded/DuLieuDownload/BCTC/GAS_25CN_BCTN.pdf,GAS_2025_vi.pdf,19.4,,,,,,2026-05-22,ok,,missing
GAS,VN30,2024,vi,Báo cáo thường niên năm 2024,https://cafefnew.mediacdn.vn/Images/Uploaded/DuLieuDownload/BCTC/GAS_24CN_BCTN.pdf,GAS_2024_vi.pdf,1.68,,,2025-03-19,2025-03-19,,2025-05-30,ok,2025-03-19,pdf_meta
GAS,VN30,2023,vi,Báo cáo thường niên năm 2023,https://cafefnew.mediacdn.vn/Images/Uploaded/DuLieuDownload/BCTC/GAS_23CN_BCTN.pdf,GAS_2023_vi.pdf,7.43,,,2024-03-20,2024-03-20,,2024-05-29,ok,2024-03-20,pdf_meta
GAS,VN30,2022,vi,Báo cáo thường niên năm 2022,https://cafefnew.mediacdn.vn/Images/Uploaded/DuLieuDownload/BCTC/GAS_22CN_BCTN.pdf,GAS_2022_vi.pdf,9.29,,,2023-03-30,2023-03-30,,2023-05-25,ok,2023-03-30,pdf_meta
GAS,VN30,2018,vi,Báo cáo thường niên năm 2018,https://cafefnew.mediacdn.vn/Images/Uploaded/DuLieuDownload/2018/GAS_18CN_BCTN.pdf,GAS_2018_vi.pdf,11.73,,,2019-04-16,2019-04-16,,2019-04-10,ok,,missing
GAS,VN30,2016,vi,Báo cáo thường niên năm 2016,https://cafefnew.mediacdn.vn/Images/Uploaded/DuLieuDownload/2016/GAS_16CN_BCTN.pdf,GAS_2016_vi.pdf,33.86,,,2017-04-07,2017-04-07,,2017-04-17,ok,2017-04-07,pdf_meta
GEE,VN100,2025,vi,Báo cáo thường niên năm 2025,https://cafefnew.mediacdn.vn/Images/Uploaded/DuLieuDownload/BCTC/GEE_25CN_BCTN.pdf,GEE_2025_vi.pdf,7.48,,,2026-04-05,,,2026-04-08,ok,2026-04-05,pdf_meta
GEE,VN100,2024,vi,Báo cáo thường niên năm 2024,https://cafefnew.mediacdn.vn/Images/Uploaded/DuLieuDownload/BCTC/GEE_24CN_BCTN.pdf,GEE_2024_vi.pdf,11.23,,,2025-03-24,,,2025-03-25,ok,2025-03-24,pdf_meta
GEE,VN100,2023,vi,Báo cáo thường niên năm 2023,https://cafefnew.mediacdn.vn/Images/Uploaded/DuLieuDownload/BCTC/GEE_23CN_BCTN.pdf,GEE_2023_vi.pdf,20.21,,,2024-03-22,,,2024-03-28,ok,2024-03-22,pdf_meta
GEE,VN100,2022,vi,Báo cáo thường niên năm 2022,https://cafefnew.mediacdn.vn/Images/Uploaded/DuLieuDownload/BCTC/GEE_22CN_BCTN.pdf,GEE_2022_vi.pdf,11.7,,,2023-04-09,2023-04-09,,2023-04-19,ok,2023-04-09,pdf_meta
GEE,VN100,2021,vi,Báo cáo thường niên năm 2021,https://cafefnew.mediacdn.vn/Images/Uploaded/DuLieuDownload/2021/GEE_21CN_BCTN.pdf,GEE_2021_vi.pdf,8.44,,,2022-03-22,,,2022-04-15,ok,2022-03-22,pdf_meta
GEX,VN100,2025,vi,Báo cáo thường niên năm 2025,https://cafefnew.mediacdn.vn/Images/Uploaded/DuLieuDownload/BCTC/GEX_25CN_BCTN.pdf,GEX_2025_vi.pdf,5.62,,,2026-03-23,2026-03-23,,2026-04-01,ok,2026-03-23,pdf_meta
GEX,VN100,2024,vi,Báo cáo thường niên năm 2024,https://cafefnew.mediacdn.vn/Images/Uploaded/DuLieuDownload/BCTC/GEX_24CN_BCTN.pdf,GEX_2024_vi.pdf,3.53,,,2025-03-18,2025-03-18,,2025-03-27,ok,2025-03-18,pdf_meta
GEX,VN100,2023,vi,Báo cáo thường niên năm 2023,https://cafefnew.mediacdn.vn/Images/Uploaded/DuLieuDownload/BCTC/GEX_23CN_BCTN.pdf,GEX_2023_vi.pdf,13.9,,,2024-03-19,2024-03-18,,2024-03-28,ok,2024-03-19,pdf_meta
GEX,VN100,2022,vi,Báo cáo thường niên năm 2022,https://cafefnew.mediacdn.vn/Images/Uploaded/DuLieuDownload/BCTC/GEX_22CN_BCTN.pdf,GEX_2022_vi.pdf,10.74,,,2023-04-07,2023-04-07,,,ok,2023-04-07,pdf_meta
GEX,VN100,2021,vi,Báo cáo thường niên năm 2021,https://cafefnew.mediacdn.vn/Images/Uploaded/DuLieuDownload/2021/GEX_21CN_BCTN.pdf,GEX_2021_vi.pdf,9.76,,,,,,2022-05-13,ok,,missing
GEX,VN100,2020,vi,Báo cáo thường niên năm 2020,https://cafefnew.mediacdn.vn/Images/Uploaded/DuLieuDownload/2020/GEX_20CN_BCTN.pdf,GEX_2020_vi.pdf,18.17,,,,,,2021-06-18,ok,,missing
GEX,VN100,2019,vi,Báo cáo thường niên năm 2019,https://cafefnew.mediacdn.vn/Images/Uploaded/DuLieuDownload/2019/GEX_19CN_BCTN.pdf,GEX_2019_vi.pdf,10.05,,,,,,2020-06-19,ok,,missing
GEX,VN100,2018,vi,Báo cáo thường niên năm 2018,https://cafefnew.mediacdn.vn/Images/Uploaded/DuLieuDownload/2018/GEX_18CN_BCTN.pdf,GEX_2018_vi.pdf,5.79,,,2019-04-20,2019-04-20,,2019-04-20,ok,2019-04-20,pdf_meta
GEX,VN100,2017,vi,Báo cáo thường niên năm 2017,https://cafefnew.mediacdn.vn/Images/Uploaded/DuLieuDownload/2017/GEX_17CN_BCTN.pdf,GEX_2017_vi.pdf,18.41,,,2018-04-26,2018-05-26,,2018-04-27,ok,2018-04-26,pdf_meta
GEX,VN100,2016,vi,Báo cáo thường niên năm 2016,https://cafefnew.mediacdn.vn/Images/Uploaded/DuLieuDownload/2016/GEX_16CN_BCTN.pdf,GEX_2016_vi.pdf,12.69,,,2017-04-19,2017-04-19,,2017-04-25,ok,2017-04-19,pdf_meta
GMD,VN100,2025,vi,Báo cáo thường niên năm 2025,https://cafefnew.mediacdn.vn/Images/Uploaded/DuLieuDownload/BCTC/GMD_25CN_BCTN.pdf,GMD_2025_vi.pdf,12.46,,,2026-04-18,2026-04-17,,2026-05-06,ok,2026-04-18,pdf_meta
GMD,VN100,2024,vi,Báo cáo thường niên năm 2024,https://cafefnew.mediacdn.vn/Images/Uploaded/DuLieuDownload/BCTC/GMD_24CN_BCTN.pdf,GMD_2024_vi.pdf,8.97,,,2025-04-20,2025-04-20,,2025-06-24,ok,2025-04-20,pdf_meta
GMD,VN100,2023,vi,Báo cáo thường niên năm 2023,https://cafefnew.mediacdn.vn/Images/Uploaded/DuLieuDownload/BCTC/GMD_23CN_BCTN.pdf,GMD_2023_vi.pdf,12.23,,,2024-04-19,2024-04-19,,2024-06-25,ok,2024-04-19,pdf_meta
GMD,VN100,2021,vi,Báo cáo thường niên năm 2021,https://cafefnew.mediacdn.vn/Images/Uploaded/DuLieuDownload/2021/GMD_21CN_BCTN.pdf,GMD_2021_vi.pdf,19.23,,,2022-04-19,2022-04-19,,2022-04-25,ok,2022-04-19,pdf_meta
GMD,VN100,2020,vi,Báo cáo thường niên năm 2020,https://cafefnew.mediacdn.vn/Images/Uploaded/DuLieuDownload/2020/GMD_20CN_BCTN.pdf,GMD_2020_vi.pdf,9.8,,,2021-04-20,2021-04-20,,2021-06-30,ok,2021-04-20,pdf_meta
GMD,VN100,2018,vi,Báo cáo thường niên năm 2018,https://cafefnew.mediacdn.vn/Images/Uploaded/DuLieuDownload/2018/GMD_18CN_BCTN.pdf,GMD_2018_vi.pdf,11.63,,,2019-05-03,2019-05-03,,2019-05-16,ok,2019-05-03,pdf_meta
GMD,VN100,2017,vi,Báo cáo thường niên năm 2017,https://cafefnew.mediacdn.vn/Images/Uploaded/DuLieuDownload/2017/GMD_17CN_BCTN.pdf,GMD_2017_vi.pdf,12.92,,,2018-04-21,2018-04-21,,2018-05-30,ok,2018-04-21,pdf_meta
GMD,VN100,2016,vi,Báo cáo thường niên năm 2016,https://cafefnew.mediacdn.vn/Images/Uploaded/DuLieuDownload/2016/GMD_16CN_BCTN.pdf,GMD_2016_vi.pdf,6.12,,,2017-04-20,2017-04-20,,2017-05-26,ok,2017-04-20,pdf_meta
GVR,VN30,2025,vi,Báo cáo thường niên năm 2025,https://cafefnew.mediacdn.vn/Images/Uploaded/DuLieuDownload/BCTC/GVR_25CN_BCTN.pdf,GVR_2025_vi.pdf,10.36,,,2026-04-19,2026-04-19,,2026-06-17,ok,2026-04-19,pdf_meta
GVR,VN30,2024,vi,Báo cáo thường niên năm 2024,https://cafefnew.mediacdn.vn/Images/Uploaded/DuLieuDownload/BCTC/GVR_24CN_BCTN.pdf,GVR_2024_vi.pdf,13.89,,,2025-04-21,,,2025-06-17,ok,2025-04-21,pdf_meta
GVR,VN30,2023,vi,Báo cáo thường niên năm 2023,https://cafefnew.mediacdn.vn/Images/Uploaded/DuLieuDownload/BCTC/GVR_23CN_BCTN.pdf,GVR_2023_vi.pdf,9.2,,,2024-04-19,2024-04-12,,2024-06-17,ok,2024-04-19,pdf_meta
GVR,VN30,2022,vi,Báo cáo thường niên năm 2022,https://cafefnew.mediacdn.vn/Images/Uploaded/DuLieuDownload/BCTC/GVR_22CN_BCTN.pdf,GVR_2022_vi.pdf,11.19,,,2023-04-17,2023-04-03,,2023-06-16,ok,2023-04-17,pdf_meta
GVR,VN30,2021,vi,Báo cáo thường niên năm 2021,https://cafefnew.mediacdn.vn/Images/Uploaded/DuLieuDownload/2021/GVR_21CN_BCTN.pdf,GVR_2021_vi.pdf,11.1,,,2022-04-19,2022-04-06,,2022-06-17,ok,2022-04-19,pdf_meta
GVR,VN30,2020,vi,Báo cáo thường niên năm 2020,https://cafefnew.mediacdn.vn/Images/Uploaded/DuLieuDownload/2020/GVR_20CN_BCTN.pdf,GVR_2020_vi.pdf,8.19,,,2021-04-13,2021-04-08,,2021-06-25,ok,2021-04-13,pdf_meta
GVR,VN30,2018,vi,Báo cáo thường niên năm 2018,https://cafefnew.mediacdn.vn/Images/Uploaded/DuLieuDownload/2018/GVR_18CN_BCTN.pdf,GVR_2018_vi.pdf,10.19,,,2019-04-24,2019-04-24,,2019-06-12,ok,2019-04-24,pdf_meta
HAG,VN100,2025,vi,Báo cáo thường niên năm 2025,https://cafefnew.mediacdn.vn/Images/Uploaded/DuLieuDownload/BCTC/HAG_25CN_BCTN.pdf,HAG_2025_vi.pdf,26.28,,,2026-04-16,2026-04-16,,2026-04-17,ok,2026-04-16,pdf_meta
HAG,VN100,2024,vi,Báo cáo thường niên năm 2024,https://cafefnew.mediacdn.vn/Images/Uploaded/DuLieuDownload/BCTC/HAG_24CN_BCTN.pdf,HAG_2024_vi.pdf,14.39,,,2025-04-20,2025-04-20,,2025-06-06,ok,2025-04-20,pdf_meta
HAG,VN100,2023,vi,Báo cáo thường niên năm 2023,https://cafefnew.mediacdn.vn/Images/Uploaded/DuLieuDownload/BCTC/HAG_23CN_BCTN.pdf,HAG_2023_vi.pdf,8.65,,,2024-04-15,2024-04-15,,2024-05-10,ok,2024-04-15,pdf_meta
HAG,VN100,2021,vi,Báo cáo thường niên năm 2021,https://cafefnew.mediacdn.vn/Images/Uploaded/DuLieuDownload/2021/HAG_21CN_BCTN.pdf,HAG_2021_vi.pdf,16.39,,,2022-03-31,2022-03-31,,2022-04-08,ok,2022-03-31,pdf_meta
HAG,VN100,2020,vi,Báo cáo thường niên năm 2020,https://cafefnew.mediacdn.vn/Images/Uploaded/DuLieuDownload/2020/HAG_20CN_BCTN.pdf,HAG_2020_vi.pdf,12.29,,,2021-04-29,2021-04-29,,2021-11-27,ok,2021-04-29,pdf_meta
HAG,VN100,2019,vi,Báo cáo thường niên năm 2019,https://cafefnew.mediacdn.vn/Images/Uploaded/DuLieuDownload/2019/HAG_19CN_BCTN.pdf,HAG_2019_vi.pdf,7.03,,,2020-04-29,2020-04-29,,2020-06-27,ok,2020-04-29,pdf_meta
HAG,VN100,2018,vi,Báo cáo thường niên năm 2018,https://cafefnew.mediacdn.vn/Images/Uploaded/DuLieuDownload/2018/HAG_18CN_BCTN.pdf,HAG_2018_vi.pdf,10.34,,,2019-04-19,2019-04-19,,2019-04-26,ok,2019-04-19,pdf_meta
HAG,VN100,2017,vi,Báo cáo thường niên năm 2017,https://cafefnew.mediacdn.vn/Images/Uploaded/DuLieuDownload/2017/HAG_17CN_BCTN.pdf,HAG_2017_vi.pdf,5.93,,,2018-04-20,2018-04-20,,,ok,2018-04-20,pdf_meta
HAG,VN100,2016,vi,Báo cáo thường niên năm 2016,https://cafefnew.mediacdn.vn/Images/Uploaded/DuLieuDownload/2016/HAG_16CN_BCTN.pdf,HAG_2016_vi.pdf,8.22,,,2017-06-14,2017-06-14,,2017-06-30,ok,2017-06-14,pdf_meta
HCM,VN100,2025,vi,Báo cáo thường niên năm 2025,https://cafefnew.mediacdn.vn/Images/Uploaded/DuLieuDownload/BCTC/HCM_25CN_BCTN.pdf,HCM_2025_vi.pdf,13.5,,,2026-04-03,2026-04-03,,2026-04-23,ok,2026-04-03,pdf_meta
HCM,VN100,2024,vi,Báo cáo thường niên năm 2024,https://cafefnew.mediacdn.vn/Images/Uploaded/DuLieuDownload/BCTC/HCM_24CN_BCTN.pdf,HCM_2024_vi.pdf,10.16,,,2025-03-31,2025-03-31,,2025-04-22,ok,2025-03-31,pdf_meta
HCM,VN100,2023,vi,Báo cáo thường niên năm 2023,https://cafefnew.mediacdn.vn/Images/Uploaded/DuLieuDownload/BCTC/HCM_23CN_BCTN.pdf,HCM_2023_vi.pdf,5.15,,,2024-04-03,2024-04-03,,2024-04-25,ok,2024-04-03,pdf_meta
HCM,VN100,2022,vi,Báo cáo thường niên năm 2022,https://cafefnew.mediacdn.vn/Images/Uploaded/DuLieuDownload/BCTC/HCM_22CN_BCTN.pdf,HCM_2022_vi.pdf,7.31,,,2023-04-10,2023-04-10,,2023-04-26,ok,2023-04-10,pdf_meta
HCM,VN100,2021,vi,Báo cáo thường niên năm 2021,https://cafefnew.mediacdn.vn/Images/Uploaded/DuLieuDownload/2021/HCM_21CN_BCTN.pdf,HCM_2021_vi.pdf,5.16,,,2022-04-13,2022-04-13,,2022-08-08,ok,2022-04-13,pdf_meta
HCM,VN100,2020,vi,Báo cáo thường niên năm 2020,https://cafefnew.mediacdn.vn/Images/Uploaded/DuLieuDownload/2020/HCM_20CN_BCTN.pdf,HCM_2020_vi.pdf,4.13,,,2021-04-09,2021-04-02,,2021-04-23,ok,2021-04-09,pdf_meta
HCM,VN100,2019,vi,Báo cáo thường niên năm 2019,https://cafefnew.mediacdn.vn/Images/Uploaded/DuLieuDownload/2019/HCM_19CN_BCTN.pdf,HCM_2019_vi.pdf,6.0,,,2020-04-17,2020-04-17,,2020-06-24,ok,2020-04-17,pdf_meta
HCM,VN100,2018,vi,Báo cáo thường niên năm 2018,https://cafefnew.mediacdn.vn/Images/Uploaded/DuLieuDownload/2018/HCM_18CN_BCTN.pdf,HCM_2018_vi.pdf,6.02,,,2019-04-17,2019-04-17,,2019-04-26,ok,2019-04-17,pdf_meta
HCM,VN100,2017,vi,Báo cáo thường niên năm 2017,https://cafefnew.mediacdn.vn/Images/Uploaded/DuLieuDownload/2017/HCM_17CN_BCTN.pdf,HCM_2017_vi.pdf,4.38,,,2018-04-17,2018-04-16,,2018-04-27,ok,2018-04-17,pdf_meta
HCM,VN100,2016,vi,Báo cáo thường niên năm 2016,https://cafefnew.mediacdn.vn/Images/Uploaded/DuLieuDownload/2016/HCM_16CN_BCTN.pdf,HCM_2016_vi.pdf,5.52,,,2017-04-20,2017-04-19,,2017-04-25,ok,2017-04-20,pdf_meta
HDB,VN30,2025,vi,Báo cáo thường niên năm 2025,https://cafefnew.mediacdn.vn/Images/Uploaded/DuLieuDownload/BCTC/HDB_25CN_BCTN.pdf,HDB_2025_vi.pdf,21.61,,,2026-04-20,2026-04-20,,2026-04-24,ok,2026-04-20,pdf_meta
HDB,VN30,2024,vi,Báo cáo thường niên năm 2024,https://cafefnew.mediacdn.vn/Images/Uploaded/DuLieuDownload/BCTC/HDB_24CN_BCTN.pdf,HDB_2024_vi.pdf,20.79,,,2025-05-16,2025-05-16,,2025-04-24,ok,,missing
HDB,VN30,2022,vi,Báo cáo thường niên năm 2022,https://cafefnew.mediacdn.vn/Images/Uploaded/DuLieuDownload/BCTC/HDB_22CN_BCTN.pdf,HDB_2022_vi.pdf,33.95,,,2023-04-21,2023-04-21,,2023-04-27,ok,2023-04-21,pdf_meta
HDB,VN30,2021,vi,Báo cáo thường niên năm 2021,https://cafefnew.mediacdn.vn/Images/Uploaded/DuLieuDownload/BCTC/HDB_21CN_BCTN.pdf,HDB_2021_vi.pdf,26.78,,,2022-04-19,,,2022-04-27,ok,2022-04-19,pdf_meta
HDB,VN30,2020,vi,Báo cáo thường niên năm 2020,https://cafefnew.mediacdn.vn/Images/Uploaded/DuLieuDownload/2020/HDB_20CN_BCTN.pdf,HDB_2020_vi.pdf,12.77,,,,2021-04-28,,,ok,2021-04-28,pdf_meta
HDB,VN30,2018,vi,Báo cáo thường niên năm 2018,https://cafefnew.mediacdn.vn/Images/Uploaded/DuLieuDownload/2018/HDB_18CN_BCTN.pdf,HDB_2018_vi.pdf,53.47,,,2019-04-19,2019-04-19,,2019-04-23,ok,2019-04-19,pdf_meta
HDB,VN30,2017,vi,Báo cáo thường niên năm 2017,https://cafefnew.mediacdn.vn/Images/Uploaded/DuLieuDownload/2017/HDB_17CN_BCTN.pdf,HDB_2017_vi.pdf,14.33,,,2018-04-19,2018-04-18,,2018-04-21,ok,2018-04-19,pdf_meta
HDB,VN30,2016,vi,Báo cáo thường niên năm 2016,https://cafefnew.mediacdn.vn/Images/Uploaded/DuLieuDownload/2016/HDB_16CN_BCTN.pdf,HDB_2016_vi.pdf,19.09,,,2017-06-01,2017-06-01,,,ok,2017-06-01,pdf_meta
HDG,VN100,2025,vi,Báo cáo thường niên năm 2025,https://cafefnew.mediacdn.vn/Images/Uploaded/DuLieuDownload/BCTC/HDG_25CN_BCTN.pdf,HDG_2025_vi.pdf,17.74,,,2026-04-20,2026-04-20,,2026-04-24,ok,2026-04-20,pdf_meta
HDG,VN100,2024,vi,Báo cáo thường niên năm 2024,https://cafefnew.mediacdn.vn/Images/Uploaded/DuLieuDownload/BCTC/HDG_24CN_BCTN.pdf,HDG_2024_vi.pdf,13.75,,,2025-04-20,2025-04-16,,2025-04-26,ok,2025-04-20,pdf_meta
HDG,VN100,2023,vi,Báo cáo thường niên năm 2023,https://cafefnew.mediacdn.vn/Images/Uploaded/DuLieuDownload/BCTC/HDG_23CN_BCTN.pdf,HDG_2023_vi.pdf,19.34,,,2024-04-22,2024-04-19,,2024-04-27,ok,2024-04-22,pdf_meta
HDG,VN100,2021,vi,Báo cáo thường niên năm 2021,https://cafefnew.mediacdn.vn/Images/Uploaded/DuLieuDownload/2021/HDG_21CN_BCTN.pdf,HDG_2021_vi.pdf,12.61,,,2022-04-20,,,2022-04-23,ok,2022-04-20,pdf_meta
HDG,VN100,2019,vi,Báo cáo thường niên năm 2019,https://cafefnew.mediacdn.vn/Images/Uploaded/DuLieuDownload/2019/HDG_19CN_BCTN.pdf,HDG_2019_vi.pdf,4.61,,,2020-04-29,2020-04-28,,,ok,2020-04-29,pdf_meta
HDG,VN100,2018,vi,Báo cáo thường niên năm 2018,https://cafefnew.mediacdn.vn/Images/Uploaded/DuLieuDownload/2018/HDG_18CN_BCTN.pdf,HDG_2018_vi.pdf,11.72,,,2019-04-23,2019-04-23,,2019-04-18,ok,,missing
HDG,VN100,2017,vi,Báo cáo thường niên năm 2017,https://cafefnew.mediacdn.vn/Images/Uploaded/DuLieuDownload/2017/HDG_17CN_BCTN.pdf,HDG_2017_vi.pdf,11.87,,,2018-04-20,2018-04-20,,2018-04-21,ok,2018-04-20,pdf_meta
HDG,VN100,2016,vi,Báo cáo thường niên năm 2016,https://cafefnew.mediacdn.vn/Images/Uploaded/DuLieuDownload/2016/HDG_16CN_BCTN.pdf,HDG_2016_vi.pdf,16.54,,,2017-04-24,2017-04-24,,2017-04-15,ok,,missing
HHV,VN100,2025,vi,Báo cáo thường niên năm 2025,https://cafefnew.mediacdn.vn/Images/Uploaded/DuLieuDownload/BCTC/HHV_25CN_BCTN.pdf,HHV_2025_vi.pdf,13.21,,,2026-04-20,,,2026-05-22,ok,2026-04-20,pdf_meta
HHV,VN100,2024,vi,Báo cáo thường niên năm 2024,https://cafefnew.mediacdn.vn/Images/Uploaded/DuLieuDownload/BCTC/HHV_24CN_BCTN.pdf,HHV_2024_vi.pdf,14.58,,,2025-04-18,,,2025-05-23,ok,2025-04-18,pdf_meta
HHV,VN100,2023,vi,Báo cáo thường niên năm 2023,https://cafefnew.mediacdn.vn/Images/Uploaded/DuLieuDownload/BCTC/HHV_23CN_BCTN.pdf,HHV_2023_vi.pdf,17.15,,,2024-04-18,2024-04-18,,2024-05-31,ok,2024-04-18,pdf_meta
HHV,VN100,2021,vi,Báo cáo thường niên năm 2021,https://cafefnew.mediacdn.vn/Images/Uploaded/DuLieuDownload/2021/HHV_21CN_BCTN.pdf,HHV_2021_vi.pdf,10.44,,,2022-04-14,2022-04-14,,2022-04-25,ok,2022-04-14,pdf_meta
HHV,VN100,2020,vi,Báo cáo thường niên năm 2020,https://cafefnew.mediacdn.vn/Images/Uploaded/DuLieuDownload/2020/HHV_20CN_BCTN.pdf,HHV_2020_vi.pdf,13.2,,,,,,2021-04-26,ok,,missing
HHV,VN100,2019,vi,Báo cáo thường niên năm 2019,https://cafefnew.mediacdn.vn/Images/Uploaded/DuLieuDownload/2019/HHV_19CN_BCTN.pdf,HHV_2019_vi.pdf,13.22,,,,,,2020-06-16,ok,,missing
HHV,VN100,2018,vi,Báo cáo thường niên năm 2018,https://cafefnew.mediacdn.vn/Images/Uploaded/DuLieuDownload/2018/HHV_18CN_BCTN.pdf,HHV_2018_vi.pdf,5.29,,,,,,2019-04-05,ok,,missing
HHV,VN100,2017,vi,Báo cáo thường niên năm 2017,https://cafefnew.mediacdn.vn/Images/Uploaded/DuLieuDownload/2017/HHV_17CN_BCTN.pdf,HHV_2017_vi.pdf,4.64,,,,,,2018-04-16,ok,,missing
HHV,VN100,2016,vi,Báo cáo thường niên năm 2016,https://cafefnew.mediacdn.vn/Images/Uploaded/DuLieuDownload/2016/HHV_16CN_BCTN.pdf,HHV_2016_vi.pdf,5.7,,,,,,2017-03-25,ok,,missing
HPG,VN30,2025,vi,Báo cáo thường niên năm 2025,https://cafefnew.mediacdn.vn/Images/Uploaded/DuLieuDownload/BCTC/HPG_25CN_BCTN.pdf,HPG_2025_vi.pdf,18.96,,,2026-04-15,2026-04-15,,2026-04-21,ok,2026-04-15,pdf_meta
HPG,VN30,2024,vi,Báo cáo thường niên năm 2024,https://cafefnew.mediacdn.vn/Images/Uploaded/DuLieuDownload/BCTC/HPG_24CN_BCTN.pdf,HPG_2024_vi.pdf,10.83,,,2025-04-16,2025-04-15,,2025-04-17,ok,2025-04-16,pdf_meta
HPG,VN30,2023,vi,Báo cáo thường niên năm 2023,https://cafefnew.mediacdn.vn/Images/Uploaded/DuLieuDownload/BCTC/HPG_23CN_BCTN.pdf,HPG_2023_vi.pdf,8.22,,,2024-04-10,2024-04-10,,2024-04-11,ok,2024-04-10,pdf_meta
HPG,VN30,2022,vi,Báo cáo thường niên năm 2022,https://cafefnew.mediacdn.vn/Images/Uploaded/DuLieuDownload/BCTC/HPG_22CN_BCTN.pdf,HPG_2022_vi.pdf,6.42,,,2023-03-20,2023-03-20,,2023-03-30,ok,2023-03-20,pdf_meta
HPG,VN30,2021,vi,Báo cáo thường niên năm 2021,https://cafefnew.mediacdn.vn/Images/Uploaded/DuLieuDownload/2021/HPG_21CN_BCTN.pdf,HPG_2021_vi.pdf,8.41,,,2022-04-15,2022-04-15,,2022-05-24,ok,2022-04-15,pdf_meta
HPG,VN30,2019,vi,Báo cáo thường niên năm 2019,https://cafefnew.mediacdn.vn/Images/Uploaded/DuLieuDownload/2019/HPG_19CN_BCTN.pdf,HPG_2019_vi.pdf,6.64,,,2020-04-15,2020-04-15,,2020-06-25,ok,2020-04-15,pdf_meta
HPG,VN30,2018,vi,Báo cáo thường niên năm 2018,https://cafefnew.mediacdn.vn/Images/Uploaded/DuLieuDownload/2018/HPG_18CN_BCTN.pdf,HPG_2018_vi.pdf,6.88,,,2019-03-25,2019-03-25,,2019-03-29,ok,2019-03-25,pdf_meta
HPG,VN30,2017,vi,Báo cáo thường niên năm 2017,https://cafefnew.mediacdn.vn/Images/Uploaded/DuLieuDownload/2017/HPG_17CN_BCTN.pdf,HPG_2017_vi.pdf,7.84,,,2018-03-21,2018-03-21,,,ok,2018-03-21,pdf_meta
HPG,VN30,2016,vi,Báo cáo thường niên năm 2016,https://cafefnew.mediacdn.vn/Images/Uploaded/DuLieuDownload/2016/HPG_16CN_BCTN.pdf,HPG_2016_vi.pdf,7.52,,,2017-03-09,2017-03-09,,,ok,2017-03-09,pdf_meta
HSG,VN100,2025,vi,Báo cáo thường niên năm 2025,https://cafefnew.mediacdn.vn/Images/Uploaded/DuLieuDownload/BCTC/HSG_25CN_BCTN.pdf,HSG_2025_vi.pdf,6.99,,,2026-01-14,2026-01-14,,2026-03-07,ok,2026-01-14,pdf_meta
HSG,VN100,2024,vi,Báo cáo thường niên năm 2024,https://cafefnew.mediacdn.vn/Images/Uploaded/DuLieuDownload/BCTC/HSG_24CN_BCTN.pdf,HSG_2024_vi.pdf,6.98,,,2025-01-13,2025-01-13,,2025-03-18,ok,2025-01-13,pdf_meta
HSG,VN100,2023,vi,Báo cáo thường niên năm 2023,https://cafefnew.mediacdn.vn/Images/Uploaded/DuLieuDownload/BCTC/HSG_23CN_BCTN.pdf,HSG_2023_vi.pdf,8.26,,,2024-01-08,,,2024-03-18,ok,2024-01-08,pdf_meta
HSG,VN100,2022,vi,Báo cáo thường niên năm 2022,https://cafefnew.mediacdn.vn/Images/Uploaded/DuLieuDownload/BCTC/HSG_22CN_BCTN.pdf,HSG_2022_vi.pdf,9.09,,,2023-01-18,,,2023-03-10,ok,2023-01-18,pdf_meta
HSG,VN100,2021,vi,Báo cáo thường niên năm 2021,https://cafefnew.mediacdn.vn/Images/Uploaded/DuLieuDownload/2021/HSG_21CN_BCTN.pdf,HSG_2021_vi.pdf,9.6,,,2022-01-14,2022-01-14,,,ok,2022-01-14,pdf_meta
HSG,VN100,2019,vi,Báo cáo thường niên năm 2019,https://cafefnew.mediacdn.vn/Images/Uploaded/DuLieuDownload/2019/HSG_19CN_BCTN.pdf,HSG_2019_vi.pdf,11.29,,,2020-01-11,2020-01-11,,2020-01-13,ok,2020-01-11,pdf_meta
HSG,VN100,2018,vi,Báo cáo thường niên năm 2018,https://cafefnew.mediacdn.vn/Images/Uploaded/DuLieuDownload/2018/HSG_18CN_BCTN.pdf,HSG_2018_vi.pdf,9.51,,,2019-01-12,2019-01-11,,,ok,2019-01-12,pdf_meta
HSG,VN100,2017,vi,Báo cáo thường niên năm 2017,https://cafefnew.mediacdn.vn/Images/Uploaded/DuLieuDownload/2017/HSG_17CN_BCTN.pdf,HSG_2017_vi.pdf,9.99,,,2018-01-11,2018-01-10,,2018-01-16,ok,2018-01-11,pdf_meta
HSG,VN100,2016,vi,Báo cáo thường niên năm 2016,https://cafefnew.mediacdn.vn/Images/Uploaded/DuLieuDownload/2016/HSG_16CN_BCTN.pdf,HSG_2016_vi.pdf,8.83,,,2017-01-04,2016-12-27,,2017-01-06,ok,2017-01-04,pdf_meta
HT1,VN100,2025,vi,Báo cáo thường niên năm 2025,https://cafefnew.mediacdn.vn/Images/Uploaded/DuLieuDownload/BCTC/HT1_25CN_BCTN.pdf,HT1_2025_vi.pdf,14.69,,,2026-04-07,2026-04-06,,2026-04-22,ok,2026-04-07,pdf_meta
HT1,VN100,2024,vi,Báo cáo thường niên năm 2024,https://cafefnew.mediacdn.vn/Images/Uploaded/DuLieuDownload/BCTC/HT1_24CN_BCTN.pdf,HT1_2024_vi.pdf,11.54,,,2025-04-03,2025-04-03,,2025-04-25,ok,2025-04-03,pdf_meta
HT1,VN100,2023,vi,Báo cáo thường niên năm 2023,https://cafefnew.mediacdn.vn/Images/Uploaded/DuLieuDownload/BCTC/HT1_23CN_BCTN.pdf,HT1_2023_vi.pdf,18.93,,,2024-04-02,2024-04-02,,2024-04-24,ok,2024-04-02,pdf_meta
HT1,VN100,2022,vi,Báo cáo thường niên năm 2022,https://cafefnew.mediacdn.vn/Images/Uploaded/DuLieuDownload/BCTC/HT1_22CN_BCTN.pdf,HT1_2022_vi.pdf,7.39,,,2023-04-04,2023-04-04,,2023-04-24,ok,2023-04-04,pdf_meta
HT1,VN100,2021,vi,Báo cáo thường niên năm 2021,https://cafefnew.mediacdn.vn/Images/Uploaded/DuLieuDownload/2021/HT1_21CN_BCTN.pdf,HT1_2021_vi.pdf,1.3,,,2022-04-10,2022-04-10,,2022-04-26,ok,2022-04-10,pdf_meta
HT1,VN100,2020,vi,Báo cáo thường niên năm 2020,https://cafefnew.mediacdn.vn/Images/Uploaded/DuLieuDownload/2020/HT1_20CN_BCTN.pdf,HT1_2020_vi.pdf,2.33,,,2021-04-19,2021-04-19,,2021-06-28,ok,2021-04-19,pdf_meta
HT1,VN100,2019,vi,Báo cáo thường niên năm 2019,https://cafefnew.mediacdn.vn/Images/Uploaded/DuLieuDownload/2019/HT1_19CN_BCTN.pdf,HT1_2019_vi.pdf,2.31,,,2020-04-17,2020-05-17,,2020-06-12,ok,2020-04-17,pdf_meta
HT1,VN100,2018,vi,Báo cáo thường niên năm 2018,https://cafefnew.mediacdn.vn/Images/Uploaded/DuLieuDownload/2018/HT1_18CN_BCTN.pdf,HT1_2018_vi.pdf,10.69,,,2019-04-01,2019-03-29,,2019-05-24,ok,2019-04-01,pdf_meta
HT1,VN100,2017,vi,Báo cáo thường niên năm 2017,https://cafefnew.mediacdn.vn/Images/Uploaded/DuLieuDownload/2017/HT1_17CN_BCTN.pdf,HT1_2017_vi.pdf,9.38,,,2018-04-18,2018-05-17,,2018-04-26,ok,2018-04-18,pdf_meta
HT1,VN100,2016,vi,Báo cáo thường niên năm 2016,https://cafefnew.mediacdn.vn/Images/Uploaded/DuLieuDownload/2016/HT1_16CN_BCTN.pdf,HT1_2016_vi.pdf,16.32,,,2017-04-20,2017-04-20,,2017-04-27,ok,2017-04-20,pdf_meta
KBC,VN100,2025,vi,Báo cáo thường niên năm 2025,https://cafefnew.mediacdn.vn/Images/Uploaded/DuLieuDownload/BCTC/KBC_25CN_BCTN.pdf,KBC_2025_vi.pdf,0.75,,,2026-04-07,2026-04-07,,2026-04-18,ok,2026-04-07,pdf_meta
KBC,VN100,2024,vi,Báo cáo thường niên năm 2024,https://cafefnew.mediacdn.vn/Images/Uploaded/DuLieuDownload/BCTC/KBC_24CN_BCTN.pdf,KBC_2024_vi.pdf,4.69,,,2025-04-18,2025-04-18,,2025-06-28,ok,2025-04-18,pdf_meta
KBC,VN100,2023,vi,Báo cáo thường niên năm 2023,https://cafefnew.mediacdn.vn/Images/Uploaded/DuLieuDownload/BCTC/KBC_23CN_BCTN.pdf,KBC_2023_vi.pdf,5.53,,,2024-04-17,,,2024-06-19,ok,2024-04-17,pdf_meta
KBC,VN100,2022,vi,Báo cáo thường niên năm 2022,https://cafefnew.mediacdn.vn/Images/Uploaded/DuLieuDownload/BCTC/KBC_22CN_BCTN.pdf,KBC_2022_vi.pdf,4.84,,,2023-04-15,,,2023-06-23,ok,2023-04-15,pdf_meta
KBC,VN100,2021,vi,Báo cáo thường niên năm 2021,https://cafefnew.mediacdn.vn/Images/Uploaded/DuLieuDownload/2021/KBC_21CN_BCTN.pdf,KBC_2021_vi.pdf,5.17,,,2022-03-28,2022-03-28,,2022-06-25,ok,2022-03-28,pdf_meta
KBC,VN100,2020,vi,Báo cáo thường niên năm 2020,https://cafefnew.mediacdn.vn/Images/Uploaded/DuLieuDownload/2020/KBC_20CN_BCTN.pdf,KBC_2020_vi.pdf,4.58,,,2021-04-07,2021-04-07,,2021-04-10,ok,2021-04-07,pdf_meta
KBC,VN100,2019,vi,Báo cáo thường niên năm 2019,https://cafefnew.mediacdn.vn/Images/Uploaded/DuLieuDownload/2019/KBC_19CN_BCTN.pdf,KBC_2019_vi.pdf,8.14,,,2020-05-25,2020-05-25,,2020-06-29,ok,2020-05-25,pdf_meta
KBC,VN100,2018,vi,Báo cáo thường niên năm 2018,https://cafefnew.mediacdn.vn/Images/Uploaded/DuLieuDownload/2018/KBC_18CN_BCTN.pdf,KBC_2018_vi.pdf,3.13,,,2019-04-08,2019-04-08,,2019-04-12,ok,2019-04-08,pdf_meta
KBC,VN100,2017,vi,Báo cáo thường niên năm 2017,https://cafefnew.mediacdn.vn/Images/Uploaded/DuLieuDownload/2017/KBC_17CN_BCTN.pdf,KBC_2017_vi.pdf,2.32,,,2018-03-05,2018-03-05,,,ok,2018-03-05,pdf_meta
KBC,VN100,2016,vi,Báo cáo thường niên năm 2016,https://cafefnew.mediacdn.vn/Images/Uploaded/DuLieuDownload/2016/KBC_16CN_BCTN.pdf,KBC_2016_vi.pdf,3.11,,,2017-04-10,2017-04-07,,2017-04-21,ok,2017-04-10,pdf_meta
KDC,VN100,2025,vi,Báo cáo thường niên năm 2025,https://cafefnew.mediacdn.vn/Images/Uploaded/DuLieuDownload/BCTC/KDC_25CN_BCTN.pdf,KDC_2025_vi.pdf,17.85,,,2026-04-20,2026-04-20,,2026-05-28,ok,2026-04-20,pdf_meta
KDC,VN100,2024,vi,Báo cáo thường niên năm 2024,https://cafefnew.mediacdn.vn/Images/Uploaded/DuLieuDownload/BCTC/KDC_24CN_BCTN.pdf,KDC_2024_vi.pdf,16.75,,,2025-04-18,2025-04-17,,2025-06-05,ok,2025-04-18,pdf_meta
KDC,VN100,2023,vi,Báo cáo thường niên năm 2023,https://cafefnew.mediacdn.vn/Images/Uploaded/DuLieuDownload/BCTC/KDC_23CN_BCTN.pdf,KDC_2023_vi.pdf,11.49,,,2024-04-17,2024-04-17,,2024-06-19,ok,2024-04-17,pdf_meta
KDC,VN100,2021,vi,Báo cáo thường niên năm 2021,https://cafefnew.mediacdn.vn/Images/Uploaded/DuLieuDownload/2021/KDC_21CN_BCTN.pdf,KDC_2021_vi.pdf,14.92,,,2022-03-24,2022-03-23,,,ok,2022-03-24,pdf_meta
KDC,VN100,2019,vi,Báo cáo thường niên năm 2019,https://cafefnew.mediacdn.vn/Images/Uploaded/DuLieuDownload/2019/KDC_19CN_BCTN.pdf,KDC_2019_vi.pdf,10.37,,,2020-04-20,2020-04-17,,2020-06-15,ok,2020-04-20,pdf_meta
KDC,VN100,2018,vi,Báo cáo thường niên năm 2018,https://cafefnew.mediacdn.vn/Images/Uploaded/DuLieuDownload/2018/KDC_18CN_BCTN.pdf,KDC_2018_vi.pdf,14.89,,,2019-04-19,2019-04-19,,2019-06-14,ok,2019-04-19,pdf_meta
KDC,VN100,2017,vi,Báo cáo thường niên năm 2017,https://cafefnew.mediacdn.vn/Images/Uploaded/DuLieuDownload/2017/KDC_17CN_BCTN.pdf,KDC_2017_vi.pdf,16.2,,,2018-04-16,2018-04-16,,2018-04-18,ok,2018-04-16,pdf_meta
KDC,VN100,2016,vi,Báo cáo thường niên năm 2016,https://cafefnew.mediacdn.vn/Images/Uploaded/DuLieuDownload/2016/KDC_16CN_BCTN.pdf,KDC_2016_vi.pdf,7.11,,,2017-04-27,2017-04-27,,2017-06-16,ok,2017-04-27,pdf_meta
KDH,VN100,2025,vi,Báo cáo thường niên năm 2025,https://cafefnew.mediacdn.vn/Images/Uploaded/DuLieuDownload/BCTC/KDH_25CN_BCTN.pdf,KDH_2025_vi.pdf,13.05,,,2026-04-10,2026-04-10,,2026-04-22,ok,2026-04-10,pdf_meta
KDH,VN100,2024,vi,Báo cáo thường niên năm 2024,https://cafefnew.mediacdn.vn/Images/Uploaded/DuLieuDownload/BCTC/KDH_24CN_BCTN.pdf,KDH_2024_vi.pdf,17.78,,,2025-04-11,2025-04-09,,2025-04-24,ok,2025-04-11,pdf_meta
KDH,VN100,2023,vi,Báo cáo thường niên năm 2023,https://cafefnew.mediacdn.vn/Images/Uploaded/DuLieuDownload/BCTC/KDH_23CN_BCTN.pdf,KDH_2023_vi.pdf,11.46,,,2024-04-09,2024-04-04,,2024-04-23,ok,2024-04-09,pdf_meta
KDH,VN100,2022,vi,Báo cáo thường niên năm 2022,https://cafefnew.mediacdn.vn/Images/Uploaded/DuLieuDownload/BCTC/KDH_22CN_BCTN.pdf,KDH_2022_vi.pdf,15.0,,,2023-04-13,2023-04-11,,2023-04-27,ok,2023-04-13,pdf_meta
KDH,VN100,2021,vi,Báo cáo thường niên năm 2021,https://cafefnew.mediacdn.vn/Images/Uploaded/DuLieuDownload/2021/KDH_21CN_BCTN.pdf,KDH_2021_vi.pdf,11.73,,,2022-04-13,2022-04-04,,2022-04-22,ok,2022-04-13,pdf_meta
KDH,VN100,2019,vi,Báo cáo thường niên năm 2019,https://cafefnew.mediacdn.vn/Images/Uploaded/DuLieuDownload/2019/KDH_19CN_BCTN.pdf,KDH_2019_vi.pdf,9.15,,,2020-04-14,2020-04-08,,2020-06-19,ok,2020-04-14,pdf_meta
KDH,VN100,2018,vi,Báo cáo thường niên năm 2018,https://cafefnew.mediacdn.vn/Images/Uploaded/DuLieuDownload/2018/KDH_18CN_BCTN.pdf,KDH_2018_vi.pdf,11.0,,,2019-04-05,2019-04-05,,2019-04-12,ok,2019-04-05,pdf_meta
KDH,VN100,2017,vi,Báo cáo thường niên năm 2017,https://cafefnew.mediacdn.vn/Images/Uploaded/DuLieuDownload/2017/KDH_17CN_BCTN.pdf,KDH_2017_vi.pdf,10.5,,,2018-04-13,2018-04-13,,2018-04-26,ok,2018-04-13,pdf_meta
KDH,VN100,2016,vi,Báo cáo thường niên năm 2016,https://cafefnew.mediacdn.vn/Images/Uploaded/DuLieuDownload/2016/KDH_16CN_BCTN.pdf,KDH_2016_vi.pdf,15.94,,,2017-04-05,2017-04-05,,2017-04-11,ok,2017-04-05,pdf_meta
KOS,VN100,2025,vi,Báo cáo thường niên năm 2025,https://cafefnew.mediacdn.vn/Images/Uploaded/DuLieuDownload/BCTC/KOS_25CN_BCTN.pdf,KOS_2025_vi.pdf,11.99,,,2026-04-18,2026-04-20,,2026-06-26,ok,2026-04-18,pdf_meta
KOS,VN100,2024,vi,Báo cáo thường niên năm 2024,https://cafefnew.mediacdn.vn/Images/Uploaded/DuLieuDownload/BCTC/KOS_24CN_BCTN.pdf,KOS_2024_vi.pdf,6.56,,,2025-04-20,2025-04-20,,2025-06-20,ok,2025-04-20,pdf_meta
KOS,VN100,2023,vi,Báo cáo thường niên năm 2023,https://cafefnew.mediacdn.vn/Images/Uploaded/DuLieuDownload/BCTC/KOS_23CN_BCTN.pdf,KOS_2023_vi.pdf,10.82,,,2024-04-19,2024-04-19,,2024-07-01,ok,2024-04-19,pdf_meta
KOS,VN100,2021,vi,Báo cáo thường niên năm 2021,https://cafefnew.mediacdn.vn/Images/Uploaded/DuLieuDownload/2021/KOS_21CN_BCTN.pdf,KOS_2021_vi.pdf,5.87,,,2022-04-20,2022-04-20,,,ok,2022-04-20,pdf_meta
KOS,VN100,2020,vi,Báo cáo thường niên năm 2020,https://cafefnew.mediacdn.vn/Images/Uploaded/DuLieuDownload/2020/KOS_20CN_BCTN.pdf,KOS_2020_vi.pdf,2.36,,,,,,2021-06-18,ok,,missing
KOS,VN100,2019,vi,Báo cáo thường niên năm 2019,https://cafefnew.mediacdn.vn/Images/Uploaded/DuLieuDownload/2019/KOS_19CN_BCTN.pdf,KOS_2019_vi.pdf,10.48,,,2020-04-21,2020-04-21,,2020-06-25,ok,2020-04-21,pdf_meta
KOS,VN100,2018,vi,Báo cáo thường niên năm 2018,https://cafefnew.mediacdn.vn/Images/Uploaded/DuLieuDownload/2018/KOS_18CN_BCTN.pdf,KOS_2018_vi.pdf,5.31,,,2019-04-05,2019-04-05,,2019-06-27,ok,2019-04-05,pdf_meta
KOS,VN100,2017,vi,Báo cáo thường niên năm 2017,https://cafefnew.mediacdn.vn/Images/Uploaded/DuLieuDownload/2017/KOS_17CN_BCTN.pdf,KOS_2017_vi.pdf,14.71,,,2018-06-21,,,2018-04-28,ok,,missing
LPB,VN30,2025,vi,Báo cáo thường niên năm 2025,https://cafefnew.mediacdn.vn/Images/Uploaded/DuLieuDownload/BCTC/LPB_25CN_BCTN.pdf,LPB_2025_vi.pdf,8.78,,,2026-04-20,2026-04-20,,2026-04-28,ok,2026-04-20,pdf_meta
LPB,VN30,2024,vi,Báo cáo thường niên năm 2024,https://cafefnew.mediacdn.vn/Images/Uploaded/DuLieuDownload/BCTC/LPB_24CN_BCTN.pdf,LPB_2024_vi.pdf,15.89,,,2025-04-18,2025-04-18,,2025-04-27,ok,2025-04-18,pdf_meta
LPB,VN30,2023,vi,Báo cáo thường niên năm 2023,https://cafefnew.mediacdn.vn/Images/Uploaded/DuLieuDownload/BCTC/LPB_23CN_BCTN.pdf,LPB_2023_vi.pdf,30.46,,,2024-10-03,2024-10-02,,2024-04-17,ok,,missing
LPB,VN30,2022,vi,Báo cáo thường niên năm 2022,https://cafefnew.mediacdn.vn/Images/Uploaded/DuLieuDownload/BCTC/LPB_22CN_BCTN.pdf,LPB_2022_vi.pdf,5.91,,,2023-04-18,2023-04-17,,2023-04-23,ok,2023-04-18,pdf_meta
LPB,VN30,2021,vi,Báo cáo thường niên năm 2021,https://cafefnew.mediacdn.vn/Images/Uploaded/DuLieuDownload/2021/LPB_21CN_BCTN.pdf,LPB_2021_vi.pdf,9.15,,,2022-04-18,2022-04-18,,2022-04-28,ok,2022-04-18,pdf_meta
LPB,VN30,2019,vi,Báo cáo thường niên năm 2019,https://cafefnew.mediacdn.vn/Images/Uploaded/DuLieuDownload/2019/LPB_19CN_BCTN.pdf,LPB_2019_vi.pdf,3.09,,,2020-04-20,2020-04-20,,2020-06-25,ok,2020-04-20,pdf_meta
LPB,VN30,2018,vi,Báo cáo thường niên năm 2018,https://cafefnew.mediacdn.vn/Images/Uploaded/DuLieuDownload/2018/LPB_18CN_BCTN.pdf,LPB_2018_vi.pdf,1.6,,,2019-04-17,2019-04-17,,2019-04-24,ok,2019-04-17,pdf_meta
LPB,VN30,2017,vi,Báo cáo thường niên năm 2017,https://cafefnew.mediacdn.vn/Images/Uploaded/DuLieuDownload/2017/LPB_17CN_BCTN.pdf,LPB_2017_vi.pdf,0.93,,,2018-04-20,2018-05-20,,2018-03-28,ok,,missing
MBB,VN30,2025,vi,Báo cáo thường niên năm 2025,https://cafefnew.mediacdn.vn/Images/Uploaded/DuLieuDownload/BCTC/MBB_25CN_BCTN.pdf,MBB_2025_vi.pdf,12.1,,,,,,2026-04-18,ok,,missing
MBB,VN30,2024,vi,Báo cáo thường niên năm 2024,https://cafefnew.mediacdn.vn/Images/Uploaded/DuLieuDownload/BCTC/MBB_24CN_BCTN.pdf,MBB_2024_vi.pdf,10.35,,,2025-04-22,2025-04-21,,2025-04-26,ok,2025-04-22,pdf_meta
MBB,VN30,2023,vi,Báo cáo thường niên năm 2023,https://cafefnew.mediacdn.vn/Images/Uploaded/DuLieuDownload/BCTC/MBB_23CN_BCTN.pdf,MBB_2023_vi.pdf,8.82,,,2024-04-10,2024-04-10,,2024-04-19,ok,2024-04-10,pdf_meta
MBB,VN30,2022,vi,Báo cáo thường niên năm 2022,https://cafefnew.mediacdn.vn/Images/Uploaded/DuLieuDownload/BCTC/MBB_22CN_BCTN.pdf,MBB_2022_vi.pdf,12.26,,,2023-04-06,2023-04-06,,2023-04-26,ok,2023-04-06,pdf_meta
MBB,VN30,2021,vi,Báo cáo thường niên năm 2021,https://cafefnew.mediacdn.vn/Images/Uploaded/DuLieuDownload/2021/MBB_21CN_BCTN.pdf,MBB_2021_vi.pdf,8.18,,,2022-03-28,2022-03-28,,2022-04-25,ok,2022-03-28,pdf_meta
MBB,VN30,2020,vi,Báo cáo thường niên năm 2020,https://cafefnew.mediacdn.vn/Images/Uploaded/DuLieuDownload/2020/MBB_20CN_BCTN.pdf,MBB_2020_vi.pdf,9.58,,,2021-02-26,2021-02-25,,2021-04-27,ok,2021-02-26,pdf_meta
MBB,VN30,2019,vi,Báo cáo thường niên năm 2019,https://cafefnew.mediacdn.vn/Images/Uploaded/DuLieuDownload/2019/MBB_19CN_BCTN.pdf,MBB_2019_vi.pdf,6.07,,,2020-04-06,2020-04-06,,2020-06-24,ok,2020-04-06,pdf_meta
MBB,VN30,2018,vi,Báo cáo thường niên năm 2018,https://cafefnew.mediacdn.vn/Images/Uploaded/DuLieuDownload/2018/MBB_18CN_BCTN.pdf,MBB_2018_vi.pdf,4.45,,,2019-03-18,2019-03-18,,2019-05-27,ok,2019-03-18,pdf_meta
MBB,VN30,2017,vi,Báo cáo thường niên năm 2017,https://cafefnew.mediacdn.vn/Images/Uploaded/DuLieuDownload/2017/MBB_17CN_BCTN.pdf,MBB_2017_vi.pdf,6.52,,,2018-03-23,2018-03-23,,2018-03-29,ok,2018-03-23,pdf_meta
MBB,VN30,2016,vi,Báo cáo thường niên năm 2016,https://cafefnew.mediacdn.vn/Images/Uploaded/DuLieuDownload/2016/MBB_16CN_BCTN.pdf,MBB_2016_vi.pdf,3.52,,,2017-04-13,,,2017-04-27,ok,2017-04-13,pdf_meta
MCH,VN30,2025,vi,Báo cáo thường niên năm 2025,https://cafefnew.mediacdn.vn/Images/Uploaded/DuLieuDownload/BCTC/MCH_25CN_BCTN.pdf,MCH_2025_vi.pdf,14.77,,,2026-03-22,2026-03-20,,2026-04-24,ok,2026-03-22,pdf_meta
MCH,VN30,2024,vi,Báo cáo thường niên năm 2024,https://cafefnew.mediacdn.vn/Images/Uploaded/DuLieuDownload/BCTC/MCH_24CN_BCTN.pdf,MCH_2024_vi.pdf,3.93,,,2025-03-21,2025-03-21,,,ok,2025-03-21,pdf_meta
MCH,VN30,2023,vi,Báo cáo thường niên năm 2023,https://cafefnew.mediacdn.vn/Images/Uploaded/DuLieuDownload/BCTC/MCH_23CN_BCTN.pdf,MCH_2023_vi.pdf,20.48,,,2024-03-28,2024-03-28,,,ok,2024-03-28,pdf_meta
MCH,VN30,2022,vi,Báo cáo thường niên năm 2022,https://cafefnew.mediacdn.vn/Images/Uploaded/DuLieuDownload/BCTC/MCH_22CN_BCTN.pdf,MCH_2022_vi.pdf,7.26,,,2023-03-21,2023-03-21,,2023-04-24,ok,2023-03-21,pdf_meta
MCH,VN30,2021,vi,Báo cáo thường niên năm 2021,https://cafefnew.mediacdn.vn/Images/Uploaded/DuLieuDownload/2021/MCH_21CN_BCTN.pdf,MCH_2021_vi.pdf,6.33,,,2022-04-12,,,2022-04-28,ok,2022-04-12,pdf_meta
MCH,VN30,2020,vi,Báo cáo thường niên năm 2020,https://cafefnew.mediacdn.vn/Images/Uploaded/DuLieuDownload/2020/MCH_20CN_BCTN.pdf,MCH_2020_vi.pdf,8.94,,,2021-03-29,2021-03-29,,2021-04-01,ok,2021-03-29,pdf_meta
MCH,VN30,2019,vi,Báo cáo thường niên năm 2019,https://cafefnew.mediacdn.vn/Images/Uploaded/DuLieuDownload/2019/MCH_19CN_BCTN.pdf,MCH_2019_vi.pdf,9.79,,,2020-04-17,2020-04-17,,2020-06-30,ok,2020-04-17,pdf_meta
MCH,VN30,2018,vi,Báo cáo thường niên năm 2018,https://cafefnew.mediacdn.vn/Images/Uploaded/DuLieuDownload/2018/MCH_18CN_BCTN.pdf,MCH_2018_vi.pdf,5.68,,,2019-04-04,2019-04-04,,2019-04-24,ok,2019-04-04,pdf_meta
MCH,VN30,2017,vi,Báo cáo thường niên năm 2017,https://cafefnew.mediacdn.vn/Images/Uploaded/DuLieuDownload/2017/MCH_17CN_BCTN.pdf,MCH_2017_vi.pdf,9.32,,,2018-04-05,2018-04-05,,2018-04-24,ok,2018-04-05,pdf_meta
MCH,VN30,2016,vi,Báo cáo thường niên năm 2016,https://cafefnew.mediacdn.vn/Images/Uploaded/DuLieuDownload/2016/MCH_16CN_BCTN.pdf,MCH_2016_vi.pdf,9.9,,,2017-04-13,2017-04-12,,2017-04-20,ok,2017-04-13,pdf_meta
MSB,VN100,2025,vi,Báo cáo thường niên năm 2025,https://cafefnew.mediacdn.vn/Images/Uploaded/DuLieuDownload/BCTC/MSB_25CN_BCTN.pdf,MSB_2025_vi.pdf,5.75,,,2026-04-20,,,2026-04-24,ok,2026-04-20,pdf_meta
MSB,VN100,2024,vi,Báo cáo thường niên năm 2024,https://cafefnew.mediacdn.vn/Images/Uploaded/DuLieuDownload/BCTC/MSB_24CN_BCTN.pdf,MSB_2024_vi.pdf,18.12,,,2025-04-21,,,2025-04-21,ok,2025-04-21,pdf_meta
MSB,VN100,2023,vi,Báo cáo thường niên năm 2023,https://cafefnew.mediacdn.vn/Images/Uploaded/DuLieuDownload/BCTC/MSB_23CN_BCTN.pdf,MSB_2023_vi.pdf,8.56,,,,,,2024-04-23,ok,,missing
MSB,VN100,2022,vi,Báo cáo thường niên năm 2022,https://cafefnew.mediacdn.vn/Images/Uploaded/DuLieuDownload/BCTC/MSB_22CN_BCTN.pdf,MSB_2022_vi.pdf,3.96,,,,,,,ok,,missing
MSB,VN100,2021,vi,Báo cáo thường niên năm 2021,https://cafefnew.mediacdn.vn/Images/Uploaded/DuLieuDownload/2021/MSB_21CN_BCTN.pdf,MSB_2021_vi.pdf,0.45,,,2022-03-23,2022-03-23,,2022-04-26,ok,2022-03-23,pdf_meta
MSB,VN100,2020,vi,Báo cáo thường niên năm 2020,https://cafefnew.mediacdn.vn/Images/Uploaded/DuLieuDownload/2020/MSB_20CN_BCTN.pdf,MSB_2020_vi.pdf,7.8,,,2021-03-24,,,2021-03-25,ok,2021-03-24,pdf_meta
MSB,VN100,2019,vi,Báo cáo thường niên năm 2019,https://cafefnew.mediacdn.vn/Images/Uploaded/DuLieuDownload/2019/MSB_19CN_BCTN.pdf,MSB_2019_vi.pdf,11.44,,,2020-04-01,2020-04-01,,,ok,2020-04-01,pdf_meta
MSB,VN100,2018,vi,Báo cáo thường niên năm 2018,https://cafefnew.mediacdn.vn/Images/Uploaded/DuLieuDownload/2018/MSB_18CN_BCTN.pdf,MSB_2018_vi.pdf,29.38,,,2019-07-24,2019-07-24,,,ok,2019-07-24,pdf_meta
MSB,VN100,2017,vi,Báo cáo thường niên năm 2017,https://cafefnew.mediacdn.vn/Images/Uploaded/DuLieuDownload/2017/MSB_17CN_BCTN.pdf,MSB_2017_vi.pdf,4.2,,,2018-07-04,,,,ok,2018-07-04,pdf_meta
MSB,VN100,2016,vi,Báo cáo thường niên năm 2016,https://cafefnew.mediacdn.vn/Images/Uploaded/DuLieuDownload/2016/MSB_16CN_BCTN.pdf,MSB_2016_vi.pdf,7.95,,,,,,,ok,,missing
MSN,VN30,2025,vi,Báo cáo thường niên năm 2025,https://cafefnew.mediacdn.vn/Images/Uploaded/DuLieuDownload/BCTC/MSN_25CN_BCTN.pdf,MSN_2025_vi.pdf,15.68,,,2026-04-02,,,2026-04-24,ok,2026-04-02,pdf_meta
MSN,VN30,2024,vi,Báo cáo thường niên năm 2024,https://cafefnew.mediacdn.vn/Images/Uploaded/DuLieuDownload/BCTC/MSN_24CN_BCTN.pdf,MSN_2024_vi.pdf,11.53,,,2025-04-25,,,2025-04-25,ok,2025-04-25,pdf_meta
MSN,VN30,2023,vi,Báo cáo thường niên năm 2023,https://cafefnew.mediacdn.vn/Images/Uploaded/DuLieuDownload/BCTC/MSN_23CN_BCTN.pdf,MSN_2023_vi.pdf,10.78,,,2024-04-24,2024-04-24,,2024-04-25,ok,2024-04-24,pdf_meta
MSN,VN30,2022,vi,Báo cáo thường niên năm 2022,https://cafefnew.mediacdn.vn/Images/Uploaded/DuLieuDownload/BCTC/MSN_22CN_BCTN.pdf,MSN_2022_vi.pdf,3.59,,,2023-03-22,,,2023-04-24,ok,2023-03-22,pdf_meta
MSN,VN30,2021,vi,Báo cáo thường niên năm 2021,https://cafefnew.mediacdn.vn/Images/Uploaded/DuLieuDownload/2021/MSN_21CN_BCTN.pdf,MSN_2021_vi.pdf,2.82,,,2022-04-07,,,2022-04-29,ok,2022-04-07,pdf_meta
MSN,VN30,2019,vi,Báo cáo thường niên năm 2019,https://cafefnew.mediacdn.vn/Images/Uploaded/DuLieuDownload/2019/MSN_19CN_BCTN.pdf,MSN_2019_vi.pdf,8.82,,,2020-04-20,2020-04-20,,2020-06-30,ok,2020-04-20,pdf_meta
MSN,VN30,2018,vi,Báo cáo thường niên năm 2018,https://cafefnew.mediacdn.vn/Images/Uploaded/DuLieuDownload/2018/MSN_18CN_BCTN.pdf,MSN_2018_vi.pdf,5.13,,,2019-04-04,2019-04-04,,2019-04-25,ok,2019-04-04,pdf_meta
MSN,VN30,2017,vi,Báo cáo thường niên năm 2017,https://cafefnew.mediacdn.vn/Images/Uploaded/DuLieuDownload/2017/MSN_17CN_BCTN.pdf,MSN_2017_vi.pdf,3.55,,,2018-04-05,2018-04-04,,2018-04-24,ok,2018-04-05,pdf_meta
MSN,VN30,2016,vi,Báo cáo thường niên năm 2016,https://cafefnew.mediacdn.vn/Images/Uploaded/DuLieuDownload/2016/MSN_16CN_BCTN.pdf,MSN_2016_vi.pdf,4.99,,,2017-04-13,2017-04-11,,2017-04-24,ok,2017-04-13,pdf_meta
MWG,VN30,2025,vi,Báo cáo thường niên năm 2025,https://cafefnew.mediacdn.vn/Images/Uploaded/DuLieuDownload/BCTC/MWG_25CN_BCTN.pdf,MWG_2025_vi.pdf,14.67,,,2026-03-26,,,2026-04-18,ok,2026-03-26,pdf_meta
MWG,VN30,2024,vi,Báo cáo thường niên năm 2024,https://cafefnew.mediacdn.vn/Images/Uploaded/DuLieuDownload/BCTC/MWG_24CN_BCTN.pdf,MWG_2024_vi.pdf,8.2,,,2025-04-04,,,2025-04-26,ok,2025-04-04,pdf_meta
MWG,VN30,2023,vi,Báo cáo thường niên năm 2023,https://cafefnew.mediacdn.vn/Images/Uploaded/DuLieuDownload/BCTC/MWG_23CN_BCTN.pdf,MWG_2023_vi.pdf,12.55,,,2024-04-17,2024-04-17,,2024-03-13,ok,,missing
MWG,VN30,2022,vi,Báo cáo thường niên năm 2022,https://cafefnew.mediacdn.vn/Images/Uploaded/DuLieuDownload/BCTC/MWG_22CN_BCTN.pdf,MWG_2022_vi.pdf,18.96,,,2023-03-27,,,2023-04-10,ok,2023-03-27,pdf_meta
MWG,VN30,2021,vi,Báo cáo thường niên năm 2021,https://cafefnew.mediacdn.vn/Images/Uploaded/DuLieuDownload/2021/MWG_21CN_BCTN.pdf,MWG_2021_vi.pdf,12.85,,,2022-04-01,2022-04-01,,2022-04-23,ok,2022-04-01,pdf_meta
MWG,VN30,2020,vi,Báo cáo thường niên năm 2020,https://cafefnew.mediacdn.vn/Images/Uploaded/DuLieuDownload/2020/MWG_20CN_BCTN.pdf,MWG_2020_vi.pdf,12.48,,,2021-03-26,2021-03-26,,2021-05-15,ok,2021-03-26,pdf_meta
MWG,VN30,2019,vi,Báo cáo thường niên năm 2019,https://cafefnew.mediacdn.vn/Images/Uploaded/DuLieuDownload/2019/MWG_19CN_BCTN.pdf,MWG_2019_vi.pdf,14.33,,,2020-03-24,2020-03-24,,2020-06-06,ok,2020-03-24,pdf_meta
MWG,VN30,2018,vi,Báo cáo thường niên năm 2018,https://cafefnew.mediacdn.vn/Images/Uploaded/DuLieuDownload/2018/MWG_18CN_BCTN.pdf,MWG_2018_vi.pdf,15.05,,,2019-03-20,2019-03-20,,2019-03-22,ok,2019-03-20,pdf_meta
MWG,VN30,2017,vi,Báo cáo thường niên năm 2017,https://cafefnew.mediacdn.vn/Images/Uploaded/DuLieuDownload/2017/MWG_17CN_BCTN.pdf,MWG_2017_vi.pdf,7.06,,,2018-04-17,2018-04-16,,2018-03-16,ok,,missing
MWG,VN30,2016,vi,Báo cáo thường niên năm 2016,https://cafefnew.mediacdn.vn/Images/Uploaded/DuLieuDownload/2016/MWG_16CN_BCTN.pdf,MWG_2016_vi.pdf,6.9,,,2017-05-04,2017-05-04,,2017-03-31,ok,,missing
NAB,VN100,2025,vi,Báo cáo thường niên năm 2025,https://cafefnew.mediacdn.vn/Images/Uploaded/DuLieuDownload/BCTC/NAB_25CN_BCTN.pdf,NAB_2025_vi.pdf,10.8,,,2026-03-18,2026-03-18,,2026-03-20,ok,2026-03-18,pdf_meta
NAB,VN100,2024,vi,Báo cáo thường niên năm 2024,https://cafefnew.mediacdn.vn/Images/Uploaded/DuLieuDownload/BCTC/NAB_24CN_BCTN.pdf,NAB_2024_vi.pdf,16.08,,,2025-03-28,2025-03-28,,2025-03-28,ok,2025-03-28,pdf_meta
NAB,VN100,2023,vi,Báo cáo thường niên năm 2023,https://cafefnew.mediacdn.vn/Images/Uploaded/DuLieuDownload/BCTC/NAB_23CN_BCTN.pdf,NAB_2023_vi.pdf,11.18,,,2024-03-27,2024-03-26,,2024-03-29,ok,2024-03-27,pdf_meta
NAB,VN100,2022,vi,Báo cáo thường niên năm 2022,https://cafefnew.mediacdn.vn/Images/Uploaded/DuLieuDownload/BCTC/NAB_22CN_BCTN.pdf,NAB_2022_vi.pdf,11.01,,,2023-03-28,2023-03-28,,2023-03-17,ok,,missing
NAB,VN100,2021,vi,Báo cáo thường niên năm 2021,https://cafefnew.mediacdn.vn/Images/Uploaded/DuLieuDownload/2021/NAB_21CN_BCTN.pdf,NAB_2021_vi.pdf,7.46,,,2022-03-29,2022-03-29,,2022-04-29,ok,2022-03-29,pdf_meta
NAB,VN100,2020,vi,Báo cáo thường niên năm 2020,https://cafefnew.mediacdn.vn/Images/Uploaded/DuLieuDownload/2020/NAB_20CN_BCTN.pdf,NAB_2020_vi.pdf,7.23,,,2021-05-12,2021-05-12,,2021-04-29,ok,,missing
NAB,VN100,2019,vi,Báo cáo thường niên năm 2019,https://cafefnew.mediacdn.vn/Images/Uploaded/DuLieuDownload/2019/NAB_19CN_BCTN.pdf,NAB_2019_vi.pdf,7.36,,,,2020-03-24,,,ok,2020-03-24,pdf_meta
NAB,VN100,2018,vi,Báo cáo thường niên năm 2018,https://cafefnew.mediacdn.vn/Images/Uploaded/DuLieuDownload/2018/NAB_18CN_BCTN.pdf,NAB_2018_vi.pdf,6.4,,,,2019-03-26,,,ok,2019-03-26,pdf_meta
NAB,VN100,2017,vi,Báo cáo thường niên năm 2017,https://cafefnew.mediacdn.vn/Images/Uploaded/DuLieuDownload/2017/NAB_17CN_BCTN.pdf,NAB_2017_vi.pdf,8.41,,,,2018-05-11,,,ok,2018-05-11,pdf_meta
NAB,VN100,2016,vi,Báo cáo thường niên năm 2016,https://cafefnew.mediacdn.vn/Images/Uploaded/DuLieuDownload/2016/NAB_16CN_BCTN.PDF,NAB_2016_vi.pdf,8.4,,,2017-08-03,2017-08-03,,,ok,,missing
NKG,VN100,2025,vi,Báo cáo thường niên năm 2025,https://cafefnew.mediacdn.vn/Images/Uploaded/DuLieuDownload/BCTC/NKG_25CN_BCTN.pdf,NKG_2025_vi.pdf,14.62,,,2026-04-13,2026-04-13,,2026-04-24,ok,2026-04-13,pdf_meta
NKG,VN100,2024,vi,Báo cáo thường niên năm 2024,https://cafefnew.mediacdn.vn/Images/Uploaded/DuLieuDownload/BCTC/NKG_24CN_BCTN.pdf,NKG_2024_vi.pdf,14.75,,,2025-04-12,2025-04-12,,2025-04-25,ok,2025-04-12,pdf_meta
NKG,VN100,2023,vi,Báo cáo thường niên năm 2023,https://cafefnew.mediacdn.vn/Images/Uploaded/DuLieuDownload/BCTC/NKG_23CN_BCTN.pdf,NKG_2023_vi.pdf,10.16,,,2024-04-10,2024-04-09,,2024-04-26,ok,2024-04-10,pdf_meta
NKG,VN100,2022,vi,Báo cáo thường niên năm 2022,https://cafefnew.mediacdn.vn/Images/Uploaded/DuLieuDownload/BCTC/NKG_22CN_BCTN.pdf,NKG_2022_vi.pdf,6.54,,,2023-04-10,2023-04-10,,2023-04-21,ok,2023-04-10,pdf_meta
NKG,VN100,2021,vi,Báo cáo thường niên năm 2021,https://cafefnew.mediacdn.vn/Images/Uploaded/DuLieuDownload/2021/NKG_21CN_BCTN.pdf,NKG_2021_vi.pdf,8.94,,,2022-04-12,2022-04-11,,2022-04-22,ok,2022-04-12,pdf_meta
NKG,VN100,2020,vi,Báo cáo thường niên năm 2020,https://cafefnew.mediacdn.vn/Images/Uploaded/DuLieuDownload/2020/NKG_20CN_BCTN.pdf,NKG_2020_vi.pdf,13.14,,,2021-04-20,2021-04-20,,2021-04-24,ok,2021-04-20,pdf_meta
NKG,VN100,2019,vi,Báo cáo thường niên năm 2019,https://cafefnew.mediacdn.vn/Images/Uploaded/DuLieuDownload/2019/NKG_19CN_BCTN.pdf,NKG_2019_vi.pdf,12.14,,,2020-04-29,2020-04-29,,2020-06-19,ok,2020-04-29,pdf_meta
NKG,VN100,2018,vi,Báo cáo thường niên năm 2018,https://cafefnew.mediacdn.vn/Images/Uploaded/DuLieuDownload/2018/NKG_18CN_BCTN.pdf,NKG_2018_vi.pdf,19.11,,,2019-04-19,2019-04-19,,2019-06-29,ok,2019-04-19,pdf_meta
NKG,VN100,2017,vi,Báo cáo thường niên năm 2017,https://cafefnew.mediacdn.vn/Images/Uploaded/DuLieuDownload/2017/NKG_17CN_BCTN.pdf,NKG_2017_vi.pdf,8.19,,,2018-04-11,2018-04-11,,2018-04-07,ok,,missing
NKG,VN100,2016,vi,Báo cáo thường niên năm 2016,https://cafefnew.mediacdn.vn/Images/Uploaded/DuLieuDownload/2016/NKG_16CN_BCTN.pdf,NKG_2016_vi.pdf,24.79,,,2017-04-15,2017-04-15,,2017-03-31,ok,,missing
NLG,VN100,2025,vi,Báo cáo thường niên năm 2025,https://cafefnew.mediacdn.vn/Images/Uploaded/DuLieuDownload/BCTC/NLG_25CN_BCTN.pdf,NLG_2025_vi.pdf,19.89,,,2026-04-03,2026-04-02,,2026-04-25,ok,2026-04-03,pdf_meta
NLG,VN100,2024,vi,Báo cáo thường niên năm 2024,https://cafefnew.mediacdn.vn/Images/Uploaded/DuLieuDownload/BCTC/NLG_24CN_BCTN.pdf,NLG_2024_vi.pdf,13.72,,,2025-04-02,2025-04-02,,,ok,2025-04-02,pdf_meta
NLG,VN100,2023,vi,Báo cáo thường niên năm 2023,https://cafefnew.mediacdn.vn/Images/Uploaded/DuLieuDownload/BCTC/NLG_23CN_BCTN.pdf,NLG_2023_vi.pdf,5.99,,,2024-04-07,2024-04-04,,2024-04-20,ok,2024-04-07,pdf_meta
NLG,VN100,2022,vi,Báo cáo thường niên năm 2022,https://cafefnew.mediacdn.vn/Images/Uploaded/DuLieuDownload/BCTC/NLG_22CN_BCTN.pdf,NLG_2022_vi.pdf,6.72,,,2023-04-19,2023-04-19,,2023-04-24,ok,2023-04-19,pdf_meta
NLG,VN100,2021,vi,Báo cáo thường niên năm 2021,https://cafefnew.mediacdn.vn/Images/Uploaded/DuLieuDownload/2021/NLG_21CN_BCTN.pdf,NLG_2021_vi.pdf,7.59,,,2022-04-07,2022-04-07,,2022-04-25,ok,2022-04-07,pdf_meta
NLG,VN100,2020,vi,Báo cáo thường niên năm 2020,https://cafefnew.mediacdn.vn/Images/Uploaded/DuLieuDownload/2020/NLG_20CN_BCTN.pdf,NLG_2020_vi.pdf,6.81,,,2021-04-05,2021-04-05,,2021-04-24,ok,2021-04-05,pdf_meta
NLG,VN100,2019,vi,Báo cáo thường niên năm 2019,https://cafefnew.mediacdn.vn/Images/Uploaded/DuLieuDownload/2019/NLG_19CN_BCTN.pdf,NLG_2019_vi.pdf,15.13,,,2020-04-06,2020-04-03,,2020-05-04,ok,2020-04-06,pdf_meta
NLG,VN100,2018,vi,Báo cáo thường niên năm 2018,https://cafefnew.mediacdn.vn/Images/Uploaded/DuLieuDownload/2018/NLG_18CN_BCTN.pdf,NLG_2018_vi.pdf,8.38,,,2019-03-27,2019-03-27,,2019-04-22,ok,2019-03-27,pdf_meta
NLG,VN100,2017,vi,Báo cáo thường niên năm 2017,https://cafefnew.mediacdn.vn/Images/Uploaded/DuLieuDownload/2017/NLG_17CN_BCTN.pdf,NLG_2017_vi.pdf,5.8,,,2018-04-06,2018-03-26,,,ok,2018-04-06,pdf_meta
NLG,VN100,2016,vi,Báo cáo thường niên năm 2016,https://cafefnew.mediacdn.vn/Images/Uploaded/DuLieuDownload/2016/NLG_16CN_BCTN.pdf,NLG_2016_vi.pdf,6.03,,,2017-03-28,2017-03-28,,2017-04-24,ok,2017-03-28,pdf_meta
NT2,VN100,2025,vi,Báo cáo thường niên năm 2025,https://cafefnew.mediacdn.vn/Images/Uploaded/DuLieuDownload/BCTC/NT2_25CN_BCTN.pdf,NT2_2025_vi.pdf,11.54,,,2026-03-19,,,2026-05-28,ok,2026-03-19,pdf_meta
NT2,VN100,2024,vi,Báo cáo thường niên năm 2024,https://cafefnew.mediacdn.vn/Images/Uploaded/DuLieuDownload/BCTC/NT2_24CN_BCTN.pdf,NT2_2024_vi.pdf,4.6,,,2025-04-03,,,2025-05-28,ok,2025-04-03,pdf_meta
NT2,VN100,2023,vi,Báo cáo thường niên năm 2023,https://cafefnew.mediacdn.vn/Images/Uploaded/DuLieuDownload/BCTC/NT2_23CN_BCTN.pdf,NT2_2023_vi.pdf,8.52,,,2024-04-01,,,2024-05-29,ok,2024-04-01,pdf_meta
NT2,VN100,2022,vi,Báo cáo thường niên năm 2022,https://cafefnew.mediacdn.vn/Images/Uploaded/DuLieuDownload/BCTC/NT2_22CN_BCTN.pdf,NT2_2022_vi.pdf,1.81,,,2023-03-27,2023-03-27,,2023-04-20,ok,2023-03-27,pdf_meta
NT2,VN100,2021,vi,Báo cáo thường niên năm 2021,https://cafefnew.mediacdn.vn/Images/Uploaded/DuLieuDownload/2021/NT2_21CN_BCTN.pdf,NT2_2021_vi.pdf,2.22,,,2022-03-23,2022-03-23,,2022-06-10,ok,2022-03-23,pdf_meta
NT2,VN100,2020,vi,Báo cáo thường niên năm 2020,https://cafefnew.mediacdn.vn/Images/Uploaded/DuLieuDownload/2020/NT2_20CN_BCTN.pdf,NT2_2020_vi.pdf,5.57,,,2021-03-15,2021-03-15,,,ok,2021-03-15,pdf_meta
NT2,VN100,2019,vi,Báo cáo thường niên năm 2019,https://cafefnew.mediacdn.vn/Images/Uploaded/DuLieuDownload/2019/NT2_19CN_BCTN.pdf,NT2_2019_vi.pdf,4.75,,,2020-03-19,2020-03-19,,2020-06-18,ok,2020-03-19,pdf_meta
NT2,VN100,2018,vi,Báo cáo thường niên năm 2018,https://cafefnew.mediacdn.vn/Images/Uploaded/DuLieuDownload/2018/NT2_18CN_BCTN.pdf,NT2_2018_vi.pdf,3.57,,,2019-03-08,2019-03-08,,2019-04-25,ok,2019-03-08,pdf_meta
NT2,VN100,2017,vi,Báo cáo thường niên năm 2017,https://cafefnew.mediacdn.vn/Images/Uploaded/DuLieuDownload/2017/NT2_17CN_BCTN.pdf,NT2_2017_vi.pdf,15.44,,,,,,2018-04-20,ok,,missing
NT2,VN100,2016,vi,Báo cáo thường niên năm 2016,https://cafefnew.mediacdn.vn/Images/Uploaded/DuLieuDownload/2016/NT2_16CN_BCTN.pdf,NT2_2016_vi.pdf,18.41,,,2017-03-06,2017-03-06,,2017-04-27,ok,2017-03-06,pdf_meta
NVL,VN100,2025,vi,Báo cáo thường niên năm 2025,https://cafefnew.mediacdn.vn/Images/Uploaded/DuLieuDownload/BCTC/NVL_25CN_BCTN.pdf,NVL_2025_vi.pdf,18.42,,,2026-04-14,2026-04-14,,2026-04-23,ok,2026-04-14,pdf_meta
NVL,VN100,2024,vi,Báo cáo thường niên năm 2024,https://cafefnew.mediacdn.vn/Images/Uploaded/DuLieuDownload/BCTC/NVL_24CN_BCTN.pdf,NVL_2024_vi.pdf,16.27,,,2025-04-03,2025-04-03,,2025-04-24,ok,2025-04-03,pdf_meta
NVL,VN100,2023,vi,Báo cáo thường niên năm 2023,https://cafefnew.mediacdn.vn/Images/Uploaded/DuLieuDownload/BCTC/NVL_23CN_BCTN.pdf,NVL_2023_vi.pdf,16.15,,,2024-04-04,2024-04-04,,2024-04-25,ok,2024-04-04,pdf_meta
NVL,VN100,2021,vi,Báo cáo thường niên năm 2021,https://cafefnew.mediacdn.vn/Images/Uploaded/DuLieuDownload/2021/NVL_21CN_BCTN.pdf,NVL_2021_vi.pdf,11.96,,,2022-03-19,2022-03-19,,2022-04-19,ok,2022-03-19,pdf_meta
NVL,VN100,2020,vi,Báo cáo thường niên năm 2020,https://cafefnew.mediacdn.vn/Images/Uploaded/DuLieuDownload/2020/NVL_20CN_BCTN.pdf,NVL_2020_vi.pdf,10.37,,,2021-04-05,2021-04-01,,,ok,2021-04-05,pdf_meta
NVL,VN100,2019,vi,Báo cáo thường niên năm 2019,https://cafefnew.mediacdn.vn/Images/Uploaded/DuLieuDownload/2019/NVL_19CN_BCTN.PDF,NVL_2019_vi.pdf,16.01,,,2020-03-16,2020-03-16,,2020-06-05,ok,2020-03-16,pdf_meta
NVL,VN100,2018,vi,Báo cáo thường niên năm 2018,https://cafefnew.mediacdn.vn/Images/Uploaded/DuLieuDownload/2018/NVL_18CN_BCTN.pdf,NVL_2018_vi.pdf,38.42,,,2019-04-14,2019-04-14,,2019-04-26,ok,2019-04-14,pdf_meta
NVL,VN100,2017,vi,Báo cáo thường niên năm 2017,https://cafefnew.mediacdn.vn/Images/Uploaded/DuLieuDownload/2017/NVL_17CN_BCTN.pdf,NVL_2017_vi.pdf,15.81,,,2018-04-19,2018-03-04,,,ok,2018-04-19,pdf_meta
NVL,VN100,2016,vi,Báo cáo thường niên năm 2016,https://cafefnew.mediacdn.vn/Images/Uploaded/DuLieuDownload/2016/NVL_16CN_BCTN.pdf,NVL_2016_vi.pdf,9.55,,,2017-04-03,2017-03-31,,2017-04-28,ok,2017-04-03,pdf_meta
OCB,VN100,2025,vi,Báo cáo thường niên năm 2025,https://cafefnew.mediacdn.vn/Images/Uploaded/DuLieuDownload/BCTC/OCB_25CN_BCTN.pdf,OCB_2025_vi.pdf,42.28,,,2026-04-08,2026-04-08,,2026-04-15,ok,2026-04-08,pdf_meta
OCB,VN100,2024,vi,Báo cáo thường niên năm 2024,https://cafefnew.mediacdn.vn/Images/Uploaded/DuLieuDownload/BCTC/OCB_24CN_BCTN.pdf,OCB_2024_vi.pdf,14.99,,,2025-04-04,2025-04-04,,2025-04-22,ok,2025-04-04,pdf_meta
OCB,VN100,2022,vi,Báo cáo thường niên năm 2022,https://cafefnew.mediacdn.vn/Images/Uploaded/DuLieuDownload/BCTC/OCB_22CN_BCTN.pdf,OCB_2022_vi.pdf,19.45,,,2023-04-18,,,2023-04-28,ok,2023-04-18,pdf_meta
OCB,VN100,2021,vi,Báo cáo thường niên năm 2021,https://cafefnew.mediacdn.vn/Images/Uploaded/DuLieuDownload/2021/OCB_21CN_BCTN.pdf,OCB_2021_vi.pdf,10.78,,,2022-04-01,2022-04-01,,2022-04-25,ok,2022-04-01,pdf_meta
OCB,VN100,2020,vi,Báo cáo thường niên năm 2020,https://cafefnew.mediacdn.vn/Images/Uploaded/DuLieuDownload/2020/OCB_20CN_BCTN.pdf,OCB_2020_vi.pdf,16.55,,,2021-04-15,2021-04-15,,2021-04-28,ok,2021-04-15,pdf_meta
OCB,VN100,2019,vi,Báo cáo thường niên năm 2019,https://cafefnew.mediacdn.vn/Images/Uploaded/DuLieuDownload/2019/OCB_19CN_BCTN.pdf,OCB_2019_vi.pdf,7.65,,,2020-05-08,2020-05-08,,,ok,2020-05-08,pdf_meta
OCB,VN100,2018,vi,Báo cáo thường niên năm 2018,https://cafefnew.mediacdn.vn/Images/Uploaded/DuLieuDownload/2018/OCB_18CN_BCTN.pdf,OCB_2018_vi.pdf,9.12,,,2019-04-19,2019-04-19,,,ok,2019-04-19,pdf_meta
OCB,VN100,2017,vi,Báo cáo thường niên năm 2017,https://cafefnew.mediacdn.vn/Images/Uploaded/DuLieuDownload/2017/OCB_17CN_BCTN.pdf,OCB_2017_vi.pdf,3.91,,,2018-05-15,2018-05-15,,2018-03-31,ok,,missing
OCB,VN100,2016,vi,Báo cáo thường niên năm 2016,https://cafefnew.mediacdn.vn/Images/Uploaded/DuLieuDownload/2016/OCB_16CN_BCTN.pdf,OCB_2016_vi.pdf,2.92,,,2017-05-30,2017-05-30,,2017-04-19,ok,,missing
PAN,VN100,2025,vi,Báo cáo thường niên năm 2025,https://cafefnew.mediacdn.vn/Images/Uploaded/DuLieuDownload/BCTC/PAN_25CN_BCTN.pdf,PAN_2025_vi.pdf,17.03,,,2026-04-20,2026-04-18,,2026-04-21,ok,2026-04-20,pdf_meta
PAN,VN100,2024,vi,Báo cáo thường niên năm 2024,https://cafefnew.mediacdn.vn/Images/Uploaded/DuLieuDownload/BCTC/PAN_24CN_BCTN.pdf,PAN_2024_vi.pdf,15.9,,,2025-04-18,2025-04-18,,2025-04-23,ok,2025-04-18,pdf_meta
PAN,VN100,2023,vi,Báo cáo thường niên năm 2023,https://cafefnew.mediacdn.vn/Images/Uploaded/DuLieuDownload/BCTC/PAN_23CN_BCTN.pdf,PAN_2023_vi.pdf,15.53,,,2024-04-18,2024-04-17,,2024-04-26,ok,2024-04-18,pdf_meta
PAN,VN100,2021,vi,Báo cáo thường niên năm 2021,https://cafefnew.mediacdn.vn/Images/Uploaded/DuLieuDownload/2021/PAN_21CN_BCTN.pdf,PAN_2021_vi.pdf,7.36,,,2022-04-21,,,2022-04-27,ok,2022-04-21,pdf_meta
PAN,VN100,2019,vi,Báo cáo thường niên năm 2019,https://cafefnew.mediacdn.vn/Images/Uploaded/DuLieuDownload/2019/PAN_19CN_BCTN.pdf,PAN_2019_vi.pdf,14.13,,,2020-04-19,2020-04-19,,2020-06-19,ok,2020-04-19,pdf_meta
PAN,VN100,2018,vi,Báo cáo thường niên năm 2018,https://cafefnew.mediacdn.vn/Images/Uploaded/DuLieuDownload/2018/PAN_18CN_BCTN.pdf,PAN_2018_vi.pdf,18.66,,,2019-06-13,2019-06-12,,2019-04-26,ok,,missing
PAN,VN100,2017,vi,Báo cáo thường niên năm 2017,https://cafefnew.mediacdn.vn/Images/Uploaded/DuLieuDownload/2017/PAN_17CN_BCTN.pdf,PAN_2017_vi.pdf,8.55,,,2018-04-19,2018-04-19,,2018-04-21,ok,2018-04-19,pdf_meta
PAN,VN100,2016,vi,Báo cáo thường niên năm 2016,https://cafefnew.mediacdn.vn/Images/Uploaded/DuLieuDownload/2016/PAN_16CN_BCTN.pdf,PAN_2016_vi.pdf,9.1,,,2017-04-19,2017-04-19,,2017-04-24,ok,2017-04-19,pdf_meta
PC1,VN100,2025,vi,Báo cáo thường niên năm 2025,https://cafefnew.mediacdn.vn/Images/Uploaded/DuLieuDownload/BCTC/PC1_25CN_BCTN.pdf,PC1_2025_vi.pdf,9.41,,,2026-04-20,2026-04-20,,2026-04-22,ok,2026-04-20,pdf_meta
PC1,VN100,2024,vi,Báo cáo thường niên năm 2024,https://cafefnew.mediacdn.vn/Images/Uploaded/DuLieuDownload/BCTC/PC1_24CN_BCTN.pdf,PC1_2024_vi.pdf,8.21,,,2025-04-20,2025-04-20,,2025-04-25,ok,2025-04-20,pdf_meta
PC1,VN100,2023,vi,Báo cáo thường niên năm 2023,https://cafefnew.mediacdn.vn/Images/Uploaded/DuLieuDownload/BCTC/PC1_23CN_BCTN.pdf,PC1_2023_vi.pdf,6.18,,,2024-04-19,2024-04-19,,2024-04-26,ok,2024-04-19,pdf_meta
PC1,VN100,2022,vi,Báo cáo thường niên năm 2022,https://cafefnew.mediacdn.vn/Images/Uploaded/DuLieuDownload/BCTC/PC1_22CN_BCTN.pdf,PC1_2022_vi.pdf,10.07,,,2023-04-18,2023-04-18,,2023-04-27,ok,2023-04-18,pdf_meta
PC1,VN100,2021,vi,Báo cáo thường niên năm 2021,https://cafefnew.mediacdn.vn/Images/Uploaded/DuLieuDownload/2021/PC1_21CN_BCTN.pdf,PC1_2021_vi.pdf,9.24,,,2022-04-18,2022-04-18,,2022-04-20,ok,2022-04-18,pdf_meta
PC1,VN100,2019,vi,Báo cáo thường niên năm 2019,https://cafefnew.mediacdn.vn/Images/Uploaded/DuLieuDownload/2019/PC1_19CN_BCTN.pdf,PC1_2019_vi.pdf,13.78,,,2020-04-17,2020-04-16,,2020-06-04,ok,2020-04-17,pdf_meta
PC1,VN100,2018,vi,Báo cáo thường niên năm 2018,https://cafefnew.mediacdn.vn/Images/Uploaded/DuLieuDownload/2018/PC1_18CN_BCTN.pdf,PC1_2018_vi.pdf,5.69,,,2019-04-18,2019-05-17,,2019-04-12,ok,,missing
PC1,VN100,2017,vi,Báo cáo thường niên năm 2017,https://cafefnew.mediacdn.vn/Images/Uploaded/DuLieuDownload/2017/PC1_17CN_BCTN.pdf,PC1_2017_vi.pdf,13.42,,,2018-04-20,2018-04-20,,2018-04-27,ok,2018-04-20,pdf_meta
PC1,VN100,2016,vi,Báo cáo thường niên năm 2016,https://cafefnew.mediacdn.vn/Images/Uploaded/DuLieuDownload/2016/PC1_16CN_BCTN.pdf,PC1_2016_vi.pdf,10.24,,,2017-04-19,2017-04-19,,2017-04-21,ok,2017-04-19,pdf_meta
PDR,VN100,2025,vi,Báo cáo thường niên năm 2025,https://cafefnew.mediacdn.vn/Images/Uploaded/DuLieuDownload/BCTC/PDR_25CN_BCTN.pdf,PDR_2025_vi.pdf,17.27,,,2026-04-15,,,2026-04-16,ok,2026-04-15,pdf_meta
PDR,VN100,2024,vi,Báo cáo thường niên năm 2024,https://cafefnew.mediacdn.vn/Images/Uploaded/DuLieuDownload/BCTC/PDR_24CN_BCTN.pdf,PDR_2024_vi.pdf,17.86,,,2025-04-20,2025-04-20,,2025-06-27,ok,2025-04-20,pdf_meta
PDR,VN100,2023,vi,Báo cáo thường niên năm 2023,https://cafefnew.mediacdn.vn/Images/Uploaded/DuLieuDownload/BCTC/PDR_23CN_BCTN.pdf,PDR_2023_vi.pdf,15.56,,,2024-03-23,2024-03-23,,2024-04-26,ok,2024-03-23,pdf_meta
PDR,VN100,2021,vi,Báo cáo thường niên năm 2021,https://cafefnew.mediacdn.vn/Images/Uploaded/DuLieuDownload/2021/PDR_21CN_BCTN.pdf,PDR_2021_vi.pdf,17.88,,,2022-03-21,2022-03-19,,,ok,2022-03-21,pdf_meta
PDR,VN100,2020,vi,Báo cáo thường niên năm 2020,https://cafefnew.mediacdn.vn/Images/Uploaded/DuLieuDownload/2020/PDR_20CN_BCTN.pdf,PDR_2020_vi.pdf,14.15,,,2021-03-23,2021-03-23,,2021-03-27,ok,2021-03-23,pdf_meta
PDR,VN100,2019,vi,Báo cáo thường niên năm 2019,https://cafefnew.mediacdn.vn/Images/Uploaded/DuLieuDownload/2019/PDR_19CN_BCTN.pdf,PDR_2019_vi.pdf,9.47,,,2020-03-25,2020-03-25,,2020-04-25,ok,2020-03-25,pdf_meta
PDR,VN100,2018,vi,Báo cáo thường niên năm 2018,https://cafefnew.mediacdn.vn/Images/Uploaded/DuLieuDownload/2018/PDR_18CN_BCTN.pdf,PDR_2018_vi.pdf,14.07,,,2019-03-22,2019-03-21,,2019-03-30,ok,2019-03-22,pdf_meta
PDR,VN100,2017,vi,Báo cáo thường niên năm 2017,https://cafefnew.mediacdn.vn/Images/Uploaded/DuLieuDownload/2017/PDR_17CN_BCTN.pdf,PDR_2017_vi.pdf,8.03,,,2018-03-27,2018-03-26,,2018-03-30,ok,2018-03-27,pdf_meta
PDR,VN100,2016,vi,Báo cáo thường niên năm 2016,https://cafefnew.mediacdn.vn/Images/Uploaded/DuLieuDownload/2016/PDR_16CN_BCTN.pdf,PDR_2016_vi.pdf,3.82,,,2017-03-20,2017-03-14,,2017-03-22,ok,2017-03-20,pdf_meta
PHR,VN100,2025,vi,Báo cáo thường niên năm 2025,https://cafefnew.mediacdn.vn/Images/Uploaded/DuLieuDownload/BCTC/PHR_25CN_BCTN.pdf,PHR_2025_vi.pdf,10.16,,,2026-04-02,,,2026-05-28,ok,2026-04-02,pdf_meta
PHR,VN100,2024,vi,Báo cáo thường niên năm 2024,https://cafefnew.mediacdn.vn/Images/Uploaded/DuLieuDownload/BCTC/PHR_24CN_BCTN.pdf,PHR_2024_vi.pdf,13.67,,,2025-04-10,2025-04-10,,2025-06-27,ok,2025-04-10,pdf_meta
PHR,VN100,2023,vi,Báo cáo thường niên năm 2023,https://cafefnew.mediacdn.vn/Images/Uploaded/DuLieuDownload/BCTC/PHR_23CN_BCTN.pdf,PHR_2023_vi.pdf,42.36,,,2024-03-22,,,2024-06-28,ok,2024-03-22,pdf_meta
PHR,VN100,2022,vi,Báo cáo thường niên năm 2022,https://cafefnew.mediacdn.vn/Images/Uploaded/DuLieuDownload/BCTC/PHR_22CN_BCTN.pdf,PHR_2022_vi.pdf,16.9,,,2023-03-28,2023-03-28,,2023-06-29,ok,2023-03-28,pdf_meta
PHR,VN100,2021,vi,Báo cáo thường niên năm 2021,https://cafefnew.mediacdn.vn/Images/Uploaded/DuLieuDownload/2021/PHR_21CN_BCTN.pdf,PHR_2021_vi.pdf,7.27,,,2022-03-23,2022-03-23,,2022-05-18,ok,2022-03-23,pdf_meta
PHR,VN100,2020,vi,Báo cáo thường niên năm 2020,https://cafefnew.mediacdn.vn/Images/Uploaded/DuLieuDownload/2020/PHR_20CN_BCTN.pdf,PHR_2020_vi.pdf,11.19,,,2021-03-18,2021-03-18,,2021-06-15,ok,2021-03-18,pdf_meta
PHR,VN100,2019,vi,Báo cáo thường niên năm 2019,https://cafefnew.mediacdn.vn/Images/Uploaded/DuLieuDownload/2019/PHR_19CN_BCTN.pdf,PHR_2019_vi.pdf,17.01,,,2020-03-16,2020-03-16,,2020-03-11,ok,,missing
PHR,VN100,2018,vi,Báo cáo thường niên năm 2018,https://cafefnew.mediacdn.vn/Images/Uploaded/DuLieuDownload/2018/PHR_18CN_BCTN.pdf,PHR_2018_vi.pdf,15.85,,,2019-04-02,2019-03-27,,2019-03-26,ok,,missing
PHR,VN100,2017,vi,Báo cáo thường niên năm 2017,https://cafefnew.mediacdn.vn/Images/Uploaded/DuLieuDownload/2017/PHR_17CN_BCTN.pdf,PHR_2017_vi.pdf,6.79,,,2018-03-20,2018-03-20,,2018-03-14,ok,,missing
PHR,VN100,2016,vi,Báo cáo thường niên năm 2016,https://cafefnew.mediacdn.vn/Images/Uploaded/DuLieuDownload/2016/PHR_16CN_BCTN.pdf,PHR_2016_vi.pdf,43.64,,,2017-03-28,2017-03-28,,2017-03-16,ok,,missing
PLX,VN100,2025,vi,Báo cáo thường niên năm 2025,https://cafefnew.mediacdn.vn/Images/Uploaded/DuLieuDownload/BCTC/PLX_25CN_BCTN.pdf,PLX_2025_vi.pdf,7.07,,,2026-04-21,,,2026-04-24,ok,2026-04-21,pdf_meta
PLX,VN100,2024,vi,Báo cáo thường niên năm 2024,https://cafefnew.mediacdn.vn/Images/Uploaded/DuLieuDownload/BCTC/PLX_24CN_BCTN.pdf,PLX_2024_vi.pdf,48.84,,,2025-05-23,2025-05-23,,2025-04-25,ok,,missing
PLX,VN100,2016,vi,Báo cáo thường niên năm 2016,https://cafefnew.mediacdn.vn/Images/Uploaded/DuLieuDownload/2016/PLX_16CN_BCTN.pdf,PLX_2016_vi.pdf,13.81,,,,,,2017-04-25,ok,,missing
PNJ,VN100,2025,vi,Báo cáo thường niên năm 2025,https://cafefnew.mediacdn.vn/Images/Uploaded/DuLieuDownload/BCTC/PNJ_25CN_BCTN.pdf,PNJ_2025_vi.pdf,9.9,,,2026-04-07,,,2026-04-22,ok,2026-04-07,pdf_meta
PNJ,VN100,2024,vi,Báo cáo thường niên năm 2024,https://cafefnew.mediacdn.vn/Images/Uploaded/DuLieuDownload/BCTC/PNJ_24CN_BCTN.pdf,PNJ_2024_vi.pdf,8.77,,,2025-04-16,2025-04-16,,2025-04-26,ok,2025-04-16,pdf_meta
PNJ,VN100,2023,vi,Báo cáo thường niên năm 2023,https://cafefnew.mediacdn.vn/Images/Uploaded/DuLieuDownload/BCTC/PNJ_23CN_BCTN.pdf,PNJ_2023_vi.pdf,0.83,,,2024-04-13,2024-04-13,,,ok,2024-04-13,pdf_meta
PNJ,VN100,2022,vi,Báo cáo thường niên năm 2022,https://cafefnew.mediacdn.vn/Images/Uploaded/DuLieuDownload/BCTC/PNJ_22CN_BCTN.pdf,PNJ_2022_vi.pdf,0.38,,,2023-04-17,2023-04-17,,,ok,2023-04-17,pdf_meta
PNJ,VN100,2021,vi,Báo cáo thường niên năm 2021,https://cafefnew.mediacdn.vn/Images/Uploaded/DuLieuDownload/2021/PNJ_21CN_BCTN.pdf,PNJ_2021_vi.pdf,4.78,,,2022-04-05,2022-04-04,,2022-04-16,ok,2022-04-05,pdf_meta
PNJ,VN100,2020,vi,Báo cáo thường niên năm 2020,https://cafefnew.mediacdn.vn/Images/Uploaded/DuLieuDownload/2020/PNJ_20CN_BCTN.pdf,PNJ_2020_vi.pdf,5.55,,,2021-05-05,2021-04-16,,2021-04-17,ok,2021-04-16,pdf_meta
PNJ,VN100,2019,vi,Báo cáo thường niên năm 2019,https://cafefnew.mediacdn.vn/Images/Uploaded/DuLieuDownload/2019/PNJ_19CN_BCTN.pdf,PNJ_2019_vi.pdf,5.98,,,2020-03-25,2020-03-25,,2020-06-10,ok,2020-03-25,pdf_meta
PNJ,VN100,2018,vi,Báo cáo thường niên năm 2018,https://cafefnew.mediacdn.vn/Images/Uploaded/DuLieuDownload/2018/PNJ_18CN_BCTN.pdf,PNJ_2018_vi.pdf,49.73,,,2019-04-03,2019-04-03,,2019-04-20,ok,2019-04-03,pdf_meta
PNJ,VN100,2017,vi,Báo cáo thường niên năm 2017,https://cafefnew.mediacdn.vn/Images/Uploaded/DuLieuDownload/2017/PNJ_17CN_BCTN.pdf,PNJ_2017_vi.pdf,37.13,,,2018-04-05,2018-04-05,,2018-04-21,ok,2018-04-05,pdf_meta
PNJ,VN100,2016,vi,Báo cáo thường niên năm 2016,https://cafefnew.mediacdn.vn/Images/Uploaded/DuLieuDownload/2016/PNJ_16CN_BCTN.pdf,PNJ_2016_vi.pdf,33.6,,,2017-04-19,2017-04-19,,2017-04-27,ok,2017-04-19,pdf_meta
POW,VN100,2025,vi,Báo cáo thường niên năm 2025,https://cafefnew.mediacdn.vn/Images/Uploaded/DuLieuDownload/BCTC/POW_25CN_BCTN.pdf,POW_2025_vi.pdf,10.29,,,2026-04-06,,,2026-05-20,ok,2026-04-06,pdf_meta
POW,VN100,2024,vi,Báo cáo thường niên năm 2024,https://cafefnew.mediacdn.vn/Images/Uploaded/DuLieuDownload/BCTC/POW_24CN_BCTN.pdf,POW_2024_vi.pdf,18.76,,,2025-04-18,,,2025-04-22,ok,2025-04-18,pdf_meta
POW,VN100,2023,vi,Báo cáo thường niên năm 2023,https://cafefnew.mediacdn.vn/Images/Uploaded/DuLieuDownload/BCTC/POW_23CN_BCTN.pdf,POW_2023_vi.pdf,15.19,,,2024-04-17,2024-04-17,,2024-05-22,ok,2024-04-17,pdf_meta
POW,VN100,2022,vi,Báo cáo thường niên năm 2022,https://cafefnew.mediacdn.vn/Images/Uploaded/DuLieuDownload/BCTC/POW_22CN_BCTN.pdf,POW_2022_vi.pdf,11.84,,,2023-04-03,2023-04-03,,2023-04-26,ok,2023-04-03,pdf_meta
POW,VN100,2021,vi,Báo cáo thường niên năm 2021,https://cafefnew.mediacdn.vn/Images/Uploaded/DuLieuDownload/2021/POW_21CN_BCTN.pdf,POW_2021_vi.pdf,11.57,,,2022-04-13,2022-04-13,,2022-04-19,ok,2022-04-13,pdf_meta
POW,VN100,2020,vi,Báo cáo thường niên năm 2020,https://cafefnew.mediacdn.vn/Images/Uploaded/DuLieuDownload/2020/POW_20CN_BCTN.pdf,POW_2020_vi.pdf,15.69,,,2021-04-26,2021-04-26,,2021-05-28,ok,2021-04-26,pdf_meta
POW,VN100,2019,vi,Báo cáo thường niên năm 2019,https://cafefnew.mediacdn.vn/Images/Uploaded/DuLieuDownload/2019/POW_19CN_BCTN.pdf,POW_2019_vi.pdf,7.3,,,2020-04-15,2020-04-15,,2020-06-12,ok,2020-04-15,pdf_meta
POW,VN100,2018,vi,Báo cáo thường niên năm 2018,https://cafefnew.mediacdn.vn/Images/Uploaded/DuLieuDownload/2018/POW_18CN_BCTN.pdf,POW_2018_vi.pdf,10.71,,,2019-04-09,2019-04-09,,2019-04-19,ok,2019-04-09,pdf_meta
PVD,VN100,2025,vi,Báo cáo thường niên năm 2025,https://cafefnew.mediacdn.vn/Images/Uploaded/DuLieuDownload/BCTC/PVD_25CN_BCTN.pdf,PVD_2025_vi.pdf,16.75,,,2026-04-18,2026-04-18,,2026-04-21,ok,2026-04-18,pdf_meta
PVD,VN100,2024,vi,Báo cáo thường niên năm 2024,https://cafefnew.mediacdn.vn/Images/Uploaded/DuLieuDownload/BCTC/PVD_24CN_BCTN.pdf,PVD_2024_vi.pdf,9.11,,,2025-04-10,2025-04-09,,2025-04-23,ok,2025-04-10,pdf_meta
PVD,VN100,2023,vi,Báo cáo thường niên năm 2023,https://cafefnew.mediacdn.vn/Images/Uploaded/DuLieuDownload/BCTC/PVD_23CN_BCTN.pdf,PVD_2023_vi.pdf,10.74,,,2024-04-17,2024-04-17,,2024-04-24,ok,2024-04-17,pdf_meta
PVD,VN100,2022,vi,Báo cáo thường niên năm 2022,https://cafefnew.mediacdn.vn/Images/Uploaded/DuLieuDownload/BCTC/PVD_22CN_BCTN.pdf,PVD_2022_vi.pdf,10.09,,,2023-04-13,2023-04-13,,2023-04-26,ok,2023-04-13,pdf_meta
PVD,VN100,2021,vi,Báo cáo thường niên năm 2021,https://cafefnew.mediacdn.vn/Images/Uploaded/DuLieuDownload/2021/PVD_21CN_BCTN.pdf,PVD_2021_vi.pdf,10.03,,,2022-04-19,2022-04-19,,,ok,2022-04-19,pdf_meta
PVD,VN100,2020,vi,Báo cáo thường niên năm 2020,https://cafefnew.mediacdn.vn/Images/Uploaded/DuLieuDownload/2020/PVD_20CN_BCTN.pdf,PVD_2020_vi.pdf,19.76,,,2021-04-20,2021-04-20,,,ok,2021-04-20,pdf_meta
PVD,VN100,2019,vi,Báo cáo thường niên năm 2019,https://cafefnew.mediacdn.vn/Images/Uploaded/DuLieuDownload/2019/PVD_19CN_BCTN.pdf,PVD_2019_vi.pdf,10.38,,,2020-04-19,2020-04-19,,2020-06-18,ok,2020-04-19,pdf_meta
PVD,VN100,2018,vi,Báo cáo thường niên năm 2018,https://cafefnew.mediacdn.vn/Images/Uploaded/DuLieuDownload/2018/PVD_18CN_BCTN.pdf,PVD_2018_vi.pdf,10.92,,,2019-04-18,2019-04-18,,2019-04-26,ok,2019-04-18,pdf_meta
PVD,VN100,2017,vi,Báo cáo thường niên năm 2017,https://cafefnew.mediacdn.vn/Images/Uploaded/DuLieuDownload/2017/PVD_17CN_BCTN.pdf,PVD_2017_vi.pdf,16.18,,,2018-04-19,2018-04-19,,2018-04-27,ok,2018-04-19,pdf_meta
PVD,VN100,2016,vi,Báo cáo thường niên năm 2016,https://cafefnew.mediacdn.vn/Images/Uploaded/DuLieuDownload/2016/PVD_16CN_BCTN.pdf,PVD_2016_vi.pdf,124.78,,,2017-04-24,2017-04-24,,2017-04-27,ok,2017-04-24,pdf_meta
PVT,VN100,2025,vi,Báo cáo thường niên năm 2025,https://cafefnew.mediacdn.vn/Images/Uploaded/DuLieuDownload/BCTC/PVT_25CN_BCTN.pdf,PVT_2025_vi.pdf,15.73,,,2026-04-12,,,2026-04-21,ok,2026-04-12,pdf_meta
PVT,VN100,2024,vi,Báo cáo thường niên năm 2024,https://cafefnew.mediacdn.vn/Images/Uploaded/DuLieuDownload/BCTC/PVT_24CN_BCTN.pdf,PVT_2024_vi.pdf,16.87,,,2025-03-31,,,,ok,2025-03-31,pdf_meta
PVT,VN100,2023,vi,Báo cáo thường niên năm 2023,https://cafefnew.mediacdn.vn/Images/Uploaded/DuLieuDownload/BCTC/PVT_23CN_BCTN.pdf,PVT_2023_vi.pdf,17.49,,,2024-03-26,2024-03-26,,2024-04-15,ok,2024-03-26,pdf_meta
PVT,VN100,2022,vi,Báo cáo thường niên năm 2022,https://cafefnew.mediacdn.vn/Images/Uploaded/DuLieuDownload/BCTC/PVT_22CN_BCTN.pdf,PVT_2022_vi.pdf,10.1,,,2023-04-07,2023-04-06,,2023-04-13,ok,2023-04-07,pdf_meta
PVT,VN100,2021,vi,Báo cáo thường niên năm 2021,https://cafefnew.mediacdn.vn/Images/Uploaded/DuLieuDownload/2021/PVT_21CN_BCTN.pdf,PVT_2021_vi.pdf,7.58,,,2022-04-13,2022-04-13,,2022-06-30,ok,2022-04-13,pdf_meta
PVT,VN100,2020,vi,Báo cáo thường niên năm 2020,https://cafefnew.mediacdn.vn/Images/Uploaded/DuLieuDownload/2020/PVT_20CN_BCTN.pdf,PVT_2020_vi.pdf,9.95,,,2021-04-22,2021-04-20,,2021-06-15,ok,2021-04-22,pdf_meta
PVT,VN100,2019,vi,Báo cáo thường niên năm 2019,https://cafefnew.mediacdn.vn/Images/Uploaded/DuLieuDownload/2019/PVT_19CN_BCTN.pdf,PVT_2019_vi.pdf,5.14,,,2020-04-16,2020-04-15,,2020-06-25,ok,2020-04-16,pdf_meta
PVT,VN100,2018,vi,Báo cáo thường niên năm 2018,https://cafefnew.mediacdn.vn/Images/Uploaded/DuLieuDownload/2018/PVT_18CN_BCTN.pdf,PVT_2018_vi.pdf,15.03,,,2019-03-20,2019-03-20,,2019-03-05,ok,,missing
PVT,VN100,2017,vi,Báo cáo thường niên năm 2017,https://cafefnew.mediacdn.vn/Images/Uploaded/DuLieuDownload/2017/PVT_17CN_BCTN.pdf,PVT_2017_vi.pdf,4.52,,,2018-04-20,2018-04-20,,2018-04-11,ok,,missing
PVT,VN100,2016,vi,Báo cáo thường niên năm 2016,https://cafefnew.mediacdn.vn/Images/Uploaded/DuLieuDownload/2016/PVT_16CN_BCTN.pdf,PVT_2016_vi.pdf,6.01,,,2017-04-05,2017-04-03,,2017-04-05,ok,2017-04-05,pdf_meta
REE,VN100,2025,vi,Báo cáo thường niên năm 2025,https://cafefnew.mediacdn.vn/Images/Uploaded/DuLieuDownload/BCTC/REE_25CN_BCTN.pdf,REE_2025_vi.pdf,12.3,,,2026-03-16,2026-03-16,,2026-03-31,ok,2026-03-16,pdf_meta
REE,VN100,2024,vi,Báo cáo thường niên năm 2024,https://cafefnew.mediacdn.vn/Images/Uploaded/DuLieuDownload/BCTC/REE_24CN_BCTN.pdf,REE_2024_vi.pdf,9.05,,,2025-03-18,2025-03-17,,2025-04-01,ok,2025-03-18,pdf_meta
REE,VN100,2023,vi,Báo cáo thường niên năm 2023,https://cafefnew.mediacdn.vn/Images/Uploaded/DuLieuDownload/BCTC/REE_23CN_BCTN.pdf,REE_2023_vi.pdf,9.35,,,2024-03-28,2024-03-28,,2024-03-29,ok,2024-03-28,pdf_meta
REE,VN100,2021,vi,Báo cáo thường niên năm 2021,https://cafefnew.mediacdn.vn/Images/Uploaded/DuLieuDownload/2021/REE_21CN_BCTN.pdf,REE_2021_vi.pdf,9.99,,,2022-03-10,2022-03-10,,2022-03-31,ok,2022-03-10,pdf_meta
REE,VN100,2020,vi,Báo cáo thường niên năm 2020,https://cafefnew.mediacdn.vn/Images/Uploaded/DuLieuDownload/2020/REE_20CN_BCTN.pdf,REE_2020_vi.pdf,13.6,,,2021-03-16,,,2021-03-30,ok,2021-03-16,pdf_meta
REE,VN100,2019,vi,Báo cáo thường niên năm 2019,https://cafefnew.mediacdn.vn/Images/Uploaded/DuLieuDownload/2019/REE_19CN_BCTN.pdf,REE_2019_vi.pdf,10.5,,,2020-03-17,2020-03-17,,2020-05-15,ok,2020-03-17,pdf_meta
REE,VN100,2018,vi,Báo cáo thường niên năm 2018,https://cafefnew.mediacdn.vn/Images/Uploaded/DuLieuDownload/2018/REE_18CN_BCTN.pdf,REE_2018_vi.pdf,10.36,,,2019-03-18,2019-03-15,,2019-03-29,ok,2019-03-18,pdf_meta
REE,VN100,2017,vi,Báo cáo thường niên năm 2017,https://cafefnew.mediacdn.vn/Images/Uploaded/DuLieuDownload/2017/REE_17CN_BCTN.pdf,REE_2017_vi.pdf,7.58,,,2018-03-16,2018-03-15,,,ok,2018-03-16,pdf_meta
REE,VN100,2016,vi,Báo cáo thường niên năm 2016,https://cafefnew.mediacdn.vn/Images/Uploaded/DuLieuDownload/2016/REE_16CN_BCTN.pdf,REE_2016_vi.pdf,8.93,,,2017-03-22,2017-03-22,,2017-03-30,ok,2017-03-22,pdf_meta
SAB,VN30,2025,vi,Báo cáo thường niên năm 2025,https://cafefnew.mediacdn.vn/Images/Uploaded/DuLieuDownload/BCTC/SAB_25CN_BCTN.pdf,SAB_2025_vi.pdf,47.21,,,2026-04-15,2026-04-15,,2026-04-23,ok,2026-04-15,pdf_meta
SAB,VN30,2024,vi,Báo cáo thường niên năm 2024,https://cafefnew.mediacdn.vn/Images/Uploaded/DuLieuDownload/BCTC/SAB_24CN_BCTN.pdf,SAB_2024_vi.pdf,121.0,,,2025-04-16,2025-04-16,,2025-04-24,ok,2025-04-16,pdf_meta
SAB,VN30,2018,vi,Báo cáo thường niên năm 2018,https://cafefnew.mediacdn.vn/Images/Uploaded/DuLieuDownload/2018/SAB_18CN_BCTN.pdf,SAB_2018_vi.pdf,14.2,,,2019-04-10,2019-04-10,,,ok,2019-04-10,pdf_meta
SAB,VN30,2016,vi,Báo cáo thường niên năm 2016,https://cafefnew.mediacdn.vn/Images/Uploaded/DuLieuDownload/2016/SAB_16CN_BCTN.pdf,SAB_2016_vi.pdf,6.82,,,2017-04-05,2017-04-05,,2017-04-19,ok,2017-04-05,pdf_meta
SBT,VN100,2024,vi,Báo cáo thường niên năm 2024,https://cafefnew.mediacdn.vn/Images/Uploaded/DuLieuDownload/BCTC/SBT_24CN_BCTN.pdf,SBT_2024_vi.pdf,133.93,,,2026-01-31,2026-01-31,,2025-12-06,ok,,missing
SBT,VN100,2023,vi,Báo cáo thường niên năm 2023,https://cafefnew.mediacdn.vn/Images/Uploaded/DuLieuDownload/BCTC/SBT_23CN_BCTN.pdf,SBT_2023_vi.pdf,101.12,,,2025-01-03,2025-01-03,,2024-10-24,ok,,missing
SBT,VN100,2022,vi,Báo cáo thường niên năm 2022,https://cafefnew.mediacdn.vn/Images/Uploaded/DuLieuDownload/BCTC/SBT_22CN_BCTN.pdf,SBT_2022_vi.pdf,78.56,,,2024-03-16,2024-03-16,,2023-10-26,ok,,missing
SBT,VN100,2021,vi,Báo cáo thường niên năm 2021,https://cafefnew.mediacdn.vn/Images/Uploaded/DuLieuDownload/2021/SBT_21CN_BCTN.pdf,SBT_2021_vi.pdf,0.38,,,2021-10-18,2021-11-18,,2022-10-31,ok,,missing
SBT,VN100,2019,vi,Báo cáo thường niên năm 2019,https://cafefnew.mediacdn.vn/Images/Uploaded/DuLieuDownload/2019/SBT_19CN_BCTN.pdf,SBT_2019_vi.pdf,17.65,,,2019-10-21,2019-10-18,,2020-10-29,ok,,missing
SBT,VN100,2017,vi,Báo cáo thường niên năm 2017,https://cafefnew.mediacdn.vn/Images/Uploaded/DuLieuDownload/2017/SBT_17CN_BCTN.pdf,SBT_2017_vi.pdf,16.42,,,2018-10-19,2018-10-18,,2018-11-15,ok,,missing
SHB,VN30,2025,vi,Báo cáo thường niên năm 2025,https://cafefnew.mediacdn.vn/Images/Uploaded/DuLieuDownload/BCTC/SHB_25CN_BCTN.pdf,SHB_2025_vi.pdf,12.59,,,2026-04-20,2026-04-20,,2026-04-22,ok,2026-04-20,pdf_meta
SHB,VN30,2024,vi,Báo cáo thường niên năm 2024,https://cafefnew.mediacdn.vn/Images/Uploaded/DuLieuDownload/BCTC/SHB_24CN_BCTN.pdf,SHB_2024_vi.pdf,28.61,,,2025-04-18,2025-04-18,,2025-04-22,ok,2025-04-18,pdf_meta
SHB,VN30,2021,vi,Báo cáo thường niên năm 2021,https://cafefnew.mediacdn.vn/Images/Uploaded/DuLieuDownload/2021/SHB_21CN_BCTN.pdf,SHB_2021_vi.pdf,0.09,,,2022-04-05,2022-05-05,,,ok,2022-04-05,pdf_meta
SHB,VN30,2020,vi,Báo cáo thường niên năm 2020,https://cafefnew.mediacdn.vn/Images/Uploaded/DuLieuDownload/2020/SHB_20CN_BCTN.pdf,SHB_2020_vi.pdf,8.82,,,2021-04-29,2021-04-29,,2021-04-22,ok,,missing
SHB,VN30,2018,vi,Báo cáo thường niên năm 2018,https://cafefnew.mediacdn.vn/Images/Uploaded/DuLieuDownload/2018/SHB_18CN_BCTN.pdf,SHB_2018_vi.pdf,7.8,,,2019-05-30,2019-05-30,,2019-04-23,ok,,missing
SHB,VN30,2016,vi,Báo cáo thường niên năm 2016,https://cafefnew.mediacdn.vn/Images/Uploaded/DuLieuDownload/2016/SHB_16CN_BCTN.pdf,SHB_2016_vi.pdf,5.78,,,2017-05-19,2017-05-18,,2017-04-27,ok,,missing
SIP,VN100,2025,vi,Báo cáo thường niên năm 2025,https://cafefnew.mediacdn.vn/Images/Uploaded/DuLieuDownload/BCTC/SIP_25CN_BCTN.pdf,SIP_2025_vi.pdf,8.79,,,2026-04-20,2026-04-18,,2026-04-21,ok,2026-04-20,pdf_meta
SIP,VN100,2024,vi,Báo cáo thường niên năm 2024,https://cafefnew.mediacdn.vn/Images/Uploaded/DuLieuDownload/BCTC/SIP_24CN_BCTN.pdf,SIP_2024_vi.pdf,9.5,,,2025-04-21,2025-04-21,,2025-04-25,ok,2025-04-21,pdf_meta
SIP,VN100,2023,vi,Báo cáo thường niên năm 2023,https://cafefnew.mediacdn.vn/Images/Uploaded/DuLieuDownload/BCTC/SIP_23CN_BCTN.pdf,SIP_2023_vi.pdf,8.77,,,2024-04-19,2024-04-19,,2024-04-26,ok,2024-04-19,pdf_meta
SIP,VN100,2022,vi,Báo cáo thường niên năm 2022,https://cafefnew.mediacdn.vn/Images/Uploaded/DuLieuDownload/BCTC/SIP_22CN_BCTN.pdf,SIP_2022_vi.pdf,13.87,,,2023-03-30,2023-03-30,,2023-05-29,ok,2023-03-30,pdf_meta
SIP,VN100,2021,vi,Báo cáo thường niên năm 2021,https://cafefnew.mediacdn.vn/Images/Uploaded/DuLieuDownload/2021/SIP_21CN_BCTN.pdf,SIP_2021_vi.pdf,8.63,,,2022-04-08,2022-04-08,,2022-05-18,ok,2022-04-08,pdf_meta
SIP,VN100,2020,vi,Báo cáo thường niên năm 2020,https://cafefnew.mediacdn.vn/Images/Uploaded/DuLieuDownload/2020/SIP_20CN_BCTN.pdf,SIP_2020_vi.pdf,7.21,,,2021-04-19,2021-04-19,,2021-06-28,ok,2021-04-19,pdf_meta
SIP,VN100,2019,vi,Báo cáo thường niên năm 2019,https://cafefnew.mediacdn.vn/Images/Uploaded/DuLieuDownload/2019/SIP_19CN_BCTN.pdf,SIP_2019_vi.pdf,4.55,,,2020-04-17,2020-04-17,,2020-06-26,ok,2020-04-17,pdf_meta
SJS,VN100,2025,vi,Báo cáo thường niên năm 2025,https://cafefnew.mediacdn.vn/Images/Uploaded/DuLieuDownload/BCTC/SJS_25CN_BCTN.pdf,SJS_2025_vi.pdf,18.55,,,2026-04-20,,,2026-04-23,ok,2026-04-20,pdf_meta
SJS,VN100,2024,vi,Báo cáo thường niên năm 2024,https://cafefnew.mediacdn.vn/Images/Uploaded/DuLieuDownload/BCTC/SJS_24CN_BCTN.pdf,SJS_2024_vi.pdf,15.29,,,2025-03-31,,,2025-03-28,ok,,missing
SJS,VN100,2023,vi,Báo cáo thường niên năm 2023,https://cafefnew.mediacdn.vn/Images/Uploaded/DuLieuDownload/BCTC/SJS_23CN_BCTN.pdf,SJS_2023_vi.pdf,11.05,,,2024-04-02,2024-04-02,,2024-03-20,ok,,missing
SJS,VN100,2022,vi,Báo cáo thường niên năm 2022,https://cafefnew.mediacdn.vn/Images/Uploaded/DuLieuDownload/BCTC/SJS_22CN_BCTN.pdf,SJS_2022_vi.pdf,7.33,,,2023-03-10,2023-03-10,,2023-03-16,ok,2023-03-10,pdf_meta
SJS,VN100,2021,vi,Báo cáo thường niên năm 2021,https://cafefnew.mediacdn.vn/Images/Uploaded/DuLieuDownload/2021/SJS_21CN_BCTN.pdf,SJS_2021_vi.pdf,3.5,,,2022-04-20,2022-04-20,,2022-06-16,ok,2022-04-20,pdf_meta
SJS,VN100,2020,vi,Báo cáo thường niên năm 2020,https://cafefnew.mediacdn.vn/Images/Uploaded/DuLieuDownload/2020/SJS_20CN_BCTN.pdf,SJS_2020_vi.pdf,11.39,,,2021-04-23,2021-04-22,,2021-05-03,ok,2021-04-23,pdf_meta
SJS,VN100,2019,vi,Báo cáo thường niên năm 2019,https://cafefnew.mediacdn.vn/Images/Uploaded/DuLieuDownload/2019/SJS_19CN_BCTN.PDF,SJS_2019_vi.pdf,12.07,,,,2020-04-29,,2020-06-12,ok,2020-04-29,pdf_meta
SJS,VN100,2018,vi,Báo cáo thường niên năm 2018,https://cafefnew.mediacdn.vn/Images/Uploaded/DuLieuDownload/2018/SJS_18CN_BCTN.PDF,SJS_2018_vi.pdf,12.42,,,,2019-04-18,,2019-04-23,ok,2019-04-18,pdf_meta
SJS,VN100,2017,vi,Báo cáo thường niên năm 2017,https://cafefnew.mediacdn.vn/Images/Uploaded/DuLieuDownload/2017/SJS_17CN_BCTN.PDF,SJS_2017_vi.pdf,11.23,,,,2018-03-19,,2018-04-25,ok,2018-03-19,pdf_meta
SJS,VN100,2016,vi,Báo cáo thường niên năm 2016,https://cafefnew.mediacdn.vn/Images/Uploaded/DuLieuDownload/2016/SJS_16CN_BCTN.pdf,SJS_2016_vi.pdf,10.68,,,2017-04-18,2017-04-17,,2017-05-31,ok,2017-04-18,pdf_meta
SSB,VN30,2025,vi,Báo cáo thường niên năm 2025,https://cafefnew.mediacdn.vn/Images/Uploaded/DuLieuDownload/BCTC/SSB_25CN_BCTN.pdf,SSB_2025_vi.pdf,32.75,,,2026-04-01,2026-04-01,,2026-04-22,ok,2026-04-01,pdf_meta
SSB,VN30,2024,vi,Báo cáo thường niên năm 2024,https://cafefnew.mediacdn.vn/Images/Uploaded/DuLieuDownload/BCTC/SSB_24CN_BCTN.pdf,SSB_2024_vi.pdf,76.7,,,2025-04-08,2025-04-08,,2025-04-25,ok,2025-04-08,pdf_meta
SSB,VN30,2019,vi,Báo cáo thường niên năm 2019,https://cafefnew.mediacdn.vn/Images/Uploaded/DuLieuDownload/2019/SSB_19CN_BCTN.pdf,SSB_2019_vi.pdf,3.78,,,2020-04-06,2020-04-06,,,ok,2020-04-06,pdf_meta
SSB,VN30,2018,vi,Báo cáo thường niên năm 2018,https://cafefnew.mediacdn.vn/Images/Uploaded/DuLieuDownload/2018/SSB_18CN_BCTN.pdf,SSB_2018_vi.pdf,16.33,,,2019-06-21,2019-06-21,,,ok,2019-06-21,pdf_meta
SSB,VN30,2017,vi,Báo cáo thường niên năm 2017,https://cafefnew.mediacdn.vn/Images/Uploaded/DuLieuDownload/2017/SSB_17CN_BCTN.pdf,SSB_2017_vi.pdf,10.93,,,2018-05-16,2018-05-16,,,ok,2018-05-16,pdf_meta
SSI,VN30,2025,vi,Báo cáo thường niên năm 2025,https://cafefnew.mediacdn.vn/Images/Uploaded/DuLieuDownload/BCTC/SSI_25CN_BCTN.pdf,SSI_2025_vi.pdf,15.16,,,2026-04-15,2026-04-15,,2026-04-23,ok,2026-04-15,pdf_meta
SSI,VN30,2024,vi,Báo cáo thường niên năm 2024,https://cafefnew.mediacdn.vn/Images/Uploaded/DuLieuDownload/BCTC/SSI_24CN_BCTN.pdf,SSI_2024_vi.pdf,6.52,,,,,,2025-04-18,ok,,missing
SSI,VN30,2023,vi,Báo cáo thường niên năm 2023,https://cafefnew.mediacdn.vn/Images/Uploaded/DuLieuDownload/BCTC/SSI_23CN_BCTN.pdf,SSI_2023_vi.pdf,8.39,,,,,,2024-04-25,ok,,missing
SSI,VN30,2022,vi,Báo cáo thường niên năm 2022,https://cafefnew.mediacdn.vn/Images/Uploaded/DuLieuDownload/BCTC/SSI_22CN_BCTN.pdf,SSI_2022_vi.pdf,13.58,,,,,,2023-04-26,ok,,missing
SSI,VN30,2021,vi,Báo cáo thường niên năm 2021,https://cafefnew.mediacdn.vn/Images/Uploaded/DuLieuDownload/2021/SSI_21CN_BCTN.pdf,SSI_2021_vi.pdf,8.27,,,2022-04-15,2022-04-15,,2022-05-07,ok,2022-04-15,pdf_meta
SSI,VN30,2020,vi,Báo cáo thường niên năm 2020,https://cafefnew.mediacdn.vn/Images/Uploaded/DuLieuDownload/2020/SSI_20CN_BCTN.pdf,SSI_2020_vi.pdf,11.43,,,2021-04-19,2021-04-19,,2021-05-22,ok,2021-04-19,pdf_meta
SSI,VN30,2019,vi,Báo cáo thường niên năm 2019,https://cafefnew.mediacdn.vn/Images/Uploaded/DuLieuDownload/2019/SSI_19CN_BCTN.pdf,SSI_2019_vi.pdf,14.36,,,2020-04-17,2020-04-16,,2020-06-27,ok,2020-04-17,pdf_meta
SSI,VN30,2018,vi,Báo cáo thường niên năm 2018,https://cafefnew.mediacdn.vn/Images/Uploaded/DuLieuDownload/2018/SSI_18CN_BCTN.pdf,SSI_2018_vi.pdf,0.08,,,2019-04-11,2019-04-11,,2019-04-26,ok,2019-04-11,pdf_meta
SSI,VN30,2017,vi,Báo cáo thường niên năm 2017,https://cafefnew.mediacdn.vn/Images/Uploaded/DuLieuDownload/2017/SSI_17CN_BCTN.pdf,SSI_2017_vi.pdf,8.86,,,2018-04-16,2018-04-16,,2018-04-21,ok,2018-04-16,pdf_meta
SSI,VN30,2016,vi,Báo cáo thường niên năm 2016,https://cafefnew.mediacdn.vn/Images/Uploaded/DuLieuDownload/2016/SSI_16CN_BCTN.pdf,SSI_2016_vi.pdf,9.84,,,2017-04-14,2017-04-13,,2017-04-22,ok,2017-04-14,pdf_meta
STB,VN30,2025,vi,Báo cáo thường niên năm 2025,https://cafefnew.mediacdn.vn/Images/Uploaded/DuLieuDownload/BCTC/STB_25CN_BCTN.pdf,STB_2025_vi.pdf,6.52,,,2026-04-17,2026-04-16,,2026-04-22,ok,2026-04-17,pdf_meta
STB,VN30,2024,vi,Báo cáo thường niên năm 2024,https://cafefnew.mediacdn.vn/Images/Uploaded/DuLieuDownload/BCTC/STB_24CN_BCTN.pdf,STB_2024_vi.pdf,10.72,,,2025-04-18,,,2025-04-25,ok,2025-04-18,pdf_meta
STB,VN30,2022,vi,Báo cáo thường niên năm 2022,https://cafefnew.mediacdn.vn/Images/Uploaded/DuLieuDownload/BCTC/STB_22CN_BCTN.pdf,STB_2022_vi.pdf,0.38,,,,,,2023-04-25,ok,,missing
STB,VN30,2021,vi,Báo cáo thường niên năm 2021,https://cafefnew.mediacdn.vn/Images/Uploaded/DuLieuDownload/2021/STB_21CN_BCTN.pdf,STB_2021_vi.pdf,0.15,,,2022-04-19,2022-04-18,,2022-04-22,ok,2022-04-19,pdf_meta
STB,VN30,2019,vi,Báo cáo thường niên năm 2019,https://cafefnew.mediacdn.vn/Images/Uploaded/DuLieuDownload/2019/STB_19CN_BCTN.pdf,STB_2019_vi.pdf,13.29,,,2020-04-18,2020-04-18,,2020-06-05,ok,2020-04-18,pdf_meta
STB,VN30,2018,vi,Báo cáo thường niên năm 2018,https://cafefnew.mediacdn.vn/Images/Uploaded/DuLieuDownload/2018/STB_18CN_BCTN.pdf,STB_2018_vi.pdf,15.42,,,2019-04-19,2019-04-19,,2019-04-26,ok,2019-04-19,pdf_meta
STB,VN30,2016,vi,Báo cáo thường niên năm 2016,https://cafefnew.mediacdn.vn/Images/Uploaded/DuLieuDownload/2016/STB_16CN_BCTN.pdf,STB_2016_vi.pdf,10.7,,,2017-06-19,2017-06-16,,2017-06-30,ok,2017-06-19,pdf_meta
STB,VN30,2016,vi,Báo cáo thường niên năm 2015,https://cafefnew.mediacdn.vn/Images/Uploaded/DuLieuDownload/2016/STB_15CN_BCTN.pdf,STB_2016_vi.pdf,10.7,,,2017-06-19,2017-06-16,,2017-06-30,ok,2017-06-19,pdf_meta
TAL,VN100,2025,vi,Báo cáo thường niên năm 2025,https://cafefnew.mediacdn.vn/Images/Uploaded/DuLieuDownload/BCTC/TAL_25CN_BCTN.pdf,TAL_2025_vi.pdf,15.15,,,2026-04-18,,,2026-04-25,ok,2026-04-18,pdf_meta
TAL,VN100,2024,vi,Báo cáo thường niên năm 2024,https://cafefnew.mediacdn.vn/Images/Uploaded/DuLieuDownload/BCTC/TAL_24CN_BCTN.pdf,TAL_2024_vi.pdf,17.4,,,2025-04-18,,,2025-04-21,ok,2025-04-18,pdf_meta
TCB,VN30,2025,vi,Báo cáo thường niên năm 2025,https://cafefnew.mediacdn.vn/Images/Uploaded/DuLieuDownload/BCTC/TCB_25CN_BCTN.pdf,TCB_2025_vi.pdf,4.77,,,2026-04-06,2026-04-06,,2026-04-25,ok,2026-04-06,pdf_meta
TCB,VN30,2024,vi,Báo cáo thường niên năm 2024,https://cafefnew.mediacdn.vn/Images/Uploaded/DuLieuDownload/BCTC/TCB_24CN_BCTN.pdf,TCB_2024_vi.pdf,15.89,,,2025-04-04,2025-04-04,,2025-04-26,ok,2025-04-04,pdf_meta
TCB,VN30,2023,vi,Báo cáo thường niên năm 2023,https://cafefnew.mediacdn.vn/Images/Uploaded/DuLieuDownload/BCTC/TCB_23CN_BCTN.pdf,TCB_2023_vi.pdf,7.31,,,2024-04-17,2024-04-17,,2024-04-20,ok,2024-04-17,pdf_meta
TCB,VN30,2022,vi,Báo cáo thường niên năm 2022,https://cafefnew.mediacdn.vn/Images/Uploaded/DuLieuDownload/BCTC/TCB_22CN_BCTN.pdf,TCB_2022_vi.pdf,8.82,,,2023-05-29,2023-05-29,,2023-04-22,ok,,missing
TCB,VN30,2021,vi,Báo cáo thường niên năm 2021,https://cafefnew.mediacdn.vn/Images/Uploaded/DuLieuDownload/BCTC/TCB_21CN_BCTN.pdf,TCB_2021_vi.pdf,6.63,,,2022-04-19,2022-04-19,,2022-04-23,ok,2022-04-19,pdf_meta
TCB,VN30,2020,vi,Báo cáo thường niên năm 2020,https://cafefnew.mediacdn.vn/Images/Uploaded/DuLieuDownload/2020/TCB_20CN_BCTN.pdf,TCB_2020_vi.pdf,7.85,,,2021-04-12,2021-04-12,,2021-04-24,ok,2021-04-12,pdf_meta
TCB,VN30,2019,vi,Báo cáo thường niên năm 2019,https://cafefnew.mediacdn.vn/Images/Uploaded/DuLieuDownload/2019/TCB_19CN_BCTN.pdf,TCB_2019_vi.pdf,6.16,,,2020-04-16,2020-04-16,,2020-06-22,ok,2020-04-16,pdf_meta
TCB,VN30,2018,vi,Báo cáo thường niên năm 2018,https://cafefnew.mediacdn.vn/Images/Uploaded/DuLieuDownload/2018/TCB_18CN_BCTN.pdf,TCB_2018_vi.pdf,5.41,,,2019-04-17,2019-04-17,,2019-04-13,ok,,missing
TCB,VN30,2017,vi,Báo cáo thường niên năm 2017,https://cafefnew.mediacdn.vn/Images/Uploaded/DuLieuDownload/2017/TCB_17CN_BCTN.pdf,TCB_2017_vi.pdf,9.18,,,2018-03-05,2018-03-05,,,ok,2018-03-05,pdf_meta
TCB,VN30,2016,vi,Báo cáo thường niên năm 2016,https://cafefnew.mediacdn.vn/Images/Uploaded/DuLieuDownload/2016/TCB_16CN_BCTN.pdf,TCB_2016_vi.pdf,9.13,,,2017-03-28,2017-03-28,,,ok,2017-03-28,pdf_meta
TCH,VN100,2024,vi,Báo cáo thường niên năm 2024,https://cafefnew.mediacdn.vn/Images/Uploaded/DuLieuDownload/BCTC/TCH_24CN_BCTN.pdf,TCH_2024_vi.pdf,18.38,,,2025-07-07,2025-07-07,,2025-07-24,ok,2025-07-07,pdf_meta
TCH,VN100,2023,vi,Báo cáo thường niên năm 2023,https://cafefnew.mediacdn.vn/Images/Uploaded/DuLieuDownload/BCTC/TCH_23CN_BCTN.pdf,TCH_2023_vi.pdf,4.89,,,2024-06-21,2024-06-21,,2024-06-28,ok,2024-06-21,pdf_meta
TCH,VN100,2021,vi,Báo cáo thường niên năm 2021,https://cafefnew.mediacdn.vn/Images/Uploaded/DuLieuDownload/2021/TCH_21CN_BCTN.pdf,TCH_2021_vi.pdf,8.43,,,2022-06-15,2022-06-15,,,ok,2022-06-15,pdf_meta
TCH,VN100,2019,vi,Báo cáo thường niên năm 2019,https://cafefnew.mediacdn.vn/Images/Uploaded/DuLieuDownload/2019/TCH_19CN_BCTN.pdf,TCH_2019_vi.pdf,14.54,,,2020-06-11,2020-06-11,,2020-06-20,ok,2020-06-11,pdf_meta
TCH,VN100,2018,vi,Báo cáo thường niên năm 2018,https://cafefnew.mediacdn.vn/Images/Uploaded/DuLieuDownload/2018/TCH_18CN_BCTN.pdf,TCH_2018_vi.pdf,13.6,,,2019-06-15,2019-06-15,,2019-06-15,ok,2019-06-15,pdf_meta
TCH,VN100,2017,vi,Báo cáo thường niên năm 2017,https://cafefnew.mediacdn.vn/Images/Uploaded/DuLieuDownload/2017/TCH_17CN_BCTN.pdf,TCH_2017_vi.pdf,12.8,,,2018-05-29,2018-05-29,,2018-06-15,ok,2018-05-29,pdf_meta
TCH,VN100,2016,vi,Báo cáo thường niên năm 2016,https://cafefnew.mediacdn.vn/Images/Uploaded/DuLieuDownload/2016/TCH_16CN_BCTN.pdf,TCH_2016_vi.pdf,15.17,,,2017-07-05,2017-07-05,,2017-06-24,ok,,missing
TCX,VN30,2025,vi,Báo cáo thường niên năm 2025,https://cafefnew.mediacdn.vn/Images/Uploaded/DuLieuDownload/BCTC/TCX_25CN_BCTN.pdf,TCX_2025_vi.pdf,9.25,,,2026-03-25,,,2026-04-25,ok,2026-03-25,pdf_meta
TPB,VN100,2025,vi,Báo cáo thường niên năm 2025,https://cafefnew.mediacdn.vn/Images/Uploaded/DuLieuDownload/BCTC/TPB_25CN_BCTN.pdf,TPB_2025_vi.pdf,12.55,,,2026-04-20,2026-04-20,,2026-04-24,ok,2026-04-20,pdf_meta
TPB,VN100,2024,vi,Báo cáo thường niên năm 2024,https://cafefnew.mediacdn.vn/Images/Uploaded/DuLieuDownload/BCTC/TPB_24CN_BCTN.pdf,TPB_2024_vi.pdf,13.58,,,2025-04-17,2025-04-17,,2025-04-24,ok,2025-04-17,pdf_meta
TPB,VN100,2019,vi,Báo cáo thường niên năm 2019,https://cafefnew.mediacdn.vn/Images/Uploaded/DuLieuDownload/2019/TPB_19CN_BCTN.pdf,TPB_2019_vi.pdf,5.06,,,2020-04-14,2020-04-13,,2020-05-15,ok,2020-04-14,pdf_meta
TPB,VN100,2018,vi,Báo cáo thường niên năm 2018,https://cafefnew.mediacdn.vn/Images/Uploaded/DuLieuDownload/2018/TPB_18CN_BCTN.pdf,TPB_2018_vi.pdf,5.09,,,2019-04-08,2019-04-08,,2019-04-24,ok,2019-04-08,pdf_meta
TPB,VN100,2017,vi,Báo cáo thường niên năm 2017,https://cafefnew.mediacdn.vn/Images/Uploaded/DuLieuDownload/2017/TPB_17CN_BCTN.pdf,TPB_2017_vi.pdf,9.13,,,2018-04-12,2018-04-12,,2018-04-20,ok,2018-04-12,pdf_meta
TPB,VN100,2016,vi,Báo cáo thường niên năm 2016,https://cafefnew.mediacdn.vn/Images/Uploaded/DuLieuDownload/2016/TPB_16CN_BCTN.pdf,TPB_2016_vi.pdf,74.89,,,2017-04-20,2017-04-13,,,ok,2017-04-20,pdf_meta
VCB,VN30,2025,vi,Báo cáo thường niên năm 2025,https://cafefnew.mediacdn.vn/Images/Uploaded/DuLieuDownload/BCTC/VCB_25CN_BCTN.pdf,VCB_2025_vi.pdf,9.41,,,2026-04-16,2026-04-16,,2026-04-24,ok,2026-04-16,pdf_meta
VCB,VN30,2024,vi,Báo cáo thường niên năm 2024,https://cafefnew.mediacdn.vn/Images/Uploaded/DuLieuDownload/BCTC/VCB_24CN_BCTN.pdf,VCB_2024_vi.pdf,7.09,,,2025-04-17,,,2025-04-26,ok,2025-04-17,pdf_meta
VCB,VN30,2023,vi,Báo cáo thường niên năm 2023,https://cafefnew.mediacdn.vn/Images/Uploaded/DuLieuDownload/BCTC/VCB_23CN_BCTN.pdf,VCB_2023_vi.pdf,6.74,,,2024-04-17,,,2024-04-27,ok,2024-04-17,pdf_meta
VCB,VN30,2021,vi,Báo cáo thường niên năm 2021,https://cafefnew.mediacdn.vn/Images/Uploaded/DuLieuDownload/2021/VCB_21CN_BCTN.pdf,VCB_2021_vi.pdf,7.55,,,2022-04-18,2022-04-18,,2022-04-29,ok,2022-04-18,pdf_meta
VCB,VN30,2020,vi,Báo cáo thường niên năm 2020,https://cafefnew.mediacdn.vn/Images/Uploaded/DuLieuDownload/2020/VCB_20CN_BCTN.pdf,VCB_2020_vi.pdf,8.0,,,2021-04-20,2021-04-20,,2021-04-23,ok,2021-04-20,pdf_meta
VCB,VN30,2019,vi,Báo cáo thường niên năm 2019,https://cafefnew.mediacdn.vn/Images/Uploaded/DuLieuDownload/2019/VCB_19CN_BCTN.pdf,VCB_2019_vi.pdf,19.6,,,2020-04-06,2020-04-03,,2020-06-26,ok,2020-04-06,pdf_meta
VCB,VN30,2018,vi,Báo cáo thường niên năm 2018,https://cafefnew.mediacdn.vn/Images/Uploaded/DuLieuDownload/2018/VCB_18CN_BCTN.pdf,VCB_2018_vi.pdf,15.34,,,2019-04-22,2019-04-19,,2019-04-26,ok,2019-04-22,pdf_meta
VCB,VN30,2017,vi,Báo cáo thường niên năm 2017,https://cafefnew.mediacdn.vn/Images/Uploaded/DuLieuDownload/2017/VCB_17CN_BCTN.pdf,VCB_2017_vi.pdf,15.2,,,2018-04-20,2018-04-20,,2018-04-27,ok,2018-04-20,pdf_meta
VCB,VN30,2016,vi,Báo cáo thường niên năm 2016,https://cafefnew.mediacdn.vn/Images/Uploaded/DuLieuDownload/2016/VCB_16CN_BCTN.pdf,VCB_2016_vi.pdf,15.84,,,2017-04-19,2017-04-19,,2017-04-28,ok,2017-04-19,pdf_meta
VCG,VN100,2025,vi,Báo cáo thường niên năm 2025,https://cafefnew.mediacdn.vn/Images/Uploaded/DuLieuDownload/BCTC/VCG_25CN_BCTN.pdf,VCG_2025_vi.pdf,10.04,,,2026-04-20,2026-04-20,,2026-04-25,ok,2026-04-20,pdf_meta
VCG,VN100,2024,vi,Báo cáo thường niên năm 2024,https://cafefnew.mediacdn.vn/Images/Uploaded/DuLieuDownload/BCTC/VCG_24CN_BCTN.pdf,VCG_2024_vi.pdf,18.9,,,2025-04-18,2025-04-18,,2025-04-21,ok,2025-04-18,pdf_meta
VCG,VN100,2023,vi,Báo cáo thường niên năm 2023,https://cafefnew.mediacdn.vn/Images/Uploaded/DuLieuDownload/BCTC/VCG_23CN_BCTN.pdf,VCG_2023_vi.pdf,8.33,,,2024-04-19,2024-04-19,,2024-04-24,ok,2024-04-19,pdf_meta
VCG,VN100,2022,vi,Báo cáo thường niên năm 2022,https://cafefnew.mediacdn.vn/Images/Uploaded/DuLieuDownload/BCTC/VCG_22CN_BCTN.pdf,VCG_2022_vi.pdf,17.2,,,2023-04-17,2023-04-17,,2023-04-17,ok,2023-04-17,pdf_meta
VCG,VN100,2021,vi,Báo cáo thường niên năm 2021,https://cafefnew.mediacdn.vn/Images/Uploaded/DuLieuDownload/2021/VCG_21CN_BCTN.pdf,VCG_2021_vi.pdf,11.25,,,2022-04-21,2022-04-20,,,ok,2022-04-21,pdf_meta
VCG,VN100,2019,vi,Báo cáo thường niên năm 2019,https://cafefnew.mediacdn.vn/Images/Uploaded/DuLieuDownload/2019/VCG_19CN_BCTN.pdf,VCG_2019_vi.pdf,23.48,,,2020-04-20,2020-04-20,,2020-06-29,ok,2020-04-20,pdf_meta
VCG,VN100,2018,vi,Báo cáo thường niên năm 2018,https://cafefnew.mediacdn.vn/Images/Uploaded/DuLieuDownload/2018/VCG_18CN_BCTN.pdf,VCG_2018_vi.pdf,25.98,,,2019-05-10,2019-05-09,,2019-06-28,ok,2019-05-10,pdf_meta
VCG,VN100,2017,vi,Báo cáo thường niên năm 2017,https://cafefnew.mediacdn.vn/Images/Uploaded/DuLieuDownload/2017/VCG_17CN_BCTN.pdf,VCG_2017_vi.pdf,20.31,,,2018-04-20,2018-04-20,,2018-04-17,ok,,missing
VCG,VN100,2016,vi,Báo cáo thường niên năm 2016,https://cafefnew.mediacdn.vn/Images/Uploaded/DuLieuDownload/2016/VCG_16CN_BCTN.pdf,VCG_2016_vi.pdf,23.61,,,2017-05-08,2017-04-17,,,ok,2017-05-08,pdf_meta
VCI,VN100,2025,vi,Báo cáo thường niên năm 2025,https://cafefnew.mediacdn.vn/Images/Uploaded/DuLieuDownload/BCTC/VCI_25CN_BCTN.pdf,VCI_2025_vi.pdf,17.51,,,2026-03-05,2026-03-05,,2026-03-30,ok,2026-03-05,pdf_meta
VCI,VN100,2024,vi,Báo cáo thường niên năm 2024,https://cafefnew.mediacdn.vn/Images/Uploaded/DuLieuDownload/BCTC/VCI_24CN_BCTN.pdf,VCI_2024_vi.pdf,11.33,,,2025-04-01,,,2025-04-01,ok,2025-04-01,pdf_meta
VCI,VN100,2023,vi,Báo cáo thường niên năm 2023,https://cafefnew.mediacdn.vn/Images/Uploaded/DuLieuDownload/BCTC/VCI_23CN_BCTN.pdf,VCI_2023_vi.pdf,10.21,,,2024-04-02,,,2024-04-02,ok,2024-04-02,pdf_meta
VCI,VN100,2022,vi,Báo cáo thường niên năm 2022,https://cafefnew.mediacdn.vn/Images/Uploaded/DuLieuDownload/BCTC/VCI_22CN_BCTN.pdf,VCI_2022_vi.pdf,16.07,,,2023-03-30,2023-03-30,,2023-03-31,ok,2023-03-30,pdf_meta
VCI,VN100,2021,vi,Báo cáo thường niên năm 2021,https://cafefnew.mediacdn.vn/Images/Uploaded/DuLieuDownload/2021/VCI_21CN_BCTN.pdf,VCI_2021_vi.pdf,9.34,,,2022-03-30,2022-03-29,,,ok,2022-03-30,pdf_meta
VCI,VN100,2020,vi,Báo cáo thường niên năm 2020,https://cafefnew.mediacdn.vn/Images/Uploaded/DuLieuDownload/2020/VCI_20CN_BCTN.pdf,VCI_2020_vi.pdf,0.09,,,2021-04-08,2021-04-08,,,ok,2021-04-08,pdf_meta
VCI,VN100,2018,vi,Báo cáo thường niên năm 2018,https://cafefnew.mediacdn.vn/Images/Uploaded/DuLieuDownload/2018/VCI_18CN_BCTN.pdf,VCI_2018_vi.pdf,14.03,,,2019-04-18,2019-04-18,,2019-04-23,ok,2019-04-18,pdf_meta
VCI,VN100,2017,vi,Báo cáo thường niên năm 2017,https://cafefnew.mediacdn.vn/Images/Uploaded/DuLieuDownload/2017/VCI_17CN_BCTN.pdf,VCI_2017_vi.pdf,6.68,,,2018-04-16,2018-04-16,,2018-04-17,ok,2018-04-16,pdf_meta
VCK,VN100,2025,vi,Báo cáo thường niên năm 2025,https://cafefnew.mediacdn.vn/Images/Uploaded/DuLieuDownload/BCTC/VCK_25CN_BCTN.pdf,VCK_2025_vi.pdf,12.29,,,2026-02-13,2026-02-13,,2026-04-15,ok,2026-02-13,pdf_meta
VGC,VN100,2025,vi,Báo cáo thường niên năm 2025,https://cafefnew.mediacdn.vn/Images/Uploaded/DuLieuDownload/BCTC/VGC_25CN_BCTN.pdf,VGC_2025_vi.pdf,15.91,,,2026-03-27,,,2026-04-25,ok,2026-03-27,pdf_meta
VGC,VN100,2024,vi,Báo cáo thường niên năm 2024,https://cafefnew.mediacdn.vn/Images/Uploaded/DuLieuDownload/BCTC/VGC_24CN_BCTN.pdf,VGC_2024_vi.pdf,8.75,,,2025-03-10,,,2025-06-10,ok,2025-03-10,pdf_meta
VGC,VN100,2023,vi,Báo cáo thường niên năm 2023,https://cafefnew.mediacdn.vn/Images/Uploaded/DuLieuDownload/BCTC/VGC_23CN_BCTN.pdf,VGC_2023_vi.pdf,17.83,,,2024-03-22,,,2024-05-29,ok,2024-03-22,pdf_meta
VGC,VN100,2022,vi,Báo cáo thường niên năm 2022,https://cafefnew.mediacdn.vn/Images/Uploaded/DuLieuDownload/BCTC/VGC_22CN_BCTN.pdf,VGC_2022_vi.pdf,14.63,,,2023-03-23,,,2023-05-11,ok,2023-03-23,pdf_meta
VGC,VN100,2021,vi,Báo cáo thường niên năm 2021,https://cafefnew.mediacdn.vn/Images/Uploaded/DuLieuDownload/2021/VGC_21CN_BCTN.pdf,VGC_2021_vi.pdf,15.55,,,2022-03-17,,,2022-04-27,ok,2022-03-17,pdf_meta
VGC,VN100,2020,vi,Báo cáo thường niên năm 2020,https://cafefnew.mediacdn.vn/Images/Uploaded/DuLieuDownload/2020/VGC_20CN_BCTN.pdf,VGC_2020_vi.pdf,15.1,,,2021-03-30,,,2021-04-28,ok,2021-03-30,pdf_meta
VGC,VN100,2019,vi,Báo cáo thường niên năm 2019,https://cafefnew.mediacdn.vn/Images/Uploaded/DuLieuDownload/2019/VGC_19CN_BCTN.pdf,VGC_2019_vi.pdf,15.37,,,2020-03-25,2020-03-25,,2020-06-19,ok,2020-03-25,pdf_meta
VGC,VN100,2018,vi,Báo cáo thường niên năm 2018,https://cafefnew.mediacdn.vn/Images/Uploaded/DuLieuDownload/2018/VGC_18CN_BCTN.pdf,VGC_2018_vi.pdf,7.83,,,2019-04-12,2019-04-12,,2019-06-27,ok,2019-04-12,pdf_meta
VGC,VN100,2017,vi,Báo cáo thường niên năm 2017,https://cafefnew.mediacdn.vn/Images/Uploaded/DuLieuDownload/2017/VGC_17CN_BCTN.pdf,VGC_2017_vi.pdf,17.96,,,2018-04-16,,,2018-06-29,ok,2018-04-16,pdf_meta
VGC,VN100,2016,vi,Báo cáo thường niên năm 2016,https://cafefnew.mediacdn.vn/Images/Uploaded/DuLieuDownload/2016/VGC_16CN_BCTN.pdf,VGC_2016_vi.pdf,9.23,,,2017-04-18,2017-04-17,,2017-04-20,ok,2017-04-18,pdf_meta
VHC,VN100,2025,vi,Báo cáo thường niên năm 2025,https://cafefnew.mediacdn.vn/Images/Uploaded/DuLieuDownload/BCTC/VHC_25CN_BCTN.pdf,VHC_2025_vi.pdf,25.32,,,2026-04-17,2026-04-17,,2026-05-05,ok,2026-04-17,pdf_meta
VHC,VN100,2024,vi,Báo cáo thường niên năm 2024,https://cafefnew.mediacdn.vn/Images/Uploaded/DuLieuDownload/BCTC/VHC_24CN_BCTN.pdf,VHC_2024_vi.pdf,15.77,,,2025-04-18,2025-04-17,,2025-04-24,ok,2025-04-18,pdf_meta
VHC,VN100,2023,vi,Báo cáo thường niên năm 2023,https://cafefnew.mediacdn.vn/Images/Uploaded/DuLieuDownload/BCTC/VHC_23CN_BCTN.pdf,VHC_2023_vi.pdf,8.9,,,2024-04-19,2024-04-12,,2024-04-19,ok,2024-04-19,pdf_meta
VHC,VN100,2021,vi,Báo cáo thường niên năm 2021,https://cafefnew.mediacdn.vn/Images/Uploaded/DuLieuDownload/2021/VHC_21CN_BCTN.pdf,VHC_2021_vi.pdf,17.97,,,2022-04-18,2022-04-18,,,ok,2022-04-18,pdf_meta
VHC,VN100,2019,vi,Báo cáo thường niên năm 2019,https://cafefnew.mediacdn.vn/Images/Uploaded/DuLieuDownload/2019/VHC_19CN_BCTN.pdf,VHC_2019_vi.pdf,16.53,,,2020-04-13,2020-04-13,,2020-05-15,ok,2020-04-13,pdf_meta
VHC,VN100,2018,vi,Báo cáo thường niên năm 2018,https://cafefnew.mediacdn.vn/Images/Uploaded/DuLieuDownload/2018/VHC_18CN_BCTN.pdf,VHC_2018_vi.pdf,13.01,,,2019-04-22,2019-04-22,,2019-04-26,ok,2019-04-22,pdf_meta
VHC,VN100,2017,vi,Báo cáo thường niên năm 2017,https://cafefnew.mediacdn.vn/Images/Uploaded/DuLieuDownload/2017/VHC_17CN_BCTN.pdf,VHC_2017_vi.pdf,5.18,,,2018-04-23,2018-04-22,,2018-05-12,ok,2018-04-23,pdf_meta
VHC,VN100,2016,vi,Báo cáo thường niên năm 2016,https://cafefnew.mediacdn.vn/Images/Uploaded/DuLieuDownload/2016/VHC_16CN_BCTN.pdf,VHC_2016_vi.pdf,4.27,,,2017-04-20,2017-04-20,,2017-05-05,ok,2017-04-20,pdf_meta
VHM,VN30,2025,vi,Báo cáo thường niên năm 2025,https://cafefnew.mediacdn.vn/Images/Uploaded/DuLieuDownload/BCTC/VHM_25CN_BCTN.pdf,VHM_2025_vi.pdf,14.2,,,2026-04-11,2026-04-11,,2026-04-21,ok,2026-04-11,pdf_meta
VHM,VN30,2024,vi,Báo cáo thường niên năm 2024,https://cafefnew.mediacdn.vn/Images/Uploaded/DuLieuDownload/BCTC/VHM_24CN_BCTN.pdf,VHM_2024_vi.pdf,19.4,,,2025-04-12,2025-04-11,,2025-04-23,ok,2025-04-12,pdf_meta
VHM,VN30,2023,vi,Báo cáo thường niên năm 2023,https://cafefnew.mediacdn.vn/Images/Uploaded/DuLieuDownload/BCTC/VHM_23CN_BCTN.pdf,VHM_2023_vi.pdf,9.3,,,2024-04-02,2024-04-02,,2024-04-24,ok,2024-04-02,pdf_meta
VHM,VN30,2018,vi,Báo cáo thường niên năm 2018,https://cafefnew.mediacdn.vn/Images/Uploaded/DuLieuDownload/2018/VHM_18CN_BCTN.pdf,VHM_2018_vi.pdf,9.2,,,2019-04-19,2019-04-18,,2019-05-28,ok,2019-04-19,pdf_meta
VIB,VN30,2025,vi,Báo cáo thường niên năm 2025,https://cafefnew.mediacdn.vn/Images/Uploaded/DuLieuDownload/BCTC/VIB_25CN_BCTN.pdf,VIB_2025_vi.pdf,14.38,,,2026-03-20,2026-03-20,,2026-04-08,ok,2026-03-20,pdf_meta
VIB,VN30,2024,vi,Báo cáo thường niên năm 2024,https://cafefnew.mediacdn.vn/Images/Uploaded/DuLieuDownload/BCTC/VIB_24CN_BCTN.pdf,VIB_2024_vi.pdf,13.26,,,2025-03-17,2025-03-17,,2025-03-27,ok,2025-03-17,pdf_meta
VIB,VN30,2023,vi,Báo cáo thường niên năm 2023,https://cafefnew.mediacdn.vn/Images/Uploaded/DuLieuDownload/BCTC/VIB_23CN_BCTN.pdf,VIB_2023_vi.pdf,9.82,,,2024-03-18,2024-03-18,,2024-04-02,ok,2024-03-18,pdf_meta
VIB,VN30,2022,vi,Báo cáo thường niên năm 2022,https://cafefnew.mediacdn.vn/Images/Uploaded/DuLieuDownload/BCTC/VIB_22CN_BCTN.pdf,VIB_2022_vi.pdf,11.96,,,2023-03-03,2023-03-03,,2023-03-16,ok,2023-03-03,pdf_meta
VIB,VN30,2021,vi,Báo cáo thường niên năm 2021,https://cafefnew.mediacdn.vn/Images/Uploaded/DuLieuDownload/2021/VIB_21CN_BCTN.pdf,VIB_2021_vi.pdf,16.09,,,2022-03-06,2022-03-06,,,ok,2022-03-06,pdf_meta
VIB,VN30,2020,vi,Báo cáo thường niên năm 2020,https://cafefnew.mediacdn.vn/Images/Uploaded/DuLieuDownload/2020/VIB_20CN_BCTN.pdf,VIB_2020_vi.pdf,7.19,,,2021-02-23,2021-02-22,,2021-03-24,ok,2021-02-23,pdf_meta
VIB,VN30,2019,vi,Báo cáo thường niên năm 2019,https://cafefnew.mediacdn.vn/Images/Uploaded/DuLieuDownload/2019/VIB_19CN_BCTN.pdf,VIB_2019_vi.pdf,9.84,,,2020-03-14,2020-03-14,,2020-06-26,ok,2020-03-14,pdf_meta
VIB,VN30,2018,vi,Báo cáo thường niên năm 2018,https://cafefnew.mediacdn.vn/Images/Uploaded/DuLieuDownload/2018/VIB_18CN_BCTN.pdf,VIB_2018_vi.pdf,6.83,,,2019-03-20,2019-03-20,,2019-03-28,ok,2019-03-20,pdf_meta
VIB,VN30,2017,vi,Báo cáo thường niên năm 2017,https://cafefnew.mediacdn.vn/Images/Uploaded/DuLieuDownload/2017/VIB_17CN_BCTN.pdf,VIB_2017_vi.pdf,1.91,,,2018-03-30,2018-03-30,,2018-03-29,ok,,missing
VIB,VN30,2016,vi,Báo cáo thường niên năm 2016,https://cafefnew.mediacdn.vn/Images/Uploaded/DuLieuDownload/2016/VIB_16CN_BCTN.pdf,VIB_2016_vi.pdf,8.24,,,2017-04-20,,,2017-04-27,ok,2017-04-20,pdf_meta
VIC,VN30,2025,vi,Báo cáo thường niên năm 2025,https://cafefnew.mediacdn.vn/Images/Uploaded/DuLieuDownload/BCTC/VIC_25CN_BCTN.pdf,VIC_2025_vi.pdf,6.17,,,2026-04-13,2026-04-13,,2026-04-22,ok,2026-04-13,pdf_meta
VIC,VN30,2024,vi,Báo cáo thường niên năm 2024,https://cafefnew.mediacdn.vn/Images/Uploaded/DuLieuDownload/BCTC/VIC_24CN_BCTN.pdf,VIC_2024_vi.pdf,7.3,,,2025-04-21,,,2025-04-24,ok,2025-04-21,pdf_meta
VIC,VN30,2023,vi,Báo cáo thường niên năm 2023,https://cafefnew.mediacdn.vn/Images/Uploaded/DuLieuDownload/BCTC/VIC_23CN_BCTN.pdf,VIC_2023_vi.pdf,16.27,,,2024-04-17,2024-04-17,,2024-04-25,ok,2024-04-17,pdf_meta
VIC,VN30,2022,vi,Báo cáo thường niên năm 2022,https://cafefnew.mediacdn.vn/Images/Uploaded/DuLieuDownload/BCTC/VIC_22CN_BCTN.pdf,VIC_2022_vi.pdf,12.27,,,2023-04-07,2023-04-07,,2023-05-18,ok,2023-04-07,pdf_meta
VIC,VN30,2021,vi,Báo cáo thường niên năm 2021,https://cafefnew.mediacdn.vn/Images/Uploaded/DuLieuDownload/2021/VIC_21CN_BCTN.pdf,VIC_2021_vi.pdf,9.67,,,2022-04-19,,,2022-05-12,ok,2022-04-19,pdf_meta
VIC,VN30,2020,vi,Báo cáo thường niên năm 2020,https://cafefnew.mediacdn.vn/Images/Uploaded/DuLieuDownload/2020/VIC_20CN_BCTN.pdf,VIC_2020_vi.pdf,8.72,,,2021-04-18,2021-04-16,,2021-06-25,ok,2021-04-18,pdf_meta
VIC,VN30,2019,vi,Báo cáo thường niên năm 2019,https://cafefnew.mediacdn.vn/Images/Uploaded/DuLieuDownload/2019/VIC_19CN_BCTN.pdf,VIC_2019_vi.pdf,11.36,,,,,,2020-06-28,ok,,missing
VIC,VN30,2018,vi,Báo cáo thường niên năm 2018,https://cafefnew.mediacdn.vn/Images/Uploaded/DuLieuDownload/2018/VIC_18CN_BCTN.pdf,VIC_2018_vi.pdf,9.43,,,2019-04-19,2019-04-19,,2019-05-24,ok,2019-04-19,pdf_meta
VIC,VN30,2017,vi,Báo cáo thường niên năm 2017,https://cafefnew.mediacdn.vn/Images/Uploaded/DuLieuDownload/2017/VIC_17CN_BCTN.pdf,VIC_2017_vi.pdf,11.12,,,2018-04-20,2018-04-20,,2018-06-01,ok,2018-04-20,pdf_meta
VIC,VN30,2016,vi,Báo cáo thường niên năm 2016,https://cafefnew.mediacdn.vn/Images/Uploaded/DuLieuDownload/2016/VIC_16CN_BCTN.pdf,VIC_2016_vi.pdf,8.82,,,2017-04-18,2017-04-18,,2017-04-27,ok,2017-04-18,pdf_meta
VIX,VN100,2025,vi,Báo cáo thường niên năm 2025,https://cafefnew.mediacdn.vn/Images/Uploaded/DuLieuDownload/BCTC/VIX_25CN_BCTN.pdf,VIX_2025_vi.pdf,6.98,,,2026-04-08,2026-04-08,,2026-06-26,ok,2026-04-08,pdf_meta
VIX,VN100,2024,vi,Báo cáo thường niên năm 2024,https://cafefnew.mediacdn.vn/Images/Uploaded/DuLieuDownload/BCTC/VIX_24CN_BCTN.pdf,VIX_2024_vi.pdf,19.43,,,2025-04-08,2025-04-04,,2025-05-23,ok,2025-04-08,pdf_meta
VIX,VN100,2023,vi,Báo cáo thường niên năm 2023,https://cafefnew.mediacdn.vn/Images/Uploaded/DuLieuDownload/BCTC/VIX_23CN_BCTN.pdf,VIX_2023_vi.pdf,8.2,,,2024-03-25,2024-03-25,,2024-04-12,ok,2024-03-25,pdf_meta
VIX,VN100,2022,vi,Báo cáo thường niên năm 2022,https://cafefnew.mediacdn.vn/Images/Uploaded/DuLieuDownload/BCTC/VIX_22CN_BCTN.pdf,VIX_2022_vi.pdf,7.77,,,2023-04-10,2023-04-10,,2023-04-17,ok,2023-04-10,pdf_meta
VIX,VN100,2021,vi,Báo cáo thường niên năm 2021,https://cafefnew.mediacdn.vn/Images/Uploaded/DuLieuDownload/2021/VIX_21CN_BCTN.pdf,VIX_2021_vi.pdf,7.78,,,2022-04-13,,,2022-06-30,ok,2022-04-13,pdf_meta
VIX,VN100,2019,vi,Báo cáo thường niên năm 2019,https://cafefnew.mediacdn.vn/Images/Uploaded/DuLieuDownload/2019/VIX_19CN_BCTN.pdf,VIX_2019_vi.pdf,5.18,,,2020-03-31,2020-03-31,,2020-04-17,ok,2020-03-31,pdf_meta
VIX,VN100,2018,vi,Báo cáo thường niên năm 2018,https://cafefnew.mediacdn.vn/Images/Uploaded/DuLieuDownload/2018/VIX_18CN_BCTN.pdf,VIX_2018_vi.pdf,7.95,,,2019-03-27,2019-03-27,,2019-04-10,ok,2019-03-27,pdf_meta
VIX,VN100,2017,vi,Báo cáo thường niên năm 2017,https://cafefnew.mediacdn.vn/Images/Uploaded/DuLieuDownload/2017/VIX_17CN_BCTN.pdf,VIX_2017_vi.pdf,1.92,,,2018-04-11,,,2018-04-17,ok,2018-04-11,pdf_meta
VIX,VN100,2016,vi,Báo cáo thường niên năm 2016,https://cafefnew.mediacdn.vn/Images/Uploaded/DuLieuDownload/2016/VIX_16CN_BCTN.pdf,VIX_2016_vi.pdf,9.8,,,2017-04-20,2017-04-19,,2017-04-24,ok,2017-04-20,pdf_meta
VJC,VN30,2025,vi,Báo cáo thường niên năm 2025,https://cafefnew.mediacdn.vn/Images/Uploaded/DuLieuDownload/BCTC/VJC_25CN_BCTN.pdf,VJC_2025_vi.pdf,15.03,,,2026-05-06,2026-05-06,,2026-04-24,ok,,missing
VJC,VN30,2024,vi,Báo cáo thường niên năm 2024,https://cafefnew.mediacdn.vn/Images/Uploaded/DuLieuDownload/BCTC/VJC_24CN_BCTN.pdf,VJC_2024_vi.pdf,11.64,,,2025-05-16,2025-05-15,,2025-05-30,ok,2025-05-16,pdf_meta
VJC,VN30,2023,vi,Báo cáo thường niên năm 2023,https://cafefnew.mediacdn.vn/Images/Uploaded/DuLieuDownload/BCTC/VJC_23CN_BCTN.pdf,VJC_2023_vi.pdf,16.93,,,2024-04-22,2024-04-22,,2024-04-26,ok,2024-04-22,pdf_meta
VJC,VN30,2021,vi,Báo cáo thường niên năm 2021,https://cafefnew.mediacdn.vn/Images/Uploaded/DuLieuDownload/2021/VJC_21CN_BCTN.pdf,VJC_2021_vi.pdf,8.89,,,2022-05-11,2022-05-11,,2022-05-28,ok,2022-05-11,pdf_meta
VJC,VN30,2019,vi,Báo cáo thường niên năm 2019,https://cafefnew.mediacdn.vn/Images/Uploaded/DuLieuDownload/2019/VJC_19CN_BCTN.pdf,VJC_2019_vi.pdf,8.43,,,2020-05-28,2020-05-28,,2020-06-27,ok,2020-05-28,pdf_meta
VJC,VN30,2018,vi,Báo cáo thường niên năm 2018,https://cafefnew.mediacdn.vn/Images/Uploaded/DuLieuDownload/2018/VJC_18CN_BCTN.pdf,VJC_2018_vi.pdf,17.45,,,2019-05-03,2019-05-03,,2019-04-19,ok,,missing
VJC,VN30,2017,vi,Báo cáo thường niên năm 2017,https://cafefnew.mediacdn.vn/Images/Uploaded/DuLieuDownload/2017/VJC_17CN_BCTN.pdf,VJC_2017_vi.pdf,13.8,,,2018-05-03,2018-04-26,,2018-04-26,ok,2018-04-26,pdf_meta
VJC,VN30,2016,vi,Báo cáo thường niên năm 2016,https://cafefnew.mediacdn.vn/Images/Uploaded/DuLieuDownload/2016/VJC_16CN_BCTN.pdf,VJC_2016_vi.pdf,13.32,,,2017-04-19,2017-04-18,,2017-04-20,ok,2017-04-19,pdf_meta
VND,VN100,2025,vi,Báo cáo thường niên năm 2025,https://cafefnew.mediacdn.vn/Images/Uploaded/DuLieuDownload/BCTC/VND_25CN_BCTN.pdf,VND_2025_vi.pdf,9.43,,,2026-04-17,2026-04-17,,2026-05-18,ok,2026-04-17,pdf_meta
VND,VN100,2024,vi,Báo cáo thường niên năm 2024,https://cafefnew.mediacdn.vn/Images/Uploaded/DuLieuDownload/BCTC/VND_24CN_BCTN.pdf,VND_2024_vi.pdf,11.86,,,2025-04-18,,,2025-05-28,ok,2025-04-18,pdf_meta
VND,VN100,2023,vi,Báo cáo thường niên năm 2023,https://cafefnew.mediacdn.vn/Images/Uploaded/DuLieuDownload/BCTC/VND_23CN_BCTN.pdf,VND_2023_vi.pdf,18.55,,,2024-04-19,,,2024-06-28,ok,2024-04-19,pdf_meta
VND,VN100,2021,vi,Báo cáo thường niên năm 2021,https://cafefnew.mediacdn.vn/Images/Uploaded/DuLieuDownload/2021/VND_21CN_BCTN.pdf,VND_2021_vi.pdf,14.79,,,2022-03-22,2022-03-22,,2022-04-26,ok,2022-03-22,pdf_meta
VND,VN100,2020,vi,Báo cáo thường niên năm 2020,https://cafefnew.mediacdn.vn/Images/Uploaded/DuLieuDownload/2020/VND_20CN_BCTN.pdf,VND_2020_vi.pdf,8.84,,,2021-04-07,2021-04-07,,2021-03-19,ok,,missing
VND,VN100,2019,vi,Báo cáo thường niên năm 2019,https://cafefnew.mediacdn.vn/Images/Uploaded/DuLieuDownload/2019/VND_19CN_BCTN.pdf,VND_2019_vi.pdf,5.72,,,2020-04-20,2020-04-20,,2020-06-30,ok,2020-04-20,pdf_meta
VND,VN100,2018,vi,Báo cáo thường niên năm 2018,https://cafefnew.mediacdn.vn/Images/Uploaded/DuLieuDownload/2018/VND_18CN_BCTN.pdf,VND_2018_vi.pdf,8.36,,,2019-04-19,2019-04-19,,2019-04-19,ok,2019-04-19,pdf_meta
VND,VN100,2017,vi,Báo cáo thường niên năm 2017,https://cafefnew.mediacdn.vn/Images/Uploaded/DuLieuDownload/2017/VND_17CN_BCTN.pdf,VND_2017_vi.pdf,6.01,,,,,,2018-04-20,ok,,missing
VNM,VN30,2025,vi,Báo cáo thường niên năm 2025,https://cafefnew.mediacdn.vn/Images/Uploaded/DuLieuDownload/BCTC/VNM_25CN_BCTN.pdf,VNM_2025_vi.pdf,8.94,,,2026-03-19,2026-03-19,,2026-04-22,ok,2026-03-19,pdf_meta
VNM,VN30,2024,vi,Báo cáo thường niên năm 2024,https://cafefnew.mediacdn.vn/Images/Uploaded/DuLieuDownload/BCTC/VNM_24CN_BCTN.pdf,VNM_2024_vi.pdf,6.56,,,2025-03-20,2025-03-20,,2025-04-25,ok,2025-03-20,pdf_meta
VNM,VN30,2023,vi,Báo cáo thường niên năm 2023,https://cafefnew.mediacdn.vn/Images/Uploaded/DuLieuDownload/BCTC/VNM_23CN_BCTN.pdf,VNM_2023_vi.pdf,9.01,,,2024-03-18,2024-03-18,,2024-04-25,ok,2024-03-18,pdf_meta
VNM,VN30,2022,vi,Báo cáo thường niên năm 2022,https://cafefnew.mediacdn.vn/Images/Uploaded/DuLieuDownload/BCTC/VNM_22CN_BCTN.pdf,VNM_2022_vi.pdf,7.62,,,2023-03-20,2023-03-20,,2023-04-25,ok,2023-03-20,pdf_meta
VNM,VN30,2021,vi,Báo cáo thường niên năm 2021,https://cafefnew.mediacdn.vn/Images/Uploaded/DuLieuDownload/2021/VNM_21CN_BCTN.pdf,VNM_2021_vi.pdf,7.48,,,2022-03-18,2022-03-18,,2022-04-26,ok,2022-03-18,pdf_meta
VNM,VN30,2018,vi,Báo cáo thường niên năm 2018,https://cafefnew.mediacdn.vn/Images/Uploaded/DuLieuDownload/2018/VNM_18CN_BCTN.pdf,VNM_2018_vi.pdf,9.36,,,2019-03-20,2019-03-20,,2019-04-17,ok,2019-03-20,pdf_meta
VNM,VN30,2017,vi,Báo cáo thường niên năm 2017,https://cafefnew.mediacdn.vn/Images/Uploaded/DuLieuDownload/2017/VNM_17CN_BCTN.pdf,VNM_2017_vi.pdf,0.38,,,2018-03-26,,,2018-03-31,ok,2018-03-26,pdf_meta
VNM,VN30,2016,vi,Báo cáo thường niên năm 2016,https://cafefnew.mediacdn.vn/Images/Uploaded/DuLieuDownload/2016/VNM_16CN_BCTN.pdf,VNM_2016_vi.pdf,0.28,,,2017-03-21,2017-03-21,,2017-04-15,ok,2017-03-21,pdf_meta
VPB,VN30,2025,vi,Báo cáo thường niên năm 2025,https://cafefnew.mediacdn.vn/Images/Uploaded/DuLieuDownload/BCTC/VPB_25CN_BCTN.pdf,VPB_2025_vi.pdf,16.71,,,2026-03-30,,,2026-04-22,ok,2026-03-30,pdf_meta
VPB,VN30,2024,vi,Báo cáo thường niên năm 2024,https://cafefnew.mediacdn.vn/Images/Uploaded/DuLieuDownload/BCTC/VPB_24CN_BCTN.pdf,VPB_2024_vi.pdf,16.14,,,2025-03-29,2025-03-29,,2025-04-28,ok,2025-03-29,pdf_meta
VPB,VN30,2023,vi,Báo cáo thường niên năm 2023,https://cafefnew.mediacdn.vn/Images/Uploaded/DuLieuDownload/BCTC/VPB_23CN_BCTN.pdf,VPB_2023_vi.pdf,18.13,,,2024-04-19,2024-04-19,,2024-04-29,ok,2024-04-19,pdf_meta
VPB,VN30,2022,vi,Báo cáo thường niên năm 2022,https://cafefnew.mediacdn.vn/Images/Uploaded/DuLieuDownload/BCTC/VPB_22CN_BCTN.pdf,VPB_2022_vi.pdf,9.13,,,2023-04-11,2023-04-11,,2023-04-18,ok,2023-04-11,pdf_meta
VPB,VN30,2021,vi,Báo cáo thường niên năm 2021,https://cafefnew.mediacdn.vn/Images/Uploaded/DuLieuDownload/2021/VPB_21CN_BCTN.pdf,VPB_2021_vi.pdf,7.0,,,2022-04-07,2022-04-07,,2022-04-29,ok,2022-04-07,pdf_meta
VPB,VN30,2020,vi,Báo cáo thường niên năm 2020,https://cafefnew.mediacdn.vn/Images/Uploaded/DuLieuDownload/2020/VPB_20CN_BCTN.pdf,VPB_2020_vi.pdf,6.61,,,2021-04-14,2021-04-14,,2021-04-29,ok,2021-04-14,pdf_meta
VPB,VN30,2019,vi,Báo cáo thường niên năm 2019,https://cafefnew.mediacdn.vn/Images/Uploaded/DuLieuDownload/2019/VPB_19CN_BCTN.pdf,VPB_2019_vi.pdf,5.93,,,2020-04-06,2020-04-06,,2020-05-29,ok,2020-04-06,pdf_meta
VPB,VN30,2018,vi,Báo cáo thường niên năm 2018,https://cafefnew.mediacdn.vn/Images/Uploaded/DuLieuDownload/2018/VPB_18CN_BCTN.pdf,VPB_2018_vi.pdf,3.62,,,2019-03-14,2019-03-14,,2019-04-26,ok,2019-03-14,pdf_meta
VPB,VN30,2017,vi,Báo cáo thường niên năm 2017,https://cafefnew.mediacdn.vn/Images/Uploaded/DuLieuDownload/2017/VPB_17CN_BCTN.pdf,VPB_2017_vi.pdf,4.62,,,2018-03-12,2018-02-28,,,ok,2018-03-12,pdf_meta
VPB,VN30,2016,vi,Báo cáo thường niên năm 2016,https://cafefnew.mediacdn.vn/Images/Uploaded/DuLieuDownload/2016/VPB_16CN_BCTN.pdf,VPB_2016_vi.pdf,16.75,,,2017-05-06,2017-04-20,,,ok,2017-05-06,pdf_meta
VPI,VN100,2025,vi,Báo cáo thường niên năm 2025,https://cafefnew.mediacdn.vn/Images/Uploaded/DuLieuDownload/BCTC/VPI_25CN_BCTN.pdf,VPI_2025_vi.pdf,11.42,,,2026-04-17,,,2026-04-23,ok,2026-04-17,pdf_meta
VPI,VN100,2024,vi,Báo cáo thường niên năm 2024,https://cafefnew.mediacdn.vn/Images/Uploaded/DuLieuDownload/BCTC/VPI_24CN_BCTN.pdf,VPI_2024_vi.pdf,0.47,,,2025-04-15,2025-04-15,,2025-04-23,ok,2025-04-15,pdf_meta
VPI,VN100,2023,vi,Báo cáo thường niên năm 2023,https://cafefnew.mediacdn.vn/Images/Uploaded/DuLieuDownload/BCTC/VPI_23CN_BCTN.pdf,VPI_2023_vi.pdf,17.24,,,2024-04-10,,,2024-04-24,ok,2024-04-10,pdf_meta
VPI,VN100,2022,vi,Báo cáo thường niên năm 2022,https://cafefnew.mediacdn.vn/Images/Uploaded/DuLieuDownload/BCTC/VPI_22CN_BCTN.pdf,VPI_2022_vi.pdf,12.56,,,,,,2023-04-26,ok,,missing
VPI,VN100,2021,vi,Báo cáo thường niên năm 2021,https://cafefnew.mediacdn.vn/Images/Uploaded/DuLieuDownload/2021/VPI_21CN_BCTN.pdf,VPI_2021_vi.pdf,10.39,,,,,,2022-04-27,ok,,missing
VPI,VN100,2020,vi,Báo cáo thường niên năm 2020,https://cafefnew.mediacdn.vn/Images/Uploaded/DuLieuDownload/2020/VPI_20CN_BCTN.PDF,VPI_2020_vi.pdf,11.49,,,2021-04-19,,,2021-06-29,ok,2021-04-19,pdf_meta
VPI,VN100,2019,vi,Báo cáo thường niên năm 2019,https://cafefnew.mediacdn.vn/Images/Uploaded/DuLieuDownload/2019/VPI_19CN_BCTN.pdf,VPI_2019_vi.pdf,11.6,,,2020-04-25,,,2020-05-15,ok,2020-04-25,pdf_meta
VPI,VN100,2018,vi,Báo cáo thường niên năm 2018,https://cafefnew.mediacdn.vn/Images/Uploaded/DuLieuDownload/2018/VPI_18CN_BCTN.pdf,VPI_2018_vi.pdf,13.76,,,,,,,ok,,missing
VPI,VN100,2017,vi,Báo cáo thường niên năm 2017,https://cafefnew.mediacdn.vn/Images/Uploaded/DuLieuDownload/2017/VPI_17CN_BCTN.pdf,VPI_2017_vi.pdf,17.76,,,2018-04-12,2018-04-11,,2018-04-10,ok,,missing
VPL,VN30,2025,vi,Báo cáo thường niên năm 2025,https://cafefnew.mediacdn.vn/Images/Uploaded/DuLieuDownload/BCTC/VPL_25CN_BCTN.pdf,VPL_2025_vi.pdf,11.83,,,2026-03-31,2026-03-30,,2026-04-24,ok,2026-03-31,pdf_meta
VPL,VN30,2024,vi,Báo cáo thường niên năm 2024,https://cafefnew.mediacdn.vn/Images/Uploaded/DuLieuDownload/BCTC/VPL_24CN_BCTN.pdf,VPL_2024_vi.pdf,81.83,,,2025-03-19,2025-03-19,,,ok,2025-03-19,pdf_meta
VPX,VN100,2025,vi,Báo cáo thường niên năm 2025,https://cafefnew.mediacdn.vn/Images/Uploaded/DuLieuDownload/BCTC/VPX_25CN_BCTN.pdf,VPX_2025_vi.pdf,16.95,,,2026-04-06,2026-04-03,,2026-04-20,ok,2026-04-06,pdf_meta
VPX,VN100,2023,vi,Báo cáo thường niên năm 2023,https://cafefnew.mediacdn.vn/Images/Uploaded/DuLieuDownload/BCTC/VPBANKS_23CN_BCTN.pdf,VPX_2023_vi.pdf,29.83,,,2024-04-16,2024-04-16,,,ok,2024-04-16,pdf_meta
VRE,VN30,2025,vi,Báo cáo thường niên năm 2025,https://cafefnew.mediacdn.vn/Images/Uploaded/DuLieuDownload/BCTC/VRE_25CN_BCTN.pdf,VRE_2025_vi.pdf,11.42,,,2026-04-04,2026-04-04,,2026-04-23,ok,2026-04-04,pdf_meta
VRE,VN30,2024,vi,Báo cáo thường niên năm 2024,https://cafefnew.mediacdn.vn/Images/Uploaded/DuLieuDownload/BCTC/VRE_24CN_BCTN.pdf,VRE_2024_vi.pdf,8.23,,,2025-04-16,2025-04-16,,2025-04-22,ok,2025-04-16,pdf_meta
VRE,VN30,2023,vi,Báo cáo thường niên năm 2023,https://cafefnew.mediacdn.vn/Images/Uploaded/DuLieuDownload/BCTC/VRE_23CN_BCTN.pdf,VRE_2023_vi.pdf,8.59,,,2024-04-12,2024-04-12,,2024-04-23,ok,2024-04-12,pdf_meta
VRE,VN30,2022,vi,Báo cáo thường niên năm 2022,https://cafefnew.mediacdn.vn/Images/Uploaded/DuLieuDownload/BCTC/VRE_22CN_BCTN.pdf,VRE_2022_vi.pdf,11.78,,,2023-03-22,2023-03-22,,,ok,2023-03-22,pdf_meta
VRE,VN30,2021,vi,Báo cáo thường niên năm 2021,https://cafefnew.mediacdn.vn/Images/Uploaded/DuLieuDownload/2021/VRE_21CN_BCTN.pdf,VRE_2021_vi.pdf,19.66,,,2022-04-19,,,2022-05-11,ok,2022-04-19,pdf_meta
VRE,VN30,2020,vi,Báo cáo thường niên năm 2020,https://cafefnew.mediacdn.vn/Images/Uploaded/DuLieuDownload/2020/VRE_20CN_BCTN.pdf,VRE_2020_vi.pdf,14.74,,,2021-04-19,2021-04-19,,2021-06-24,ok,2021-04-19,pdf_meta
VRE,VN30,2019,vi,Báo cáo thường niên năm 2019,https://cafefnew.mediacdn.vn/Images/Uploaded/DuLieuDownload/2019/VRE_19CN_BCTN.pdf,VRE_2019_vi.pdf,7.39,,,2020-04-20,2020-04-18,,2020-05-27,ok,2020-04-20,pdf_meta
VRE,VN30,2018,vi,Báo cáo thường niên năm 2018,https://cafefnew.mediacdn.vn/Images/Uploaded/DuLieuDownload/2018/VRE_18CN_BCTN.pdf,VRE_2018_vi.pdf,11.08,,,,,,2019-04-11,ok,,missing
VSC,VN100,2025,vi,Báo cáo thường niên năm 2025,https://cafefnew.mediacdn.vn/Images/Uploaded/DuLieuDownload/BCTC/VSC_25CN_BCTN.pdf,VSC_2025_vi.pdf,5.64,,,2026-04-09,,,2026-05-20,ok,2026-04-09,pdf_meta
VSC,VN100,2024,vi,Báo cáo thường niên năm 2024,https://cafefnew.mediacdn.vn/Images/Uploaded/DuLieuDownload/BCTC/VSC_24CN_BCTN.pdf,VSC_2024_vi.pdf,9.09,,,2025-04-04,2025-04-04,,2025-04-25,ok,2025-04-04,pdf_meta
VSC,VN100,2023,vi,Báo cáo thường niên năm 2023,https://cafefnew.mediacdn.vn/Images/Uploaded/DuLieuDownload/BCTC/VSC_23CN_BCTN.pdf,VSC_2023_vi.pdf,1.34,,,2024-03-30,2024-03-30,,2024-06-10,ok,2024-03-30,pdf_meta
VSC,VN100,2022,vi,Báo cáo thường niên năm 2022,https://cafefnew.mediacdn.vn/Images/Uploaded/DuLieuDownload/BCTC/VSC_22CN_BCTN.pdf,VSC_2022_vi.pdf,2.62,,,2023-03-11,2023-03-11,,2023-03-13,ok,2023-03-11,pdf_meta
VSC,VN100,2021,vi,Báo cáo thường niên năm 2021,https://cafefnew.mediacdn.vn/Images/Uploaded/DuLieuDownload/2021/VSC_21CN_BCTN.pdf,VSC_2021_vi.pdf,1.74,,,2022-03-26,2022-03-26,,,ok,2022-03-26,pdf_meta
VSC,VN100,2019,vi,Báo cáo thường niên năm 2019,https://cafefnew.mediacdn.vn/Images/Uploaded/DuLieuDownload/2019/VSC_19CN_BCTN.pdf,VSC_2019_vi.pdf,1.39,,,2020-03-30,2020-03-30,,2020-06-19,ok,2020-03-30,pdf_meta
VSC,VN100,2018,vi,Báo cáo thường niên năm 2018,https://cafefnew.mediacdn.vn/Images/Uploaded/DuLieuDownload/2018/VSC_18CN_BCTN.pdf,VSC_2018_vi.pdf,9.12,,,2019-03-26,2019-03-26,,2019-03-29,ok,2019-03-26,pdf_meta
VSC,VN100,2017,vi,Báo cáo thường niên năm 2017,https://cafefnew.mediacdn.vn/Images/Uploaded/DuLieuDownload/2017/VSC_17CN_BCTN.pdf,VSC_2017_vi.pdf,8.21,,,2018-03-20,2018-03-20,,2018-03-30,ok,2018-03-20,pdf_meta
VSC,VN100,2016,vi,Báo cáo thường niên năm 2016,https://cafefnew.mediacdn.vn/Images/Uploaded/DuLieuDownload/2016/VSC_16CN_BCTN.pdf,VSC_2016_vi.pdf,0.77,,,2017-03-17,2017-03-17,,2017-03-24,ok,2017-03-17,pdf_meta
VTP,VN100,2025,vi,Báo cáo thường niên năm 2025,https://cafefnew.mediacdn.vn/Images/Uploaded/DuLieuDownload/BCTC/VTP_25CN_BCTN.pdf,VTP_2025_vi.pdf,3.97,,,2026-04-20,,,2026-04-23,ok,2026-04-20,pdf_meta
VTP,VN100,2024,vi,Báo cáo thường niên năm 2024,https://cafefnew.mediacdn.vn/Images/Uploaded/DuLieuDownload/BCTC/VTP_24CN_BCTN.pdf,VTP_2024_vi.pdf,5.07,,,2025-04-18,,,2025-04-23,ok,2025-04-18,pdf_meta
VTP,VN100,2022,vi,Báo cáo thường niên năm 2022,https://cafefnew.mediacdn.vn/Images/Uploaded/DuLieuDownload/BCTC/VTP_22CN_BCTN.pdf,VTP_2022_vi.pdf,4.69,,,2023-04-17,,,2023-04-19,ok,2023-04-17,pdf_meta
VTP,VN100,2021,vi,Báo cáo thường niên năm 2021,https://cafefnew.mediacdn.vn/Images/Uploaded/DuLieuDownload/2021/VTP_21CN_BCTN.pdf,VTP_2021_vi.pdf,3.28,,,2022-04-19,2022-04-19,,2022-04-23,ok,2022-04-19,pdf_meta
VTP,VN100,2020,vi,Báo cáo thường niên năm 2020,https://cafefnew.mediacdn.vn/Images/Uploaded/DuLieuDownload/2020/VTP_20CN_BCTN.pdf,VTP_2020_vi.pdf,7.31,,,2021-04-13,2021-04-12,,2021-04-24,ok,2021-04-13,pdf_meta
VTP,VN100,2019,vi,Báo cáo thường niên năm 2019,https://cafefnew.mediacdn.vn/Images/Uploaded/DuLieuDownload/2019/VTP_19CN_BCTN.pdf,VTP_2019_vi.pdf,13.42,,,2020-03-30,2020-03-30,,2020-06-06,ok,2020-03-30,pdf_meta
VTP,VN100,2018,vi,Báo cáo thường niên năm 2018,https://cafefnew.mediacdn.vn/Images/Uploaded/DuLieuDownload/2018/VTP_18CN_BCTN.pdf,VTP_2018_vi.pdf,6.81,,,2019-03-29,2019-03-29,,2019-04-20,ok,2019-03-29,pdf_meta
