alpha,beta,sigma,zero_ret_share,car_0_3,scar_0_3,carma_0_3,car_0_1,scar_0_1,carma_0_1,car_m1_1,scar_m1_1,carma_m1_1,car_0_5,scar_0_5,carma_0_5,car_0_10,scar_0_10,carma_0_10,bhar_0_3,pre_ret,pre_alpha,placebo_car_0_3,doc_id,day0,log_tradeval
0.001389950935271153,0.7830311582270643,0.009673283898929484,0.10714285714285714,0.012668055185897111,0.6547959988695798,0.01833843728004625,0.006646235755917653,0.4858327762812754,0.008078318916290739,0.012756794250863374,0.7613896864484375,0.013123113299545297,0.00014663654640936774,0.0061886035824684415,0.01028713840847384,-0.031301975781271,-0.9756666820040378,-0.012023387516526651,0.018430565779537278,-0.07597658559421838,0.0008509468004284792,0.013166380758146818,ACB_2023,2024-03-27,19.043280805876634
0.0018508786197119795,1.2161985133454636,0.015879494774281393,0.05714285714285714,-0.00223965721822998,-0.07052041800024249,0.009668246281180348,0.011208482026736197,0.49910867824013405,0.01660791844534204,0.004955668939897479,0.18017933423791532,0.012624317612438096,-0.00731154182588732,-0.18797351512139712,0.0067910112098443776,-0.007030080520160808,-0.13348340487234117,0.014994339869157547,0.00980371381268852,-0.007386240621143791,0.001766533864919323,-0.02244252824632045,ACB_2022,2023-03-30,17.57415236485071
0.00026919079198711547,1.040285330461935,0.006240294312122765,0.10714285714285714,-0.006387151404549946,-0.51176684023876,-0.005250319429579098,-0.0007491680150237337,-0.08489051271864528,9.488109082844698e-05,-0.00512290406384765,-0.47396963866740166,-0.004072042786816832,0.006438085892016348,0.421188076685618,0.0075959332439672345,-0.006145121144360419,-0.29691287720676096,-0.009212504666993415,-0.0052921731156539975,-0.01625567091750635,0.0004435828377783511,-0.00492626981648553,ACB_2024,2025-03-24,18.61808948016639
-0.0007825447345581783,0.8849636830642938,0.01394635744984219,0.12857142857142856,0.027933162352397574,1.0014501081324876,0.03151213312950485,0.00414536112347632,0.21017767337595086,0.007041491910010134,0.0030961864197826695,0.12817569529189252,0.004971667494267695,0.034838674970157045,1.019823961184483,0.03470003270818134,0.012009321295537124,0.25963385954407336,0.004460306474141862,0.03043389895872739,0.05937352387878625,-0.00029155403994536334,-0.046452257054941624,ACB_2025,2026-03-19,19.51392784270985
-0.00037982359961130223,0.6615639814976529,0.012571126169639466,0.07857142857142857,0.013796518593101657,0.548738371046726,0.015398213746860567,-0.01275402640723812,-0.7173946421579046,-0.014320528859615211,-0.012547967463144651,-0.5762866663549684,-0.020003532458551576,0.031082988413985994,1.009422442451055,0.04261805029934085,0.0008430356715309756,0.020219733333375036,0.021856767557940082,0.015278368887996163,-0.014171820830344628,2.6841246179281844e-05,-0.03729445282152192,ACB_2021,2022-04-04,18.238261408296214
0.0019235056777847028,1.2593728018465309,0.017068664984314023,0.16428571428571428,-0.03627477875819013,-1.0626132386899145,-0.022645739490806727,-0.018328893800845205,-0.7593145164039664,-0.007639437297216611,-0.037943052755170376,-1.2834297083108515,-0.019732608383607353,-0.028453194950456923,-0.6805434524278289,-0.009520493312061507,-0.03461948209796601,-0.611539719452936,0.0007341431424944256,-0.022943728263674412,-0.10629026767388916,0.0009554515150241934,0.10816085958739909,ACB_2019,2020-05-11,17.14300460226453
0.0017432811461067623,0.9593269448072248,0.013792814641598077,0.09285714285714286,-0.02236944489806473,-0.8109093567675516,-0.015744476308423905,-0.01272585176564548,-0.652407526214687,-0.009753272581281003,0.002576766292478388,0.10786027009413812,0.0070133568171280025,-0.017741716737318707,-0.5251303462064991,-0.008210347972645082,-0.07423192290679437,-1.6227120763820575,-0.05625646061386902,-0.015739918743145176,0.05107326327970585,0.0016065782663039541,0.004428634399677122,ACB_2020,2021-04-05,18.42474289094033
-0.000663439329152884,1.3184492764747318,0.010949586559782079,0.10714285714285714,0.005441718983710138,0.24848970114075433,-0.00039563088754968057,-7.282638252782171e-06,-0.00047030112647224116,-0.001009035131664393,-0.0008546525231628811,-0.04506415485348724,-0.0046364392656438325,0.00418900422909717,0.15618432768559692,-0.004891679241682434,0.0069797096011179,0.19219553314689425,-0.0010016953628395608,-0.000389890489191802,-0.001222983242256892,-8.714224984554497e-05,-0.01832570747958593,ACB_2018,2019-04-11,16.22125424358698
0.0024406280161246726,1.5004714732935078,0.01761788256494868,0.2,-0.1014356310583802,-2.8787690769431484,-0.09001370195205327,-0.050400223125124946,-2.0228503291306112,-0.04092577052137458,-0.05615647542141787,-1.840286770091242,-0.044877230075702546,-0.10016405970255995,-2.3210397724438194,-0.0887857286762831,-0.10820360848823993,-1.8517898143084923,-0.0888007927943022,-0.0872526854056962,0.10710649537793027,0.0010277936969575348,0.09429350427956269,ACB_2016,2017-04-07,15.808482447599568
0.0017460839331482144,1.0143110708239982,0.016253424566945358,0.07142857142857142,-0.000952598424831877,-0.029304545048591774,0.00543308434082268,0.00645834587121393,0.28097095119701143,0.009652579776803227,-0.0018222564127824501,-0.06472975748089965,0.0030442679060584954,0.010702981504505384,0.26883404688553336,0.02045748623239807,-0.09194694977532775,-1.7056742929710718,-0.07465700759963056,0.004518467821809646,0.12480968559272654,0.0013707992186895975,-0.06754807537098678,ACB_2017,2018-04-11,17.265528052458507
-0.00166789628615398,0.9530117642671999,0.022214855106335057,0.1,0.020798090769172196,0.4681122309737947,0.01246022327372509,0.01634325526199805,0.5202116586898635,0.012196410279357695,0.02494428703560356,0.6482865076460514,0.01903014391788571,-0.013593576121363332,-0.24981275755673923,-0.02373201057390617,0.0847970262535873,1.1509084925169715,0.0663042151747687,0.012545010107700039,0.1354995786764146,-0.0007418025565825257,0.02901685109038405,ANV_2019,2020-04-15,14.181252532594756
0.0034524347445877156,1.2687115034795762,0.024944111227048375,0.1,0.0449161915138095,0.9003365785409148,0.057388419367370935,-0.018565929172175828,-0.5263003478928967,-0.008766693031150963,0.022441226995282698,0.519419125770355,0.036361633211457134,0.051788548309791446,0.847598301684583,0.07143999119840738,0.034443022582251,0.4163292071451216,0.06668147136604063,0.058101284860937796,-0.11665065519551987,0.0017659929360334236,-0.020503429196000435,ANV_2018,2019-04-05,15.205325127120961
0.0005113249976369705,0.31478444393652666,0.012129431472669209,0.10714285714285714,0.0038832897355146508,0.16007715383300203,-0.008136960112125613,0.0028885387448341266,0.16839250370428238,-0.0026061921130168253,-0.0037296068314461523,-0.17752600465725285,-0.016011729469100122,0.004940855795885944,0.16629764854551943,-0.004621304793768211,-0.01904901380796804,-0.4735171453882589,-0.04009491030924994,-0.008161730359952157,-0.0390512768135981,0.00013348261427697679,0.00026882279596880145,BAF_2025,2026-04-17,18.136004493112143
0.004495960874643055,0.7941424570921257,0.015303756503902293,0.09285714285714286,0.028353654313530825,0.9263625668083829,0.048569069255605,0.021419146223417226,0.98966704925961,0.028912707565618145,0.028235829672755713,1.0652262964456543,0.043157814627900803,0.07516042288614444,2.0050053819129543,0.09988331221415636,0.03105640473015626,0.6118666580687526,0.07513688809282826,0.04897447933215571,-0.015045987395056581,0.002492619442921654,0.007144495521699145,BAF_2024,2025-04-17,18.33933234375155
-0.001347228450233734,0.7575342886354163,0.020802694517148317,0.09285714285714286,-0.04103685891236347,-0.9863351807270807,-0.05346226770230056,-0.005064310823357381,-0.17214157148154502,-0.00994027463297198,0.01011745927914207,0.2807962128902373,0.004248673085920696,-0.05355776891825803,-1.051059399248187,-0.06941496445338602,-0.06389044959316846,-0.9260192397977282,-0.09078517269298325,-0.05440543910441975,-0.08609431818359103,-0.0008385314670062336,-0.13549508292310553,BCM_2025,2026-04-20,17.989296780431545
0.0027722556326074945,0.6050981257037693,0.014588309531449073,0.14285714285714285,-0.018853416007234038,-0.646182340955625,0.01268376874146493,-0.05435397210637093,-2.6345795705790485,-0.03602729912776437,-0.0678246515480785,-2.684243897112185,-0.046612764734834666,0.005803445879274727,0.1624072243535758,0.04373002668122461,0.02817710703756171,0.5823647634355417,0.07124207093506163,0.011515947247118019,0.02431029472491375,0.0009548980940384869,0.01920060282589456,BAF_2023,2024-04-12,17.813275168929774
-0.0006027712699803786,0.7919530512467786,0.015131048098135888,0.09285714285714286,-0.040847325902113804,-1.3497850789049473,-0.0455571162418652,-0.025506006793152708,-1.1919511621042533,-0.02626643698080533,-0.03351745325599705,-1.2789140933525045,-0.0310009953228072,-0.04029100805343187,-1.0870849826262696,-0.04688148990161711,-0.02370807780951043,-0.4724229525501528,-0.04027540787249684,-0.047393775757607726,-0.13085127610552072,-0.0015171440674473526,0.03277310244215906,BCM_2023,2024-04-19,17.86161582484418
0.0003520513491565942,1.1399957420392997,0.013134859865301171,0.12142857142857143,0.0254478710230025,0.9687149799834961,0.027369193197363084,-0.015797317486949763,-0.8504384846227576,-0.01762979697942202,-0.008554892609623749,-0.3760351919781491,-0.009820252330172141,0.025131296609179312,0.7811129302522242,0.028152857175836488,0.06109423590096129,1.402421145056316,0.07072778540294922,0.02430806191715673,-0.24904638690489123,0.00012783453463852235,-0.02366774029742593,BCM_2024,2025-04-21,17.462520202046175
0.0006542431158510097,0.7315405874644518,0.015442487059861764,0.14285714285714285,0.0018633004761675774,0.06033032337811319,0.007969239745706513,0.0014432116789150555,0.06608422340860898,0.004219531173564217,0.0012082063915559063,0.0451713692682656,0.004330519992113091,-0.004135330875434337,-0.10932447304984894,0.00341381155220688,-0.023960707886756815,-0.4678278326519603,-0.016422399772969554,0.007915825793772702,-0.0720566152058495,0.0018788997935793247,-0.009370289975720784,BCM_2022,2023-04-19,15.729777349122717
0.0022317659597310613,1.6327042799855882,0.025365561022835305,0.07142857142857142,0.015343105787129555,0.3024397089683321,-0.014945348658848223,0.06577729501839807,1.8336504094565629,0.04743063453172791,0.10723048711754454,2.4406931329811736,0.08528762337844575,0.12848817005522933,2.067964344358672,0.0754919504912368,0.16665798126392153,1.9810037700433236,0.1430827725579621,-0.01537688857003583,-0.014676552115283847,0.0009604281905848414,-0.059492063741802284,BCM_2021,2022-04-18,17.163054000517697
0.00038078232510110795,1.6812041094370178,0.017323814674651408,0.07857142857142857,-0.025174164574196186,-0.7265768263796883,-0.018056739542086087,-0.022529053945196942,-0.9195692240737303,-0.020504944286715898,-0.028306709481383467,-0.9433768858577408,-0.023133961249335422,-0.033413781574799656,-0.7874200608832923,-0.02247438947899716,-0.08278469068921793,-1.4408214281282494,-0.0921009123828126,-0.018238802549998323,0.03385809909899906,0.0011013699893442836,-0.004927425707204902,BID_2018,2019-04-22,17.027573785200058
0.0017170362520837138,1.483317000864951,0.020550950429813662,0.07142857142857142,-0.034680644913862815,-0.8437722876201125,-0.06008275978498345,-0.022568559830329328,-0.7765276721454718,-0.04395189743330641,0.017030752921658017,0.478455233367541,-0.0006197812617867449,0.0016233656644318653,0.032248448049419544,-0.03461308531038043,-0.07626734541615582,-1.1189492156256629,-0.09554685435076948,-0.05777350262197467,0.04611442562799961,0.0011484502344189383,-0.007410852764539972,BID_2017,2018-04-18,17.726184739663374
-0.0004950430529829643,0.37722579634675274,0.024405850023747344,0.02142857142857143,0.09401902309086305,1.9261575195983913,0.07163804667241835,0.05801333161649515,1.6808109590664886,0.04234575748055103,0.06409577558466399,1.516264061760453,0.04474455447303227,0.1118971068341128,1.8717562604223807,0.08292283460032879,0.07381155423715038,0.9118723970590326,0.03521580033455207,0.07213054065370006,-0.11958766192785086,0.00031444432136800413,-0.07984491038660976,BMP_2025,2026-04-14,17.154112840110006
0.0017844950507068015,0.579520337882635,0.02048973865985617,0.05,0.04488127459497218,1.0952134465947168,0.05957181595723682,0.043357561591464505,1.49628193536233,0.05753962775403654,0.03257539298660266,0.9178941821557092,0.042013557371365584,0.09161416179441527,1.8253685689084496,0.11749236227600535,0.14000669048244968,2.0602315235943816,0.16462911402176938,0.058043402803909405,0.1138047380509587,0.0010003330573001492,-0.08128042101376919,BMP_2024,2025-04-15,16.977511030317476
0.0015223197548611595,1.0673196604469177,0.02089274511680073,0.02142857142857143,-0.04869355150601999,-1.1653220109133355,-0.04809933604823402,0.01964001566796884,0.6647086433014117,0.019469708580371448,0.07184289206939383,1.985306997416589,0.07417939190262746,-0.038123211601599656,-0.7449349463814461,-0.034328753753604,-0.002680491867761911,-0.038683222461214466,0.011196142959686628,-0.04498500071650857,-0.017600667222457345,0.0028743624005128803,0.0033039174975520724,BMP_2023,2024-04-15,16.902082684016744
0.0007494491456888735,0.6180065223459573,0.016031356609690146,0.1,0.02831453598842621,0.8830985635773176,0.05450443789142312,0.015282499162306631,0.6740763775794777,0.027098881645901574,0.03931102428809871,1.415739853303181,0.0531905080067967,0.0228523806570182,0.5819498351510659,0.05202932055123499,0.012855269129115368,0.24177676128081008,0.04860876600674102,0.0530420047198763,0.02564891440566497,4.8623457390517305e-05,0.008101413539007056,BMP_2021,2022-04-15,15.296691614913627
0.0013451455703327878,0.9908242845756624,0.015698270828965244,0.05,0.08039524559555108,2.5606401644954406,0.08561371161241504,0.03452253169267282,1.555019436827076,0.0372220224313663,0.02345683724826192,0.8626944615220362,0.02724068646953748,0.08178354955411704,2.1268580888495023,0.08981447110151963,0.0817526052730795,1.57019446327428,0.09667816240954041,0.0889462893781896,-0.003332437189229931,0.0016546021334587562,0.025521448783167117,BMP_2019,2020-06-17,15.484064865523896
0.0015651294168824554,0.9432320060321897,0.013805514454289736,0.07857142857142857,0.007188426711341787,0.26034620930436075,0.015240462664851573,-0.009723011763149481,-0.4980044440968485,-0.004670020918881357,0.0015047023835053838,0.06292705201559254,0.00816621718718813,-0.013895895567942558,-0.41092098587562437,-0.004043602235379695,-0.04701146515482181,-1.0267266834809348,-0.0313646148400315,0.01359549257664261,-0.043210532376884436,0.000709241039396343,0.04220562042017115,BID_2023,2024-04-17,18.089773837753043
0.0015423065097191753,0.4180338717998883,0.011996307385439955,0.12857142857142856,-0.024385983094414122,-1.0163953919691842,-0.02074432887320976,-0.017455835398940293,-1.028911579645572,-0.018088558034299984,-0.016536808021735093,-0.7958724510905628,-0.012200676565923163,-0.06324227852188236,-2.152208280602596,-0.057194536216042535,-0.05149083033387956,-1.2941540249490824,-0.038674638562644637,-0.020882920223094237,0.03127858501581948,0.00045336367615848107,-0.017005181357003345,BMP_2016,2017-03-29,14.78157340343292
0.0009427832893461466,0.8158915402569877,0.020687809441062063,0.05714285714285714,0.18585504122926816,4.491897553454233,0.1920188947562056,0.11531669382817411,3.941510406030145,0.11820889496159626,0.11183198052424946,3.1209792531987732,0.11545556893038378,0.23056342120930556,4.549883486715175,0.238705229678549,0.2723284669399916,3.969009984735367,0.2829333743304674,0.20265750247156178,0.023114199644269084,0.001337668217288751,0.022509576711393947,BMP_2022,2023-04-19,15.30999229074195
-0.0023102090688872272,0.9621875881640036,0.023280870649032795,0.014285714285714285,0.017171033420422456,0.3687798811153102,0.009511945485798035,0.03052967899524868,0.9272738709145187,0.026696455733436708,0.03780130638178848,0.9374475183621109,0.031852849745044876,-0.04415256139979911,-0.7742497255710492,-0.056106165505818595,-0.1421600404290061,-1.8411195002605973,-0.16250733287123986,0.008981208318161849,-0.32615867172019475,-0.0032305422229246604,-0.02976490956461444,BMP_2017,2018-04-11,16.815625940273105
0.0008127848358614801,2.0830433265424944,0.01466415177215657,0.05,-0.17436118861666364,-5.945150845606031,-0.042755770919872815,-0.13447592349125215,-6.484441710944156,-0.0094031006576758,-0.1339275315771855,-5.272933450866672,-0.044841628741495,-0.16005568864961925,-4.4559318728746256,-0.03603352533298898,-0.27110739027558944,-5.574270850235491,-0.13738787343100245,-0.04739196738131546,0.12681530678451336,5.325988925655809e-05,-0.007640284265231912,BSI_2024,2025-04-10,17.349820351651253
0.0036981329447712758,2.060048342109268,0.023651821968371546,0.05714285714285714,-0.03413172958145329,-0.7215454612142782,-0.07422888526532867,0.02031892479771539,0.6074648088463215,-0.006596394581869336,0.03387812210226082,0.8269782742968107,0.01035771817828579,-0.04804481374920366,-0.8292897310404352,-0.08301365610878308,-0.1509216060375323,-1.9239353493808211,-0.1439846239676651,-0.07114017365382452,0.10409701546185957,0.0032605525659571886,0.07688759428421393,BSI_2023,2024-04-12,17.349400015163862
-0.0022621841357412984,0.9468925162459014,0.016360107995377352,0.06428571428571428,-0.035135968420772226,-1.0738305771178316,-0.04527485236759299,-0.014015381383786035,-0.6057644130583392,-0.019044877851372433,-0.03401502883454155,-1.2003946465184978,-0.041872394906118826,-0.022625357277078102,-0.5645906146897784,-0.03717735608519557,-0.041365042322135406,-0.7623439608459304,-0.0683161569495837,-0.04524763377249719,-0.03184793945312103,-0.0023229846864121734,-0.018989267940749996,BSI_2025,2026-04-17,16.53380219442069
0.0014872144647499162,1.8730368682480467,0.02819743969561,0.03571428571428571,-0.036072325091517685,-0.6396383054794459,-0.04375747242072392,-0.0423786147759035,-1.0627279004341363,-0.041994148811216325,-0.04903855844741331,-1.00407786046948,-0.05899255130905201,-0.0226832372565184,-0.32841254142664494,-0.05886859487130758,-0.027312877562556875,-0.29205284334579024,-0.09593246880218853,-0.04445656179414559,-0.12439104566591574,0.0030894560496231545,-0.061220205346656245,BSI_2021,2022-04-12,16.84980140950683
0.0033722100562651102,0.0638561135753981,0.023356568731280992,0.2785714285714286,0.03942010017690893,0.8438760982068905,0.10125209003567326,0.05371389847288309,1.6261576043605046,0.0607021078362302,0.004063275207608807,0.10043996881111289,0.031529844564250675,0.016940600157807913,0.29610389836904877,0.15278358368199596,-0.03217875826568685,-0.41539751763862565,0.11365652722330932,0.10079390768428087,0.09371355937271253,0.000844968073870281,-0.03641716094944697,BSI_2019,2020-03-17,12.356907609259663
-0.0010900755084422907,0.8090909185606161,0.01970194641421017,0.2714285714285714,0.036508470414824475,0.9265193815696422,0.034356753135631135,0.008599493025654235,0.30863751760185165,0.009334470175664467,0.012357135549143937,0.3621162795654145,0.013114977506764047,0.03550431058315788,0.7356924942815767,0.028990252585478493,0.04069782237353272,0.6228245112056745,0.032440523241522135,0.0341615088906847,-0.04832347976270679,-0.0005306261847480541,-0.00034759458332960414,BSI_2018,2019-04-17,11.285747850252724
-0.0015995560086837417,0.7759794774887921,0.030709167148690774,0.1357142857142857,0.029113455203069457,0.47401896414358885,0.02535386797112682,-0.0036121838933686643,-0.08317385207897768,-0.004912964810289688,-0.008004179143278434,-0.1504832404160726,-0.005106368635343528,0.04573756043458555,0.6080360553901648,0.05028188956960267,0.04093170268068004,0.4018791083246698,0.046388420900320915,0.025236663653583458,0.017252446630175555,0.0003085424858352856,-0.06876698036371663,BSI_2017,2018-04-12,13.750519087477008
0.004103344849167578,0.9120711709565977,0.03414560612678984,0.02142857142857143,-0.0012396212894763767,-0.01815198835354396,0.011976866413322518,0.07255875895012959,1.5025883651795136,0.07964085591656689,0.05153382932611522,0.8713586785756688,0.06371391737045962,0.003673530307400724,0.04392109668209685,0.02428863877007237,-0.09985663562383848,-0.8817505936242086,-0.060474058366022265,0.009164540916630326,-0.13883342143950927,0.0032874543024082633,0.024624578313460314,BSR_2025,2026-04-10,20.256641952411243
0.0001252201054257468,1.245322867713895,0.015104820043917394,0.15714285714285714,-0.006088440005006423,-0.20153964056851492,-0.014425901595030433,-0.00553947268945185,-0.25932111018339693,-0.006186777670673549,-0.013030400782569097,-0.49805991581438813,-0.011105829793693345,0.0024583778830207965,0.06644425853067777,-0.010390953705755712,-0.03238151729797372,-0.6463761098505652,-0.04202441248985922,-0.0136584730721232,-0.0038118530378140614,0.0006327889919213243,0.0015097030289636217,BSR_2023,2024-04-10,18.56903841915899
-0.0015718247983195796,0.9882173039314346,0.01462533032742407,0.1357142857142857,-0.014605529611547971,-0.4993230677382045,-0.022289226727119527,-0.002184676551166921,-0.10562493765578092,-0.0066713393300661394,-0.03433488995601093,-1.3554058277595513,-0.03999302444776898,-0.015381985240916296,-0.42936939118355466,-0.026109146879923495,-0.014076130241566408,-0.29018920329124054,-0.03272370334259134,-0.025775174722906247,-0.12566741039357232,0.00084868219579349,,BSR_2024,2025-04-10,17.432570593581136
0.0002492431540614888,1.631194534240221,0.025129689865331765,0.1,-0.019914418497444006,-0.39623287442391786,-0.011516018761584146,-0.0067758453176504346,-0.1906607760803133,-0.003832329610746976,0.0042029296474311514,0.09656158019988356,0.010687965046146441,0.010378336156993375,0.16860287638475824,0.027469450198496337,0.04187287572158001,0.5023996367566992,0.05496531337845878,-0.01177476835352853,-0.034531620185929146,0.0010353750263299875,-0.015188485374929492,BSR_2022,2023-03-28,18.554815323626332
0.005365696348483309,1.900160949324744,0.029078735785513777,0.22857142857142856,,,,,,,,,,,,,,,,-0.052654537204178564,0.358908099144958,0.0038097739457086345,0.06208904063695701,BSR_2020,2021-04-12,19.0550186299525
0.0029950309550170646,1.1567792732658821,0.026738845567815042,0.1,-0.054153387439943905,-1.0126351061529586,-0.046427163551301165,-0.041249416751048235,-1.0908377562778828,-0.03956736557081875,-0.05066097359421438,-1.093881434329189,-0.045933997297214924,-0.06329378379255324,-0.9663685354240481,-0.04633622878716026,-0.09068002190027188,-1.022521905822361,-0.05177333043702681,-0.04503290365749224,0.17735947374353545,0.0015293178933925894,-0.014695443287405595,BSI_2020,2021-03-23,16.40096827926421
-0.0005951491473908667,1.4344439271400569,0.025328438330836353,0.19285714285714287,-0.05155871087764896,-1.0178027994501009,-0.0427367841152706,-0.00037008840976941737,-0.01033194470058982,0.004223542235001654,-0.0023299626631153956,-0.05311044262502827,0.0024423478973247814,-0.05725858151922836,-0.9229040383098441,-0.04212812299840518,0.017545896846973125,0.20886747461697627,0.026232880998488528,-0.043477472402000505,-0.026695924233573476,-0.002149513032502051,-0.09364004288558432,BSR_2019,2020-04-09,16.64066867424192
-0.0015358259282151044,1.5458354655793696,0.019460269149194267,0.11428571428571428,0.013966628769090238,0.3588498355807302,0.0023665133984418496,0.009182739481788722,0.3336632863431435,0.006668367558764543,-0.0015626594746682761,-0.04636122252136493,-0.00924079012055845,0.018706092580326152,0.3924267572369674,0.0007494409073491859,0.10372359735701879,1.607061087582757,0.08565784037405655,0.002301397907361724,-0.040045784876206025,-0.0008938551068630963,,BSR_2018,2019-04-11,16.925703135140164
0.004235049395635051,0.8513841381754754,0.028124824680085887,0.07857142857142857,-0.06378759170633805,-1.1340086992880636,-0.051160312272632846,-0.03547676844772675,-0.8919473749372338,-0.028343792862680073,-0.0507122688995125,-1.0410284306974324,-0.039127015830243805,-0.07472117587172912,-1.0846215988212842,-0.054075733343994514,-0.1656364265762779,-1.775700373465121,-0.12645220917939393,-0.0513093566872993,-0.05500574138461367,0.0017618595264201928,-0.04452867841651169,BVH_2025,2026-04-20,18.073580254254423
-0.0009507869464186669,1.2908587411660635,0.015990728834723623,0.06428571428571428,-0.004220605995797856,-0.1319704073348075,-0.003923685179224923,0.0003960533544257053,0.01751339889010979,0.00046983900146524427,-0.031247285487235002,-1.1281930219669078,-0.03146483894317775,0.0004013269589083039,0.010246002329524705,0.0010011899737030205,-0.05305874937169126,-1.0004431336446775,-0.05870554020898067,-0.0049995390225985314,-0.08640291833926339,-0.001218333875620723,-0.03641330440175403,BVH_2020,2021-05-05,17.63961627067957
-2.4399010740488395e-05,1.4471172573185669,0.019525626011943093,0.05714285714285714,-0.03334848116916766,-0.8539670161860532,-0.01756154951457689,-0.015713058603182964,-0.5690373401957114,-0.01863095208060317,-0.017103350221873183,-0.5057263643482155,-0.01893835423764001,-0.0650415538167143,-1.3599104652801104,-0.03163204669188291,-0.06548849122260855,-1.0112619708489847,-0.02748113438490052,-0.01943026466309128,0.15811201849959777,-0.0009424962809303791,0.036852007560738184,BVH_2019,2020-05-04,16.718762807696333
-0.00011456491369586674,0.48347920441923753,0.016529611096164826,0.05714285714285714,0.03137383063299744,0.9490190195786501,0.023267653143107858,-0.022923990043273793,-0.9806467143811234,-0.023888694996312965,-0.04558279872088674,-1.5921270596636465,-0.04324218696768989,0.02918566923066007,0.7208275802825901,0.015312709289123982,0.03404128647292662,0.6209362093213638,0.0158596511352882,0.022490552539205844,-0.18726492193084565,0.0004668817766070603,0.005079317021689494,BVH_2018,2019-05-09,16.226398353484914
0.0005075042947267726,0.5534159695654576,0.013124484609823857,0.11428571428571428,-0.0004828186776405941,-0.018393814766607966,0.0008813042505342317,-0.003999051597919008,-0.2154565750404259,-0.006372527906763015,-0.004771885188455876,-0.20991675330510093,-0.005946357453801787,-0.020312933047000586,-0.6318511116648102,-0.01219852560434509,-0.03744474198387289,-0.8602253603523768,0.03496669465313307,0.0007846192054348222,-0.07823739203030111,0.0008671632797287462,0.016945161755139104,BWE_2024,2025-03-24,15.516862833757195
-0.0006695668975535261,0.2376305195816216,0.013855767884650755,0.07857142857142857,0.025917828406239688,0.9352721776954395,0.04353673286079407,0.0067348517836910956,0.34370230550771996,-0.0038725399015508977,-0.0027115251187808955,-0.11298542024342245,-0.012626660182694871,0.0137449118945554,0.40498201400622674,0.044922176318156426,0.028570834599223778,0.6217216416611461,0.02827300255365106,0.04338224332749541,0.025160729216711974,5.139660083376957e-05,-0.043626622821462964,BWE_2025,2026-03-17,15.932267963126165
0.001066923015862749,1.513381041670139,0.024730212770774723,0.06428571428571428,0.0008974065680795312,0.01814393140078548,-0.01701360362748605,0.02289404732064208,0.6546056137601353,0.01906965915904202,0.049362502420584695,1.1524144302582693,0.04503260370457152,0.0048728158721697765,0.08044082628797253,-0.004926344108681535,,,,-0.01708474618473277,-0.02842541040413571,0.0005341114148630852,-0.012024575710866734,BSR_2021,2022-04-06,19.484101196770965
-0.0006256400601833141,1.4545704539284074,0.013647090635790029,0.12857142857142856,-0.006799760022782445,-0.24912855802942382,-0.008624517585419156,-0.013349867132697016,-0.6917065204149282,-0.011152064855625698,-0.02103607191613876,-0.8899465906398999,-0.02016777578775486,-0.004862888903065209,-0.1454717444453416,-0.013776768521677973,0.009746361675600522,0.21533077576584742,-0.06515969354480122,-0.008580753995721557,-0.05269003861356358,-0.0011186341685430565,0.001292804601507879,CII_2024,2025-03-24,18.113063087341498
-0.0007439825857857375,1.3351283026421776,0.030249025220661464,0.014285714285714285,-0.08149328949038018,-1.3470399276654466,-0.07349110473794229,-0.05022499354910242,-1.1740686936041478,-0.04381468415874901,0.011068576871090613,0.21126121550869895,0.018450760585186243,-0.11307034148588677,-1.5260251620355876,-0.10354091326562076,-0.08724247421086004,-0.8696014338220737,-0.07758739801459302,-0.07349745924244522,0.17942172033701353,0.0010078893409473917,-0.008552607345850002,CII_2025,2026-04-14,19.432476488060434
0.004546708276608665,1.9331175870021413,0.04027844065436109,0.05,-0.018389701916793115,-0.2282821978462316,-0.01477514002259639,-0.05444162775973953,-0.9557481258544577,-0.04811641044305692,-0.06137681293564506,-0.8797738664830662,-0.06314438073303741,-0.0778652831664208,-0.7892154766357388,-0.09879796809107932,-0.13110605175232848,-0.9814173861729767,-0.17191929904244319,-0.016861402498781652,-0.029339788225652863,0.0009624340977787206,-0.1531628382917348,CII_2021,2022-04-12,19.31701144034888
0.0006523647220775761,0.8673771401120189,0.018114280519560513,0.1357142857142857,-0.05096763261863682,-1.4068356886601145,-0.049493407941202716,-0.04921095427545545,-1.9209926355761175,-0.0495821724426605,-0.057742124404223126,-1.8403949873890941,-0.058371594476325894,-0.044335224344164134,-0.9991994728298481,-0.04344800810197669,-0.15084601940318704,-2.5108248757296945,-0.14758490948058312,-0.048991518117524,0.14568335771455,5.5304997238857624e-06,0.01095891989357975,CII_2020,2021-04-05,17.77137245751833
-0.0025204009605988903,1.3180531796348833,0.018309901493580628,0.04285714285714286,0.022798039987507943,0.6225604216249017,0.017499014628555187,0.0022125466588063273,0.08544594009323872,-0.00387432676901156,-0.014566979217287637,-0.4593279420607095,-0.018227400397007543,0.005704493735121118,0.12719073426700292,-0.0006894841921903927,-0.02614930969750889,-0.4306038199845294,-0.049724093933868785,0.017447031673511804,0.08237223173016905,-0.0019247548423019232,-0.010036563499367261,CMG_2024,2025-07-18,17.731850477496096
0.0029487822795438556,1.3830067646570623,0.025276866675831487,0.07142857142857142,-0.02384276462094808,-0.4716321236869397,-0.02164973239394108,-0.003574278260824161,-0.0999885163176889,-0.007716722552713606,-0.01701894327468107,-0.38873059730758197,-0.021115719868009086,0.015080771659876504,0.24357050768904018,0.027326260215017495,-0.08039982257028828,-0.9590373252298615,-0.0714343673799982,-0.021453569829288033,-0.15979512565542575,0.0021512403130241192,0.05470714305632077,CMG_2023,2024-07-22,18.388058217206495
-0.00026258163102310834,0.693076111679828,0.017277364259844528,0.10714285714285714,-0.009863393633502979,-0.2854426602681275,-0.005684895607561691,-0.00829621507505355,-0.33953731885983957,-0.0054396479581042545,-0.007938899893646923,-0.26529081182361947,-0.004395456667088293,-0.01007605802539422,-0.238088020928193,-0.0069915765871791935,-0.04597131675906833,-0.8022562538808046,-0.04616276675454267,-0.005607915828320653,0.044623002262350164,-0.0005572120529481656,-0.03621807969956147,CII_2018,2019-04-16,16.722088594137833
-0.00036779056494842024,0.894156794641253,0.019733441186431104,0.1,0.015871387127266302,0.4021444353603064,0.012199926338733125,0.001326327833466796,0.04752619658479593,-0.0017362079291980415,0.016215591034988236,0.47442692638711137,0.01733079337953025,0.11048965654119311,2.285826023486345,0.10540800236177228,0.20229891443221618,3.090967111150409,0.19084646114886994,0.012736100359736602,0.01664852994482946,-0.00020792739604109763,-0.00519577038987398,CMG_2020,2021-07-20,14.013297502592817
0.0004132847918223575,1.1470963013732562,0.0209960304052907,0.16428571428571428,0.014302964292464825,0.34061115402225467,0.01652102141614631,0.002684373938756323,0.09040466119999206,0.00371265483155514,-0.001180663716390396,-0.032465971010817905,-0.00015951307569594952,0.04420862539843562,0.8595956185184794,0.04551134380832267,0.05626798754579453,0.8080306731382101,0.05153629070296417,0.01653707671949234,0.07955619510056922,0.00036574582367403247,-0.004383356700226101,CMG_2019,2020-07-14,13.483108049387505
-0.0024965073447315903,0.6282614847487296,0.018185862678153905,0.06428571428571428,0.017388416393245627,0.4780751042988402,0.011780927499637106,0.010319227813506403,0.4012345244586398,0.00847629409352213,0.016880855104690957,0.5359199291959985,0.022162830390542565,0.043098316303775905,0.967499549747697,0.051585879494894904,0.06593447399239294,1.093156385226376,0.0767249897764879,0.011849782796823027,-0.14328477767160042,-0.0018659966919435055,-0.03135817900041787,CII_2017,2018-04-12,17.19272959873367
0.002784303333133325,1.0624329132243624,0.020829759069206887,0.06428571428571428,-0.04257677705807531,-1.0220179915815144,-0.030821001977716533,-0.018947983964139298,-0.6432262565467594,-0.013050373159237516,-0.023020339073617967,-0.6380678200276396,-0.014186313958984842,-0.09171336016163331,-1.7975158701683915,-0.07498568618208057,-0.06789306075360771,-0.9827539515606836,-0.03825177913004407,-0.030709195981011517,0.16024684335891204,0.0020709169941239376,0.06030535042378617,CII_2016,2017-04-05,17.689752948780114
0.0005650439155004113,1.1597769360651664,0.03000532403217546,0.05714285714285714,-0.15594084069174557,-2.598552852229263,-0.1500251051426259,-0.01763900878968985,-0.41568165420323605,-0.013313084131191144,0.012943549238653835,0.24905452209722928,0.018563080368065088,-0.07720508514541265,-1.0504417146748108,-0.0692448767512045,-0.13085259674310365,-1.3148847298965363,-0.12408039506786428,-0.1466599895992282,0.2409289432074705,-0.0009403626513201888,0.10506850669957886,CTD_2019,2020-05-29,16.250477085034724
-0.0031194162766415637,0.40475561726117293,0.020116026331027295,0.06428571428571428,-0.03162294437990995,-0.7860136952379654,-0.004357147352117452,-0.060794190110568136,-2.137001780397428,-0.036468354063395214,-0.051362985038292085,-1.4741695377730326,-0.03263914726091599,-0.06329242388281672,-1.284499404816326,-0.024692748207892468,-0.024567685837529517,-0.3682355485194535,-0.011875599077886712,-0.007741360718475643,-0.20429674406442955,-0.0014847714750297802,-0.06051134882020284,CTD_2017,2018-04-18,17.250202469947933
2.1505238810208647e-06,0.9096165723452838,0.015166870460608368,0.04285714285714286,-0.0077289835469990745,-0.25479823168111415,-0.01034336072636699,-0.008137188338719362,-0.37937035653100454,-0.008946082982799641,0.00041565421815938693,0.01582251759632287,-0.0002589787061800797,-0.030299350393435398,-0.8155708873766837,-0.033184279403426276,-0.017991485309335316,-0.35766356287262585,-0.022469079956925042,-0.01062001982445504,-0.052761566392627746,0.00025901648315425493,-0.010804910756113029,CTG_2025,2026-04-20,19.899141288101763
0.001316207941832221,1.3138158241348254,0.009754749312569233,0.07857142857142857,-0.003174538914035443,-0.16271760617902153,-0.0009507465473354015,0.0005001412133435364,0.03625446766226904,0.002136373358559762,-0.005603722250226284,-0.3316651659580082,-0.0006476165084301488,0.006305788232613706,0.26390501523956195,0.011151259163292626,0.030002130658937885,0.9273413867764021,-0.015146942746601777,-0.001096961875972191,-0.011658176048452096,0.000657634589473123,0.0346779721329351,CTG_2024,2025-03-25,19.065423938650813
0.0013547955474609342,0.9820028940011474,0.012854326132671057,0.07857142857142857,-0.05033186200125098,-1.9577790963824058,-0.044344716382755056,-0.042738572064587574,-2.351016600418253,-0.0394194189721071,-0.0254039974732783,-1.1410170107954214,-0.020716291500601725,-0.028502311902923846,-0.905222100990725,-0.02022722435281188,-0.07600311643578321,-1.7827307003211645,-0.06159796581413701,-0.043401988624812926,-0.03611898748120368,0.0006568806552955567,0.022450512404541625,CTG_2023,2024-04-17,19.22799834650124
0.002484333765608179,1.4141829336833345,0.016631590678078463,0.02857142857142857,0.0017098000765626738,0.05140218123622725,0.006264308388238882,-0.009236597082968728,-0.3927020907906124,-0.006532523224454856,-0.016772458922051568,-0.58224037983222,-0.011108480417261424,-0.019897313931776534,-0.48841055282687335,-0.01058198124575549,-0.06689159842025008,-1.212666675787598,-0.04009100446074554,0.006074242121648754,-0.007444374098297124,0.0019883779201525526,-0.0599142685700068,CTG_2022,2023-04-19,17.565333312436735
-0.00029593578980889417,0.9157793923736333,0.015191245414725238,0.03571428571428571,0.042713115718050275,1.405846411929052,0.04469602464812239,0.014302840178071437,0.6657541896030678,0.016549520766989567,-0.027165355279058147,-1.0324318220672835,-0.0237156203979636,0.008651849798547911,0.23250910594753152,0.01225978894725821,0.007123786156591948,0.14139080002463025,0.008026114114846217,0.04410376342602784,-0.022641676738697658,-0.0007813563504023249,-0.006474971495520478,CTG_2021,2022-04-19,19.018733163847866
0.0034525137580573135,1.5032499266517636,0.01590854907765011,0.11428571428571428,-0.07844821085119791,-2.4655991714986016,-0.08464203137839632,-0.04725081984337715,-2.10021510854283,-0.03611751086979764,-0.05318852983227567,-1.9303087834456876,-0.01490634672493052,-0.08190634882330058,-2.101896704849499,-0.05179244570774244,-0.18044430594490837,-3.4199225234993658,-0.09361968216585626,-0.0800426576522193,-0.0333802715448297,0.0015840392006488267,0.013940659502250218,CTG_2019,2020-03-26,18.216583405723632
-0.00043509596427998895,0.7629089929102238,0.014894105213566121,0.10714285714285714,-0.024178217984101344,-0.8116707125876518,-0.026284432373342437,-0.03171918501160979,-1.505887765247618,-0.033932257767825824,-0.008642245408628502,-0.3350052011536586,-0.01300802479007146,-0.03897729725189791,-1.0683699854285649,-0.04310829967013219,-0.13580317601730885,-2.7491546227036268,-0.14060704629713405,-0.026162713172590668,0.010692787611113919,0.0005560711369967636,0.01400456223124579,CTD_2018,2019-03-29,16.34952789801334
0.00043264279251856223,1.7239794653405278,0.018020826560683437,0.07142857142857142,0.029483662454097614,0.818044121195389,0.013745678394355476,0.0016043001551500485,0.0629500270115361,-0.0037703317873206688,0.008207030865733697,0.26293641213531643,-0.0021469416010130304,-0.007303456764307582,-0.16545432743969707,-0.04736445994366356,0.022429703210438568,0.37527745748433833,-0.051965686894491325,0.0102254769269986,0.06732937794344518,5.685476175195316e-05,-0.022739801461851877,CTG_2017,2018-04-17,18.668102045141012
3.512304986367728e-05,0.5426646823286125,0.020544576810519962,0.03571428571428571,-0.00913267630711774,-0.22226489236909722,-0.014007515952832672,-0.017589022147551005,-0.6053819920303781,-0.01585309681403957,-0.0038967042723936267,-0.10950642991423518,-0.023665567574710833,-0.024921921844657094,-0.4952320060905534,-0.04103690272234817,-0.04908400051461814,-0.7203547256733979,-0.07762702561642387,-0.014310534084105764,-0.010178173385235079,-0.0007872683382485953,0.12030781756748249,CTR_2025,2026-04-09,17.97598083312118
-0.0011841077877653371,0.7328943078947247,0.018276090357651664,0.07142857142857142,-0.006558146014013444,-0.17941873468763359,-0.015481659880503651,-0.0640212259588949,-2.4769982052784965,-0.04013133042777861,-0.12120547127426838,-3.828937704838856,-0.09433620200676951,-0.014706253661860173,-0.3285058674525936,-0.027208178788420856,-0.05785956778001822,-0.9545431072317773,-0.06958155876726779,-0.019118193342731238,-0.2155643010896129,-0.0009572042171489588,0.045172112695059316,CTR_2024,2025-04-08,18.175148288020615
-0.0010447834694977964,1.5320348090900455,0.014650318908384573,0.04285714285714286,0.0005047876766382849,0.01722787332463419,0.004376117187759099,-0.027522445643354106,-1.3283880078621273,-0.0276429826826049,-0.032020872634159904,-1.261901501982898,-0.03854977829781281,-0.008549651328840963,-0.23824604507850178,-0.005277970640172769,0.0034675328930416603,0.07136366870145466,-0.014056156312469259,0.0038573673856550084,0.03269044857630532,-0.00021419204542609134,0.053650757307178776,CTG_2018,2019-04-19,17.8221828725841
0.003405313103616028,1.0386641875754015,0.01900943819089022,0.04285714285714286,-0.08798036595659116,-2.314123254803855,-0.07426163077671766,-0.0691000555992333,-2.5703609651126222,-0.06205045721378377,-0.07148140800687384,-2.1710168254525044,-0.0614270858533027,-0.1110771027736394,-2.385501184287945,-0.0917992216409298,-0.07826192199388492,-1.2413232359978148,-0.04320721853159559,-0.07281031227338097,0.271950821037103,0.0030979404272749008,-0.005750501765245965,CTR_2023,2024-04-08,17.32077290214259
0.0018125269337128567,1.6903317651470515,0.023946326495622644,0.04285714285714286,0.010364040572846485,0.21640147132256418,-0.006661186760596016,-3.365464901925949e-06,-9.937820961524814e-05,-0.014184158593043228,-0.04618183508906879,-1.1134524088786122,-0.04636197355080274,-0.005162145661806112,-0.08800669872863501,-0.010755993133458097,-0.0529484675395126,-0.6666811147041204,-0.04253712400578591,-0.006819898301110849,-0.11821581574790174,0.0018143777626237853,0.013666582820383067,CTR_2020,2021-04-20,17.071641274715574
0.000667441933675477,1.386489711739753,0.020886831147416574,0.07142857142857142,0.06263873971078501,1.49947924768216,0.06763175587132975,0.0036549719116880618,0.12373611897181687,0.010007302294959053,0.021393139056487407,0.5913455471488215,0.03030990082167706,0.03786809555988192,0.7401594414361963,0.042187635281181635,0.06338804007511148,0.9150365155108728,0.0668653288287494,0.0695201959151146,0.03233119334132617,0.0007435156385084423,-0.017645664202276368,CTR_2022,2023-04-03,15.761205865276086
0.002605957735599006,1.9450476266812757,0.02774363922912695,0.03571428571428571,-0.023805996291631507,-0.42903521227017927,0.0056866434766373875,0.009265811411818665,0.23615928784188034,0.008659210727669286,0.013191074561569014,0.2745087039996791,0.01082548545400197,-0.052938786647103594,-0.7789954652099665,0.01900656386979338,-0.08120443471725826,-0.8825106935348597,0.019298744316551986,0.005767719716104791,0.21824617725068118,0.004572621597387489,0.07573478751349547,CTR_2019,2020-04-29,15.821200690795546
-0.0032891159987847255,1.308313772058378,0.02061450693410396,0.02142857142857143,0.0443161213902018,1.0748770642892913,0.04200216372909582,0.009868656482334783,0.3385088928959543,0.006680347876998671,0.023856627708271762,0.6681523100870653,0.014857939105989315,0.03324281885393788,0.6583385191167519,0.02092127434854818,0.017017237401481908,0.24889705809220414,0.00046088091629481465,0.043242785934471506,-0.07671164463616376,-0.001299354128475005,-0.0644709507918304,CTS_2025,2026-03-27,16.93616659163131
-0.00042858190242610675,1.9257797206350753,0.011691504756929746,0.03571428571428571,0.015759686108899693,0.6739802290872212,-0.003488007718858599,-0.02014328408022075,-1.2182737008295523,-0.02664444551448686,-0.03437738829263369,-1.6976253097809535,-0.04019367956289366,0.009391289553528968,0.3279285246158648,-0.0029452344124736296,0.049118517937063594,1.266713797305949,-0.06997645703120903,-0.003683855033902894,0.12011517783466297,0.00010895514880581822,-0.007803495129778272,CTS_2024,2025-03-26,16.767373081786005
0.0015362115420801592,2.061975397189268,0.027988963282858288,0.06428571428571428,-0.046709360836558286,-0.8344246331046713,-0.04591994388258813,0.00900489119085382,0.22749751609411833,0.01184582068196105,0.0764458770571714,1.5769089855652447,0.07963302969112152,-0.03220709480324476,-0.46977414852249905,-0.03880239479713832,0.02003977847667765,0.21587868376833153,0.00854320945315823,-0.04607608197836621,0.22398203659826654,0.000988193065906282,0.01840715134025706,CTS_2022,2023-04-10,16.32012987645437
0.0025345061858766623,1.5724182611081403,0.03383641641564659,0.02857142857142857,-0.015381042378265722,-0.2272853334898852,0.007561112535832359,-0.008266195935136961,-0.17274533829324623,-0.00034100663447156343,-0.015130971039839508,-0.25817953342458994,-0.010523426210739317,0.024820004700062674,0.29946210507741805,0.054195857349547905,-0.021417466946779363,-0.1908479070965428,0.004535699994231646,0.0072938164535631955,0.03202413906342727,0.002454376084400672,0.11975654068238867,CTS_2021,2022-03-29,16.692354670620244
-0.0008931393069311254,0.4003838992226447,0.013443812637755806,0.22142857142857142,0.009013772228120227,0.3352386882723214,0.07118500394002314,0.0733327785799907,3.8570981621340934,0.08745418760390622,0.07533949330261877,3.235486681562234,0.09023545682541834,-0.026227202201832642,-0.7964415118727518,0.012562342490332057,-0.05073890365695558,-1.1379476548971053,-0.008599890345931338,0.06331459158592534,0.09614564716029461,-0.0007095036235256192,-0.04846683550943281,CTS_2019,2020-03-18,11.678186100479842
0.004503561513331575,1.3984359453370452,0.029298761338784545,0.05714285714285714,-0.029152071589772496,-0.4974966561330723,-0.006051229833326066,-0.015601147183163085,-0.3765236639168333,-0.0011792374769056257,-0.028075513903509344,-0.553245419572425,-0.010192198749188197,-0.07334372626331509,-1.0219698545279892,-0.03692930616460832,-0.18348777471866778,-1.88825885945465,-0.13726210429961927,-0.006782324844592402,0.09494374311834608,0.00266029901769992,-0.0476070807907648,CTS_2020,2021-04-12,15.846151107678558
-0.0012407404827462255,0.7668458349664357,0.016432141220779233,0.04285714285714286,-0.060977405546741206,-1.8554309121209458,-0.07392414707850936,-0.05402086668510356,-2.324622253751526,-0.06226849737189166,-0.010165010163727086,-0.3571519545439259,-0.021865678949131162,-0.07988792498227096,-1.9847753475654983,-0.09788451742045223,-0.08987734359444628,-1.6491483580953596,-0.11371896101138634,-0.07386589927475562,-0.06841735318939501,-0.0005939519839252642,-0.0056981030034292425,DBC_2025,2026-04-15,18.598515209307635
-0.001872816996083057,1.6169785274606034,0.029773619431837185,0.05,0.09068578255914334,1.5229217053498751,0.0810686428738,0.062136316966351295,1.4757027168111616,0.0596382135933885,0.06791865998460976,1.3170335811836995,0.056933321689861205,0.052680155435325476,0.7223368810459448,0.03467237421086666,0.05133170470175578,0.5198256577279049,0.023583936450137677,0.08168911104345411,0.07792343409018165,-0.0007716046625664065,0.015091201354010288,DBC_2022,2023-04-17,17.275379527041576
-0.0009041886093461716,1.1322131359689034,0.02500849157829631,0.12142857142857143,0.05067072528745416,1.013070403083185,0.04983155294305275,-0.0016081883072120318,-0.04547098947948667,-8.131465348970579e-05,0.007900148718803741,0.18238417039905866,0.007935214812796021,0.05475765183855826,0.8938850903069829,0.05304335521860304,0.04817156213844129,0.5807736314403567,0.03719373978141105,0.050184629255217494,-0.01580748781668917,0.0003477295760518494,-0.037599508414883825,CTS_2017,2018-03-30,14.867809477873893
0.0001513938922828234,1.077600108346554,0.021594186421918446,0.05,-0.0500091529977289,-1.157930936146981,-0.04773868020270233,-0.0393228535973426,-1.2876362133311856,-0.03775209145838687,-0.011862949358252963,-0.31717226440253027,-0.008534653973101491,-0.06299991335298302,-1.1910431086961908,-0.06109745673297895,-0.08861754953284073,-1.2373328631502858,-0.08549878170663594,-0.04784321948223913,0.06552460447990882,0.0031005841931821985,-0.04516200861711546,DBC_2020,2021-04-02,17.52188774024269
-0.0016511798805955902,0.3395017223299114,0.023054003258755194,0.18571428571428572,0.04562589760243461,0.9895439219456887,0.03751971032993773,0.03786626193165778,1.1614247768396895,0.04344425829157039,-0.0006691329528996266,-0.016757353859292737,-0.0024221721117808626,0.013022316600318148,0.23060370167771574,0.00426185808774715,-0.03786984691600737,-0.49528007498060816,-0.069665741935648,0.03668292774431858,-0.20183942413937217,-0.0016531297826360648,0.019120730806095373,DBC_2017,2018-03-22,11.927498412721844
-0.0008497921334686958,1.173299923696446,0.01494644171904669,0.2,0.02465339160626328,0.8247244417661876,0.020266587853573492,0.012474503873158627,0.5901609524498197,0.010849916253524716,-0.0007310306384458003,-0.02823820838606037,-0.0023129140822026883,0.044405184816829715,1.2128867278223914,0.03893028762178019,0.06219284130437948,1.2546027715010526,0.05283299597363067,0.02023559694405397,-0.10942007623384364,0.0006786826772661593,0.0068493496513139275,DBC_2016,2017-03-07,13.791334345633
-0.00018634028816765457,0.8254788145604817,0.01946556022444114,0.08571428571428572,-0.045901356874995414,-1.1790402214409745,-0.06560562491785427,0.0019362056778458462,0.07033469105387645,-0.003170094377190291,0.11019207480488938,3.2683068618433664,0.11337401433677641,0.028173309141558266,0.5908746093682645,0.00543091926033612,0.2805737264277807,4.345940241792479,0.2501685016660442,-0.06927917688258556,0.13357267923213134,0.0002853921112602599,0.03678936982368451,DBC_2019,2020-03-31,14.083288712283132
0.0010126242829610074,1.544932901510797,0.017825291261384123,0.06428571428571428,-0.0222859098155031,-0.6251204956123845,-0.007070524562729497,-0.022031132040732263,-0.8739471706118059,-0.005211514459554811,-0.02460837629244294,-0.797050239932984,-0.00725815877104774,-0.02256413734597778,-0.5167809244858279,0.0012181976483470747,-0.003314140832707091,-0.05605804942746236,0.02063449021396535,-0.007208923397368894,0.011513329752378842,0.001497471381492392,-0.005744797950788111,DCM_2023,2024-03-20,18.542969867451472
-0.00018909438085917395,1.2693360824636977,0.025592501746651383,0.02857142857142857,0.031553347362252175,0.6164568762094689,0.030869381740871282,0.03650496611877166,1.0086121843459894,0.032903163619408704,0.06507438829272462,1.468036066582302,0.06070233851354512,0.015425319813043565,0.2460627142228235,0.016203543198487047,-0.036421648058537266,-0.4290920905887808,-0.02972696988756729,0.03128742996205103,-0.09961265545500231,0.00025898385622985314,-0.03517903185730112,DCM_2022,2023-03-20,17.682595764432307
-0.002089180729041301,0.7999046251962791,0.018467255465770643,0.15714285714285714,0.005874028799040157,0.15903903018853463,0.0108773361198361,0.025504484746894464,0.9765606020139258,0.031600640775595434,0.02820996302076655,0.8819409995197841,0.03138240180264218,0.02116743055032462,0.467939989875586,0.027899560648504074,0.013804932996799343,0.22539049819210427,0.006625213480565106,0.011216026634508935,-0.06484116650618865,4.391756565484883e-05,-0.046723944696832595,DCM_2017,2018-04-18,15.933693082287965
-0.0009492809274421151,0.7707872640102594,0.014273851766449802,0.10714285714285714,-0.011084773963786985,-0.3882895151623112,-0.012230186448271008,-0.005601750097370482,-0.27750291548307576,-0.004000297715860857,-0.012406061561611826,-0.5018016930100958,-0.01041765144926654,-0.004197293719858853,-0.12004734347421886,-0.009861288375607513,-0.02366332958794123,-0.499848424797079,-0.02962279929530498,-0.012103275008407244,-0.015862440940577538,-0.000235272792413117,-0.03383186487156697,DCM_2018,2019-04-17,15.105739731051177
-0.0008349847749250076,1.2338679984911587,0.01028196493515953,0.06428571428571428,0.0024779603712783965,0.1205003317413059,-0.0009684978992785531,0.015546025001584635,1.0691244104058544,0.012638451107838344,0.02421574564322629,1.3597563650441766,0.019547347907293955,0.009540296829438714,0.378800151109029,0.0036814733771906027,-0.006815657388069821,-0.199864329067216,-0.018292548220238403,-0.0009806919352650656,-0.07425791862124187,-5.5419957919503694e-05,-0.004874311429005511,DCM_2024,2025-03-19,17.990935671980008
-0.0005613743014356808,0.45885689803638396,0.0198147605837996,0.22142857142857142,0.0013672022732508782,0.0344995910364088,0.014440915931799192,0.02945811892238553,1.0512383211962217,0.03350739057874963,0.029101615970155294,0.8479449319190523,0.031507034350928165,0.07605374847029901,1.5669537194284087,0.0834907230651537,0.1683432253214134,2.5615950292488345,0.17805944397013707,0.013617793163255287,-0.09165715887795034,-0.0008112864435604034,0.09295420677815776,DCM_2016,2017-04-12,15.206621466681387
0.0006595238938957375,1.940738715140595,0.019988590990797448,0.08571428571428572,-0.007262108848887332,-0.18165634716901094,-0.034312407960270686,-0.030984308146514983,-1.0960859827919396,-0.06152808154888467,-0.033538338039041264,-0.968721032109159,-0.06414170625037041,0.006408435366646676,0.1308863033010257,0.0027174883094025493,-0.01875637365484601,-0.2829243663387374,0.014508791149203337,-0.036308256355691015,0.053448107638649156,0.001791672340343741,-0.05509658547736984,DGW_2023,2024-04-17,18.503780427792403
-0.0005968392018985433,0.9677750189063729,0.012267397888507623,0.12142857142857143,0.019220942331296773,0.7834156235082009,0.01634597451390274,0.011226528332699886,0.6471098749207299,0.009913587147205138,-0.0006240365341174451,-0.0293695259770121,-0.002208948271456679,0.02215005993471552,0.7371346543256044,0.017991170401778,0.03184034128425308,0.782580315701974,0.025640407872743798,0.016608717426020547,-0.008526456230649848,0.0006548896100025565,0.013784989878040142,DGW_2018,2019-04-19,14.1788573110612
0.002138718158797983,1.224220231692779,0.02819651854975971,0.09285714285714286,0.005889892510459575,0.1044436124279919,0.012651308380754234,0.048675251464126074,1.220668442648473,0.051867851795697306,0.04317910769285347,0.8841328905851478,0.04668410000528744,-0.0126815798883936,-0.18361250168814597,-0.002671882953250382,-0.04354632636262811,-0.4656500904481347,-0.019645196556409172,0.011446605790842113,-0.020408334793972083,-0.0009391397476686332,0.07677158543427944,DGW_2016,2017-04-17,13.374327150030371
-0.00416598745674281,1.2452490521728288,0.02581415797448374,0.06428571428571428,-0.044651696804376535,-0.8648683572889138,-0.05328179123743282,-0.020969609670669305,-0.5744039070196251,-0.0235215763459935,-0.016309374219682482,-0.3647696587800997,-0.021771653204624597,-0.06146219723832404,-0.9720184162311559,-0.0762177174659584,-0.01562540967623506,-0.18250598317856817,-0.04839666092815609,-0.053569802260493016,0.07741579627656503,-0.002587745952284972,-0.025805633302002386,DIG_2025,2026-04-14,18.894837850188328
-0.0020290413056928414,1.2668793208199278,0.01611211601501378,0.12142857142857143,-0.08568164682397791,-2.6589197453685487,-0.06830287334143148,-0.04026076082480577,-1.7669098812609008,-0.035329911045021145,-0.026299372376751312,-0.9423932714416091,-0.040565381314056514,-0.12413057481789852,-3.145216613167515,-0.11754602551598592,-0.1586114956996703,-2.9681492666347875,-0.1619731475120343,-0.07410608552776932,-0.035742246663450605,-0.0021799299145562434,-0.03268772936218041,DIG_2024,2025-04-09,18.855979959354695
0.00722910666328629,2.2585511033062278,0.043769158903176335,0.04285714285714286,0.04722656610425849,0.5394959291853247,-0.0018630131531509608,0.10958292254630707,1.7703522200676947,0.07866797541311632,0.05335762503588504,0.7038298187528511,0.01807901158495162,-0.004575168838355417,-0.042673994740771465,-0.09325463740816398,-0.017003146293790142,-0.11712908425848326,-0.03321065094110032,-0.005803596373204933,-0.1786877273747305,0.004504432771248768,-0.258358837324175,DIG_2021,2022-04-18,19.71871979879966
0.0011859784643621252,0.04769326591969789,0.020221719065997647,0.17857142857142858,0.06059359556123656,1.4982305748457183,0.06318841186177293,-0.012669232719102128,-0.4430137882377719,-0.018241022089308445,-0.024226235121225362,-0.6916832007724549,-0.018511722673054787,0.06448847766836843,1.3019323766097208,0.07592200391753556,0.18328099361265898,2.732769584986566,0.181350494015874,0.06370384942595186,0.050983260825015364,0.0003088881832810139,0.004775165963631878,DIG_2016,2017-04-18,14.77120318221879
0.0009974207111836577,0.5321086362153825,0.0249552948846363,0.05,-0.04013939581573096,-0.8042260370251673,-0.05455638224293624,-0.023372392495821993,-0.6622553371037904,-0.02821277080043394,-0.007401389472956838,-0.17123396955808684,-0.014832983410219991,-0.04884939916405198,-0.7991363672960953,-0.065721860844698,-0.17246701616875038,-2.083756660890793,-0.1942194715971134,-0.055365507117349,0.01428894220748067,0.001666027863941487,-0.004059739214815558,DPM_2025,2026-04-13,19.420144939641652
-0.00022462672629716457,0.9778051841074232,0.010020469608697728,0.09285714285714286,0.05321291171140527,2.6552104736297326,0.04968403951310174,0.026122042289791488,1.8433340914003182,0.02314298325211639,0.0036420870869281613,0.209846448536189,0.0011925379799755387,0.05281754605040999,2.1518625098029265,0.04902813690734675,0.05104477165829023,1.5359138181505034,0.046016782969276915,0.053950690257969613,-0.08752333863241413,0.00014026489541671183,-0.025392572152467,DPM_2024,2025-04-10,17.741685970227497
-0.0001463426787969414,1.1056048969295313,0.023824880225050363,0.05,0.02113198295910953,0.44348560747202787,0.022671914810364457,-0.002213012909552326,-0.06568076818923499,-0.0005351763065002402,-0.0053217431998569785,-0.12896223779395694,-0.003479332015417169,0.057244721148205724,0.9809098440823801,0.05740147300647258,0.03079360263512159,0.38970271611886975,0.028553932463349363,0.022871622742460573,-0.14378440625193323,-0.00044133130814411384,-0.003979803788141632,DPM_2022,2023-03-31,17.099815200313618
0.004723586345748374,1.0574895659304084,0.0339384685614672,0.02142857142857143,-0.050963111144216006,-0.7508163052778126,-0.03423034425368077,0.001338521543319815,0.027888048582142826,0.008848079004540543,0.03382701161146069,0.5754541995430899,0.045036934480276125,-0.03874306615571701,-0.4660431420691082,-0.014076398986269445,-0.11783240144813666,-1.046829963205582,-0.0687109727715216,-0.03774651362013559,0.21392426414591914,0.0052342202288741,0.0655510098132374,DPM_2021,2022-04-19,18.782077542058474
0.0002538475376946277,0.9911060782314116,0.01896150336201343,0.11428571428571428,-0.0461009852195804,-1.2156468909510865,-0.04517500506151184,-0.03264431182173229,-1.21736203167089,-0.03201467368549904,-0.03888450898642044,-1.1839768873807488,-0.03805474321839497,-0.049724324943605035,-1.0705833954792934,-0.04815693689284606,-0.053875246625884554,-0.8566830245206993,-0.050997169822997956,-0.04506330992708929,0.0279077496321517,0.00041220425297620926,0.012642633518198537,DPM_2020,2021-04-15,16.618380743997456
0.002347783512454756,0.9053832528945388,0.01989442224906238,0.07857142857142857,0.10845444177319255,2.7257499719124536,0.11967943943078752,0.0861466932136798,3.061909020809138,0.09354679207712069,0.0698954682216003,2.0284161504000324,0.07856471725659853,0.04639038443148968,0.9519650734772984,0.06269228973822638,0.02715091712946577,0.41148767366745115,0.053719611381732424,0.12057397922981827,0.24217886674630107,0.00018417145390325147,-0.00521030044762154,DPM_2019,2020-04-20,15.017720116285236
0.0014559590875381223,0.5388433742121218,0.018442468012069863,0.12142857142857143,-0.02523575845624824,-0.6841751993207319,-0.017915820237747515,-0.002180833452807434,-0.08361582203148611,0.0010594741765115323,-0.015550664854423581,-0.48682099022230896,-0.011952490233706481,-0.028770132028664706,-0.636864719485219,-0.014423305513232898,-0.0518423273991225,-0.8475573784333073,-0.025902444880931963,-0.018161497497994228,-0.07893089762667393,0.0007315242434793525,-0.026410495800623934,DPM_2018,2019-04-08,15.026620752110983
0.00098840919790928,1.587557234085827,0.018196806551921487,0.1,0.039895381400807436,1.096219308782911,0.04600255136636,0.009321176968836605,0.36221011772025735,0.0006520486069967468,0.01652634454644483,0.5243496679148295,0.009748260032537148,0.009939676102782975,0.22299823681409492,0.019686232120063374,0.04654120959471407,0.7711629314263372,0.08159236194979091,0.04566074333928949,-0.06125929955540599,-0.0008003572326033977,0.01399723203169971,DXG_2024,2025-04-21,18.75297032629139
0.005412152234810045,2.0549712624682495,0.027245133876700467,0.09285714285714286,-0.11341945058568931,-2.081462530134299,-0.10149957649745367,-0.0712057059598869,-1.8480378100277863,-0.0578662758579056,-0.11221534247488521,-2.3779497094153075,-0.07629038483041461,-0.16546202421666142,-2.4793267241351122,-0.17605006146759083,-0.1553437896697309,-1.7191295556517998,-0.17433785625736875,-0.09823419493712215,0.19927944083600657,0.002630217551350364,0.024730923891346297,DXG_2021,2022-04-04,19.511030211338408
0.004235125170278302,1.2609264769853326,0.024932380986359314,0.06428571428571428,0.02832066046050104,0.5679493762748828,0.04521692960329671,0.019236120725514026,0.54555525267225,0.024661668499407208,0.007103457442245618,0.16449223476495667,0.01975316900137547,0.04271055754447091,0.6993520639616545,0.0693282812258621,-0.054093243295812915,-0.6541584025856102,-0.0029282137557372634,0.0458631672886346,-0.1352396398441763,0.001803123366432917,0.012265128670409492,DXG_2020,2021-05-06,18.505664984825607
0.00017941472613281653,1.429696628729709,0.023342231666036117,0.07857142857142857,0.06443644396457683,1.3802545721953066,0.0705530196812536,0.04086011369374625,1.2377763997150701,0.045312528374692684,0.037851416920589215,0.936222639761934,0.034711363712404464,0.15361265216608727,2.686636973604961,0.13221924170255017,0.13324040893924027,1.7210648675814257,0.06604005185937378,0.07176960489580408,-0.004853486989053968,-0.0011170724497633806,0.006813021768710905,DXG_2019,2020-03-02,16.39357649949635
-0.00039759391176974316,1.6130841546401564,0.016979009801615343,0.07142857142857142,-0.05263704779865294,-1.5500623538613298,-0.04209082472208303,-0.04330230210011159,-1.8033649673177246,-0.031182183312184808,-0.016995454626617366,-0.5779094551641101,-0.005677400392953169,-0.08466767157663645,-2.035774322683362,-0.07338391879139905,-0.09377595047880863,-1.6652627714033945,-0.10705251945987981,-0.04204637509744702,-0.022940437949715453,0.00036567147410137483,0.0033300708769972275,DXG_2018,2019-03-12,16.596549700103843
0.003962732649863406,1.5826199605006468,0.02177498187640527,0.17142857142857143,0.11062793824392517,2.540253279471115,0.12900928035913017,0.06434144603727747,2.0893828092507225,0.07598842337596845,0.06969699212432907,1.847972934861133,0.08187630484434527,0.09162975019338257,1.717920551411027,0.11861584485813459,0.12307540347827067,1.7041865108229541,0.170819304018617,0.13477747664038975,0.2431255386105311,0.001967884136518627,0.0049356851381091235,DXG_2016,2017-03-29,16.507179291384176
-0.001425794269014321,1.2502377637896402,0.018805075232241373,0.02857142857142857,-0.006360662101217052,-0.16912088951156315,-0.006927161081113464,-0.00010639732693434965,-0.0040007429082980365,-0.0005778665054131382,-0.027416274232592703,-0.8417298581834691,-0.026648077813101523,-0.014159655235460838,-0.3073986661602725,-0.018101958976993737,-0.05008698900553683,-0.803070193253946,-0.056030784887563634,-0.007167016522341418,0.01778496084119019,-0.0008381013825133956,0.012992182708509426,EIB_2025,2026-04-17,19.30583529164436
0.0008322203701924579,0.9560936917709102,0.01737283442746266,0.12142857142857143,0.043608507079121665,1.2550774964557923,0.04767723875040353,-0.0017542131295084805,-0.071399747962894,0.0002835510572617439,0.002476508159354604,0.08230163353157062,0.005829255562147195,0.04191990558007562,0.9850856439648877,0.04750593799721503,0.03646179529103658,0.632806636696028,0.0451625176992384,0.04701283640602938,-0.10580744244426721,0.0006007908762056754,0.0012734870473797852,EIB_2024,2025-04-16,19.016491205998165
-0.0013075252134043755,1.2117965637730377,0.015806893390984924,0.10714285714285714,0.06794648503198822,2.149267517383898,0.05603238162012858,0.016992228576415542,0.760131656275224,0.007203628330109568,0.0162832985016547,0.594751070984454,0.0050252716895726746,0.07645898027775655,1.9747237624065093,0.06689194889986838,0.028791469362975136,0.5491879033581065,0.020264636573981254,0.05508740753112429,-0.029284807879848995,-0.0001182029475232825,-0.0026147985329746655,EIB_2023,2024-04-17,19.22900625307512
0.0022616831956555256,0.7286430542286807,0.026123911484035554,0.014285714285714285,0.009031151898294246,0.17285221441309095,0.03676721502944902,-0.00639512210136616,-0.17309943065591119,0.005164231346880155,-0.004834620603999577,-0.10684730381415605,0.013939636849563009,-0.0026743435488354138,-0.041792982746566114,0.02077360225247815,-0.0398929215550518,-0.46042754449498835,-0.000305851143483693,0.034427023476521934,-0.0020139298186394594,0.0011443437703353026,-0.002683656773457478,EIB_2021,2022-04-20,16.584112939963713
-0.00013555465822530878,0.6470668998317057,0.024551422997570516,0.18571428571428572,0.08908469626179799,1.8142471063818453,0.09705823207756792,0.09334980963723494,2.6885726103735004,0.0961206007381421,0.11515291371989106,2.7079312568044522,0.12042644053059737,0.04356178321030367,0.7243581574446297,0.06354326856830861,0.071785458462243,0.8815835279374186,0.10888140366118548,0.09777525587990865,-0.03166078944264561,0.00042362216106068515,0.04150752124181197,EIB_2017,2018-04-17,15.930472813229787
0.000596225111081696,0.9426285121575761,0.025266597532604594,0.30714285714285716,-0.043737258424713654,-0.8655153977157807,-0.04148182984060389,-0.04413678540457991,-1.2352047092641,-0.04342290424835149,-0.039106376836142084,-0.8935938906788821,-0.037187779042129665,0.012876278491391766,0.20805012130596168,0.016713745262324053,-0.02102825629479917,-0.2509343737869377,-0.015372021381234169,-0.041694304987226816,0.04588852570529478,0.0006901627107025337,0.006233065053103334,EIB_2016,2017-04-18,14.608024036345604
0.0019418465761160762,0.4132034664711798,0.019926573255111702,0.21428571428571427,0.008544383610686233,0.2143967129043216,0.018755591740738375,-0.001388507830938455,-0.049272059496498814,0.006026576972164022,-0.015559294057457259,-0.45081321798112334,-0.0031577968145802826,-0.006562510920739301,-0.13445030564173804,0.003800973781104,-0.01765018302019921,-0.26706701379770403,0.012392447298063769,0.018800089773254314,0.020487500067285058,0.0018835248022097766,0.018620304926903003,EIB_2018,2019-04-18,14.815401295826309
-0.001677124497108046,0.6194758358457335,0.01893057204842095,0.02857142857142857,0.005880079977791986,0.15530645251373845,-0.019312983535184514,0.03998933617032614,1.4937071478273014,0.023017352177742367,0.04207695057571723,1.2832754699346385,0.02284853318352842,-0.01717009100394412,-0.37028253987992066,-0.05468556377167544,-0.03399680239953855,-0.5414744771901608,-0.09176222213397778,-0.021507921026628907,-0.07311569047350985,-0.0018277047239059457,0.027736589716876814,FPT_2025,2026-04-08,20.747450594073197
-0.0003506582414780467,1.174555420499075,0.01131708815220705,0.03571428571428571,0.04170520961519232,1.8425768649269998,0.014764296571341262,0.021454891802029412,1.3405302917853517,0.009164963272968008,0.008263339556049765,0.4215608514245079,-0.0029787842937289977,0.07407334113662442,2.6720932523686334,0.05231042390931606,0.0014599141795985779,0.03889522475558929,-0.014663841176074666,0.012285918785066352,-0.19166424664846204,0.0011040153048172232,0.006064636640965366,FPT_2024,2025-04-02,20.037997981507075
0.0019286347354211548,0.8988242186640861,0.011363504956731885,0.03571428571428571,0.002651936743560856,0.11668656605767637,0.009070408780883499,-0.004136636061041093,-0.2574067966882113,-0.0014939413128396417,-0.004122527389134968,-0.20945494430823938,0.0015491222628623014,0.0010089512570643873,0.036247850238661214,0.011051384688103849,-0.026277274601221576,-0.6972229454750939,-0.004688545995089166,0.009128879070329665,0.029337515698152794,0.0015975595540189142,-0.007471388797672339,FPT_2023,2024-03-26,18.978174182532094
0.0007216927678926973,0.8219156555056455,0.011184675958610625,0.12142857142857143,-0.012519813817656532,-0.5596860322099023,-0.011721271058306115,-0.005889310808991062,-0.37232832001242133,-0.005135762453553516,-0.004535897344776352,-0.23414192442535875,-0.0039895345264922,-0.0068225910460543715,-0.24902922010373124,-0.006892570795769104,-0.006074913610777398,-0.16376472396315905,-0.0010566429723715132,-0.011774768353528309,-0.029975588168625222,0.0015201223673157768,-0.016219176544011386,FPT_2022,2023-03-28,17.395535600149525
-7.347724970465931e-05,0.7088655811721332,0.010457538465665609,0.05714285714285714,0.027841076513625593,1.3311486543909903,0.03154639990595387,-0.0013921367342460808,-0.09413203005241283,-0.0004696525317838818,0.006036397726905113,0.33326349828945995,0.005165804078806402,0.10425480228880792,4.069967798521013,0.1063605071652809,0.15472739440569133,4.46109425114169,0.1501623589030523,0.031333965018384036,0.05502223699187814,0.0007339447923329142,-0.023379214854405254,FPT_2021,2022-03-23,17.791425902880842
0.001019676973942307,1.1877662731894907,0.013239889257964066,0.03571428571428571,-0.08489867326974304,-3.206170067422382,-0.07247988648764103,-0.008857553691831508,-0.4730580564675443,-5.572397133257745e-05,-0.0068624105352311435,-0.29924831640281213,-0.00845402858596711,-0.07505793520387799,-2.3143904858795272,-0.06964099164738435,-0.09197981611212874,-2.094651812385926,-0.058275535462045,-0.07349465622392048,0.1752548453933116,0.0021372405713218938,0.00670235654250769,FPT_2019,2020-03-24,17.23631374203153
0.00035889126519935105,0.9380631955511398,0.009100778948300366,0.08571428571428572,0.004121479751295841,0.22643554879802655,0.00781953849870487,0.009312676307932078,0.7235706532091826,0.011562454937240174,0.003022301167577608,0.19173374087928258,0.0059535522091266335,0.011225323696854271,0.5035524140491405,0.015268181190908447,0.04931916475113893,1.6339576823086417,0.054612207865439744,0.007833352472254695,-0.015003769459197014,0.00017681149693597308,-0.010852006454626506,FPT_2018,2019-03-20,15.837988413219282
-0.0004468351236258122,1.0601893203692025,0.013588745385172572,0.06428571428571428,0.02416631910767658,0.889203470323529,0.022547075562073915,-0.005041868754808906,-0.2623597311837244,-0.0058831323269837865,-0.01055952831890995,-0.44864675469528004,-0.010927770117451607,0.02073395443356794,0.6229126539743646,0.018937700179616268,0.06560846061283535,1.4557411015028752,0.06207634518132821,0.02257308549639503,-0.06695526362393922,0.00022907807305022138,-0.022299190646647475,FPT_2017,2018-03-27,17.325305933750442
0.0015611254080331995,1.1120117099844395,0.011393796482931028,0.07857142857142857,-0.028071416095629513,-1.2318728062978446,-0.019472514282082076,-0.015226921833036478,-0.9449931549038679,-0.012066011295383094,-0.019297613056604344,-0.977855108228301,-0.01662376960241574,-0.0254512029007569,-0.9119357266077835,-0.010932037111028081,-0.051654102509916866,-1.3669103115940697,-0.027601408088136603,-0.019830780187331642,0.058775091531481416,0.001315716532763523,-0.012598569670761332,FPT_2020,2021-03-25,18.024052413648036
0.0005369814130464907,0.8892968303574175,0.010130675196414881,0.08571428571428572,0.013279814903865862,0.6554259536701671,0.014331855385613879,-0.009167883890175553,-0.6399053115599023,-0.007764943705802052,-0.00012060098635510025,-0.006873086994368584,0.0011135399956443415,0.009444502804506236,0.38059675682676275,0.012010760958659605,-0.007434380419475157,-0.22126363671908159,-0.0029337329280696434,0.013713746600892751,0.021609290710896345,0.0001352684964496925,0.022203507825616347,FPT_2016,2017-03-21,15.72525483741678
0.001474772266583272,0.8049387684996896,0.0223375491266636,0.05714285714285714,-0.011593367087607189,-0.2595040087403449,-0.012084083457619355,-0.008530897884498023,-0.2700500269538531,-0.010178539415982124,-0.03386379875106288,-0.8752649278506455,-0.0350353815212453,-0.02900556161043801,-0.5301150486232528,-0.028301733862929335,-0.05831419266825254,-0.7871226399848883,-0.05247481005138499,-0.012288331584444867,-0.03723195121698941,0.0006384523520917109,0.05801819419191962,FRT_2025,2026-04-14,18.270526823521386
-0.00012000692567520541,0.5925632589287803,0.0139091528123595,0.11428571428571428,-0.017771279583928594,-0.638834004618069,-0.01053485224590811,0.009743077608077728,0.4953138655703557,0.011986993734329987,-0.0024772073479810783,-0.10282555296426985,-0.0008433297080164825,-0.10865090294718399,-3.189018481853783,-0.10507334222011566,-0.16173658325914894,-3.5059946025287085,-0.11271763462756335,-0.01059682086541125,-0.15929554831270187,0.0005378014794060338,-0.0145056430891986,FRT_2024,2025-03-26,18.120504067741056
0.006130711676929652,0.8850021191830384,0.020367648989357445,0.05,0.015427707394826882,0.37873068715216485,0.04000916286942069,0.04350197126737387,1.5102645815535944,0.05504902340494067,0.026678807571879407,0.7562491253325913,0.043054992671278436,-0.023262173564082445,-0.46626601798629713,0.014476554985134782,-0.10241106367088262,-1.516036412606152,-0.03285891659767437,0.03840108240649076,0.12319523363861484,0.00397072875373979,0.000838812782824017,FRT_2023,2024-03-27,17.97949622996629
0.0074799162555507235,1.4033732617736785,0.03200538979340419,0.02857142857142857,-0.07543249369420109,-1.1784342290645455,-0.03648997929418896,-0.012253878247373194,-0.2707294134045382,0.004718652813539781,-0.011817409375189703,-0.2131761096468774,0.008511128451535788,-0.08521371281382124,-1.0869529415164454,-0.03034969569785062,-0.06999854623471495,-0.659431299851475,0.01092303099148395,-0.0373118696117154,0.4645658131288758,0.0059113170148389444,0.07097080668717572,FRT_2021,2022-03-29,17.919389878301264
-0.0004870514206482758,1.210818536451686,0.022268878943344665,0.07142857142857142,-0.04196769803839313,-0.9422948084895783,-0.051329282141841404,-0.012001636091676477,-0.3810896043464248,-0.018413418022082406,-0.010200116923488883,-0.264451581353716,-0.01337685116159626,-0.037895347031017,-0.6947233707321909,-0.04584708135430571,-0.05192265637411562,-0.7030111384249795,-0.06018947944094577,-0.049775929306779876,-0.02202142980745081,0.0005644797326914845,-0.012125126492210984,FRT_2020,2021-04-20,16.987073143360625
-0.0063034799359334695,1.0665704032736876,0.03169510991146877,0.07142857142857142,0.2546182624648045,4.0166805411940185,0.22811407388755733,0.11373762709206899,2.537446553033324,0.09922781407141557,0.1775792783677545,3.2347401367118804,0.15752488971389056,0.3236453947858025,4.168708659060241,0.2842659428923575,0.2168803254012454,2.063153549769852,0.1470192333388478,0.24366842602619865,-0.015091610209167827,-0.0034119033133963557,0.029138740255885972,FRT_2019,2020-04-20,14.928054734199703
0.00012512170020499507,1.4590538239128574,0.02324336891939275,0.014285714285714285,0.017889845163292166,0.384837611650307,0.01777158396172307,0.038965570660624935,1.1854055813717777,0.036830380631545645,0.04298348993139365,1.0676821233902285,0.03674754077805287,0.040974395207624366,0.7196773778497672,0.03397441580816607,0.06395582348642764,0.8296304378184222,0.053225936941586616,0.016986878296155195,-0.17349837057708806,0.0005772655794129543,-0.05982782151293105,FRT_2022,2023-04-07,17.53574784399468
-0.003019667555856448,0.8669368754373419,0.01874271334679716,0.02142857142857143,-0.002712912363501128,-0.07237245518575683,-0.01874445300831329,-0.0017360029633675302,-0.06549422406691663,-0.010265173629139479,0.02391529556500744,0.7366864165676416,0.010392884601510666,0.0727546125370823,1.5847196530218606,0.04746732524734021,0.13373861762425,2.151433982676244,0.0890784453526211,-0.019501375929025455,-0.1863355555753745,-0.0035151051411487734,0.03731035919054494,FTS_2025,2026-03-25,17.45643781551928
0.004961239970558839,2.0710529290819912,0.024403286873486776,0.05714285714285714,-0.00940519192119854,-0.19270338397359324,0.016163669112489232,0.00895780660125329,0.2595603545187023,0.011746626357534762,-0.02120880527007287,-0.5017729576899965,0.00043005902568360455,-0.017341189582243788,-0.2901048140876626,0.019012832547846248,-0.058840011587224024,-0.7269894051817233,-0.02197640414534341,0.01618986784542753,0.16366272562186435,0.004049715121805638,-0.03580426482538042,FTS_2023,2024-03-22,17.750961918642094
0.0017165307498391434,1.5931565566838923,0.029647490871092152,0.03571428571428571,0.09389657164319752,1.5835500557443727,0.10247885124637868,0.07722687495180612,1.8418977580835663,0.08178590275189246,0.04732755142248017,0.9216488057172376,0.05991988343645438,0.0960503334426718,1.3226206762977335,0.10282448178277614,0.0746364168313931,0.7590432017045351,0.09263031260968713,0.10489329862436803,-0.04430013830258628,0.003998771762217474,-0.0038394918190507513,FTS_2021,2022-02-18,16.55730942347328
0.0009621088227758422,0.5408048763897637,0.023336579845911743,0.20714285714285716,-0.027699143498603133,-0.5934705017079795,-0.061288966074198314,-0.03532866693701878,-1.0704713426900605,-0.06246791863112555,-0.04363598286109038,-1.079560356211236,-0.0843741401191328,-0.01447744718664537,-0.2532673212293471,-0.04945552427976174,0.03531030205913967,0.4562132378264201,-0.012112477083703221,-0.06398290288600839,0.08846250234489939,-0.00025780674536332615,-0.015271432937276922,FTS_2019,2020-04-06,12.852333070519911
0.0021350366985333773,0.7434653814896214,0.023493620820369814,0.15714285714285714,-0.04015360330617544,-0.8545639604296504,-0.03669180945921968,-0.0025418031891374752,-0.07650273600748483,-0.003675919786936488,-0.004186352703739651,-0.10287864433102564,-0.0030161887542037302,-0.03665550622749188,-0.6369621723223797,-0.029564978519702634,-0.034582068828312634,-0.44381775591035433,-0.007371341444358248,-0.03727678007605795,-0.029776665474450237,0.0016278119094953914,-0.015759282838526692,FTS_2018,2019-03-12,12.040639488499174
0.00061361202281766,1.8277273310960453,0.01413544880684292,0.07142857142857142,0.05969004249982874,2.111360004039384,0.007163932130756057,0.00490710739286843,0.24547143574445013,0.006106010454401178,0.027258757304290428,1.1133605365107415,0.025100862320383444,0.07137830139112336,2.0614888085501666,-0.0460687541306839,-0.0767092643033471,-1.6362206632220055,-0.12111670739012592,0.006506763013678141,0.15006529970620097,0.0008321184174456002,-0.004824273467548207,FTS_2024,2025-03-31,18.324615618143838
-0.00036542035885341544,0.7974600467495699,0.011211116597701127,0.07857142857142857,-0.005981039971537145,-0.26674595342107027,-0.01159247252638207,-0.004609061504405895,-0.2907024127587404,-0.010838654087547805,-0.00977244873998893,-0.5032617279024075,-0.016188303500171197,-0.016049529208771524,-0.5844371347965784,-0.02482321348002947,0.011775082669341816,0.3166786267190886,0.0029943422961175026,-0.011660370495647276,-0.0027448693997337292,-0.000755867974600142,-0.01944185540351638,GAS_2023,2024-03-20,18.042182351744323
0.00014548991166164795,0.6398648149789993,0.01565912307967055,0.03571428571428571,-0.02266211368111996,-0.7236073682357425,-0.029583392369580297,-0.01311330562494845,-0.5921472922842516,-0.015650254615011683,-0.023175670395248604,-0.8544846012940549,-0.02626397358432453,-0.022418322193574404,-0.5844670652392231,-0.026538138895329744,-0.033933303939225265,-0.6533747799686487,-0.03510600084403215,-0.029695173720755363,-0.03855883540592897,0.0011541167767086845,-0.01917295803108161,GAS_2022,2023-03-30,16.5431936208531
-0.0017248986097328195,1.561028594630771,0.015329121786695996,0.1,0.02615338286461131,0.853062009309287,0.02111399517184409,0.03995884642872066,1.8432348357139832,0.041658023236513575,0.052876286441965355,1.9915125364527764,0.05213779320486056,0.01770301462894587,0.47147028765838056,0.003693067537797523,0.03418613518033836,0.6724134446558314,0.0068674217125119785,0.020169841455971227,-0.13973527006090614,-3.028753748014873e-05,-0.038023982872371846,GAS_2016,2017-04-07,16.73579700185253
0.005774543543969223,0.3413569896587275,0.03033949260272691,0.15714285714285714,0.019445255997235275,0.32046112721554776,0.04156133819493624,0.05664311414426514,1.3201516137199207,0.06319470525873805,0.03954636705582931,0.7525539719508249,0.05289235787826774,0.018028746594254914,0.24259486052344947,0.06015256899546151,-0.01374894462528043,-0.13663586384832702,0.14833340535508854,0.04051847975205747,0.4062613481731898,0.005733183022077941,,GEE_2024,2025-03-24,16.66483236569206
0.00348104826469824,1.5276231100973172,0.03936946740076824,0.02857142857142857,-0.05252782357592865,-0.6671137183697796,-0.02175388270297307,-0.03254054466953809,-0.5844539263156285,-0.027610633115422,-0.093515531313281,-1.371398211398717,-0.08846054860522123,-0.06983528325090271,-0.7241686739375179,-0.025351048229497852,-0.1772952098632521,-1.3578166188761491,-0.09233221917187884,-0.025082384680165992,0.2523215085324356,0.004323599746301663,-0.15251782483879206,GEE_2025,2026-04-06,18.2092230232826
-0.003614465523878895,1.5729436487511081,0.02880007088291513,0.014285714285714285,0.04530667474015747,0.7865722783174544,0.030373639238308825,0.013602665205700845,0.33397615055410534,-0.004822181541354054,0.08090081501974043,1.6218052906604334,0.0415564889747535,0.06051225020727038,0.8577764547758344,0.04464982410428775,0.07050519178017747,0.7381271823870824,0.040967868556171294,0.026534204430249786,0.025860636006705184,0.0009069542834894942,-0.01652555173436247,GEX_2025,2026-03-23,19.36230172296803
0.00030261302145794173,1.54910430110484,0.013719430614390066,0.12857142857142856,0.029964682512069865,1.0920527008110834,0.025245289544758576,0.006453575457364841,0.332620725820452,0.0022693745253825615,0.012084660391710748,0.5085547736143854,0.012389208652939132,0.02618979391595439,0.7793281583110802,0.026241991001650256,0.08220521318764003,1.8066204827414385,0.0777701621242688,0.023833658869590435,0.06640690485419287,-0.00030082194622853313,0.04702452361899407,GEX_2024,2025-03-18,18.380272147042724
-0.0022076457606755194,1.8518765480819301,0.021634003809793665,0.07142857142857142,0.0455596623972741,1.052964185405416,0.035580854713036625,0.021727074301416443,0.7101487874805946,0.012885080093501311,0.011134510608429491,0.29714854234061555,-0.007757191841347488,0.018587395855384464,0.35075673688753845,-0.009041645552897326,0.05167134553057351,0.720139323448424,0.0049214465710420985,0.03597387130376151,0.05211306528182691,-0.001711291941417158,-0.030997726886372867,GEX_2022,2023-04-07,18.278737424107078
0.00015370494042221775,2.0319469015345106,0.019380857974412902,0.007142857142857143,0.03669987599946996,0.9468073097672471,0.06876774597190416,0.0015181558298623535,0.05538961606399572,0.015547349036578173,0.01652287461074499,0.4922117543451546,0.0141950142801196,0.041943415302124726,0.8835175210465348,0.07477579891268693,0.04947572936721166,0.7697024406849267,0.08699569765599735,0.0707934381032056,-0.011081692625880324,0.0016750141536330436,0.0014463515730371908,GEX_2023,2024-03-19,19.29954917911806
-0.001703971529543761,1.0038776843926474,0.015133709121890477,0.1357142857142857,-0.0014283222874285212,-0.04719009318616062,-0.008212363452018923,0.001547354225588086,0.0722985130081789,-0.0018534019257785417,0.012804710492034846,0.4884990843902283,0.0077157385483948016,-0.002530436706859842,-0.06826128686511265,-0.012704999904284975,0.0365619454464832,0.7284295768578188,0.01774138378002088,-0.008196975812711171,-0.04911645734288761,-0.0006655806082225756,-0.008467641924671903,GEX_2018,2019-04-22,16.33789763573925
0.0007059268277343477,0.8712794796922775,0.022778663788554473,0.06428571428571428,-0.03339875223547347,-0.7331148250288334,-0.03431058877124982,-0.01730853326667301,-0.5373002279179833,-0.017054800909345635,-0.003153979945735828,-0.07994108818640316,-0.0020061731952319972,-0.026679026211573875,-0.4781521402316992,-0.026570443743474392,0.013307474780348992,0.1761453020775424,0.014662166213667893,-0.034632442133715746,-0.07447985504899501,0.0014068984769612406,-0.03711709493787224,GMD_2025,2026-04-20,18.974062711763874
-0.00144099157981313,0.9167657079387952,0.0114417209548345,0.07857142857142857,0.01083579530349131,0.4735212188037514,0.004766756050467391,-0.018901427793383857,-1.1681221574593916,-0.020275289207094316,0.03873876786733163,1.954761713256785,0.03579604621399746,0.05193964596922166,1.8532414623582936,0.04275310157876999,0.05809707378548239,1.5309695894735893,0.03882098023493796,0.0037250161618374023,-0.19297349519742146,-0.0013292972158318477,0.023655347801274727,GMD_2024,2025-04-21,18.20524420395318
0.002286833028971457,1.092076554509879,0.01601938187822171,0.07857142857142857,-0.010836345627768454,-0.33822608481855426,-0.0006716620850663046,-0.010949592037854368,-0.48332269247660503,-0.006572921956136679,0.03391490092403289,1.2223178975869144,0.03886136049469591,0.01667422193739868,0.42493665813738085,0.03171137616445352,-0.022776031763236705,-0.42868270531807023,0.00677693962925241,-0.000624017951260214,0.04298670292855622,0.0012479896962574175,-0.020506963619776143,GMD_2023,2024-04-19,18.308465377131217
0.0004334286387698859,1.146364074042922,0.022552191673798117,0.05714285714285714,-0.024273113133846613,-0.5381541954977245,-0.028042613456101928,0.029681053034329604,0.9306267956970314,0.025614888911531963,0.028708068637192285,0.7349445852242447,0.022470290260068415,-0.00821219351581079,-0.14866022833972956,-0.01496751333513846,0.052863321677367923,0.7067557525377177,0.05040565019084087,-0.028699769017480392,0.08698891603331682,0.0017024686201250324,-0.004087789120396784,GMD_2021,2022-04-19,18.54081884843809
-5.246638002059196e-05,0.9160783512319601,0.015633978967424047,0.08571428571428572,0.03394904488454739,1.0857455083982708,0.03609771672598372,0.009945239604284933,0.4498116812980199,0.01160728189842486,0.012990321371594685,0.47972212041332185,0.014697556302899484,0.02893837080412507,0.7556643407420409,0.03086259741309849,0.043023244473999425,0.8297309543835694,0.042594377851664644,0.03558823863181371,-0.06161983780814406,0.0002743749083348393,-0.02751257299451287,GMD_2018,2019-05-03,15.82210290423399
-0.0030261173407736077,0.768219386037915,0.018251999668108688,0.02857142857142857,-0.015556768257518314,-0.4261661335853602,-0.013100134909243666,-0.013016600083576229,-0.5042804270467032,-0.01100484813483682,-0.025947136036732973,-0.8207640942314319,-0.0323037859361015,0.019320037414450656,0.43213743094291107,0.02098872971825383,0.01590570475174364,0.2627520553013518,0.0016801527101135694,-0.012892392486299364,-0.11543105644745211,-0.0009677162601339182,,GMD_2017,2018-04-23,17.074676165689777
0.0011760871006369705,0.8653752023800071,0.01646157336743315,0.08571428571428572,-0.010176045612123576,-0.30908484216506954,-0.0037383389630536445,-0.009131542051472138,-0.3922453317895032,-0.0059601954278519775,0.020429531415841314,0.7165168965980249,0.024430484187248802,0.02253858712168797,0.5589587007584268,0.02962991109991786,0.08886192764147947,1.6276013651259038,0.10139451621324957,-0.0038922005022545836,-0.09819256015536415,0.0008842646944441988,-0.0257233109982227,GMD_2016,2017-04-20,16.42388225823358
0.00033403422394221295,1.197655155926092,0.01906115677351147,0.03571428571428571,0.018894738243276324,0.49563461619322047,0.013280383534389428,-0.02360919120662612,-0.875824033079379,-0.028039276490020804,-0.036132399520029675,-1.0944273129501778,-0.036738757059527005,0.025786112076019038,0.5522821252576595,0.02307492589229232,0.024841839119053646,0.39295077437162895,0.02578861039858893,0.011876499977863442,-0.013475259945390117,0.001279010845974363,-0.06356184775905568,GMD_2020,2021-04-20,18.01913894847098
-0.0005537441956087651,1.3179514542163957,0.013443971380206962,0.02857142857142857,-0.038949328587658434,-1.44857971971742,-0.03999893974334734,-0.06673809899320804,-3.5101950924318333,-0.07360654828617386,-0.055811116159937016,-2.396803892795632,-0.0627448568085982,-0.04355641179727711,-1.3226620432380505,-0.04481382740998441,0.03947823211179208,0.8853882910747636,0.04647111140441096,-0.042249078797701345,-0.24898135767900242,-0.00042980948782017506,-0.010523850639368847,GVR_2024,2025-04-21,18.47639233790421
0.003472805894582742,1.9392826440711304,0.020917972954378618,0.07857142857142857,-0.0026502883918624112,-0.06334955106889657,0.021619044393704878,-0.0006428987718663931,-0.021732415573664454,0.004293136286228516,-0.023964753528608683,-0.6614434836005011,-0.033071654828080055,0.0011286019361354243,0.02202650381307847,0.035391684020452674,-0.023953962456294556,-0.34527205116453824,0.05910940639142981,0.019106672750704323,0.09962317429857748,0.0023352938571605123,-0.04450121755178187,GVR_2023,2024-04-19,18.69254798997617
0.0013046744353515678,0.9276993300673416,0.03074186501251034,0.007142857142857143,-0.05918986740349292,-0.9626915507469329,-0.05606937686350688,-0.03648745763892737,-0.8392636137801972,-0.034528610689120165,0.00393653364367632,0.07393041241725729,0.0073057351099530266,-0.05210893551500178,-0.6920004311135318,-0.04659895994169738,0.010718937501496119,0.10512964184853135,0.021469658367717304,-0.05613646083597745,-0.16837478259200322,0.00032286687086120904,0.027332482042148748,GVR_2025,2026-04-20,19.21988181197372
-0.00224600706758601,1.580510407687927,0.018502010325381502,0.02857142857142857,-0.14626896296179082,-3.9527856808385717,-0.17707988784543272,-0.061151238314032796,-2.337067947178092,-0.08520864295209118,-0.008550970793763948,-0.26683074989098227,-0.045186525286526225,-0.13141453909211404,-2.8996719806633133,-0.18199799677470896,-0.15306916715796132,-2.494436528331347,-0.20643263297829306,-0.16111507622552657,0.039147873397892385,9.444928475714071e-05,-0.05586139937252803,GVR_2021,2022-04-19,18.055782129062777
0.004585978909134048,1.3085261719990164,0.02884313937220902,0.04285714285714286,-0.1099377538293888,-1.9057868911335667,-0.09497538198635624,-0.04995963452910064,-1.2247902665951393,-0.03993907021260368,-0.08014252931968212,-1.6042050859705785,-0.06032816971951627,-0.16136445218266066,-2.2839664190189595,-0.1298983795344132,-0.14737776558503168,-1.540611363034374,-0.10222677208780773,-0.09114258260294539,-0.06725923150567803,0.002831020135827885,0.07040871381711927,GVR_2020,2021-04-13,18.601155932064582
0.00415807392310949,0.6043244869400399,0.035567068713940164,0.1357142857142857,-0.014611207405879116,-0.20540359290492213,-0.0022726233111071137,-0.0036490629740639283,-0.07254680431187853,0.0021509995077313437,0.009982482986735815,0.16204285165940255,0.01906394409920864,-0.055151834881401365,-0.6330474543001227,-0.026166132667653774,-0.04703595144000962,-0.3987360633015352,0.002477591154069203,-0.002505084497453236,0.13244854390818883,0.0017216026294029413,-0.07178914081341231,GVR_2018,2019-04-24,14.742946678404795
0.0006173385468407739,0.7789189644794189,0.022663326282919727,0.14285714285714285,-0.03769352527353431,-0.8315973746082924,-0.039245018541024135,-0.01138698092488933,-0.3552793322884548,-0.012184046089473322,-0.034805312673904486,-0.8866684612246168,-0.03809771683959606,-0.05451548537051347,-0.9820206190603645,-0.059259095692218766,-0.06878803600275303,-0.9151513315891636,-0.07102930312847033,-0.039190388833306944,0.08586365424627207,0.0007417901508286186,0.001465594679558418,HAG_2025,2026-04-16,18.45557365823238
0.0015074859176016286,1.0603701784745478,0.01986434755889766,0.21428571428571427,-0.021182948989079752,-0.5331901520115989,-0.014931734650016737,-0.02856019408071917,-1.0166509041689922,-0.026639069225019685,-0.0316966734127773,-0.9212526549398617,-0.028175318968293284,0.05740125035504582,1.1796995727372432,0.06683826160011463,-0.007860713378364616,-0.11931397459814959,0.011205933502746901,-0.015566490054169435,0.07404228455763306,-0.0005029913435873303,0.019837308812822002,HAG_2024,2025-04-21,18.10732212293727
-0.0007340528526465695,1.8169317712477493,0.02201692356047035,0.04285714285714286,-0.00016520198364027277,-0.0037517045282584325,-0.005916247390638785,0.010821821863418353,0.3475591675375959,0.011005552248152917,-0.009713608397090625,-0.2547201659423427,-0.019021979826702062,0.024930405819243513,0.46227146714311784,0.01156087171322473,0.055821833436802415,0.7644535809055922,0.03828430895360291,-0.0063504428052150175,0.09312510013230735,-0.0003343148267711115,0.04109900617807119,GVR_2022,2023-04-17,17.30988341569237
-0.0003035196593464984,1.2326503659158021,0.023167978259129682,0.05714285714285714,-0.026669807865391304,-0.5755747775462815,-0.023914488285516233,-0.0340568495872365,-1.0394445738697722,-0.032274529569140786,-0.024789052528897314,-0.6177477374347414,-0.02144103832634825,-0.05569521207569489,-0.9814181825712265,-0.051847432123207526,-0.020727785009201756,-0.26975432462608007,-0.01853748948487155,-0.024503092820770123,-0.009646704009371287,0.0002233190417060014,-0.10076193863763191,HAG_2020,2021-04-29,17.726519867442914
-0.0004875047045792833,1.0625492320015428,0.020282208887335663,0.05714285714285714,-0.04526581280554037,-1.1158994825707724,-0.04595373719224549,-0.05902760126175122,-2.0579029316388646,-0.060387716888448906,-0.013632438934372076,-0.3880589304740552,-0.015768959022937845,-0.09178774329841866,-1.847539856002232,-0.09098584561069878,-0.006584942682031809,-0.09789046809722157,-0.00719282458241377,-0.047519190055132055,0.1189298322830804,-0.0013124281833051226,0.05329808461512673,HAG_2019,2020-04-29,15.975826027335472
-0.0003190264965947621,1.0143195594695744,0.02106659581123675,0.11428571428571428,0.002912655584414385,0.06912971631754568,0.0018532254382029878,-0.0012290922782948592,-0.041254861130565174,-0.0018141494143242287,-0.005554327590730797,-0.15222167636430917,-0.006602770530835467,0.015980379840535037,0.30968281773279105,0.014322997406407745,-0.020191577055552475,-0.28898781757220904,-0.023863193010706607,0.001788364747195681,-0.10268743677313441,0.000777722260088993,-0.029652014724138052,HAG_2018,2019-04-19,17.043448691523853
-0.004080943833907102,0.5586615672944797,0.0261710416488407,0.06428571428571428,0.025539492147600006,0.48793419249958153,0.029050372147372383,-0.012248322842568254,-0.33093341321115327,-0.013604679085220561,-0.01837226313080282,-0.4053041222629942,-0.0067922187405741186,-0.04624949769626435,-0.7214568920358079,-0.044281188647293135,0.024448542042475367,0.2816667705895179,-0.00605150465999893,0.029073975591423107,-0.198686118142251,-0.003239393607052439,,HAG_2017,2018-04-20,17.888739235023753
0.0031656470208835654,1.814948480957478,0.028331274808643087,0.06428571428571428,0.022916723575241812,0.40444215323926325,0.04624498983646119,0.04400099939062842,1.0981999665827482,0.05429567209113573,0.049547392315922076,1.0097039573565059,0.06930083428571632,0.026249347759146502,0.378248116995913,0.05652623401061807,0.04502831887366272,0.47920713273136967,0.09289580756963611,0.045346844454828616,-0.06758027038536307,-0.0007706717379329629,0.09050250212514979,HAG_2016,2017-06-14,17.818872790480537
-0.002054630204626951,0.9433739725044415,0.018792720982010708,0.07142857142857142,0.0483557587284366,1.286555543891836,0.038048497078639,0.0322741870605876,1.2143689330390344,0.028829406983867045,0.04307585479485038,1.323377087606777,0.03784611918186209,0.05199611414133496,1.129550357783937,0.03778583199957497,0.09244895149366346,1.483255548589352,0.06582064067408544,0.03985048025425719,0.07567752815414797,-0.0013141660187682988,-0.012560725884968819,HCM_2025,2026-04-03,19.541954775447643
0.006813965779121859,0.44053166810323185,0.041167703071804805,0.07857142857142857,-0.0684651175930661,-0.8315391980170607,-0.05226596506721071,-0.05776009799691436,-0.9921019131035798,-0.05385506520702066,-0.04378492654721575,-0.6140551267674782,-0.030357786883330795,-0.06941883170356798,-0.6884066210725758,-0.033098630276557794,-0.1784984610168336,-1.3073187710369765,-0.09179310156267873,-0.05277233450811647,0.2022704680685865,0.004009269099282431,-0.07725225626604626,HAG_2021,2022-03-31,19.595718016780687
0.002264741265783892,1.929361838336107,0.017834380161409136,0.03571428571428571,-0.016422018267655374,-0.46040339274560554,-0.03411311423877783,0.003662985721466283,0.14523196318551815,-0.0054041213304589775,-0.0018691440568604362,-0.060509578388245805,-0.0046683906192555025,-0.017292571706806533,-0.39584570773609284,-0.024320578130387793,-0.012169311992277592,-0.20573664955945456,-0.05626214077172542,-0.03337016708240104,0.06943114059827227,0.0012998376997375718,-0.057650390758038,HCM_2023,2024-04-03,18.799959052919323
0.0009579848566089292,1.7534052554838984,0.011754522622420665,0.06428571428571428,0.03968968483802258,1.6882729359981907,-0.006522200721497007,-0.0017608009876077368,-0.10592300160982603,0.00012939069767536893,0.015495368710257367,0.7610904826534971,0.014729640407554867,0.06305061791334697,2.1898215523203697,-0.04145398797185751,-0.038959080203302465,-0.9993263897595549,-0.07498499224029997,-0.006308016545926831,0.008983459337613575,0.0007943257922670433,0.0050222970568018,HCM_2024,2025-03-31,18.986833258501225
0.003134153417664919,1.995753432900378,0.024394048160648416,0.04285714285714286,-0.021017890803430243,-0.43079956768584915,-0.013502756009737493,-0.017019972928839264,-0.49335551829433655,-0.01096872436113705,-0.00043493351058484023,-0.010293862575086092,0.007634684590533847,-0.01325603258517778,-0.22184725575651412,-0.009277651518544205,-0.012105605772017925,-0.14962573859050876,-0.004254183890583629,-0.014034185431153978,0.05133738208737493,0.00215918190744226,0.0057254987010315755,HCM_2022,2023-04-10,17.862813361287767
0.00136898850317511,1.3471213428520261,0.018797905616638817,0.05,-0.0014021532074659834,-0.0372954635495371,0.009979916962930657,0.024425472595095542,0.9187947667101051,0.032114802585212265,0.026657773309697624,0.8187546480032774,0.03362338356721484,-0.042515900615934646,-0.923349871946552,-0.033155175606957576,-0.08203462502310999,-1.3158045687152038,-0.07190679985391135,0.008728189553776078,0.06784118609891188,0.0008133609713229663,-0.05744561534439973,HCM_2020,2021-04-09,17.639610284826905
-0.002457483235145348,1.775029252493733,0.019597686370947862,0.007142857142857143,-0.08126363420303612,-2.0732966296343918,-0.10300204785730427,-0.02495316188336591,-0.9003384198417661,-0.020843392850620424,-0.05421988088288685,-1.5973244101696544,-0.06655682079662772,-0.06389751145439757,-1.331078032497937,-0.11667230090320024,-0.019137818165282254,-0.29443625018170533,-0.10043799125152608,-0.09899073070600983,-0.0787636424127166,0.00040842011025821206,-0.03926836747905271,HCM_2021,2022-04-13,17.800544287019804
-0.00024280741467321083,1.5067526326351035,0.019894051080822962,0.05,0.044515622057841084,1.1188174262996713,0.036210863208968935,-0.026495742025810867,-0.9417548383134655,-0.01775798387472427,-0.029945757462290872,-0.869063372849532,-0.01918182347587083,0.053614301081707484,1.100225724368477,0.049913247421248585,0.0059667683155167385,0.09043147271948333,-0.00712877085506447,0.03333447684087121,0.0769943107306641,-0.000372935730753886,0.006083785966588297,HCM_2019,2020-04-17,15.827315853098932
0.002620982600557467,1.1977259227627683,0.023235971352553057,0.03571428571428571,0.006913929696626341,0.14877642926398837,0.012627025610445375,0.002671200983065917,0.08128880434475777,0.006208983247846134,-0.0019858082311514664,-0.049341897501018445,0.0026948906854695753,-0.0656365989718039,-1.1532132190874336,-0.0615607119619177,-0.022418245444490465,-0.29090048461864537,-0.01520529971459783,0.012585374524808346,0.05101846288630307,0.002253318844908204,0.009380734929544356,HCM_2017,2018-04-17,15.470552863857717
-0.00047856268762530807,1.5601926209496333,0.019607605802475718,0.07857142857142857,-0.0816659678064791,-2.0825073858881766,-0.09006096254740215,-0.014497188336746307,-0.5228103973692448,-0.024008298026962138,-0.014110011643875684,-0.4154723989724328,-0.027365432030712067,-0.032712607948326956,-0.6811064240098519,-0.03566143619837969,-0.03459162634034059,-0.5319245946739087,-0.050811275742404516,-0.08674790308937907,-0.06528586165820949,-0.00020226324672076423,0.010787048724773287,HCM_2018,2019-04-17,15.138464475658122
0.0004954769506919038,1.0437387952964934,0.013126888178897995,0.08571428571428572,0.005063110037037965,0.19285263834185468,0.006481860064563305,0.010149390980849531,0.5467177818280747,0.01087420063892186,0.00857690239597639,0.3772315905829424,0.00990975860364618,0.011899229537384825,0.370067913299028,0.014860784482171097,0.07575813966472086,1.7400878442568999,0.08133976337703175,0.006394803045160713,0.01745831645949536,-0.00033362115506348596,-0.028697044544641934,HCM_2016,2017-04-20,14.638627491616317
0.0006449067103118825,1.0557059815745569,0.020620057947144204,0.11428571428571428,-0.01766894953200967,-0.4284408311873039,-0.013472702930381164,0.00849442607130608,0.29129240532227524,0.01028543606525889,0.013224036017286231,0.3702657273769164,0.01557852868139975,-0.022043349208484986,-0.43642746560313583,-0.016387889222364116,-0.010118936042888146,-0.14796146644244265,-0.0002507083764670126,-0.014003613621667244,-0.016121707854131362,0.0006693536238383184,0.011772163082266415,HDB_2025,2026-04-20,19.83494947755002
0.0015074974131875894,0.9987362479023966,0.016528372184173943,0.07857142857142857,-0.012868564184135275,-0.3892871010146128,-0.006828426030621504,-0.01899655148197132,-0.812698928992118,-0.015972042324432945,-0.012884503041706099,-0.4500667831419207,-0.008352821751792305,-0.029111197912313105,-0.7190421808408094,-0.020066180146093626,-0.026825121676327567,-0.48934513423143033,-0.010253732221939704,-0.007576743110482842,0.04000187254443366,0.0015455443777001284,0.11176504803302656,HDB_2022,2023-04-21,16.967350743830085
-0.00014926235070536665,1.2538769159064722,0.02116765223057531,0.03571428571428571,0.01513786869031658,0.35757080013934905,0.00499517613862599,0.03292435185851231,1.0998400867384814,0.024069217432976076,0.04398367252702083,1.1996599763078049,0.030460678821662812,0.02515915035809004,0.4852300109304275,0.00803524335397654,0.03438387318737299,0.4897627627092955,0.02020913829444937,0.0045645778366791845,-0.028519525752784936,0.0002186472340561014,-0.023294869639493423,HDB_2021,2022-04-19,17.851020208874257
-0.001859082695893941,0.9064590130174675,0.01695082975379955,0.11428571428571428,0.002603055926838351,0.07678255178791092,-0.006248686552021487,0.0003634132796521666,0.015159847520602319,-0.003700941867154306,-0.0026749594770398262,-0.09110991004992587,-0.007655385620914168,-0.0050404015465461745,-0.12139437092556742,-0.01787226297505029,-0.034072834696064196,-0.6060674522722646,-0.053462377006315176,-0.006291064472162766,-0.049191243276090035,-0.0010901559273101432,0.036718887842821846,HDB_2018,2019-04-19,15.84622589432833
0.0009017925142553173,1.1643992470520448,0.015182687703198054,0.06428571428571428,0.04468383314557627,1.4715389665877192,0.05318353922339247,-0.003718756050294746,-0.17319447466393129,0.0007213590818895277,0.0028930952809184066,0.11001539199661223,0.008773187784088421,0.08953133537984673,2.4074139787562228,0.0979162822259817,0.10238609679027606,2.033274365697627,0.11852809449121404,0.05388374422486164,-0.030060171941682423,0.0017398123579185443,-0.030071220865340996,HDB_2020,2021-04-28,17.454084707139366
-0.0001460070199303213,0.9213266429964951,0.02434586037064887,0.05,-0.07103564400558343,-1.4588854721935256,-0.0739028183463063,-0.0060300785501894855,-0.17513899155796758,-0.007029930704161358,-0.004537391417078001,-0.10760203649351914,-0.005568255712541381,-0.11489473585008339,-1.9266347042161867,-0.118293167189091,-0.13036539250157897,-1.6145104005832007,-0.13588953843848772,-0.07407462456650682,0.0004157601786050069,0.00019289754552285495,0.0008039766554977235,HDG_2025,2026-04-20,18.063224585947832
-0.0007356282130055974,1.2217498031445453,0.012110317867568303,0.06428571428571428,-0.005284219810488485,-0.2181701532640915,-0.007413968339858967,-0.002363188973412934,-0.1379837397002277,-0.007852329038404604,0.007431206500993701,0.35427716437090556,0.0015471013011482126,0.0014480488792226343,0.04881486067627524,-0.0015254869054560638,0.013745343325000176,0.34221867608467355,0.0147786906215297,-0.007795602907496257,-0.10442227320444553,-0.0007452336122968136,-0.027366122311863895,HDG_2024,2025-04-21,17.80522125699898
-0.0009098887044497708,1.3902669643670427,0.01703884111896655,0.06428571428571428,0.019029977378478433,0.5584293334743134,0.025435942446593973,0.012726618106095548,0.5281508232607708,0.011808905018546145,0.004031224951787021,0.1365954876172551,-0.0037370211540951326,0.026533251563102794,0.6357330592763538,0.03480011078777068,-0.005106227726973025,-0.0903574120405481,0.008897754001679248,0.025950463019103642,-0.02321079681076199,-0.0005305392740224016,-0.0018581912878957016,HDG_2023,2024-04-22,17.875620948813836
-0.0005386416021839429,1.3072603604227324,0.017592524483096453,0.14285714285714285,-0.04015385565011364,-1.1412192630084144,-0.03610864026240679,-0.02386068845209515,-0.9590468169856645,-0.026829727500870315,0.0016753512583355494,0.05498156338600473,-0.0032514905990858045,-0.08204466011680443,-1.9039105084979098,-0.06696874537648534,0.009013951409716987,0.15448656115918824,0.026445240859036434,-0.03658288906541263,0.20682350428497853,0.0007255271746319087,0.014128908841618,HDG_2019,2020-04-29,14.839519773908394
-0.001498801758854744,0.9757061403953993,0.01941842717896949,0.11428571428571428,-0.006226088640281537,-0.1603139271501995,-0.012926317513259455,-0.013613649354869396,-0.49573035379247804,-0.01682982902620911,-0.010688682331428646,-0.31779677954639673,-0.015368154034589132,-0.03745068608495789,-0.7873541162716465,-0.04722239526271421,-0.042463471422198716,-0.659333438591396,-0.0601601668315076,-0.013521130230108591,0.05320748457042257,-0.0004320196887716114,-0.0107237506226863,HHV_2025,2026-04-20,18.05267311857397
-0.00010324694331526314,1.5325845761272028,0.014300096288458061,0.16428571428571428,0.02967015415291493,1.0374109920106762,0.02659599982395877,0.017211890298972653,0.8510882795429654,0.012559418179750037,0.00851445740746657,0.3437616206942679,0.00681704025692087,-0.009706416719722489,-0.2771049895345734,-0.004995815862857023,-0.014298176101880108,-0.30147085827436537,-0.0009752909781930441,0.026230083422885575,0.01705847135022176,-0.0008578114170631015,0.029404643625986857,HHV_2024,2025-04-18,18.354637907026067
-0.00038723929833989266,0.7155817207264166,0.01615103064614583,0.07142857142857142,-0.02617331111759247,-0.8102675207243907,-0.03746145892685815,-0.037999200579180575,-1.6636394913669683,-0.045807644799115144,-0.017425522981905663,-0.6229094975294375,-0.028319926812794494,-0.042022465114736174,-1.062198439222345,-0.05721817455623235,-0.060356807100498545,-1.1267554660751469,-0.07705117240964221,-0.03811634157490562,0.014659153188681384,0.0004987938318503314,-0.037991353059550835,HPG_2025,2026-04-15,20.8196990332803
3.963963706192175e-05,1.4965339358358591,0.009525599691168243,0.07142857142857142,-0.010091653149539793,-0.5297122216303279,-0.01830001821297611,-0.0008957869732931101,-0.06649629040168567,-0.005038401264128356,0.03524546893161894,2.13624145829386,0.02568295678577226,0.008784641683019439,0.37649230134616796,0.0023195537005901157,-0.02116669110484834,-0.6699838017759812,-0.015599768854040907,-0.01794419950455084,-0.04248617502556784,-0.000192832309880627,0.021331434103644284,HPG_2024,2025-04-16,20.0670743699657
0.0003689317007878248,1.369557933070508,0.010723509241363553,0.09285714285714286,0.0011951643109120898,0.055726361772600014,-0.010643315735309189,0.004344477896644453,0.2864742979455612,0.0037299648944293384,0.00045238655435488745,0.024356345768519184,0.0038924832034128443,0.009437382864595053,0.3592849443410356,-0.00883724708791045,0.013747872550787316,0.38654692643735117,0.0012049565550747987,-0.010229441838275455,-0.034711365423149676,0.0005962575705914264,-0.021872140611650024,HPG_2023,2024-04-10,20.04238521039613
0.0011569172936308446,0.9176383085024935,0.015862000031561446,0.1,0.02418886535131324,0.7624784170717248,0.02589584957594182,-0.003180108796389582,-0.1417650038055576,-0.002287899161977025,0.024728325227658887,0.9000696758536108,0.02660321908890073,0.03438045113903185,0.884867001321299,0.04109223666902162,0.06274529347562888,1.1926880446425598,0.0752155569494174,0.026742696918747644,0.03904351478794299,0.00046348982723903176,0.01578403076278219,HPG_2019,2020-04-15,17.770331444508848
7.441742436725175e-05,1.253066613791914,0.01648286061987793,0.03571428571428571,0.022349349628973253,0.677957247360949,0.021988226562486557,0.02811210306648955,1.2059956806136674,0.026709196619959408,0.029128271425442505,1.020284993991065,0.027820973120933234,0.01595016009536876,0.3950543380623119,0.015813616847637046,0.030360032578318527,0.5553583479965943,0.03225636666151044,0.022041330829547068,-0.05311068419588516,0.0015227095267000914,-0.030060354863683518,HPG_2016,2017-03-09,16.54952967670612
-0.001649810407854191,1.6705658442539926,0.014604889342752714,0.1,-0.00013291341364653209,-0.004550305398667289,-0.0002540775753162583,0.002517767971607564,0.12189964363279814,-0.0015352470769498527,-0.006406221990664434,-0.2532462865002096,-0.020339259892907524,0.007924303087429354,0.2215068606573092,0.008383049019391353,0.016276039100788307,0.3360114766028069,0.016630883136061758,-0.0009086406513523215,-0.07146223771217619,-0.001067234838479099,-0.003690932907997703,HSG_2024,2025-01-13,18.089503190776078
-0.0021056911483652097,0.9200256688538794,0.017957860828902873,0.12142857142857143,0.048768550584245805,1.357860801152709,0.040596211322203035,0.07183137510981497,2.82842443908214,0.06922806271254212,0.0552499090512104,1.7763000931646875,0.04945034450812347,0.0285528976248602,0.6491124836192992,0.01663986475960688,0.07480764441625876,1.2560156060647796,0.05592434804594959,0.04037528022356396,-0.1263152696310922,-0.0022196384123614236,-0.06348992480607103,HSG_2025,2026-01-14,17.580691667352596
0.0028604373146493608,1.9387691379451197,0.01790975736245405,0.05714285714285714,-0.03492727253393814,-0.9750906119800244,-0.017360591179895968,-0.032432918270811364,-1.2805051447004843,-0.02352698734331804,-0.046418268438474665,-1.4963686685366404,-0.03142129171967156,-0.04983689410284341,-1.1360191211840378,-0.03309506611484281,-0.04492857723428715,-0.756374051179197,0.00930309061869572,-0.017718337816352125,0.03885541910101342,0.0022552709593376945,-0.0669556744379272,HSG_2023,2024-01-08,18.97060636430588
0.0028486845666877893,1.0461162546212663,0.019545171847759956,0.02142857142857143,-0.06411024414224534,-1.640053222391926,-0.05223418401461499,0.003840013822127973,0.13892432538463248,0.01005226427804573,-0.0245162553940138,-0.7241924891480402,-0.015448557407272356,-0.05380611014776493,-1.123871033492748,-0.036192527591176527,-0.10004493355583118,-1.5433316560001908,-0.06742406384055966,-0.052483159364448806,-0.006768924200196036,0.002061206746285506,0.028374560774092124,HPG_2017,2018-03-21,17.934362010591496
0.0002896464465053513,0.9944418225110583,0.018478156454989278,0.03571428571428571,0.04599756012007436,1.2446468951629257,0.047122970544171916,0.0026087598217674098,0.09982985937759313,0.003196871730435036,-0.0063705360450033825,-0.19904749207120245,-0.005541346256337953,0.015036068835705543,0.33220031513567555,0.016716118768282162,0.061069271040228405,0.996478088524434,0.06448694647449393,0.04718173969714723,0.0745642074459919,0.0011608855209037652,-0.0073266764408322325,HSG_2019,2020-01-13,16.571642825119536
-0.0008285489978266037,1.1794153743126379,0.014753437059399662,0.07857142857142857,0.025883381707140073,0.8771983641143924,0.021566913563734857,0.013398155808553296,0.642150489372642,0.008306780645654932,0.0043312146804579755,0.16949460329905153,-0.0003222867134693441,0.0053916233014268365,0.14919377679726936,0.0004342638473395777,0.012811636661314211,0.26182738167670083,0.005351202262231292,0.021445420495898482,0.08851668270601787,-0.0005364532770999473,0.053566778728609765,HPG_2018,2019-03-25,17.46048844729492
-0.001317352261149283,1.5024924436796554,0.022618757065360814,0.014285714285714285,-0.03561583737924224,-0.7873075712410746,-0.058862009330003184,-0.041084272905297876,-1.2843750824816353,-0.05823261908285937,0.00018193438093280778,0.0046439273167342325,-0.023094086886231824,-0.07744014540361552,-1.3977252102289512,-0.09287845366366898,-0.13727263774721643,-1.8298643670515613,-0.15689076551299153,-0.057196614114536914,-0.11831439692486412,0.0008629174229220108,-0.04259818773714985,HSG_2021,2022-01-14,19.064532197176103
-0.003438508220323652,0.7887243198935149,0.020844679309822242,0.08571428571428572,-0.008463060698110807,-0.2030028999804022,-0.027242168836572156,-0.007674199442207987,-0.26032918929130616,-0.016989661051495575,0.010776294933385255,0.29847889181605425,-0.0029077654032932942,-0.06180809112643567,-1.2105270205482095,-0.08502245537421749,,,,-0.02938586135661303,0.03306600217971556,-0.0020657095431223424,-0.018780057158849214,HSG_2017,2018-01-11,17.427008551366225
0.0012531997699211533,1.7265222364395836,0.022758554915980278,0.05714285714285714,-0.04210360354384059,-0.9250060845092778,-0.025737553070880437,0.026588914058804237,0.8261157839228731,0.033198778216731784,0.014652553498901336,0.3717132189691885,0.0303176971839636,-0.03465453713018765,-0.621641206677915,-0.010882250172752905,-0.11079155538243073,-1.4677957785343685,-0.08478725013476551,-0.027413169161046302,0.1119716456696832,0.003780790652637054,-0.015911042332029682,HSG_2016,2017-01-04,16.71534508797517
-0.0005610605066614749,0.6377477244072474,0.025395871144479856,0.07142857142857142,0.024746626439184804,0.4872175145794088,0.0062086447091751484,0.004357117699111145,0.12131686501091356,-0.01437811650466636,-0.015062224937321657,-0.3424249387896106,-0.03241178257850197,0.03355132540098706,0.539350320366035,0.00859923803915974,-0.003363335771133057,-0.039931053550066646,-0.042809361279800506,0.006589193103777147,0.012642963157937781,0.0006534512820056534,0.019737160130899913,HT1_2025,2026-04-07,16.23061002293644
0.002026777779353834,1.824013686680826,0.03498248032059207,0.05,-0.011585001276797298,-0.16558290279345786,0.007428668873202482,-0.0438985546262549,-0.8873288965231257,-0.0249282238620252,-0.013532883706861648,-0.22334648599714374,0.02415801844790111,0.009866947095011337,0.11514804687146843,0.013258367890852552,-0.003434894098199595,-0.02960509170702669,0.007474902895909574,0.007355423506816505,0.09126638542998566,-0.0006618277422898645,0.0031354229242391285,HSG_2022,2023-01-18,18.593788955611213
-0.003839776931262335,1.357170643970175,0.02862610735550382,0.07142857142857142,0.005012645897812714,0.0875537465775792,-0.010647028321321472,0.022441503601488597,0.5543380096904421,0.017522880143221342,-0.0051511889790662475,-0.10389258681861002,-0.012156141144273769,-0.007126108342074858,-0.10162826234748228,-0.02683932548446155,0.03212538077926174,0.33836828156677523,-0.0063366081647040495,-0.011049722417442065,0.02971133351676447,-0.004085829651400565,-0.050378239406568256,HSG_2018,2019-01-14,16.39207621329019
0.0002736442709810444,1.516612556736175,0.0266330407491887,0.07142857142857142,-0.04350302217458481,-0.8167115160500402,-0.05047625818653567,-0.007831901874683765,-0.20793686223550056,-0.008817203121041728,0.028374977711189377,0.6151119271014467,0.02066557352006304,-0.06756360555017785,-1.0356581782451975,-0.09261441805007364,-0.1623980754757704,-1.8385006261454486,-0.20967360002721536,-0.048889905275300016,0.14444093295346927,0.0008999748675529884,-0.01911092341974488,HT1_2021,2022-04-12,17.593674949526388
0.0003208011364326748,0.6237383964243607,0.012075916402521899,0.24285714285714285,-0.13148014642293998,-5.4438993298877945,-0.06222064793247495,-0.06555202382141229,-3.8384068769259327,-0.03392292748292669,-0.07027645026746968,-3.3599211958060247,-0.03846936499738074,-0.06800059164239389,-2.2988835267807093,-0.04098647452353954,-0.04467481089066208,-1.1154401745931113,-0.01514022589611752,-0.05214042613592351,-0.10148230235011191,-8.859103913212718e-05,0.027858883066210934,HT1_2024,2025-04-03,15.796834350511181
0.0004538890641850886,0.8207440461612208,0.018821551694282037,0.19285714285714287,0.0834817690948536,2.2177174988238417,0.08789144856937448,0.047164618393736896,1.7719273118389567,0.044809770114778935,0.043035850555664015,1.320122820195826,0.04033227339570322,0.0631424942681655,1.3695903376783807,0.06665968314935222,0.04753424139244461,0.761473510182162,0.056214583476713154,0.08708493096969283,0.01969968129566102,0.0003959706337985002,-0.012783755488652382,HT1_2019,2020-04-17,13.594587646058443
0.0033440633128664337,1.135328798706411,0.021820458074081166,0.07857142857142857,0.04201010051279849,0.962631040333178,0.05623758663971834,-0.015829424965216585,-0.5129632795602804,-0.008441531105563671,-0.009980791156767862,-0.264083019775377,0.00044553422962334555,0.02619185778329229,0.49003467882293594,0.04856513482250746,0.022175880085275473,0.30642250492663914,0.058487452093924364,0.05622434727419945,-0.07576737064476258,0.0011720518007101292,-0.04669564005470046,HT1_2018,2019-04-01,14.902787453403576
-0.0002295637569793747,0.5070458336564142,0.02474583412698954,0.14285714285714285,-0.0189821945354287,-0.38354323475249896,-0.013553430407180267,-0.007306398042047101,-0.20877872109975779,-0.004765970751183124,0.014039301002944933,0.3275538893410714,0.015081458976743622,-0.020374343637312244,-0.33612893857491927,-0.021624294362671548,-0.02528448533946673,-0.30807444730038736,-0.02929036222275916,-0.013495301553867356,0.18135340265218935,7.182994611146687e-05,0.012304850085450146,HT1_2016,2017-04-20,15.338374022872072
-0.0007449044850141597,0.5421327551630556,0.02388184829477306,0.12142857142857143,0.01040851698118781,0.21791690602661365,0.037999921692384975,0.0005452147651491303,0.016143015937521026,0.022566019262909576,-0.0009709504128124057,-0.023472994019885497,0.018395325569451337,-0.020834786239192264,-0.3561602837160593,0.018783894408562873,0.024661910178317568,0.3113597241695913,0.05262513479880704,0.03755046557400721,-0.07864381525604358,-0.0023753957875318403,0.07135119890739572,HT1_2017,2018-04-18,15.008585645248381
0.0052615009547342904,1.3743203978656318,0.02724062371489485,0.05,0.023734407455184958,0.43564361270860447,0.04859360019873038,-0.01392698903087694,-0.36151405666453407,-0.004930119609965811,-0.031208515345788716,-0.6614475837441094,-0.01576605633646777,-0.029832676416319398,-0.4470947242028306,0.006579092875339532,-0.15228663316443383,-1.6855762190761694,-0.09774571352456729,0.04920544493786427,-0.06558683820233313,0.002679496828063074,-0.004202159458015763,KBC_2020,2021-04-07,19.130046910902596
-0.00047194265712984516,0.034540789108183936,0.013441102719190802,0.15714285714285714,-0.02424214426767585,-0.9017914963577968,-0.0541480988335985,-0.009757563417974483,-0.5133238994488485,-0.019387856089410183,-0.007147450680980582,-0.30701220434778037,-0.015838498425556402,-0.13762632159565658,-4.180141442862152,-0.17141208955427667,0.008675848307635688,0.19461697029166328,-0.04459705292174854,-0.054270789194186264,-0.13530057786279437,-0.00043537707697775515,-0.00020891809022806828,KDC_2025,2026-04-20,16.309774377343956
0.0001642705482048051,-0.06439339579949109,0.011135346744112762,0.25,0.035184051433868185,1.5798363644342701,0.041159590514045385,0.020888674500600172,1.3264538346937467,0.030102696102380366,0.022917870878696373,1.1882556713435064,0.026184013891437208,0.03757990151841343,1.3777685511952167,0.02791312350988573,0.025541618849217816,0.6915894061396847,-0.001547547891261547,0.041564424217187645,0.010748282420901978,-4.598058558397927e-05,0.0009715500435616706,KDC_2024,2025-04-18,16.696970883258608
-0.00034274916193433914,0.09857119812057333,0.009499331471289275,0.3357142857142857,-0.006742732915305947,-0.3549056549760972,0.020334099384228144,-0.002376411889860564,-0.1768942337986105,0.02746948417631967,-0.0019583130149926444,-0.11902232802179483,0.028233903341047806,-0.0035244786092924678,-0.1514698556807827,0.001747532064256485,0.015393675808741623,0.4885994246138187,-0.013300090610357418,0.020305119470793387,0.026512900240310833,0.0002122052110540119,0.00026868498071588084,KDC_2023,2024-04-17,17.565756365069543
-3.6207649086781544e-05,0.09497706601517872,0.008557573426464633,0.25,-0.001418934632563277,-0.08290519764488177,0.0011050612832779194,0.0003185762400268451,0.02632374955162488,0.002559017273580877,-0.005090361535227296,-0.343429317655314,-0.00201949006211799,-0.0009878143877751298,-0.04712475312892611,0.004848793984153499,0.00045597503582512017,0.016065494187915294,-0.00027495140707334276,0.0011943805406775532,0.005381937626056987,0.0007498016286955942,-0.02035711419052712,KDC_2021,2022-03-24,18.44277885414656
-0.0008459146396240617,0.5965316013461301,0.019950638280864737,0.19285714285714287,-0.0018847967041943333,-0.0472365013504881,0.0025515769812235467,-0.012868427638472138,-0.4560932997867794,-0.003027487472746615,0.004705942487048611,0.13618497430702997,0.009101417932428357,-0.0036390565845584085,-0.07446571927336057,0.0007316152853800162,0.1320057879652401,1.9949859278247397,0.12586937875625837,0.0026237969779900894,0.04105787486139223,-0.0005362254140573958,-0.008022712319729626,KDC_2019,2020-04-20,14.426573069219575
-0.0025760271783897087,0.6150306963643055,0.018932630552130344,0.1357142857142857,0.011056518172898754,0.29199635366187,-0.005072738128562682,0.029695388982619617,1.1090804767866713,0.02311858561244562,0.03359459537445485,1.0244666545070038,0.02832274330097584,0.0048440731217146375,0.10445376649466319,-0.01751531124523853,0.030112893316369602,0.479562463755134,0.006140551710210884,-0.005383577213416979,-0.08876521140161775,-0.002319420590955528,-0.06742317662831113,KDC_2018,2019-04-19,14.081779240122163
-0.002899164106841976,0.45401557213966126,0.01370846218440775,0.17857142857142858,-0.033900048819883316,-1.236464322688282,-0.01565716339866563,0.017770423325506966,0.9166299376974534,0.013776373491348859,0.011892309195860973,0.5008605504508112,0.012390471970025296,-0.007511879541920223,-0.2237094095534312,0.013351872338223991,-0.006201519735452693,-0.13639958506714595,0.025863761013897868,-0.01668778865468301,-0.06469381347265712,-0.0013242492666390064,0.025752856836754354,KDC_2017,2018-04-16,15.944453808868854
-0.002660778816737809,1.116664202012482,0.020853603902733647,0.08571428571428572,-0.01659746983221758,-0.3979520736471325,-0.02299894077792186,-0.00896036172352951,-0.3038291398524902,-0.012789806757721678,0.008244108932603075,0.2282453686982633,0.000434185845108237,-0.04045999358740462,-0.7920800304484316,-0.05111087417027427,-0.06671990649390017,-0.964668208474097,-0.08835376442028042,-0.023475871395926662,0.03492770815224966,-0.0014847083152305797,0.022535790360665754,KDH_2025,2026-04-10,18.792354324653004
-0.000629290068026638,0.7441718651249581,0.009523262441212394,0.1357142857142857,0.0117397184850681,0.6163706270586371,-0.00014274692941573797,0.027918491292749006,2.0729613024386166,0.010837400830265409,0.046237822370505124,2.8031800401538316,0.01121818925281759,0.009452103043585302,0.40519779147666934,-0.0055510202472207615,0.020061946636870533,0.6351714596411038,-0.00025492757081135853,-0.0011647583604204037,-0.13414961560376115,-0.0003369771058391452,0.024120714639202193,KDH_2024,2025-04-11,18.074344084085066
0.00030964225220623674,0.9508024902300517,0.01627106873950038,0.12142857142857143,0.0008395595124812347,0.025799150809408176,0.0012524194469633043,0.004480017098092341,0.19469221847747195,0.004567227184212097,-0.004236497191287462,-0.15032465494248873,-0.00401068681858241,-0.010757451722672248,-0.2699092079223393,-0.009509771036986137,0.02986169198898407,0.5533526437085217,0.03221465521202416,0.0010737222745713648,0.06991812858918878,0.0018749951843725515,-0.006220722988756778,KDC_2016,2017-04-27,16.22273548527222
0.0007684754974850688,1.170127722322316,0.016747456707977556,0.11428571428571428,-0.010927313071526785,-0.32623798532709813,-0.004291305744290708,-0.005074434615522463,-0.21425146455906235,-0.002414673808266543,-0.019213392474958305,-0.6623607100998857,-0.016430364923437524,-0.016216740775443758,-0.39531116956504314,-0.01616847497781082,-0.0013584913365494496,-0.024457477730642937,0.00123934699744499,-0.004256971517853758,0.11921019148570355,0.001103101248087091,-0.04128593124210638,KDH_2023,2024-04-09,18.373487193427255
0.001043895637818804,1.5209007431544108,0.018527188265039775,0.07142857142857142,0.003276513980442472,0.08842448010919043,-0.0005516484026060198,-0.019699075212138276,-0.7518328991070409,-0.01154571748829547,-0.009009834355170724,-0.28076738984336047,-0.00921480425894805,0.06468324888070243,1.4253013139087167,0.04538655782090473,0.034578989545523985,0.5627382570341137,0.009588163684202788,-0.00040279459655967464,-0.030772179753907558,0.0019112829639650435,-0.014227505203758397,KDH_2021,2022-04-13,17.712093578692347
0.000741910286405629,1.6579583145824737,0.022633408303278747,0.07142857142857142,-0.008435595857130038,-0.1863527521815623,-0.014359748657152283,-0.017732210689586816,-0.5539848994912113,-0.026470575813620223,0.02890958162563509,0.7374476928117792,0.02090697454000756,-0.019822796130852756,-0.35755209839350593,-0.02786059246131589,0.002283590205929711,0.030420886869024357,-0.008067991616372838,-0.014981181727278359,0.12360220449926351,0.00011413889588962126,-0.09830054047459263,KDH_2022,2023-04-13,17.242043766361714
0.0002071753633692097,0.7927173879844172,0.013261950551336894,0.2357142857142857,0.011673782864234568,0.44012314851595385,0.006123104327837248,0.012527502606912492,0.667947147773598,0.009853607646148843,0.01667844313958506,0.7260850203767804,0.012064893312459635,0.009992983123504624,0.30761826934980874,0.010781636259821759,0.01585360159522977,0.36043270670286476,0.017563520255465592,0.006127706027904578,-0.05911866528497478,-0.0004889259863792833,0.0023416316267040336,KDH_2019,2020-04-14,15.056409670235665
0.0012900574813242349,0.5957094765092246,0.017374361723374972,0.21428571428571427,-0.022209579806061648,-0.6391480780609485,-0.015036994377506718,-0.0009231895806514311,-0.0375722356419656,-0.002697800759972502,-0.002129989350428973,-0.07077957420368042,-0.0036206903602031826,-0.006007763844925303,-0.14116543434810738,0.003332169311066502,-0.014616604954632795,-0.2536537619741268,0.008207650340467776,-0.015278472558830636,0.02620894198132162,0.0005434345740341517,-0.026665388534665727,KDH_2018,2019-04-05,14.811323978947284
0.0023485207597587618,0.14668365119550061,0.013226946523146849,0.36428571428571427,-0.026616068155878338,-1.0061304817896117,-0.02567632153820698,-0.029327412869152185,-1.5678306764259455,-0.029127111863933575,-0.04374634307672134,-1.9095082079002657,-0.043276533429875585,-0.025904823154500635,-0.7995495974136227,-0.012112392956017515,-0.019099822073189523,-0.43538491853774663,0.020211042681745672,-0.02573528705668937,0.13398818366044762,0.0022812101763197475,-0.022394255516849666,KDH_2016,2017-04-05,13.767733885323755
0.002258180139057152,0.5745773846877202,0.020139921424616167,0.2357142857142857,-0.0015299664300393208,-0.03798342599711705,0.020108855054359442,0.007557253377437531,0.2653329671782898,0.02101303319154091,0.019340381834006153,0.5544299018190637,0.032900090982619035,-0.01403328588454058,-0.28446312431745435,0.01872003387276122,-0.14195885480770468,-2.1252419155655318,-0.06260914512375271,0.01987964501947359,0.12522463971489717,0.002237722559807831,-0.01811280895491877,KDH_2017,2018-04-13,15.456894081221613
-3.1837124574379295e-05,0.013086419976357604,0.012765143132878196,0.2357142857142857,-0.014444284390077063,-0.5657705612745553,-0.04321243500976224,-0.006479147562213492,-0.3589030792572441,-0.015422257923940697,-0.0051395225510151845,-0.23245369812517894,-0.01267192313850607,-0.01834197411904906,-0.5866036518264907,-0.050174969061040686,-0.007455510016840031,-0.1760983661750432,-0.056955714932586554,-0.04471480463820199,-0.024871433688222644,6.869183369541619e-05,0.0014980124791821596,KOS_2025,2026-04-20,16.547516144546993
-0.0003414115553954945,0.04599447834899524,0.005575723484705681,0.29285714285714287,0.0024990968537341954,0.22410516416293483,-0.0023632002807932873,0.0015228910943775608,0.19313128113271524,0.018125689538073586,0.003090660505436821,0.32002908316424233,0.0178864566560194,0.0030517727590832567,0.22344741721812464,-0.005192827012384882,0.004461845348053753,0.24127756584054122,-0.03855209845979224,-0.0021743790730563983,0.047835119832675965,0.0001858589942626346,0.0034725645978946375,KOS_2024,2025-04-21,16.64200291572649
-0.0003285156472807748,-0.012279187067353066,0.006206984030343888,0.2,0.004186609879083326,0.33724993157839445,-0.008312098799169276,0.000695623210437089,0.0792461986121093,0.002204343314049506,0.0007951565837502946,0.07396246960388926,0.02085234278759518,0.011543082577305155,0.7592163449801799,-0.0048976815357378856,0.01506920615189594,0.7320039146815599,-0.03689346865975174,-0.007887724067559443,-0.04087217945993582,-4.52555443954082e-05,-0.003916383940885008,KOS_2023,2024-04-19,16.44336096081413
0.0013838747947878698,0.17822704402488587,0.014008378188047444,0.17142857142857143,0.005451265820230542,0.19457162517506124,0.06758522870206563,0.0018534815765935413,0.09355896692822693,0.025928899799987803,0.000998082955837692,0.04113563008444081,0.04145762921899343,-0.01267978324194161,-0.36952884641505573,0.025537375408760554,-0.03856111743304077,-0.8299757623318234,0.02120465455258469,0.06655666409654026,0.11929546861872109,0.001732075978433514,0.012815524306008033,KOS_2021,2022-04-20,16.474538883053935
0.0011191355253242807,0.20369634552835764,0.02902563674854707,0.1357142857142857,-0.027831496613417734,-0.4794295617788797,-0.019391354209287837,0.00020342031114530023,0.004955615020198287,-0.006135517698493853,0.013362297224618364,0.2657900657428774,0.0061607545442006195,-0.015390134422574949,-0.2164636773503266,-0.005524720627069102,-0.021384373413611504,-0.22213573596154557,0.007931179683247858,-0.01943699315429681,-0.0444965312129294,-1.4071498753997063e-05,0.004713338100256443,KOS_2018,2019-04-05,13.403528762296956
0.0012019512815990671,0.28633912913368076,0.01365774237129354,0.05714285714285714,0.016223796346341246,0.5939413669290304,0.03718142317840767,0.014095561412798961,0.7297741302084311,0.03981658649489672,0.0004927985245311017,0.020831946676069496,0.022562230211743528,0.017620600736438435,0.5267034574262485,0.04969058686348615,-0.005853649003222109,-0.12922645146370734,0.005104809065709315,0.037115870708260834,0.13952158583374452,0.0015035525631243738,0.043183878635613585,KOS_2019,2020-04-21,15.346075088921687
0.0016097895692882718,0.7872389714149418,0.013884503807081571,0.05,-0.0110954952035143,-0.39956398001976917,-0.003593233413782926,-0.01279449974502651,-0.6515953077835939,-0.007798806644022438,0.010173232467522404,0.423026892805273,0.015556960904429484,-0.05634845557857024,-1.6568226693486388,-0.048819020980723216,-0.08059007299831326,-1.750067673066453,-0.06865842231349306,-0.003794046885543967,-0.015160243502298387,0.0034232491887118684,0.0008659013554899574,LPB_2024,2025-04-18,18.54298556281827
-0.00011072577831284373,0.49990214281234246,0.01797069793193993,0.05,-0.0029394291150136222,-0.08178394423372048,-0.01789546089420002,0.018550980695756475,0.729939610431931,0.013830060226332153,-0.008091742828738265,-0.2599659689389117,-0.01219240854526149,-0.02365802845555506,-0.5374498925586896,-0.04035629208360503,0.08583398289258683,1.4401176676845344,0.05971026447180694,-0.018401223976795,0.06670501431567544,0.0008915071797974785,0.013058109455086593,LPB_2025,2026-04-20,18.065341452506967
0.0044991379657706694,1.6637636087064673,0.021553346884718595,0.1,-0.046663611609906584,-1.0825142809488968,-0.03554485462020007,-0.04378997290668142,-1.4366300953585704,-0.037829607191972814,-0.08352056558419191,-2.237268359332703,-0.07248107489651356,-0.08348156164832445,-1.5812488431829468,-0.06850051014262559,-0.06732012324501425,-0.9417461234819272,-0.02628966774281405,-0.03511820521865794,0.015273182376633887,0.0023149730707658265,-0.07449225448368425,LPB_2022,2023-04-18,18.312694902225033
-0.0014300597934415705,1.2939416152244965,0.01919156026463687,0.06428571428571428,-0.09892499208763016,-2.577304573560735,-0.12286396812025324,-0.0813502842497977,-2.9973247016544002,-0.09480755800733509,-0.07052414788346334,-2.121616752542707,-0.08811903808909283,-0.08481752153103456,-1.804262274090925,-0.12423985235154567,-0.03641185245372801,-0.5720528420047354,-0.07450024218187601,-0.1141081084904999,0.008046716344288107,0.000622284743124022,0.01683153662665786,LPB_2021,2022-04-18,18.523900350954854
0.001028952092232337,1.1686109872868713,0.007474277334654658,0.1357142857142857,0.000448834437512171,0.030025273174647926,0.007659646545961185,0.01355384816051441,1.282266835488701,0.016176805995520516,0.011169106814426651,0.8627572321966639,0.013154435603789594,0.0012177137864300943,0.06651205853432961,0.01008439207022449,-0.04455698038619301,-1.7974226089092293,-0.024965355221741592,0.0077848600217438335,0.03319233677546307,0.0009473452867769399,0.015384797241803909,MBB_2024,2025-04-22,19.525859070540836
0.00213644287548671,0.9852169002672895,0.011032456204966045,0.1,0.0036995507629125866,0.1676666870087962,0.012777918727018611,-0.01110393768926729,-0.7116882670623706,-0.006776954018957393,-0.0017934515872743816,-0.09385487125027865,0.004522540037366629,0.006450949774398258,0.2387128639659474,0.020089179210260433,-0.051170386111667396,-1.3984602913852802,-0.02700543274596856,0.0115922979098817,-0.03822948934356396,0.0012644152697185895,0.029645883208119103,MBB_2023,2024-04-10,19.424024172025387
4.417169371908307e-05,1.0597980200741304,0.01587452131707441,0.11428571428571428,0.040147695466560634,1.2645324751738605,0.04007720146711913,0.006767152874135856,0.30143269148410246,0.006831976070872048,-0.001248630327127782,-0.0454122074667013,-0.0011300566420588964,0.018641453912443436,0.47940605826837424,0.01995844471767394,0.04533200609274789,0.8610095281884536,0.044103350992974466,0.04040478555900473,-0.050089993051833814,0.0011531147886606084,0.007471381433132086,MBB_2021,2022-03-28,19.083059452953524
0.001396186307002676,1.272086098712359,0.01370392892984687,0.07857142857142857,-0.0032419911148135316,-0.11828692090457879,0.0073529381888837175,0.012760484869705194,0.658426165867288,0.020384152484335116,0.018726518691765275,0.7889533478335145,0.028547169902230385,-0.00946314394272086,-0.28191275340132843,-0.00026099104586718713,0.0023251033849925164,0.05115650055397922,0.021512096611389864,0.0071827529992525285,0.04639263705249086,0.0004610665995953624,0.05802733730494025,MBB_2020,2021-02-26,18.593939853135964
-0.00026319118003394003,1.1010260990784044,0.013944970636391387,0.07857142857142857,0.03895697869479885,1.3968110694021494,0.035657917388524085,0.004488615602637397,0.22760395941471695,0.004214799667742963,0.00946843122043543,0.3920123933180596,0.008498644021398216,0.024113936885309425,0.7059515409871504,0.01909696707666031,0.015858883075261204,0.34289302460380894,0.011438433449119212,0.03558010174257431,-0.04139998804841849,-1.026966921034792e-05,-0.004895958198466064,MBB_2018,2019-03-18,17.098700502166345
0.001391684880431888,0.3709810051201517,0.010903704892675762,0.2357142857142857,-0.009682197775940987,-0.443986602317379,0.005117716671582229,-0.008736999457928458,-0.5665956319190446,0.00023618720351159528,-0.026386618931154574,-1.397169282629739,-0.011076156177983854,-0.024442736394293695,-0.9151664911558773,-0.004871514136283617,-0.02001817922723913,-0.5535465416766584,0.003067242141863935,0.004884779039323162,0.08538396318420372,0.0008525950586053846,0.001465164124205292,MBB_2016,2017-04-13,14.568187281438995
-0.00024614406580240395,1.2414839944954734,0.016978049923235004,0.05,-0.01580486266427402,-0.46544988192797576,-0.01675491085561409,-0.00404251823390233,-0.16836397991448154,-0.004710537740963638,-0.028721469472252226,-0.9766933308773564,-0.029016104428191802,-0.037561445402644764,-0.9031894677135942,-0.03853962381059928,-0.00911646872351566,-0.16189837790891554,-0.0060850491104673665,-0.01656503813650767,0.12853153240062243,0.0014635995653521148,-0.017008216731135836,MBB_2017,2018-03-23,17.520929332131725
0.003424618119478781,0.19160693857045982,0.023785955719900106,0.08571428571428572,-0.06452508310036224,-1.356369360563016,-0.05015616618084662,-0.05070072726833112,-1.5072267217134632,-0.02805464855212403,-0.08560518908393462,-2.0778723185921257,-0.0351180368195505,-0.0905468816351226,-1.554093939704341,-0.0782170455011002,-0.13982646595460213,-1.772443632452286,-0.11657808012480941,-0.04968306908230691,0.11708198385510027,0.0007727849060800273,,MCH_2025,2026-03-23,17.910005261093453
0.0013037900095956502,-0.16396216182631876,0.01644684728537946,0.21428571428571427,0.008923170371750163,0.27127297459867816,0.009298873842620514,0.0015881941532406383,0.06828195313734087,-0.0014725393987681246,-0.02321077166703988,-0.8147911291167093,-0.023373747894792518,0.013307822869047147,0.33033053945323676,0.01923841967937512,0.006433567571033727,0.1179431884491728,0.042313310269669446,0.009297744123841323,-0.12034082327602058,0.0013347125543646872,0.002139172044790574,MCH_2018,2019-04-04,13.000758594792414
0.005986674896194756,-0.20991681351235913,0.025009705446444305,0.17142857142857143,-0.012297472448505641,-0.24585400405533372,0.004941333797296221,0.008251781634840423,0.23330505684527522,0.011684690881074378,-0.006291373417106364,-0.14523666197177193,-0.00018093909830241284,-0.028640959768541342,-0.46752341357197597,0.02575975922270357,-0.010419613070155057,-0.12561649530379196,0.15641924071056323,0.004894401362941947,0.11353936012997934,0.0023591945433026353,0.08188921763736248,MCH_2017,2018-04-05,13.755189998749454
-0.0020309476750823914,0.8146484964572064,0.013583629716510438,0.18571428571428572,-0.018990265629873444,-0.6990129304979297,-0.03249306401975538,-0.019072293545237012,-0.9928235957599432,-0.024801829170489675,-0.01585059453592231,-0.673703951971483,-0.0233401541788697,-0.02533932375707723,-0.761559010458262,-0.043467665010652023,0.00985559367351189,0.21876135923381546,-0.021715654953435415,-0.033217208956642374,0.06323605983632241,-0.0013343149646334771,0.024817437671963587,MSB_2025,2026-04-20,17.984732054687058
0.00043222965877945575,1.2264259508675663,0.012647110672642969,0.19285714285714287,0.011818581109926972,0.46724431436706754,0.014377403230766195,0.01686907722674858,0.943159209098685,0.01363092580675307,0.03748570268375581,1.71125098019767,0.03502762773143053,-0.001353662838161204,-0.04369618910184525,0.0027103195235378408,-0.037042584955864766,-0.8831076034495393,-0.022970372250696203,0.014471799320247225,0.032804632989946514,0.0005144342104303286,-0.007897547166932872,MSB_2024,2025-04-21,18.218751291450285
-0.0006280120777776101,1.3944895348034116,0.01767747599615402,0.04285714285714286,0.0073184979251603895,0.20700064666337634,0.01776932991826663,0.020525229754112098,0.8210181785964341,0.028511590584974433,0.00328855024368218,0.10740477706470046,0.0063978056894962165,0.024846521953488642,0.5738121275736113,0.04219518278735168,0.0255227587586091,0.43532240192640426,0.03929803626237349,0.017914777773781365,-0.10634885462266075,-0.0012128933244368752,-0.01614381107008569,MSN_2023,2024-04-24,19.666718588457083
-0.0004998793029738445,1.2794894553633054,0.015279596746799459,0.06428571428571428,-0.005546096433098098,-0.1814870027332302,-0.006383568069400103,0.0016034842839931247,0.07420579414015575,0.0019647955863295596,-0.0006849755425115938,-0.025882280822641213,-0.0012062854150517444,0.001085480601468728,0.029002440785887724,-0.0014594556313036744,0.028635003890072383,0.5650527738366977,0.017964635443646237,-0.006364773235831844,0.01110152180016477,-0.0001047223717062875,0.009301531569314295,MSN_2018,2019-04-04,17.68584770493629
0.0036903063370217442,0.8231945400379387,0.023452943679496276,0.05714285714285714,-0.06534754420241058,-1.3931629456719465,-0.05156654505990166,-0.04239456719321303,-1.2781971575703512,-0.03626197132675335,-0.07488465335936939,-1.8434647422532988,-0.06554531808389097,-0.08144045041528927,-1.417643990068327,-0.05659802731571184,-0.1326329368530542,-1.7051307363528747,-0.07728253989606915,-0.05097732140776301,0.15011252702773514,0.0018967892376206225,0.0496664337406291,MSN_2017,2018-04-05,17.8797173438941
-0.00027113698148350905,1.294930964415861,0.016938618396947925,0.24285714285714285,0.026025281935514042,0.768223279066355,0.020611533766580314,0.0067304722190634865,0.2809652142316984,0.003285950974369678,0.01067427778224098,0.3638311582774727,0.004639757967736635,0.006662385025046973,0.16057432980351888,-0.00022573055863628344,0.00654666414297389,0.11653214341275644,-8.222694947868092e-05,0.019046292143739096,0.0931022960146306,-0.00030391212276625597,-0.009010354152262376,MSN_2016,2017-04-13,16.658179292287105
0.0011610325392302436,1.0478288069939303,0.01739818499054937,0.03571428571428571,0.017788910325700402,0.5112289108134922,0.022911579627041045,0.011308175472550275,0.45959320261459097,0.014058350531667152,0.024076511144063846,0.798967259959762,0.02927380084678277,0.0027137971530672065,0.06367923142599038,0.01074309022226938,-0.0415457072600681,-0.7199890140392023,-0.026488047009841753,0.022999330105674787,-0.06677617749535192,0.000632388253783427,0.014441883725989006,MWG_2025,2026-03-26,20.39132320751375
-0.001539244140922623,1.379623701964024,0.021559427650728036,0.04285714285714286,0.006939956285383366,0.1609494555656493,0.005351278671444137,0.023404714414693623,0.7676285540820252,0.023042300347769107,0.026683583439530315,0.7145724984603863,0.02539580338336167,-0.005348465475683112,-0.10127828634536541,-0.002932088247506237,0.07182370828358839,1.0044637180530396,0.06163290513096742,0.00504320482503906,-0.09564958978239058,-9.596708955245348e-06,-0.06486093897015474,MWG_2022,2023-03-27,18.13914761100884
-0.001173622472154343,1.5288415047227788,0.011417948383591833,0.09285714285714286,-0.018298444215548146,-0.8013017575838727,-0.04744327232301582,0.020662912820033873,1.2796419534624084,-0.023946917905030896,0.05418763413310499,2.7400058313852247,-0.026905960736831602,0.02920346917239615,1.044168879093704,0.030419292668465214,0.05998501869976537,1.5840116836295461,0.0406066336563734,-0.0459711891043858,0.019504604976331996,0.001058972396309236,-0.04845550459739153,MWG_2024,2025-04-04,19.537204121674947
0.0012915429901952406,0.9898912147293839,0.015265036473392087,0.07857142857142857,-0.022088628549769725,-0.7235039558625224,-0.01716699721838777,-0.003212264109049432,-0.14879844790611754,-0.0007386036223634429,-0.01407193224094093,-0.5322249888814099,-0.010317952916889417,-0.012766336636030667,-0.3414230366386781,-0.005540256414150124,-0.03620699539500411,-0.7151519017787665,-0.0225832893759621,-0.017378350698810774,-0.03166412298499388,-3.9239575659670406e-05,-0.0345110756153483,MWG_2020,2021-03-26,17.991542483488256
-0.0013400431140709315,0.5741695329743028,0.03250537161482395,0.08571428571428572,0.08159542296965264,1.2551067549161838,0.06748412986819696,0.05375531507397945,1.1693681974795715,0.04182385236636044,0.06415869995532529,1.1395668115718638,0.05041865520003397,0.04361411319244342,0.5477675309145632,0.03833695003173765,0.13593538740653902,1.2609011802207253,0.13818719084683562,0.06855542408342807,0.08456472991793873,-0.00028258583388613795,-0.00029644209472164725,MWG_2021,2022-04-01,18.054153091148187
-0.00024072934018645032,1.2505567722588562,0.012037550573701582,0.06428571428571428,-0.17292975288821438,-7.182929443553647,-0.16276360425298697,-0.02529557259970383,-1.4859061907764013,-0.01675313112333765,-0.01898964385029059,-0.9107896097012227,-0.025917693955029297,-0.18234802198020236,-6.18425383030337,-0.18472797570531352,-0.0999091796834061,-2.502481789594012,-0.07254926228494474,-0.16259356544403536,-0.03742408584986956,0.0009579361982686475,0.013357261998785137,MWG_2019,2020-03-24,17.439327544783044
0.00013648343799824947,1.2223829832946407,0.01230889867769608,0.07142857142857142,-0.016360366371940833,-0.6645747438634001,-0.023937875541989673,0.01644930894521777,0.9449600817717619,0.011221671359895602,0.02155802317337242,1.011181488145326,0.015308647214767546,-0.01684908045607378,-0.5588321483663159,-0.022814431177526906,-0.03535408630261563,-0.8660123359968348,-0.038682825646282004,-0.02320167365928305,-0.05698515383464442,0.0012400679491353455,0.014221299601406171,MWG_2018,2019-03-20,16.924216255995468
-0.0018021861503028493,0.8209258985965662,0.02113730638810599,0.09285714285714286,0.01515199462952511,0.3584182949169713,0.0008985426136666197,0.04846305851724625,1.6212357755228588,0.04224267120708103,0.033557168411052135,0.9165898369275892,0.02416113119750707,0.007589420278840464,0.1465829087944646,-0.011971655094097367,-0.03149024334960445,-0.44918995065345163,-0.06383864228630365,-0.0013068263586628603,-0.012793534142126362,-0.0006135585909561413,0.023753324260851395,NKG_2025,2026-04-13,18.090498280201228
-0.0009335242600270868,1.725322200829354,0.016639761169075475,0.12142857142857143,-0.03787817226866452,-1.1381825701639285,-0.04449321611900403,-0.05864732131850023,-2.4922183786993624,-0.05722809843630128,-0.12130970216461881,-4.209086205529199,-0.08722553262740107,-0.021327883419249585,-0.5232690455499481,-0.0358649140305376,-0.029330126694643632,-0.5314599077763991,-0.03665469958769629,-0.04393438575440778,-0.11141869872160803,-0.0008656732959301945,-0.0030129283530150285,NKG_2024,2025-04-14,18.434573889667092
0.0019695001728278192,1.7626362193320304,0.019642920419057172,0.05,0.01623047896157303,0.41313813362056234,-0.0033673109238339105,0.028869824540936128,1.0392573135284118,0.03001800067364202,0.029646764192058098,0.871386073034229,0.04037036976145425,0.0023921879117635124,0.04971799531897955,-0.028071215186371568,-0.06483705756351796,-0.9952241310042677,-0.07743145894575754,-0.005240154619854831,0.014322492558948352,0.0013741877051610197,-0.01834193150808608,NKG_2023,2024-04-10,18.907519345562598
0.0004153869388862527,1.9558229861977945,0.03426343603980385,0.1,-0.004527136451388743,-0.06606366690908592,-0.007685702568141939,0.007087116141301548,0.14625934995980197,0.0077095359479879555,-0.014242074613022918,-0.2399836841259949,-0.014275307995413766,0.02756071076188061,0.3283854263605012,0.015821048117095837,-0.016698475563649853,-0.14694322582668273,-0.037685832266984964,-0.008452457970293481,-0.00700138267116357,-0.0008197984537874285,0.0603036215323934,NKG_2022,2023-04-10,18.626953711741745
0.0011896137244751612,1.3839496980506634,0.029459894562711943,0.03571428571428571,-0.021085772108097554,-0.3578724978667489,-0.0223233665932403,-0.05296297619548346,-1.271236037180186,-0.05172277910649692,-0.068772460691294,-1.3477916089763633,-0.07154341957552657,-0.09678861073410233,-1.3412738047807908,-0.10948909448082422,-0.11209876427276733,-1.1472902277175177,-0.13638559573954,-0.024272518134121346,0.12884399687461767,0.002877831670305497,0.059773968180540746,NKG_2021,2022-04-12,19.179538605352985
0.0025685411504246416,1.222145869216224,0.025459507627108094,0.1357142857142857,-0.026987608659887096,-0.5300104199806275,-0.012231069845560438,-0.004956185870916691,-0.13765201941355157,-0.0011868222885592639,-0.010883125857080941,-0.24679878869770497,-0.005571259105032089,-0.07850518697622935,-1.2588463549651145,-0.04985762732542631,-0.058774301522034375,-0.6960511152878253,-0.013633966207442172,-0.012459557405137822,0.09041356993559824,0.00047743554736733636,-0.00539076067315945,NKG_2019,2020-04-29,14.774964160538504
0.006903769784306647,1.225805636726787,0.025198196479256408,0.06428571428571428,-0.06780261244984512,-1.345386216542549,-0.0481279291753014,-0.05280557017580757,-1.4818194145947667,-0.044822274574060406,-0.02252409044051381,-0.5160801762057646,-0.0036503217298603508,-0.06537088208415559,-1.0591055942809615,-0.029335231308736276,0.05445367924846088,0.6515705225540891,0.12727907017958984,-0.047787504590327434,0.10898366070322585,0.005173154575718008,-0.0011575697368468828,NKG_2020,2021-04-20,17.720899095462798
-0.0023753584733957438,1.006521156719765,0.023531543276274863,0.03571428571428571,-0.029752573889025524,-0.6321849259887445,-0.03901346457464849,-0.045131269112345995,-1.3561637695505504,-0.04995850882750563,-0.04968487899359163,-1.2190266454187766,-0.05691853340935382,-0.026436336573609637,-0.4586434933566305,-0.04047169517147253,-0.07510482709708782,-0.9623235134414097,-0.1007699700348873,-0.04150869323116124,0.11097820468930941,-0.001095383003320811,-0.10430382187409368,NLG_2025,2026-04-03,18.47079493840213
-0.0015275994216419966,1.4650159865267391,0.014850940587759138,0.1,0.0065927216203916575,0.2219630999610118,-0.0675517048616433,0.02355696937939531,1.1216321750087686,-0.010370314946469672,0.027945935150098085,1.0864357773381617,-0.0037834406019580102,-0.038558076022337205,-1.0599509523773563,-0.10009520171726105,-0.06782809458733191,-1.3770804534785377,-0.11730970772134708,-0.05847412484446868,0.06264913951058748,-0.000950709150271959,0.017885996829342603,NLG_2024,2025-04-02,18.151482504390927
0.0008333748652276684,1.741961227456025,0.018204663040219532,0.05,-0.04008211439463991,-1.1008749325951972,-0.03487793209220047,-0.02502044069247028,-0.9718456882631881,-0.018767842873721685,-0.02688541371381833,-0.8526552131535792,-0.027486703421935266,-0.0437314651524774,-0.9806990576280178,-0.060876292506166885,-0.08896063446229817,-1.4733939569196772,-0.1259210127855125,-0.03449977265540538,0.1267102659784589,0.0010521574359000203,-0.027168681760759275,NLG_2023,2024-04-08,18.73797822905664
0.0022727323514097394,2.170501283169283,0.025457381685345434,0.05,0.03098935498328636,0.608651654877874,0.004958163540160654,0.02878070243818203,0.7994156709786775,0.001676471207988306,0.0081237282449193,0.1842387699960308,-0.014497723014609942,0.014415172239237627,0.2311694696708965,-0.021877564449913844,-0.003871877666288784,-0.045857624151323,-0.093644229110178,0.0028339299303928867,0.024121804954915893,0.0020830772312747693,-0.08863952689682635,NLG_2021,2022-04-07,19.32145789010279
4.0499751906342574e-05,1.737398454885145,0.02580228540061934,0.09285714285714286,0.06061009420791766,1.1745101890560208,0.051188675343581624,0.0015325702024998264,0.04199979831267409,-0.00241824266302626,-0.0005028357757766028,-0.011251420794524947,-0.003566457236810927,0.04870243034540025,0.7705784050225166,0.038991973471808605,0.11287043471868904,1.318941946680884,0.1123775396161153,0.05084264514772929,0.17035693416863407,0.00045221101121675354,0.07763341315510652,NLG_2022,2023-04-19,17.378653729514404
0.0010023452878928614,0.8026331838431792,0.016089491914609944,0.08571428571428572,-0.0307238129049131,-0.954778841618192,-0.028403865701472353,-0.02627747096327624,-1.1548517510172531,-0.026766893727974805,-0.029967997723161367,-1.07536220810244,-0.030810237534404594,-0.0040046444902674914,-0.10161223708889668,-0.0024952550217481884,-0.061852503887056,-1.1590938801214294,-0.05665278840277632,-0.028241943844191875,-0.06780436443531523,0.0015798236798555988,0.10284353497961123,NLG_2020,2021-04-05,17.555258498950742
-0.0006291773518919189,1.03875102608675,0.012706551558015027,0.12142857142857143,0.01260305010004244,0.4959272404672494,0.010831102628600986,0.00983475533061327,0.5472942169900228,0.009101677182119627,0.029921828444418718,1.3595644442283008,0.028548387888001847,0.014492276602981264,0.4656217795271582,0.011302281734409725,0.05712465614206588,1.3555000979846745,0.05069233000789075,0.0107529320242854,-0.053312657553865495,0.00030665774098930475,-0.04668428453893357,NLG_2018,2019-03-27,15.626465299968984
0.0008779223324301413,0.7756726658191265,0.021800765705383175,0.10714285714285714,0.0401758972814797,0.9214331694679704,0.04855685779871821,0.015410693761999113,0.49984510678026534,0.015073001092484106,0.026131287299733442,0.6920355899722919,0.02636464219997603,0.02794034533536602,0.5232200727388472,0.03997808151424209,0.05629544543166462,0.7785834532185293,0.07981240073050755,0.04684369079288908,0.1479328095291792,0.0010793433860583532,0.033475439259553846,NLG_2017,2018-04-06,15.832554184589775
0.0019330711437406144,-0.27797189946878714,0.015285016520099488,0.25,-0.018955116931873798,-0.6200554937885805,-0.009124871390706502,-0.0388990582414051,-1.7995262110510932,-0.029658281297628375,-0.04030092875747389,-1.5222588759470987,-0.03156926808689364,-0.008571525884414547,-0.22893732462620944,0.0018873730249365783,0.050994391530926386,1.005912393761316,0.06850489331652476,-0.009515308940500122,0.1423579923006708,0.0007241704881985366,0.020138620827888025,NLG_2016,2017-03-28,14.846125171404271
0.0004999615532415692,1.0198417678851999,0.013521483110945883,0.09285714285714286,-0.0071337112901514906,-0.2637917464977131,-0.0035161623089654537,-0.04054851658036174,-2.1204871393004465,-0.03829276434389506,-0.11185240186295316,-4.775956438743406,-0.108467508335092,-0.024718553617413975,-0.7463165966519973,-0.019957949992830515,-0.04548562395579081,-1.01426977538928,-0.03747961538511557,-0.00340013029987718,0.10805983623131143,0.0009623297923408591,-0.03383500766333312,NLG_2019,2020-04-06,16.025252282006072
0.0017027447235480491,0.5859489309665509,0.018455596192953297,0.08571428571428572,0.026060691124869657,0.706037639001338,0.05701996236655216,0.01740252807692583,0.6667595825315034,0.03686532068923032,0.03209949641152451,1.0041752485417528,0.052408020735327354,0.08299423226277777,1.8358796478531922,0.10961139889599825,0.0296700334032783,0.484722984376159,0.05221181006655651,0.05395421141761203,0.03493345768368905,0.0009149148897311662,-0.0018626233263929967,NT2_2025,2026-03-19,17.531308923011526
-0.00011108268629276625,0.7018011219802267,0.012269259041157216,0.14285714285714285,-0.0717008481232454,-2.9219714036000455,-0.01827187796917351,-0.023091404216643786,-1.3308129247198957,0.0012449712642615962,-0.02324669408771334,-1.093911624515207,0.0008654156479771524,-0.034788637842790036,-1.1575598721360063,-0.015571084908693411,-0.024089605092565386,-0.5919908608532949,-0.004701141151668975,-0.015840893934642497,-0.07893896859217486,-0.0008991488726273777,0.02397099914812889,NT2_2024,2025-04-03,15.960591219802666
-0.0005390004133891787,0.8622422348564339,0.012332540323077065,0.09285714285714286,-0.03781531537777657,-1.5331519049248628,-0.03827358203763409,-0.0046727405399034794,-0.267919377186892,-0.006068406314462593,-0.010023429890698108,-0.4692488160585219,-0.011307842013535851,-0.07820971364630014,-2.589002837803312,-0.07779626385792804,-0.0680868297186947,-1.664616619019393,-0.06677921639145834,-0.03796392083551847,-0.06381593076442826,-0.0009635969757954334,0.026100561425120704,NT2_2023,2024-04-01,16.9943861415805
0.0033525453611899275,0.9767632114862866,0.027088306562765684,0.06428571428571428,-0.0037234228112742445,-0.06872749322012411,0.009407132793440187,0.004235891965818545,0.1105727272564542,0.010774731630129208,-0.009544356747464096,-0.20342493262257322,0.00030945276125515786,-0.009509832354448796,-0.14332283165453324,0.009892229892811466,-0.009062996628354036,-0.10087733956300031,0.027402392547568155,0.009344037830708363,0.0531067359900409,0.0035497099114983684,0.026742098268921106,NT2_2022,2023-03-27,16.546401411549613
0.0014494030922296503,1.0742018908088549,0.022187643068363277,0.06428571428571428,0.015836860210838133,0.35688468942019935,0.020615181880972777,0.027292789060517336,0.8698046999730042,0.029919025707844882,0.017306515720947945,0.4503372205617901,0.02182043279141399,0.04009879869873605,0.7378100489526741,0.04814616933384441,0.06743220350522158,0.9163467378691951,0.08433313546029686,0.020289381697109365,-0.028302761209490157,-0.00016321319339344725,-0.03811951735786068,NT2_2021,2022-03-23,16.790614106580367
-0.0009761480389273345,0.43894168469842515,0.014002681027642372,0.20714285714285716,0.025711827475496107,0.9181037340184703,0.09094940189891443,0.051816430522389295,2.616623868453004,0.07869148299089446,0.05758136391013452,2.374160768798099,0.08206592411920899,0.016825828535973232,0.4905571812918534,0.05047392169971865,0.040675948058306384,0.8758508293393699,0.06218365725592134,0.08311143166899071,0.0920548273395444,-0.0010984567993104165,-0.013919302202864577,NT2_2019,2020-03-19,15.000840698497266
-0.0007414974455338327,0.9977076131415679,0.029902963097127006,0.06428571428571428,-0.03776736591077043,-0.6314987211818988,-0.04080844957956664,-0.004450509325928144,-0.10523991598679111,-0.005987530990226531,0.014987068793135879,0.2893622339022241,0.012696812662588486,-0.007327673353931537,-0.10004059163312708,-0.011872376923995676,0.13526129799914582,1.3638386168150114,0.12698280231098025,-0.04181249580379098,0.42940078356296585,0.0014910817662615809,-0.0027606030124413,NVL_2025,2026-04-14,19.031680414803304
-0.0002282531902234388,1.0056601320857776,0.015617324878318508,0.10714285714285714,0.005006850148336376,0.16029794434536523,0.004119117706762543,-0.004935889467902023,-0.22348263490287104,-0.0053612706095395035,-0.013655866630419738,-0.5048379499382832,-0.014268620586090464,0.0200707661226857,0.5246645005933098,0.01868192720798456,0.042383882668531034,0.8182721145512138,0.03989306487630451,0.003968429032535026,-0.012260206324844813,0.0008225471610651464,0.008758718187458202,NT2_2016,2017-03-06,15.223609357073286
-0.001533031348005469,1.5405302117252961,0.020462433541606633,0.1,0.05151978059382493,1.2588869375939287,-0.052265786470359954,0.009924962803142742,0.342970374802031,-0.03765714024605005,0.006043413116636181,0.17051570052112475,-0.04286656000293032,0.01742206510821006,0.347589561247192,-0.027818945526062233,0.07278243905338584,1.0724399429820939,0.018559699648356243,-0.043977849929467516,0.07653948080711948,-0.002318192638778527,0.049239788730905974,NVL_2024,2025-04-03,18.253099524898428
-0.0014486351288034226,1.8940933795930492,0.020696063646875835,0.07857142857142857,0.07073737377302794,1.7089571954352312,0.05894121015251352,0.09047940850400599,3.0913416388042596,0.07605438215215399,0.10334394204829161,2.882946911003777,0.07665396256643675,0.06123308994338502,1.207877242539332,0.04326777179179997,-0.004997074837392614,-0.07280006376504336,-0.0901119387299445,0.05913011137195656,-0.03971024808858514,0.0007799842477598711,-0.019408540858512752,NVL_2023,2024-04-04,19.82930052353355
0.00126852929782605,0.5530807565453093,0.014599290147967629,0.1357142857142857,0.0007987183593085312,0.027354698454969777,0.0007003436368647753,-0.03219013123483537,-1.5591073163653553,-0.025410708507320745,-0.03320283377923921,-1.3130545955325623,-0.02494815986429766,-0.009495871664834187,-0.2655384840181744,-0.006489534007946163,-0.05704566708085605,-1.1781337044170452,-0.040914144073894154,-0.0010649118045122918,-0.04504871997217175,0.001001944117115228,0.0013479166270902072,NT2_2018,2019-03-08,15.256899630842092
0.0008472027260130434,0.6282069087462369,0.015458898602592325,0.1357142857142857,0.0720440345500791,2.330180060111072,0.07225034556749643,0.048253631581386736,2.2071734206442235,0.04524970867785427,0.045538363364604234,1.700741237968944,0.04082883312872698,0.13379197576875237,3.533262413417757,0.1303894204295596,0.26211625645775044,5.1123321882073425,0.2604605042628918,0.07440068854676118,-0.01644033181738258,0.0012707444727202387,0.06580598646275629,NVL_2020,2021-04-05,18.677531633706007
-0.0004792157547652291,0.5860600030416466,0.012166690515324395,0.15,-0.008256992922093354,-0.3393278111123714,0.009523085058450453,-0.015054041751942259,-0.8749145869746788,-0.007297272351667883,-0.005096318214960863,-0.2418373911605326,0.006200906249240412,0.06102010176620571,2.0475043890207996,0.11224568701497994,0.06394466304956709,1.5846578254261574,0.11448858052983746,0.009312749193289616,0.1503027079244933,-0.00030848230416759075,0.008631473195339395,NVL_2019,2020-03-16,16.34580454462162
0.003504432270328529,0.2596362364035302,0.01856725565556983,0.11428571428571428,0.016234692558863326,0.4371861103230197,0.06749351179514584,-0.0029820082932980035,-0.1135654253305335,0.015509607992855279,-0.018679212988030283,-0.5808315912133469,0.012785798450880681,-0.12210368634864259,-2.6847597801140535,-0.04308263052696326,-0.2168288590769763,-3.5210567493828777,-0.12802199819451376,0.06795087502915298,0.14332033769041086,0.0009334711682841689,,NVL_2017,2018-04-19,18.302079609209745
-0.000774572620664641,0.6254709914599348,0.012602647486892382,0.1,0.06456924803427404,2.5617334810574715,0.054044418573472974,0.07622211271299409,4.276654792715596,0.06587065225133526,0.08020272953257904,3.674233333395837,0.06708787447434927,0.06891615074297347,2.2324595491091084,0.060611200432012846,0.10476471851929507,2.5064377288912523,0.08216921053092785,0.05408193123790017,-0.029919272802826913,0.0020730157605899913,0.013036132793510284,NVL_2021,2022-03-21,19.223865808109192
-0.0007613434767164804,0.5441495531979975,0.018638253863037618,0.05714285714285714,0.03364034703384207,0.9024543629743073,0.03836094409921831,0.011097003998186064,0.42100332121416595,0.014596941098769078,0.001196780988716022,0.03707224030071294,0.005345531175031115,0.04986138706188041,1.092153062070811,0.052214423077853844,0.07433410432679323,1.2025040493735628,0.06996489545326678,0.03840950716694913,-0.046539524468247384,-0.0005429785191836676,-0.05034652440967192,NVL_2018,2019-04-16,16.62772527473737
-0.0008457184155013881,0.8190394797610319,0.012233949822541952,0.12857142857142856,0.019503762787487486,0.7971163471485868,0.007330444499850319,0.019360303120862506,1.1190009621720445,0.0111928717488613,0.014390798154309867,0.67913726218946,0.005102154586779095,0.001967179905564831,0.06564501613386864,-0.016162436946469794,-0.02302174085404241,-0.5673814377293974,-0.05102209956707482,0.006514968545743516,0.0309737874053575,0.00024859917384233523,-0.012285074428516536,OCB_2025,2026-04-08,16.69689079898661
0.0004946530519990565,1.2420678471854387,0.018203316458188203,0.05714285714285714,-2.4862044566691978e-05,-0.0006828987625358935,0.0069284175465150755,0.0032902574615929266,0.12780986191642357,0.009538606685570272,0.00340004851275923,0.10783853198444643,0.010409396716897223,0.021056563367022843,0.4722384526674696,0.022453770711184484,0.00972489992808247,0.16107876056186438,0.005506642950516061,0.006951609240138046,-0.06187024026861354,0.0004069013551001695,-0.0017042530823334259,OCB_2021,2022-04-01,17.28671993788427
4.7683401667693556e-05,0.4259481628529411,0.020087546835689776,0.07857142857142857,-0.016956868244031906,-0.42207414331710336,-0.033425450516623934,0.016281375241926216,0.573124778987651,0.01121189608870532,0.037588007207996765,1.0803432722447381,0.03340528867069492,-0.026205665944505296,-0.5325895894516776,-0.044324553202010786,0.0052276121587750465,0.07846574715250469,-0.02283664089252857,-0.033958495519288645,-0.0890623065446744,0.0012178951088734767,0.01291231253123749,PAN_2025,2026-04-20,17.112747989226058
0.0012805014801933615,0.9528714697996195,0.01388791966823435,0.07857142857142857,-0.047881106790068184,-1.7238401407082584,-0.04252361363588608,-0.005287946537780954,-0.26923707399959473,-0.002333517953001185,0.0031121979920269707,0.1293806697757653,0.007076498225642047,-0.04244225604350471,-1.2476295145069223,-0.035230907375804255,-0.03258219909030638,-0.7073703543583091,-0.01977612774143367,-0.04177565523456517,-0.11408010318240713,0.0003601150055388603,0.029882580611744924,PAN_2024,2025-04-18,17.205018660057643
0.0008054646701626373,1.1952552204291584,0.01616424236314719,0.07857142857142857,-0.025266655720553376,-0.7815601607829993,-0.019887427249576595,-0.015873235937621133,-0.6943766691135267,-0.014680051298607277,0.0032981255863545438,0.11780160506899526,0.0016556556477610451,-0.030756398636231887,-0.7767915675833782,-0.023132603266428076,-0.02389353358519691,-0.445685685486345,-0.005707541271985139,-0.022162478398355945,-0.01827509254486792,0.0004957271601835532,-0.01980608186209043,PAN_2023,2024-04-19,17.497083028208735
1.785991699802689e-05,1.6513241262273892,0.023288215797176378,0.06428571428571428,0.003181542110289759,0.06830798327357288,-0.016428911615871233,-0.02425387548282342,-0.7364273834167228,-0.026755532191632625,-0.024686454181976486,-0.6120147241606025,-0.037233369650542025,-0.0066493416548952244,-0.11656463453289813,-0.02152586102363807,0.02133292793537247,0.2761963321533014,-0.032934687754449854,-0.01810030364652282,-0.14997526922996662,-0.00020932147871728104,-0.05259724635413296,PAN_2021,2022-04-21,17.744753559313722
0.004269429302858243,0.5888591129666927,0.02278530534311728,0.20714285714285716,0.012733316980770218,0.2794194940340475,0.05049186109548531,-0.014852493062637744,-0.4609241967121461,6.29995308001341e-05,-0.02057566964956228,-0.5213609487361984,0.003867583340432912,0.028787771211107517,0.5157955184809289,0.08660999485194432,-0.02186217013968865,-0.2892957638681151,0.05301102488609677,0.05075843412119119,-0.05089919828273415,0.002657515373877005,,PAN_2017,2018-04-19,15.680497896609499
0.0012684933439677352,0.8576576420654377,0.02476499647295284,0.02142857142857143,-0.12782916369720204,-2.5808435675896626,-0.12688604776378098,-0.025287551599751747,-0.7220271254759907,-0.024031244293453158,-0.03826539117990374,-0.8920871005369284,-0.035532532264796246,-0.27048130416894833,-4.458855067878111,-0.2674340597364169,-0.38060886127140797,-4.633874656331442,-0.37374432914111666,-0.12495559219606245,-0.058361237864132276,0.0005839331204733946,-0.01765221059215961,PC1_2025,2026-04-20,19.189434535891394
-0.00038297298881798396,0.837286348479212,0.021521712481356203,0.30714285714285716,0.0334839915542131,0.7779118781374753,0.03321318064187584,0.0034120876746601405,0.11210587144704691,0.003160378407972897,0.033597707075031444,0.9013058436092093,0.03202450791501288,0.021771171298280975,0.4129803086821576,0.02058387974572473,0.00012467389045758056,0.0017466357464894977,-0.00525317097433553,0.03165815564068297,-0.05840991472493795,0.0014753025772498555,-0.012411980388237067,PAN_2016,2017-04-19,11.811528403195043
-7.004118588356051e-05,1.7173138921648985,0.021066494878323565,0.04285714285714286,-0.02476745065335064,-0.5878398565210576,-0.01712203308601734,-0.018453126421613026,-0.6193878432164499,-0.02012788774829022,-0.010793118294435359,-0.29579717882254625,-0.025914389890454137,-0.026288001637497536,-0.5094360400344701,-0.016454856602523438,-0.04520759416945932,-0.6470275469121727,-0.011717329670979715,-0.018266568378559,-0.006638574171457412,-0.00036460244231564565,0.01117164599056518,PC1_2023,2024-04-19,18.858121009093654
-0.0008890001523285556,1.099678390035281,0.009344497304246163,0.09285714285714286,-0.016539114147681812,-0.884965429877453,-0.019729770400377822,-0.008949592241926657,-0.6772239487131375,-0.012533664826258395,-0.002609305979691171,-0.16121611047907822,-0.006929247815249839,-0.015467843991986727,-0.6757689216755288,-0.020154447912334006,0.02623671305356064,0.8465588220016291,0.020559590961481855,-0.020014952920211937,-0.035179288683913956,-0.0003325180099805752,0.017024834326679558,PC1_2024,2025-04-21,17.558882849841197
0.0035077760096549437,1.0719047702299807,0.026856171601337946,0.05,-0.01312444657465002,-0.24434693763269247,-0.003550057815069785,0.04324387186945536,1.1385850335470264,0.04766712019216002,0.05878644519618108,1.2637828824799977,0.06605513990573919,-0.11272948765328558,-1.7136329519516564,-0.09922747583605007,-0.0283662218098205,-0.31846451554710703,0.004750107150888083,-0.005337563535125822,0.1798446922002297,0.002432536552778191,-0.058201820332205896,PC1_2021,2022-04-18,17.835433681096344
0.0007559924475977778,1.5836679366662476,0.02629475313309583,0.02857142857142857,-0.0007996316120128539,-0.015205155339648339,-0.003823520260833657,0.0021806365577069792,0.058640706358909764,0.0010212927377120096,0.01265025180468709,0.27775983473904337,0.012756901003795784,0.01929861745831618,0.29962736466071727,0.01327048588465185,0.014290851610717113,0.16386744011242632,0.015167573408761514,-0.0038894134708982175,0.004997854636589083,0.001625461200943329,-0.014462153022338586,PC1_2022,2023-04-18,17.263433519679992
-0.0014832506351880994,0.4229120994962521,0.024052454357284345,0.07857142857142857,0.020829733518452787,0.4330064036093774,0.019369340403095014,0.015922095155490937,0.46808617897804744,0.0147794100253692,0.014966028924572383,0.3592415435011418,0.009011504900374612,0.0505185113318571,0.8574632584954431,0.045557723621431956,0.05483990865554445,0.6874497857740378,0.03439180421488974,0.01867399218432264,-0.018993159535865445,-0.0012529654505189884,,PC1_2016,2017-04-19,14.256818067345268
-0.0032494172526241526,1.1938512780290407,0.022392396094713884,0.05714285714285714,-0.04616618978908181,-1.0308452385758786,-0.052525907987542864,-0.026065887152805178,-0.8231082321620281,-0.027770574006352522,-0.03717470411158254,-0.9584872174949398,-0.04028943845931454,-0.052818532471588686,-0.9629641908409462,-0.06354166634018021,-0.013109404528486706,-0.17651680370779696,-0.04037783970242037,-0.05284975911471079,0.06721737191133881,-0.0017751489272981552,-0.03836699418761978,PDR_2025,2026-04-15,18.936358623701985
-0.0005517894924573605,1.6205200780228333,0.017195339716408353,0.07142857142857142,-0.031970315784060795,-0.9296215227883424,-0.03190312413213481,-0.0366078779522095,-1.5053892026428466,-0.04895465730885884,-0.04760353573907984,-1.5983350504619385,-0.05954883077762785,-0.04803218715694017,-1.1403705083738207,-0.0473127342896662,-0.044497006557513916,-0.7802318824814647,-0.02503158112460946,-0.033960733193743486,-0.10343109849468379,-0.0016776992291139589,-0.03258897608318978,PDR_2024,2025-04-21,18.683926631862853
0.0020326950549372363,1.9072355693928438,0.02072054154181272,0.06428571428571428,-0.0017950144060306025,-0.04331485261638502,0.012373410255447026,0.010991514702658096,0.37509514729995974,0.015458767337526935,0.02530975635869994,0.7052226225522135,0.03563362357603872,0.030568034770462528,0.6022693911111701,0.04270369425254783,0.03653534012305752,0.5316376265012076,0.036629092805659846,0.012512612148353863,-0.039071466248421505,0.0026209181100710593,-0.01106449817425967,PDR_2023,2024-03-25,19.442013575262884
0.0065009157311990955,0.5476712961703283,0.024860034454633622,0.05714285714285714,-0.008367925406069864,-0.16830076043016465,0.029908795060839544,0.024050902401558667,0.6840922209031021,0.04948190813492159,0.0027790088167754887,0.06453979343325564,0.03456697910051987,-0.027789711914697705,-0.45635907715099683,0.014137354524875967,0.009777444765140215,0.11858432952102234,0.06408824078808995,0.029187507460098572,0.08728136291795063,0.004589865556935725,0.1188130064865407,PDR_2020,2021-03-23,18.477471130667297
0.0005607522756603067,0.664840230527747,0.012266088024551342,0.15714285714285714,0.00884694046389912,0.360625997717912,0.013024570591645412,0.010352523449867477,0.5967949617793323,0.015426983037744257,-0.001417125217981395,-0.06670240947556645,0.011079783213021166,0.03320542045487551,1.1051654046264323,0.03683342108267984,0.030119349459470188,0.7403603769315493,0.03364484780718402,0.013244420640102783,-0.003658691383252366,-0.0001697403238840147,0.019507261779229425,PDR_2018,2019-03-22,15.63316684678121
0.0016258770907837735,0.6475789113428914,0.016095552533737546,0.15714285714285714,0.03194807051034874,0.9924502574044309,0.03746733599836749,0.010163689920856978,0.44650931055962223,0.013108592033483468,0.014189695344176193,0.5089868402782034,0.013374519578295052,0.009970619411879319,0.25289522190887676,0.014545447242991338,0.03931429424750294,0.7364584530319259,0.04910077201793983,0.03804920257738309,-0.04059698656647592,0.003666317991822787,0.007902983469071753,PDR_2017,2018-03-27,16.489895348973295
-0.0005513275257944181,1.1168010017524157,0.013654340289895194,0.17142857142857143,0.030266230666143396,1.1083007316194442,0.022660769531620106,-0.00734770081398271,-0.3805097105674205,-0.017784555832397797,0.001396495440874463,0.05904840523914796,-0.01739035623683105,0.0017771231764867092,0.05313383754477806,0.000292939015160254,0.021587484253911996,0.4766888231330484,0.01409422714941666,0.021571603583169674,-0.04404004156728336,-0.00040682170991019706,-0.050082974613823376,OCB_2024,2025-04-04,16.97730897183406
-0.0005768242636227664,0.6529318903535832,0.019261946929683277,0.05,0.09208625410254834,2.3903672468498103,0.0828969404736759,0.05962032566278375,2.188664350836623,0.050309757819888334,0.04052604120121038,1.214712141099924,0.02879564983999705,0.09026661852235518,1.9131603275739646,0.08341633154179595,0.07478682641427568,1.1706540710131033,0.05539856092361939,0.0848565916300077,-0.03562764917120265,0.0015662343899107934,-0.04270901636565076,PDR_2021,2022-03-21,19.078035426187178
0.0013844261916608868,0.5158688535839112,0.031228280179872402,0.05,-0.003697361769318711,-0.059198933595161214,-0.0024785356708929562,-0.019880142086057685,-0.45014913402320134,-0.022444361422640835,-0.039440906456582804,-0.7291857838033518,-0.04593312224745272,-0.07062193033828405,-0.923242719861504,-0.06691411650061951,-0.08081440114680152,-0.7802689937028243,-0.08599677223839419,-0.0024688580244303093,-0.4444611830269204,0.0005258527348633199,0.05609601413820825,PLX_2025,2026-04-21,19.71872032367927
0.0023218091300718927,0.7700440491810724,0.021246593505549857,0.06428571428571428,0.0010466564892144571,0.024631160024336567,-9.292274157468583e-06,-0.01606080753671056,-0.5345189061754084,-0.022597906316825456,-0.05284816115647964,-1.436084333326196,-0.055827671754415054,-0.010218021964485532,-0.19633688562045398,-0.009989678099757926,-0.023797158976195575,-0.3377065315514839,-0.01937965747116377,-0.002717048492803409,0.012659061329808097,0.0005187491005880318,-0.0016032732202699903,PNJ_2025,2026-04-07,18.88800352752874
-0.0013406076620562646,0.6197419592671459,0.009630957838359027,0.06428571428571428,-0.00995856077768207,-0.5170078067426604,-0.00891339317346429,-0.015115523009834687,-1.1097846134125042,-0.014563507210496485,-0.036810885484192264,-2.2067145345356485,-0.033418427714222876,-0.018550716990462082,-0.7863494602864404,-0.021461095627465232,0.0026862429665748602,0.08409679933273877,-0.015989801646169255,-0.011096057419249683,-0.18355262254959326,-0.000920606228275736,0.0037625806059222782,PNJ_2024,2025-04-16,17.60169044052691
0.000632373719535612,1.0213468288132843,0.019377407884687305,0.04285714285714286,0.008509029712207196,0.21956057700915002,0.010436240590039336,0.012771808891429967,0.4660598945375663,0.014011478567201752,0.001457742378893078,0.04343346436589837,0.003446061265481193,0.023962351000342143,0.5048450695572785,0.027090981526572078,0.1132046284356508,1.761457462999056,0.11812567954809938,0.009994073925582603,0.10672124198725241,0.0005076134603049812,-0.04181805645416014,PNJ_2021,2022-04-05,17.688898230145284
0.0007607852180788429,1.0346907743683196,0.015327652833418198,0.07142857142857142,0.03356677626236747,1.0949744434837185,0.03609008375925027,0.009443511883674455,0.4356551758924982,0.011340034106760544,0.02124887293603832,0.8003862458869379,0.023668070958987264,0.053690868723495114,1.4300431780459633,0.057410639856674384,0.03747731017390359,0.7372188230317331,0.04614697318502059,0.03623013190205582,0.026063608770355406,-0.0001614577232120703,0.03999096359299681,PNJ_2020,2021-04-16,16.857284700796907
0.0002629187772485098,1.073992684127744,0.01082202866114573,0.06428571428571428,-0.06511543517087105,-3.008467137250091,-0.06355102157614068,-0.009201095546544937,-0.601195696206783,-0.0047666894497298,0.006332315387923174,0.3378261237596831,0.010210447041472337,-0.0649574827501928,-2.450444562285472,-0.060860293532178145,-0.005605317913429712,-0.15616914293822334,0.008185399393066395,-0.06493656920430568,-0.1179461128691981,0.00046061489280943476,0.015992381059332088,PNJ_2019,2020-03-25,17.05463533939912
-5.929991336953386e-05,1.3347843561993133,0.01174046183454589,0.05714285714285714,0.0005578719202811236,0.02375851683447432,0.004301432697460084,0.01180570453667084,0.7110362311303087,0.01206180933874701,0.00955324810008018,0.4697916010413837,0.008828873612478416,0.007925315353682414,0.27558510816052556,0.006277831847445348,0.008913402609014657,0.2289085423794068,0.00024747175838146784,0.004130404272608024,0.0002556888385715217,9.616810274447411e-05,-0.011626605277791299,PNJ_2018,2019-04-03,15.91706820894135
0.0020929538712677635,0.870117387302729,0.015089819606738497,0.06428571428571428,-0.05323059116599538,-1.763791501597036,-0.045578857179776944,-0.04721461277937569,-2.212469978931017,-0.043945507513946214,-0.05711898353809251,-2.1854244372032814,-0.05211215628188415,-0.07413527239427531,-2.0056964898719087,-0.05959367917902614,-0.14414712962860915,-2.8802196450339794,-0.11028401450250302,-0.047229024772915684,0.12031252620487409,0.002815448169591085,-0.027583943857192414,PNJ_2017,2018-04-05,16.19890896189075
-9.200606028725892e-05,0.8396817596753509,0.015406348284429031,0.10714285714285714,0.15689221291597116,5.091804041407392,0.15776670454131803,0.09661872271453406,4.4345196382506495,0.09694137689908577,0.09988411820403881,3.7431402606388255,0.0991900659283046,0.14722576297876747,3.9012921776581293,0.14776792393750748,0.22908092237038227,4.483249089650711,0.22692086651599075,0.16557631276877105,-0.010077315469710801,0.0012698022769274207,-0.013674323639435349,PNJ_2016,2017-04-19,14.17371950075325
0.000713045892080465,0.7810759236794143,0.022776339597108182,0.11428571428571428,0.0005056734361544007,0.01110084950214309,-0.0036335264392284294,-0.010116041609740726,-0.31405931539241483,-0.007846745253771381,-0.021425211540665467,-0.5431009490224862,-0.017050390125072257,-0.0032179207826675384,-0.05767874388995127,-0.008731025504642442,-0.036777492700486275,-0.48685747887823055,-0.04829914841083527,-0.003590180699471812,0.030887417422601482,0.000900896611026395,0.07772924940171565,POW_2025,2026-04-06,19.489531757256195
-0.00045676321056234794,1.3937668079911112,0.014251123439322924,0.14285714285714285,0.004903574848729412,0.17204169445333156,0.0011089865066939986,0.02087895099419837,1.0359637887439912,0.016678287214015763,0.02173251447042107,0.8804409794840125,0.019336245304627186,-0.01924364992700961,-0.5512679206264715,-0.01804342866210973,0.025880593074888734,0.5475562996632354,0.03154617568133,0.0009693454403258972,0.07867453396019886,0.00034576416293025385,-0.023800167245256798,POW_2024,2025-04-18,18.211837777039175
-0.0007364677442776705,0.9872875921796094,0.0089310140056291,0.17142857142857143,-0.007342603996804923,-0.41107336704303543,-0.009887289209240202,0.0075349956367886765,0.596578004202672,0.006492629413384687,-0.013387462547884497,-0.8654398146633183,-0.01515657890739841,-0.019243479754454992,-0.8796445406289367,-0.02355893590306768,0.0016957294105465238,0.05724788409151378,-0.006756900021929524,-0.009802815442328083,-0.019355479397415998,-0.0011044744725431537,-0.008001794966776079,POW_2023,2024-04-17,17.917950466820415
0.003110335661415487,1.4175070981663689,0.01625786219407169,0.12857142857142856,-0.024251067883778316,-0.7458258531869365,-0.009300026586043675,-0.0018947921418037902,-0.08241061194976779,0.0097459963832085,-0.011962611861273793,-0.42481705748716964,0.0048377429663089,-0.007718216005041426,-0.1938107514921586,0.011283957147306678,-0.007129309332955212,-0.13221711546269282,0.022909662612088155,-0.009684843006616872,0.0662785184475817,0.00224433556112621,0.04296493590883811,POW_2022,2023-04-03,18.28846053772618
0.0002732314206893747,1.1477886044817927,0.01878532050700579,0.07142857142857142,-0.01635742057812553,-0.43537773475904235,-0.016288352208653545,-0.013864231318734656,-0.5218698279733942,-0.016711765019885028,-0.01325753012845905,-0.407458503867466,-0.013339038677902537,0.0009609922437121624,0.02088457529900591,0.003604586065387827,-0.031232905340137035,-0.5012996866709158,-0.025712713606464987,-0.016483656334760566,-0.14403511516794198,-0.00014580290552528962,-0.04592486675247909,POW_2020,2021-04-26,18.92228870545051
0.0010955797693891593,1.6445018212215894,0.027217207759926736,0.05714285714285714,-0.05052326808343064,-0.9281493628787776,-0.056043849423191294,-0.024483142771795034,-0.6360753987477104,-0.014787158803442058,-0.032933973035633377,-0.698618255234937,-0.033775623682289035,-0.09959266346244501,-1.4938539970712799,-0.12464422778666828,-0.07478147342178315,-0.8284267364893285,-0.10785837063946058,-0.05494608834991366,-0.0594064280181974,-0.00010621702945140407,-0.0591441265147391,POW_2021,2022-04-13,19.33559176460391
0.0012846651768777036,1.2636305285175995,0.01964330917549366,0.12857142857142856,-0.012289285414766041,-0.3128109756093883,-0.011033325299192986,-0.015069694192965152,-0.542468830432457,-0.016652222469861866,-0.017218833920929665,-0.5060908175177854,-0.015304807945583199,-0.034171800230310634,-0.7101949524625535,-0.033251227839454445,-0.056516261480201745,-0.867485912743409,-0.0478409782714071,-0.011025808960609784,-0.05408089619947398,0.0012601482585200706,,POW_2018,2019-04-09,17.367363930310237
-0.0012930851494137988,1.234579271426164,0.018467426084974835,0.10714285714285714,0.00022842952832137497,0.006184660690404118,0.0033746668417624637,-0.029766022284477882,-1.1397233219971423,-0.028303177323696582,-0.002674021866089076,-0.08359839845042365,-0.002008018411280954,0.05179191911196049,1.1449328314628182,0.04468768248386712,0.16655533334417846,2.7192919182201942,0.1530600322225305,0.002754781786282301,0.029540332888500775,-0.0015492372507629822,-0.019227564346631643,POW_2019,2020-04-15,17.011251797727947
0.0017526155523348067,1.4640234640185579,0.01861112440853562,0.05,-0.016240996767506004,-0.4363249745420377,-0.02387446439976726,-0.002698223613905662,-0.10251568753553283,-0.014909467683591804,0.0048521887680300965,0.15052354870596873,-0.0059611481781005615,-0.026183445874250283,-0.5743525636588249,-0.01944020643397426,-0.06539339302804084,-1.0594120712741035,-0.03328487801927682,-0.02370469044262946,0.014076982544570904,0.0010975832088213526,-0.03524627579479262,PVD_2023,2024-04-17,18.577559664727747
0.0019044581257222435,1.4086119767730925,0.031123573195552943,0.04285714285714286,-0.014517199973032621,-0.2332187226996625,-0.01242143994899747,-0.012828388340346044,-0.2914524090842254,-0.015367758009081633,-0.014719675220984128,-0.27305375246674235,-0.015358407495738469,-0.015479096231584034,-0.20303949468670693,-0.011808553769783625,0.00013832377658320452,0.0013400192710082308,0.009590482795881816,-0.012513699718512794,-0.05990169047149674,0.0022890919107765285,0.0519097907453166,PVD_2022,2023-04-13,17.76217733186339
0.0042673930130722754,0.7294495925588649,0.030161050018322408,0.02142857142857143,-0.18838898842579965,-3.1230508936418997,-0.16114685840780074,-0.04433031069449285,-1.0392961546477997,-0.026676955384838608,-0.08685167118986623,-1.6625361421627054,-0.06011556485843805,-0.17728127977151537,-2.3996107348384865,-0.13438278503447054,-0.1518656252883066,-1.51815698883175,-0.0915683520741587,-0.14916185542784854,-0.10325553706283519,0.0014949054878570234,0.06584669160709435,PVD_2021,2022-04-19,18.64712321762298
0.0026561600683168217,1.4416421732657616,0.022309393683250793,0.06428571428571428,-0.08706032534727762,-1.9512033043874213,-0.09196591601164095,-0.03678364809406126,-1.1658751184985285,-0.04286268116031078,-0.0648926698728044,-1.6793733147317809,-0.06051814531253363,-0.10810910284382488,-1.9783306102446403,-0.10270824887746022,-0.1145402019199848,-1.5480102587920668,-0.09141702279250585,-0.08802103701920216,-0.21610401394915846,0.0013861460647821523,-0.0569304006075994,PVD_2020,2021-04-20,18.402170463218614
-0.002852479323761017,1.2404608944665545,0.02147551663355703,0.06428571428571428,0.019251496755689157,0.4482196420273149,0.0031809617904565712,0.037612457932913436,1.2384346563238742,0.025034147950646624,0.04716187346208912,1.26790525245279,0.03447234451311565,-0.030298280086181333,-0.5759684975331882,-0.05304292039235492,0.040472547402608985,0.5682253141598446,0.0072068076029423445,-0.0015764691110867757,-0.09425906451550481,-0.001243822202094267,-0.00029728018648219993,PVD_2019,2020-04-20,16.807910340609293
0.001911228842534991,1.8711579598834696,0.024448853547250727,0.03571428571428571,-0.004729085768629243,-0.0967138553038825,-0.0007122675569624093,-0.013399891467158052,-0.38755003809398236,-0.014820136781066529,-0.013344897228052419,-0.3151346132461228,-0.017373875278894335,-0.023054799081293383,-0.3849702929315576,-0.009675863234379523,0.011455077198282777,0.14126779898375663,0.019588827763065697,-0.000991882466224503,0.0796809172883427,0.001406180586042138,0.00407193080392617,PVD_2018,2019-04-18,16.896156294717912
-0.001159809249964186,1.2747520603371698,0.030236072414634954,0.06428571428571428,0.07459390644522787,1.2335250660585584,0.05613434658195127,0.016632212529364032,0.3889642181157329,0.010051297278376836,0.012769157115746214,0.24382387358393648,0.0015144612548707581,0.03249060414972571,0.43868904063887015,0.0040097634299822715,-0.06807551334059973,-0.6788427835028891,-0.09948440643535506,0.05619701984336889,-0.19739706120562084,-0.002409075557479088,,PVD_2017,2018-04-19,17.10811248363567
-0.0021229914267979276,1.4221524554308422,0.019267773500557347,0.07857142857142857,-0.002282070386537856,-0.059219877856459234,-0.008314428579290656,0.008697301273210223,0.3191817003729801,0.0015846415724167784,0.011319181530386885,0.33917424363464055,0.0019354399896143182,-0.11761289821558135,-2.4919986023098364,-0.1261196436973807,-0.12395196907580636,-1.9396597566411444,-0.14027341576262553,-0.008472009864067376,-0.12214291679367206,-0.0012775734411060349,0.02495353846677687,PVD_2016,2017-04-24,16.734997808730306
0.0023470239647476023,0.4777659251930383,0.029138566975812005,0.06428571428571428,-0.08469979494009583,-1.4533967132015335,-0.09585619004959911,-0.040625948805918105,-0.9858715398272148,-0.04356098943524589,-0.009770027895514056,-0.19358289788744848,-0.014363478996161194,-0.07960569009078695,-1.1153220718691232,-0.09103523092230781,-0.0958691517817074,-0.9920061230611286,-0.10657667290254613,-0.0954594991046459,-0.08460834298133502,0.0011893747166660015,-0.016898428894027172,PVT_2025,2026-04-13,19.193313252129634
-0.0013278008766512124,1.0322891211870482,0.010066209342606358,0.05714285714285714,-0.010711162052657113,-0.5320355303620063,-0.018167122471791197,-0.011195938438592555,-0.7864652643540306,-0.01385264497562444,-0.010844757493130899,-0.622004117424223,-0.014984148099672301,-0.06256986030161521,-2.537602550602553,-0.07526182083871524,-0.06806389363990666,-2.0387054739368806,-0.08466531243117092,-0.01699543365293088,-0.06733273212357915,-4.8087277600436225e-05,-0.007928013872441155,PVT_2024,2025-03-31,17.18023680919651
0.0016730344110067,1.587994031513876,0.017979747568699692,0.07142857142857142,-0.023350363939305604,-0.6493518290533574,-0.00912599284825133,-0.0032147535391516087,-0.12642969645106944,0.007189948073345054,0.007155967250311353,0.22978629719317015,0.012839073222868036,0.01002185400104108,0.2275562961921684,0.028948189119882395,-0.02129746926508811,-0.35714787260968833,-0.005066159178764629,-0.009300540877690944,0.0128620292400341,0.0009519976562654231,-0.05310818582783193,PVT_2023,2024-03-26,18.00000356226819
0.0017863899442568838,1.4719994654641293,0.02305720626933442,0.02857142857142857,0.01631790493361316,0.3538569404940359,0.022827267578253707,0.016236811067646,0.49794233857581277,0.01735688662179191,0.0006695945982568164,0.01676658555402045,-0.0007689935470759357,-0.015058046895359112,-0.2666160778953942,-0.012308992306913735,-0.048972001265395415,-0.640390417456223,-0.04176934121473741,0.02243987531790037,0.08448676610227912,0.002048735164290759,-0.07473803242912261,PVT_2022,2023-04-07,17.160467799978946
0.0033086747981232543,0.4990867415471071,0.031170588568732772,0.06428571428571428,-0.07818595683806163,-1.2541623438655565,-0.07948804972718648,-0.035277699615512574,-0.8002768561070239,-0.03316715524153224,-0.025697814905350856,-0.47598204058527577,-0.019546423350395803,-0.12288335068524975,-1.6094312025293946,-0.11909135387742009,-0.11116839330776651,-1.075325596334642,-0.09971931377553589,-0.07882124174863803,-0.26694575889045746,0.0025463112822878926,-0.02500013388468518,PVD_2025,2026-04-20,18.98939457599562
-0.003442296641957017,1.0761071931706105,0.015386746748861965,0.11428571428571428,0.16444094971166143,5.343590571665963,0.1497047033729373,0.12700805456235997,5.836728069434051,0.12133185493802712,0.10897746547854353,4.089114486419542,0.10083186709604941,0.1467782244672246,3.8943878257109517,0.12585772719678923,0.1356774889172381,2.658671308501048,0.09641866694499113,0.14973710769583115,-0.12946953268915062,-0.0012077658535200604,-0.043538865306787466,PVT_2019,2020-04-16,15.446091316970593
-0.001979001301901821,1.5753711895247935,0.0161760894782984,0.10714285714285714,0.007943482520399114,0.24553160796544718,0.005728037966783561,-0.004105254887704843,-0.1794533575923735,-0.00503121088614189,0.021588509354799935,0.7705281121323043,0.020085381138272407,0.053282493598843794,1.3447308728455365,0.0416098883850724,0.03334535351794955,0.6215347898579647,0.0024890223873463846,0.005396012252061988,-0.051039369935868106,0.00022471823243424123,-0.03851386589298495,PVT_2016,2017-04-05,14.979956796277511
-0.00039549748684198814,0.3487939106929537,0.01183599896816566,0.06428571428571428,0.026124595060819406,1.103607525274573,0.023374608809909825,-0.014683457990808734,-0.8772198058224208,-0.020880144053079697,0.009240149238770125,0.45072686003985296,0.007740721004632634,0.04441292131992057,1.531894287261301,0.08292460704416282,0.10781075009080839,2.746381129911055,0.11534115120917365,0.023373511069805897,0.08912954966703912,-0.000639741188921602,-0.02047329678813625,REE_2025,2026-03-16,17.422981307299622
0.00010540949559792006,1.1337412542100966,0.012639518800436674,0.06428571428571428,0.022024571886744074,0.8712583221911566,0.021001921574392513,-8.968310651190879e-05,-0.0050172426477387115,-0.001045389253221063,-0.010248345743982019,-0.46812582563126975,-0.010079056315038915,0.027149235487569305,0.8769027642743876,0.027352174487979553,0.025634086116720058,0.6114922485662527,0.024902620883771154,0.020647880443801503,0.05810403959995114,0.0013903850989923352,0.022834527060693575,REE_2024,2025-03-18,17.373497060647363
-0.00016645501075783527,0.8479246882706717,0.011265529749943447,0.07857142857142857,0.0012629451902193434,0.056053519818971824,0.0001239551171229314,-0.0019170168616018893,-0.12032595471104711,-0.0023724161663739585,-0.005451692535525228,-0.27939530788069367,-0.006177918423825424,-0.004797443389606524,-0.17385317032373518,-0.004044477437354255,0.0027228276264444386,0.07287392931582863,0.0038357077062525224,5.044120013564246e-05,0.0612853398067128,-0.00034267008810695294,0.026439290248343437,REE_2023,2024-03-28,17.20897785001395
0.001814899624798646,0.9886502735061171,0.02130978664470292,0.15,0.019542741126146786,0.45853910815678256,0.026963535559132223,0.016582351483211546,0.5502398206653257,0.020267251486873028,-0.004561847157173154,-0.12359502833645414,0.000937721427326621,0.007381214185876086,0.1414077073212075,0.018364690125580063,0.0806039264937309,1.1404618291386388,0.10037657747368034,0.026906688243404142,0.10351645562795642,0.000826334438084698,0.0064777898226331294,REE_2021,2022-03-10,16.81807252696266
0.0021191190639546324,0.7531913531671862,0.015073991113789473,0.07142857142857142,0.009736643651165264,0.3229617019695043,0.016215151152385476,-0.023440995942694706,-1.0995951280403062,-0.019526634225532025,-0.0382837328009106,-1.4663086419077043,-0.032876903176313865,-0.00017579488775826962,-0.004761045821099625,0.012731235487340231,-0.05443592118962975,-1.088832258644495,-0.03160799910930545,0.01566570240514098,0.011566016392317469,0.0018424338972146388,-0.03863696949846975,REE_2020,2021-03-16,16.773971172788592
0.0010623482079191303,1.093346568391638,0.013739749913315913,0.06428571428571428,0.11504741454704268,4.186663340776828,0.11447632284745246,0.07749673737095056,3.988316298371923,0.07959712460707347,0.09109562452946468,3.827877776225885,0.0925526388571587,0.1389021198860799,4.1271896026536385,0.13374831145817123,0.09449843637706734,2.0737168283487017,0.09534127874866483,0.113380043305645,0.07480067460598372,0.0005409478565900178,-0.009583849400440545,REE_2019,2020-03-17,16.235965641676966
0.0006812933027396111,1.1805330018519782,0.011655726485359308,0.08571428571428572,-0.020743225042820564,-0.8898297789020706,-0.022032169663243506,-0.03992977560291408,-2.4223814050152126,-0.038115854388660164,-0.05004307927228636,-2.4788146260315793,-0.04832124003592486,-0.03712754314357626,-1.3004128088049485,-0.03918315085951807,-0.06120485285873438,-1.583252447052622,-0.05643641136378019,-0.021871761562921366,-0.003308924376611011,0.00047783284070988753,0.005508762671799882,REE_2018,2019-03-18,15.747816781780257
-0.0017608802175202326,1.1088652146328202,0.015381214230714202,0.07142857142857142,-0.0744627217184026,-2.420573584161861,-0.07860671445569345,-0.05811560695068632,-2.671696730258351,-0.05968997441922863,-0.0496508368349659,-1.8636970776283566,-0.052921994955349105,-0.08956296182379869,-2.3771807287120956,-0.09869240068286655,-0.10042577142058819,-1.9686033181188394,-0.11639181495011452,-0.07796881110212917,-0.016215288614457535,-0.00012243771910219148,0.040256370195126394,REE_2017,2018-03-16,17.08126653874979
0.0022443217536278724,0.7815939186397396,0.014590778194745614,0.12857142857142856,-0.020174853892905263,-0.6913563356123996,-0.013437977072770058,-0.0002512141434248792,-0.012174485964680862,0.0031974906584969487,-0.039680667460702715,-1.5701454531267487,-0.034326671699774325,0.02695931757387946,0.7543185952598574,0.039103365839570525,-0.030818941076486018,-0.6368584484260387,-0.008289078984383469,-0.013980232682157756,0.07960501219720828,0.0009692224226652009,0.01389621399666472,REE_2016,2017-03-22,16.15468885696196
0.00012927485036005827,0.5064380723805711,0.019204270128286485,0.04285714285714286,-0.009841337216830372,-0.25622783763947377,-0.02622502810958882,0.0006986444140009724,0.025724289414703637,-0.011249115693105938,-0.010837132697136457,-0.3258036591934618,-0.02733881061998622,-0.025585354813247713,-0.5438986899082807,-0.04714745493200356,0.027712195702384895,0.4350876826670487,0.007555750829500663,-0.026859784804758036,-0.002324761469474468,-0.0004611005577981624,-0.04347383296261843,SAB_2025,2026-04-15,17.781819558520876
-0.001091311893960904,0.44506133200455766,0.00836559446786757,0.14285714285714285,-0.02116065476705725,-1.264743040577438,-0.016174820555366343,-0.02922531132680459,-2.470286588818984,-0.026689441931752045,-0.03940210712941133,-2.7193306160348563,-0.031855834830876506,0.011833598493251114,0.5774899050463977,0.012777083609535222,-0.005235598995989734,-0.18870057579461474,-0.022974435822583072,-0.01597850919154764,0.009275724922970019,-0.0005698171274763698,0.004199872797386137,SAB_2024,2025-04-16,17.631277932487023
0.0012491344439584013,0.26060188480890634,0.013918554669364395,0.22857142857142856,0.0026213224814907524,0.09416647574982934,0.01608787953454638,0.007937466175950399,0.4032484903628063,0.012307993445929366,-0.008180205456818171,-0.3393199893747366,0.004169612724835514,-0.057480034539507535,-1.6859599573372481,-0.030224806612986432,-0.031937984458255415,-0.6918580891382206,-0.007513599452448783,0.015929456392252184,-9.327181946128249e-06,0.001108279142614734,-0.023547059498447966,SAB_2018,2019-04-10,14.820196081405355
-0.0010369827951841948,0.7396676782260176,0.014812057392934116,0.1,-0.050137033073611253,-1.6924398732592145,-0.06183995859696456,-0.014384876962515749,-0.6867137884289641,-0.018801098517358672,-0.028343910837965353,-1.104800239296429,-0.033416593943745077,-0.0740297327470768,-2.040399320347489,-0.08859828545001791,-0.10603933237281073,-2.1585159194094374,-0.13041114124616526,-0.06195052775627796,-0.0008436610749389395,0.0006931548050552328,-0.017613044518053223,SHB_2025,2026-04-20,20.738581132641695
0.0024509099391080403,0.962147725360132,0.012971352301259313,0.24285714285714285,0.07348066398469644,2.8324211029856396,0.08347344028740467,0.09675987658810808,5.274667073500288,0.1019776845678323,0.09294855168480626,4.137106917587831,0.10039990753741768,0.03870556467075144,1.218182980562381,0.05303220044094503,-0.005539697882406406,-0.1287669718844031,0.020392698220842553,0.08397327244467634,0.2647558886470086,0.0015082771481063333,-0.003758644783997699,SHB_2024,2025-04-18,19.670576358821318
-0.003092791794011374,0.7118627145990418,0.019397025037622657,0.15,0.1477157222444867,3.8076901472771176,0.12698264462156605,0.03545996786614028,1.292671617950233,0.026681962135838067,0.037710032416173,1.1224348746469117,0.02626039795608326,0.0656035449153261,1.3807547811122312,0.037808668182162886,0.08454124118698361,1.3141264319203336,0.0361707982353594,0.13488015420204014,0.015653693319781836,0.002099011829864912,0.0009474113699812657,SJS_2025,2026-04-20,14.327138756132976
-0.00029941807200811374,0.701687004513523,0.01216983430178753,0.12142857142857143,-0.04077124700699902,-1.675094582060598,-0.046852721423097266,-0.007044453655451885,-0.40930556867095097,-0.007227162876468296,-0.017308222036335995,-0.8211210115165349,-0.017747434950244556,-0.020872138619514095,-0.7001750967545893,-0.025935912559921004,-0.03682100854279506,-0.9122516806015002,-0.03874517533595201,-0.04657646878200217,0.06095886464368505,0.0006749220923177474,-0.024124558521111797,NT2_2020,2021-03-15,16.444064708231544
-0.002948311614440889,0.7889080624688253,0.013684370729084778,0.15,-0.0004142289859751253,-0.015135112683505517,-0.01231035249213519,-0.006678886418314448,-0.34511531225380176,-0.015155453285807363,-0.006441429830256323,-0.2717670633228526,-0.019383594304405394,-0.017987196629762545,-0.5366152685947467,-0.04604347085609539,-0.02882876279211516,-0.635191723758962,-0.0769135557747811,-0.012095176731526935,0.042995964026283695,-0.001060936167073389,-0.0467264456152255,SSB_2025,2026-04-01,17.241909103208027
-2.6120926897322215e-05,0.8980347555156623,0.01708757379953339,0.22857142857142856,0.02987359815008385,0.8741322349372855,0.028170732508400187,0.09370916767383008,3.8778113674231443,0.10368072837393572,0.13446803777215305,4.543369276173855,0.14600284993263513,-0.04536487745194357,-1.083836352903672,-0.04758196648692181,0.009797944221370224,0.17288535932257015,0.010008097111400494,0.031930872933241705,0.006861065614840123,0.0002086430236040222,0.03309987982148207,SSB_2024,2025-04-08,17.284423669923797
-0.0008849571883196143,1.6814174119934624,0.02052275071012652,0.04285714285714286,-0.0654502929152225,-1.5945789587291395,-0.1103612583775716,-0.06293457368031223,-2.1683966466773326,-0.08310928758316583,-0.06919257838283421,-1.9465399311965497,-0.09259560206873185,-0.03298038492492362,-0.6560614585547057,-0.08231587632738357,-0.08470234014524444,-1.2444100124197384,-0.14350967212730847,-0.10253719017488183,-0.04217758059230481,0.0014327524770139928,-0.10425211839050341,SSI_2021,2022-04-15,19.150113291419665
0.00256435576403174,1.5002800213644434,0.01993667734717519,0.07142857142857142,-0.04948732777889568,-1.2411127219728892,-0.034862668304245004,-0.03736541524925074,-1.3252628833028708,-0.02034816760646163,-0.05404815055636718,-1.5651913169644278,-0.037891996243514914,-0.056406435599773375,-1.1550485822568752,-0.04814210104043737,-0.07370814242913148,-1.1147214123563882,-0.04006696189920145,-0.03734177066834854,-0.018417215435723167,0.0019965738463036515,-0.043695123173350066,SSI_2020,2021-04-19,18.75358928122753
1.0142467068256977e-05,1.414558827471982,0.015497107864754483,0.1357142857142857,0.019491243022787978,0.6288671148478443,0.013532476989235653,0.00032131364381520443,0.014660997291386509,0.007886957875292255,-0.006022511332198439,-0.22437080319679556,0.0034094611562165422,0.0015109846729698898,0.03980464710192746,-0.0002640793994418411,-0.021632679207320885,-0.42088486777930056,-0.030049205575043203,0.011349509300740968,0.10415943878883493,-0.0005909418405861963,0.02724045177183283,SSI_2019,2020-04-17,16.220367494433365
-0.0004083261396373638,1.4812994122790692,0.016474788173576366,0.08571428571428572,0.06591457119066682,2.0004679421731835,0.037976937751011186,0.02262415399068968,0.9710408739023298,0.020216983595254034,0.026420837622442416,0.9259043304725628,0.017089651101698577,0.05500878075448937,1.3631277359632776,0.01883275690344688,0.020672712983746466,0.3783391581202048,-0.04019782053762422,0.03707365223268422,0.06443491578260774,-9.571382272803683e-05,0.013123528020854258,SSI_2017,2018-04-16,17.939856334519682
0.0009879776458498384,1.0416729191152487,0.011341134086216047,0.17857142857142858,-0.003465095558789478,-0.15276671329549557,5.300760265658511e-05,-0.011535365396626283,-0.7192168819635721,-0.010340835668325776,-0.03036644123515498,-1.5458835852012425,-0.02825457760878125,0.005387706725359711,0.19394198529246265,0.010628191492963235,-0.02734858270840092,-0.7270796625822606,-0.016855617523016342,-0.0006366467787919383,0.06097587378595082,-0.00018720145409889977,0.021843115040549768,SSI_2016,2017-04-14,16.254344875949293
0.0009532883428153859,0.810648103501172,0.024884614797483513,0.05714285714285714,0.022598190771585744,0.45405948525815665,0.022524481806474705,-0.0033572043886241315,-0.09539637275259026,-0.003251635303921252,-0.0207213302832092,-0.48075751681668777,-0.021679394175685096,-0.0017967947724881212,-0.029477586860491053,0.00043274103925960983,0.038639860108076726,0.46817506601151254,0.041755935987796255,0.02172991390201373,-0.023152013130164906,0.0014197357614965656,0.09349924815017863,STB_2025,2026-04-17,20.348537055971757
0.0018383486036844486,1.5390370795259296,0.012532523786449444,0.05,0.050025036581638024,1.995808563145384,0.05468502320235935,0.06498513094406923,3.6665740715793587,0.06416198487854563,0.058240897761044894,2.683050802308596,0.06235145492426175,-0.0028637876315883784,-0.09328818558570122,0.013560962871474569,-0.04592757691467304,-1.1049398911745356,-0.011071968267118981,0.05474287963441149,0.06186270845130892,0.001449727756946781,-0.016920470519546024,STB_2024,2025-04-18,19.961165776599834
0.0019774451080460105,1.2583672118802864,0.018753472408323073,0.1357142857142857,-0.0428170907093013,-1.1415776709783738,-0.03991498853498088,-0.045123861782842965,-1.7014123019591707,-0.04855415835386345,-0.06041791875885743,-1.8600449505992283,-0.05892537738753634,-0.059252686762752936,-1.289884217151638,-0.053437010173968624,-0.07181632478473324,-1.154636121621304,-0.052093523664546115,-0.03973863462421512,-0.0751194474559177,0.00023680314515109845,0.03556286502729755,STB_2019,2020-04-20,18.5558562040882
0.0004499990832276964,1.2189662270626345,0.014784230608273885,0.06428571428571428,0.006024031754311524,0.20373166226655784,0.011137306775574785,-0.022432597906583213,-1.0729163065475287,-0.0207222184628989,-0.023198914569611324,-0.9059585125908706,-0.023245993120380448,-0.0064482691985005645,-0.1780609993505772,0.00017820023697801002,0.044599249668708554,0.9095623635122467,0.04706706952984996,0.010339147565341378,-0.03749013807766399,0.0005348828852675463,0.03894193326547835,STB_2018,2019-04-19,17.669659954920576
0.0022542484095881884,1.423666462684037,0.028506128255354098,0.07857142857142857,0.010652058915092275,0.1868380514476142,0.022488282294234163,0.0291376711557096,0.7227724746630974,0.0373981595311097,0.03653837987397159,0.7400318719897747,0.047426332181526254,-0.01238225928938512,-0.17733155978565107,0.007394491378459711,-0.07810253173729126,-0.8260960291798009,-0.043558517628607074,0.022129928866533533,0.07976175963246857,0.00038055806061496674,0.05825502713636107,STB_2016,2017-06-19,18.158654964425715
0.0027411845771480336,0.4460020231259481,0.022851771286510714,0.16428571428571428,-0.016471079767231972,-0.3603895636955453,-0.002738178515017786,0.002009290831461303,0.0621738750352768,0.012116395767617139,-0.02305348495873834,-0.582446567480892,-0.013386461197128052,-0.04471139726625724,-0.7987718443941814,-0.033808676673014126,-0.03731264039012645,-0.4923112625590877,-0.022199542361282076,-0.0034177051454271634,0.05976764689209291,0.0020509324339315813,-0.016505580541469722,TAL_2024,2025-04-18,14.801851527188205
-0.0016087563612473172,1.0767498522015515,0.013740174233334825,0.07857142857142857,0.012671898142966372,0.4611258171757122,0.00868789432614625,-0.028213883608739696,-1.4519632782346297,-0.031727004869818276,-0.039524403106335246,-1.6607813252935382,-0.04513445257389115,0.03495456880609003,1.0385707427469995,0.028734668045116818,0.017764692314121044,0.3898244792737903,0.006857361623795244,0.0073968877582797354,-0.06595402146295093,-0.00044304513321390343,0.0172906312690849,TCB_2025,2026-04-06,19.89814156618756
0.0011401664101292341,0.8934258884320587,0.024131166176850925,0.07142857142857142,-0.018000420130008687,-0.37297037362571656,-0.016532596763084717,-0.006918886743749563,-0.20274162048000427,-0.005597420063421676,-0.003345029441428237,-0.08003150922347349,-0.0007276196373381394,-0.02060977389404959,-0.348673781342734,-0.017185705895220393,-0.08857800078946997,-1.1067543077824242,-0.081343744640609,-0.016813566795561785,0.016725444105024634,0.002038234983247957,0.0013103640089461993,TAL_2025,2026-04-20,16.237684061216832
0.0013201666808240321,1.5232781392573482,0.008464225428644499,0.14285714285714285,0.042720177657197614,2.523572772094695,0.02380772153912436,0.041364297544776954,3.455599752098511,0.00218664375893185,0.07185763961365467,4.901455889144315,-0.000938529622790063,-0.0025452861240645337,-0.12276477247099334,0.013546403512696648,0.0029998442057037793,0.10685999181030895,0.011121188286361994,0.023031218457817637,0.03260836827313762,0.0010003174901482956,-0.029070721966653595,TCB_2024,2025-04-04,19.63658667029824
0.0023085701938448527,1.1510212686331258,0.013850676102101847,0.06428571428571428,0.04284637796519816,1.5467251435724572,0.04731463927401769,0.012276509251151393,0.6267421804392075,0.0117785591244155,0.03562630435413913,1.4850434922792275,0.03732148086922338,0.01049466313573168,0.3093299022064647,0.023118299899845707,-0.00449682729342488,-0.0978901270652608,0.025073018608850473,0.04687024169945686,0.10230512125447155,0.0012160569027444424,0.004761793254509141,TCB_2023,2024-04-17,18.999291935038567
-0.0005125219661321498,0.9538254244095538,0.011883527605486239,0.06428571428571428,0.021641666114073553,0.9105741507295485,0.021327718849658672,-0.007343432869744728,-0.4369570511190158,-0.006812219427864252,-0.0063020471637926685,-0.30617917063462224,-0.005461523207839214,-0.010424432324159669,-0.3581223367907754,-0.010547990593611667,0.006509762101142583,0.1651670437564955,0.003151467516251283,0.02053121349494158,-0.058962892916743614,-0.0002339125439696281,0.01802057299631586,TCB_2021,2022-04-19,19.085529224712054
0.001293573711042868,1.322268944514992,0.013306200902290007,0.11428571428571428,-0.027820917235324788,-1.0454117384676187,-0.02674154849033228,-0.012189455620109445,-0.6477616557306362,-0.004485475832929797,-0.007057726255520154,-0.3062316722416222,0.006059474296678857,-0.03664534900606681,-1.1243179924183846,-0.030013297240565007,0.002798692047196568,0.06341685417241115,0.011127105193065145,-0.026535344415627327,-0.11461822898758567,7.645312934808843e-05,0.0003483232271466953,TCB_2019,2020-04-16,17.142332961441564
0.0024890662016635316,1.2701684924592445,0.015514665754833928,0.05714285714285714,-0.042724784451820125,-1.3769160459840488,-0.029319438534526898,-0.02206742252660609,-1.0057596056821378,-0.013417671707985468,-0.029575919636584763,-1.1006144401398181,-0.019143760076190453,-0.044001566085451686,-1.157844095127954,-0.022697998465474156,-0.06650219213984739,-1.2924007314309556,-0.041369261663422474,-0.029486660390821595,0.01341008915454589,0.001629705691593282,-0.022581965107441454,TCB_2020,2021-04-12,19.305455706295557
0.0011139149670830251,1.3343559648238408,0.017569673574565854,0.08571428571428572,0.05145467538325038,1.4643036811377363,0.06983518657594545,0.06896064040243394,2.775380900309809,0.07802176911331138,0.11856448301829897,3.896101762871551,0.12995166263634994,0.09198388385826592,2.137334150005203,0.11829914203126801,0.04138129698736706,0.7101401424494653,0.076642341729379,0.0725332891955317,0.0036438551710695766,-3.0458905431081627e-05,-0.1096672907158009,TCH_2024,2025-07-07,18.589619036527047
-0.0022182159784401682,1.0779466706540723,0.019743181027584638,0.05714285714285714,-0.019201423879674603,-0.48627989210165506,-0.02540519955721454,-0.01699563111059654,-0.6087026195047812,-0.019504359253122105,-0.014441748211722331,-0.4223203548585778,-0.01842909056049513,-0.05439055758744422,-1.1246846251081009,-0.06417212353354662,-0.057687937453004975,-0.8809911413501014,-0.07868049413180644,-0.0259029616611135,-0.15442602712060038,-5.769367879885035e-05,-0.04585153542724346,SSI_2025,2026-04-15,20.546871232334674
0.00044019055512742073,1.6547211758118505,0.029126764518808353,0.007142857142857143,-0.13211218079782744,-2.267882873027609,-0.1569057971843324,-0.07198623094822237,-1.7476006311198575,-0.0675796015607667,-0.09700606395098557,-1.9228526772673937,-0.0904144449432499,-0.05270615160742895,-0.738743099212668,-0.0828047621349739,-0.060459055044632164,-0.6258536188129235,-0.061360221016492966,-0.143792645980099,-0.13996403276642067,-0.0007279925761150463,-0.030838195998144927,TCH_2021,2022-06-15,17.69002710575439
0.0025675272480059014,1.365811947552722,0.02093366884059619,0.07857142857142857,-0.06896987472325114,-1.647343216529236,-0.06466646852456892,-0.05121911026459696,-1.7301018980582357,-0.0541249274525234,0.011547295863946976,0.31847424482674525,0.011926457996911277,-0.08254587849517257,-1.6098092521240155,-0.07773169842234295,-0.10490828234655836,-1.5110125945201311,-0.07629619992281889,-0.06376485659818232,0.05766240363462061,0.003023126563474547,0.008478751363295244,TCH_2023,2024-06-21,19.04383035939684
0.001699506672112402,1.0599230906707047,0.031401985467043175,0.02857142857142857,-0.02397557614933111,-0.38175255151451826,-0.020111258473846427,0.015569855506186316,0.35060045556908265,0.016486742151846534,0.03887811687282164,0.7148048414221134,0.04157778944894497,-0.051712401423307006,-0.6722982372883058,-0.04450914946242468,-0.005043363445219962,-0.048424686240255,0.01062153959525225,-0.021497171084134403,-0.07180962025913329,0.0011118501588355911,0.0509673552612539,TCH_2019,2020-06-11,16.453772513533202
0.00026533223756818383,0.6684506422456379,0.02011915670205378,0.1357142857142857,-0.06428099260530978,-1.5975071310704572,-0.06518274357821763,0.010902366714781585,0.3831739843359143,0.014777930457698818,0.02243882824032633,0.6439168259736116,0.025347860343166828,-0.02010039903490967,-0.40786766886733805,-0.021740028361311503,0.014667647549285762,0.2198134941672998,0.013304109988535484,-0.06452516158394261,0.004949464310511242,-6.473486493254469e-05,0.048981823594573544,TCH_2018,2019-06-17,15.749852355566082
0.004570477377639527,0.29296291851082823,0.029000145089912055,0.05,0.001040294350975815,0.017936019763875082,-0.026145145644108192,0.0002774237222702876,0.006764386683967747,-0.0033518898092388394,-0.005452805341026228,-0.10855734072086565,0.019070931562347515,-0.011318961547807177,-0.15934219250944082,-0.05050270192713757,-0.18917025657032077,-1.966782519046042,-0.20429169421899196,-0.026927758389416523,0.3826254578385446,0.0014191713899061032,0.0754186815973487,TCH_2017,2018-05-29,16.416932429160592
0.001061619566368858,0.6953641707000531,0.02172547701950659,0.04285714285714286,0.011252192409626497,0.2589630690162413,0.006448936100687752,0.019087978726090495,0.6212631917929543,0.015510967535350306,0.003774706882961977,0.10031209133098822,-0.0032589986685690464,-0.01690690067512049,-0.31770134627943963,-0.02695059729302962,-0.043046985470440884,-0.5974163171450058,-0.057568768341894616,0.005988484598312249,0.03318782550617039,0.0009916077561454698,,TCX_2025,2026-03-25,18.388717254278113
0.0002748956597553214,0.5328480609913279,0.016022564723663455,0.2571428571428571,0.045469250987791116,1.4189130071242073,0.03219165214031705,0.04339572391724782,1.9151372570875884,0.036985549096697934,0.04922622529291853,1.7737968243050077,0.03825264399578332,-0.01076472568648006,-0.2742807368615269,-0.01013942891597941,0.00533060579594387,0.10031091455510573,0.007072081882963599,0.032124899304940335,-0.060372733956313485,-0.0007243262592829756,0.023560507180503162,TPB_2019,2020-04-14,14.219754431090688
-0.0014922063992728126,0.9766092629363476,0.015233052393753476,0.09285714285714286,-0.019211588446498937,-0.6305889308953245,-0.025859226743378372,-0.005717885782507974,-0.26541993727530855,-0.008912749181376523,-0.002798194047016684,-0.10605478432886928,-0.007451074189756546,-0.022264495311709168,-0.5966921083244756,-0.03196767682978263,-0.044426941121789645,-0.8793527657399006,-0.062006110517253465,-0.026193866117263154,-0.0602862019344661,-0.0004913744863389642,0.022891471195579806,TPB_2025,2026-04-20,19.156786270580092
-0.0005033456660494685,1.2710706599379133,0.013001660795590078,0.12857142857142856,0.05045525436192332,1.9403388211387889,0.04550336609164529,0.010971590641066984,0.5966996266609819,0.011937921713860877,0.04130352435713899,1.8341196006407725,0.037905079191624225,0.027530035147235336,0.8644349335033399,0.02747652022730085,0.03662401840770541,0.8493189606741205,0.03816506301699196,0.0456321995904313,-0.16551549539155042,-0.0002533047088585991,-0.0034418527715016477,TPB_2024,2025-04-17,19.299664442593944
-0.00037605214513908633,0.6549975647762596,0.016977495963973997,0.07142857142857142,-0.015307384054075598,-0.4508139506131425,-0.02308622474100408,-0.011929743198400256,-0.4968696403346607,-0.015852431637599418,-0.010657926343836515,-0.3624419441285423,-0.019814077386651086,0.026213789827518243,0.630348250788706,0.010774722868421849,-0.02000090083643821,-0.35520541526015575,-0.03823212045819169,-0.023240486433496743,-0.02926895981226707,-0.0005064779440699771,-0.023845198619745316,VCB_2025,2026-04-16,20.237599413217048
0.00040088893559833943,0.7613547576500056,0.006977898095319618,0.09285714285714286,-0.006711367900136971,-0.4809018280618471,-0.002520809998710849,-0.02657996571662962,-2.6934864546877377,-0.02751519770878541,-0.027802076708076308,-2.300339765954013,-0.024936892737453697,-0.02919623430874894,-1.708152309149362,-0.029402600574025217,-0.06349599349619152,-2.7436288281680223,-0.06531741151963832,-0.0026100180204816636,0.03412286658273955,-0.00017782265687925575,-0.0007423897555988148,VCB_2024,2025-04-17,18.951538632935925
0.00015641959358866702,0.6279504673643268,0.011292540067734022,0.06428571428571428,0.00928516999596357,0.4111196391719665,0.02165220990909411,0.015462768494319112,0.9682346392103388,0.028376925711106615,0.004916334616363621,0.25135594801156014,0.018271313219714647,0.004222719351161326,0.15265989280356906,0.008185954000180518,0.001705760808294949,0.04554389284892433,-0.006860388458130862,0.021600346714933494,0.004925474316256895,0.0006173452281831464,0.015774098917244208,VCB_2023,2024-04-17,18.256913231795654
-0.0012039339449773346,0.7943424263298947,0.021687175784031693,0.17142857142857143,-0.0010811549327236023,-0.024926134769462666,-0.005229688588664461,-0.0013917407060475197,-0.04537747564273242,-0.0036531599176100604,-0.004283606887514228,-0.11403705186130565,-0.008238665587745775,-0.004939077633337977,-0.0929752227933334,-0.009660365632854773,-0.014008382692772384,-0.19475501757898706,-0.022825797193865682,-0.005461820130166939,0.08391678522973889,-0.0012049835737909177,0.06374909530350639,TPB_2018,2019-04-08,14.824110340890899
3.446940170411486e-05,0.6170215986412552,0.015850365949659977,0.06428571428571428,0.015942621331216263,0.5029101972108809,0.039817807150249185,-0.008995453902674621,-0.4012996592402757,0.004880584518559661,-0.013223155972986842,-0.48165403150859964,0.004215044648381405,0.08597278708198237,2.2143490859519193,0.12636380519231571,0.04479940152475293,0.8521902795750361,0.07430859626940967,0.03812964682244946,-0.03034610156633155,-0.0002452874670402673,0.07712748450942782,VCB_2021,2022-04-18,18.031883968036816
0.0021258349653333185,1.3575694463273371,0.011454920083042901,0.05714285714285714,-0.03649064427863786,-1.5927934902250507,0.0011653943997197436,-0.04906821529626793,-3.0289576465989376,-0.022185188659483268,-0.08655022169314078,-4.362299643358365,-0.046202881992025935,-0.053334909954838305,-1.900832625042877,-0.008847821085822383,-0.09934439752142617,-2.614899331973006,-0.03079169145141336,0.0005681397277439437,0.011334882661366064,0.0018866856299892387,-0.017901719482261182,VCB_2019,2020-04-06,17.48589544019943
-0.0005780737889128154,1.0818903002262048,0.011713104938405815,0.10714285714285714,0.04382612561330827,1.8708158871525113,0.038634179574996486,0.07474761080430611,4.512427981748393,0.07147925250423703,0.07906850788899648,3.897363214466965,0.0766678870600731,0.036807760033747,1.282896822712705,0.03138568838504141,0.009172971619989492,0.23612483807330467,0.0016840887006709382,0.036560702993779004,-0.04451899512986024,-0.00021039811232338723,0.019523017129080934,VCB_2020,2021-04-20,17.954970193649775
0.0006008271852855518,1.5153547568179646,0.013744838286999309,0.05,0.0228346553461369,0.8306629321254104,0.002076863173676835,0.002594016272381837,0.13344984192679715,-0.0041512080621960434,0.0017877028923074384,0.07509224368838324,-0.024227996571643762,0.045288823486484206,1.345165681793791,0.018003251526583663,0.025091946070983244,0.5504252752897646,0.014897324228829278,-0.0004403906119745393,-0.07762541848483118,8.207320676027063e-05,,VCB_2017,2018-04-20,18.23743913667263
0.0006923950698272618,1.1889331881410237,0.010097341467747042,0.08571428571428572,-0.01675465254071269,-0.8296566276494883,-0.01243348425224089,-0.010945840989006176,-0.7665263588280811,-0.0092108817146076,-0.014994381753920606,-0.8573554107890996,-0.011799357488016082,-0.03525946386389585,-1.4255847334753569,-0.028704697307684324,-0.021067141447032024,-0.6290747088621376,-0.01719638387491096,-0.012604185342262264,0.10729642899197922,0.0010800047207846484,-0.00782781363670654,VCB_2018,2019-04-22,17.255754127306368
-0.0010300436796931186,1.451010645279587,0.010899897135278712,0.1,-0.005608193878090446,-0.25725902769939507,-0.01322384036341695,-0.0058820254728442194,-0.38158342664522804,-0.009367477137337987,-0.0033591780412221737,-0.17793033478071538,-0.005273286773073815,-0.0063074917090067415,-0.2362428448047137,-0.015565972700784525,0.008426307558870215,0.23308727507874483,0.00032537441798841105,-0.013169898233363786,-0.04102364552002391,-0.0004264375330967227,-0.0009716876513939307,VCB_2016,2017-04-19,16.693342643712025
-0.0009529557693190089,1.7869144641610524,0.01619378500350738,0.07142857142857142,-0.012328864631176752,-0.38066655289379436,-0.007446090509871106,-0.01252698471117403,-0.546994778254302,-0.016116484258706598,0.005804440706291273,0.20694330593784338,-0.013412395123961085,0.006827673229009991,0.17212689454537639,0.012358211758086601,-0.01630050133030127,-0.30349829100029896,0.010802001309291986,-0.008249714319333634,-0.0731004922312315,0.0003988282250417689,0.011606979477866052,VCG_2023,2024-04-19,18.64186722604062
-0.0014816872971903138,0.9312562707723211,0.022263017695927485,0.07142857142857142,0.00023865342528528455,0.005359862453169158,-0.007683078491192652,-0.01667024112061099,-0.5294718218974933,-0.020252115210968702,-0.0024650024266466876,-0.06392528784801184,-0.007428082824351923,-0.027941063796775443,-0.5123695127306098,-0.03903521761132034,-0.02229794374045994,-0.3019843531694825,-0.04202006015717408,-0.009042250717472777,0.0826213758866815,-0.0005405749497349754,-0.057597515239548654,VCG_2025,2026-04-20,19.19142930842607
0.0009583651692326627,1.1605653462862404,0.014886079950241677,0.12142857142857143,-0.031732288435020226,-1.0658376329123858,-0.02870112498691224,-0.009984723483948296,-0.4742864278152547,-0.009408381257523857,-0.01760749347569565,-0.6828991334137248,-0.015150759180353024,-0.055666076891209185,-1.526632988915067,-0.04830895510199951,-0.07735876954531334,-1.5668696324656044,-0.06245772604132149,-0.028349689238636455,0.12299128795970216,-6.504458804967915e-05,0.029612311189855186,VCG_2024,2025-04-18,18.895770480143696
0.0019643339198099083,1.731364771148926,0.03192302974630707,0.02857142857142857,0.004037040013331012,0.06323084064096432,0.009374372806082443,0.02590305010765889,0.573762031050934,0.031310537558019824,0.022398883988465717,0.4050994471094613,0.021929991237797375,-0.01768262336000655,-0.2261345747884141,-0.013922802813905122,-0.010504732916866742,-0.09921665240941563,0.0026311639018472555,0.008589518603636215,-0.015722878772733928,0.0009977923193785743,-0.00763557633334349,VCG_2022,2023-04-17,18.450065290769597
0.0034151632584545136,0.6591283463930736,0.031203588394579942,0.08571428571428572,-0.059452294978898645,-0.9526515705037549,-0.05598449281160678,-0.0410509095692341,-0.9302576409873171,-0.03835821095486014,-0.04154883986547709,-0.7687652323031093,-0.03393231578865252,-0.07788999231928233,-1.01906408347938,-0.06788533088644855,-0.04913709545049039,-0.4747976909122638,-0.019847750026694366,-0.05628563317310742,-0.0008893474750716335,0.0028675336362145353,-0.025593685298564366,VCG_2018,2019-05-10,16.61092467526242
-4.182503727605095e-05,1.1961293119768426,0.023731019731674394,0.07142857142857142,-0.013003788159554708,-0.2739829199627318,-0.0190977783457007,0.007528725342899167,0.22433139426155613,0.006681010349626648,-0.04322587036062004,-1.0516390855025002,-0.04714565672005111,-0.03167119581200243,-0.5448443300537413,-0.03643409102504558,-0.0068499187952337365,-0.08703074075838269,-0.023710433070174175,-0.02044888186571403,-0.2186827861465187,-0.00029009633523514574,-0.03499488259941348,VCG_2021,2022-04-21,18.566030149692416
-0.0025506572337893065,1.2025765073653591,0.019979295202712792,0.03571428571428571,,,,-0.0660824001445468,-2.3387868683649704,-0.07103435617993792,0.03613842191077071,1.0443074896575306,0.023532123952901274,,,,,,,-0.004889802798090925,0.11642046058740008,-0.001475750551392301,-0.022365621694003798,VCI_2025,2026-03-05,19.47466823254251
0.0008969578587564535,2.144301947248466,0.018515708470674613,0.06428571428571428,-0.03336887501619791,-0.9010963601270756,-0.05344907120809639,-0.013072228482438164,-0.4992226692158096,-0.020192586424837566,-0.013396954626683154,-0.4177390982520103,-0.021910580476766528,-0.010188820958018773,-0.22465080094242762,-0.0214025015403424,-0.009309489616036993,-0.15159650714471273,-0.058139316885769565,-0.05215015162464898,0.1390820559274748,0.0008408011364240556,-0.0547685374506798,VCI_2023,2024-04-02,18.99488805851816
-0.00023718806975827765,1.1476752645768127,0.01928748926417488,0.11428571428571428,0.013459177214468715,0.34890951927756,0.013532805256269098,0.03699328469184851,1.3562264173262588,0.036952736226857796,0.026700873219020652,0.7992619531476965,0.02600998464631543,0.12145527822693854,2.5707809360163347,0.12112786168207434,0.1413364300273397,2.2094393143496194,0.1436134278147052,0.013193283453732718,-0.07853352708907535,0.0017304992581780978,0.052172387731080586,VCG_2016,2017-05-08,16.41074839358479
0.0015396905375627571,2.055911449154419,0.025811703317036458,0.014285714285714285,-0.03328715055686736,-0.6448073214698872,-0.0051289959748223035,-0.04056477111290543,-1.1112643121185881,-0.0291939413383856,-0.011386433442946074,-0.2546891358795246,0.003567224294584004,-0.06127587766681605,-0.9691639484961591,-0.03739904146215278,-0.06389640817686298,-0.7463859206215111,-0.03882916214110055,-0.0056916387214960285,0.20660659733871467,0.0017470724137748014,-0.041049611738338494,VCI_2022,2023-03-30,18.252258509084296
-0.0011237987192411992,1.7803167857369617,0.02192568300803377,0.02857142857142857,0.0025481199814147704,0.0581081095736246,0.012087097911009925,-0.01554239316382255,-0.501244663529044,-0.020708584018722886,-0.014218653537433276,-0.37440764989365316,-0.01283794991449505,-0.01006698255972142,-0.18744357558347968,-0.0036923002734077226,-0.03307386091469174,-0.4548156730676424,-0.05841585872243349,0.011578206932846724,-0.015835123228277292,0.0014501863093898748,-0.011016250413804336,VCI_2021,2022-03-30,18.01951472393302
0.00023188011572726085,1.9537649678016868,0.01142818314530996,0.04285714285714286,0.11191180154620559,4.896307668648684,0.04229397884403363,0.0014174176829340772,0.08770122447571484,0.00988433929744681,0.022155119629662802,1.1192736517670896,0.023180133420460214,0.1649297026394752,5.89177372230963,0.0020147536194230486,0.1028721189670758,2.7140894151714634,0.040563250643464555,0.03966066969960891,0.03640254546131372,-2.0697314370979307e-05,-0.0009011707351153381,VCI_2024,2025-04-01,19.084291593674784
-0.0030109190132027452,1.0465512231677614,0.019553742142813916,0.07142857142857142,0.026382263399220996,0.6746090647645313,0.014144716236604626,0.030631030976642562,1.1076861687203479,0.024329043713765208,0.029262772709552534,0.8640223225662167,0.019708337629415262,0.014531718490039288,0.3033971291904801,-0.0034316492618593486,-0.06397182302758073,-0.9864214345909801,-0.09778071013732237,0.014124004303461168,-0.17526259543586398,-0.0016180876081811637,-0.012911926341144239,VCI_2018,2019-04-18,13.695916238066285
0.003078855053433816,0.827626639084244,0.02041173465486465,0.1357142857142857,0.013652885197133818,0.33443716146584285,0.03538898089933329,0.006790172997123763,0.23522632705553528,0.013517513870797915,-0.01990498851844577,-0.5630168466158362,-0.007765252693175628,-0.05578952116376689,-1.1158275877095645,-0.02523768188731834,-0.09106925245390105,-1.3452268129756157,-0.03701019868113309,0.03459807990822106,0.18040055596992843,0.0028386051719795904,0.003818645787624854,VCI_2017,2018-04-16,14.109607069392107
0.00022485693240184145,0.7545709365717073,0.02047396314853479,0.16428571428571428,-0.002564263289690888,-0.06262254335146633,-0.0022187022731214867,-0.0005584634545560047,-0.01928758457249038,-0.002156016656640558,0.00107224328066587,0.03023644920321693,0.0023026084116701817,-0.010964755945778152,-0.21863587609992138,-0.008502865592415865,-0.058843413486714104,-0.8665619153072558,-0.0602296786487706,-0.0022227536823152816,0.13925657151838144,1.2126202308494906e-05,0.005519078527349702,VGC_2016,2017-04-18,14.578883312909552
0.0006912211842378405,0.6079453838052835,0.022234170280496356,0.09285714285714286,-0.006873499827002058,-0.15457063925230974,-0.012156394645813862,0.009190643744624801,0.2922873412098759,0.006844085470374295,0.013499175016403606,0.35053038774265005,0.007667786201394633,-0.0037461952763313145,-0.06878501864527037,-0.006825343271108175,-0.03548333289764137,-0.4811795212998345,-0.043139742362119704,-0.01248610759953861,0.01634384460266869,0.0005322308951930003,-0.052890806544140315,VHC_2025,2026-04-17,18.238820872978902
-0.0006994427556860954,1.1957342790849816,0.01254700136114647,0.05714285714285714,-0.006887650761494311,-0.2744739784129966,-0.010663447699092887,0.03629814802505517,2.0456414942704946,0.03326528664732953,-0.018572572718549434,-0.8546169359480027,-0.02118089664900269,0.07876118350180619,2.5626934750395964,0.07652342684133473,0.10503783562768422,2.524116969470654,0.10265775784324438,-0.014474202670676006,-0.29743989485461786,-0.0009663344374223856,0.041576189711769386,VHC_2024,2025-04-18,17.802670218579564
0.0015336845213642196,1.341632334044819,0.01829444074553042,0.06428571428571428,0.04205018082820446,1.1492611720989037,0.051959605578873136,0.019998451313635684,0.772969271583536,0.02233490470130406,0.04205687108347217,1.3272636304691825,0.03955624940709079,0.029252181023624473,0.6527749637906682,0.043337631874044824,0.015759210189683508,0.25972811740287516,0.04894696036079238,0.05229641233895865,0.001145213791049482,0.001474325623607916,-0.037925951457756096,VHC_2023,2024-04-19,17.90597435176111
0.004775709594994624,1.3908636150347649,0.025948058455530446,0.03571428571428571,0.05371499957581093,1.0350485310464987,0.048591797881194276,0.016020239280862658,0.4365652193647916,0.011480281905954182,0.04354962293137715,0.9689891274766401,0.040185050028598734,-0.03594651191173071,-0.5655568435400673,-0.048303816059255045,0.059338008407686334,0.6894960071956724,0.08214101898318116,0.045276778754794855,0.2745244965867899,0.003306092587853963,0.06658390449787732,VHC_2021,2022-04-18,17.972858567210753
-0.0013207547867356774,1.1713972204748093,0.022562061108398406,0.07142857142857142,0.09157131888360724,2.0293207797739967,0.0913844939996955,0.04064940070741431,1.2739734527481867,0.04014564001969134,0.013935357205458798,0.3565978389638514,0.01157207651466674,0.06622184532865152,1.1982484675002039,0.06651310096402874,0.11717349576472504,1.565864842186265,0.10568250141987112,0.09520857871215282,0.025379203412901563,-0.0012513446419869358,-0.01978461599860222,VHC_2019,2020-04-13,15.534379340363204
0.0013616059780450465,0.8666791330063712,0.024134842602203842,0.05,-0.04191199876758772,-0.8682882142301723,-0.03756045427089749,-0.03585925870981476,-1.0506107464615246,-0.03338314390535713,-0.0417973841372891,-0.9998710735690688,-0.038501370296431525,-0.04069099633954361,-0.688300726327218,-0.03421520207366657,-0.053113780112771826,-0.6635389143141617,-0.03549303681664295,-0.03773170017414362,0.013717473264187818,0.002301341383803496,0.029884706148382845,VHC_2018,2019-04-22,15.62500772678611
0.0027426063281673755,0.5516714411447387,0.02487378500754763,0.1,-0.23716713567858155,-4.767411465657845,-0.19803146357353185,-0.10956998136777152,-3.1148326165931435,-0.08848676229155605,-0.12502799880296292,-2.9020492354994327,-0.11153564638937896,-0.301970047635327,-4.956171956982268,-0.2471665460478124,-0.3191787235569631,-3.8689731406407457,-0.2521393178762923,-0.17435275795174632,0.5013929907965569,0.0006686590432100987,,VHC_2017,2018-04-23,15.740289977365673
-0.00023296378804854063,0.6149742156134851,0.021951994634869867,0.07142857142857142,-0.013227541457739665,-0.3012833612105627,-0.009202006661806816,0.0023825111248198414,0.07674426860219966,0.004259409759328814,0.065740029011692,1.729001126218578,0.06639303125877738,-0.03183943650132501,-0.5921282205650334,-0.03313768759268099,-0.022530604543865528,-0.309458570082738,-0.026249699668574933,-0.00928060571593925,-0.026336764179606953,0.002536857262608865,-0.0070863221936357836,VHC_2016,2017-04-20,14.730625125461538
-0.0005317778951083529,1.8939209941987063,0.02683548120121686,0.05714285714285714,0.0986697096093988,1.8384188617591215,0.13170911181619904,0.03707996859669637,0.9770459133678328,0.04907531255723585,0.01570954043682584,0.33798191774684605,0.03402930778443147,0.09927636480169158,1.5102917629783212,0.13975467955870102,0.10609136270321515,1.1919946274443223,0.16276218408692267,0.14176503001828422,0.2703444515088479,0.0007787885447302126,-0.060482258629843536,VHM_2025,2026-04-13,19.674784522733635
0.001565731204213567,1.274071200811477,0.017900297365408192,0.15,0.06111761594513197,1.707167615640844,0.06629194241100345,0.06549938212522889,2.5873903834570253,0.06987259936809798,0.037736493746872754,1.2171403847811324,0.056371004605511255,0.036931868627926884,0.8422973050785018,0.042949730574545986,0.07421505591500788,1.2500731602420319,0.09255059616627737,0.06594208043582983,0.35023377867571004,0.001007428663758472,0.011304444367263265,VHM_2024,2025-04-14,19.088887003292154
-0.0030334123639417557,1.299353042576052,0.016009521213205726,0.07142857142857142,0.04019079045123474,1.2552152533481977,0.021865509408253936,0.020857689054943822,0.9212401279349668,0.012458861878871796,0.027659720559045753,0.997490611855544,0.015628350647001632,0.04404320666746174,1.1231168995676333,0.021501315607585836,0.09684705224039983,1.823944923181672,0.04812436010119592,0.02177020760451087,-0.10714717209435254,-0.0019474208957578254,-0.021178030775402444,VHM_2023,2024-04-02,18.844838782985757
0.0009695409906526765,1.443347460115366,0.019018285906414342,0.15,-0.017728200641983174,-0.4660830300170202,-0.00714154235656872,0.003955884265578637,0.14708121455027606,0.007535769423721472,0.008627205060075178,0.2619015818932756,0.008707126930369902,0.0018228821197499648,0.03913015677475286,0.015590179144530314,-0.03225657158959435,-0.5113879515381177,-0.0266173445400546,-0.00732771042359559,0.004162936470983425,6.503797873994831e-05,-0.0019182143774936983,VHM_2018,2019-04-19,16.9442303192228
-0.0014646388544115783,0.9481560687935099,0.015034760882988257,0.07142857142857142,0.05524040055467641,1.8370894284451373,0.0505667618137462,0.034396178970286476,1.617702575124798,0.034814805416758965,0.026445647975505752,1.0155400605558307,0.025844315488407932,0.03524479366723412,0.9570239842444426,0.02717782833604454,0.015603630526307767,0.312919617205552,-0.00014506647429524122,0.050879600047055384,0.02808818527822121,-0.0007723664071065593,-0.039363460008050785,VIB_2025,2026-03-20,18.440571005077622
0.0008817971970956643,1.0800312220479582,0.01108828496893673,0.1,0.0650645359128114,2.9339314463456887,0.06941322889164836,-0.0013832787135747001,-0.0882125379515267,-0.000970945672056911,0.035016520524511895,1.8232573935056084,0.03628026540996776,0.0560517122737475,2.0637110046716294,0.06163095825660225,0.05481104491454877,1.4904155057517887,0.06566430503138698,0.06999444810334965,-0.02842523912722117,0.0007886702208442084,-0.004124806108802784,VIB_2023,2024-03-18,18.012949809695314
0.00046403912007074287,1.0463599000686494,0.008703704221897849,0.15714285714285714,0.0023681140448931154,0.13604058596885238,0.004148836891190721,-0.00226490815093058,-0.1840057832225464,-0.0011669319300271486,-0.00017306269895545892,-0.011479916284061207,0.0013847580300556661,-0.02576755344992996,-1.2086301851691745,-0.022834536156358887,-0.014468783306694419,-0.5012236397268666,-0.010037823873541907,0.004135913224113885,-0.05857573805844751,0.00048825914790913297,0.007589875611694662,VIB_2024,2025-03-17,18.68109173546342
0.0003152478849030155,1.0956279398365099,0.016734480678772597,0.09285714285714286,-0.027855621174578585,-0.8322822114794685,-0.025515791243903352,-0.00873792071215842,-0.36921629703604175,-0.009065888902501373,-0.010697073474182752,-0.3690558654559693,-0.010979983720634023,-0.02013233621930412,-0.49114113561948,-0.01681211119728765,-0.011787388351100981,-0.21237774741996943,-0.007569634321664465,-0.02543690619561123,0.0306982633137165,0.0003389840254691205,0.012000299849077689,VIB_2022,2023-03-03,17.501865495724978
0.0002154450455781336,1.1793382721694716,0.019892065350484087,0.02857142857142857,-0.011120075515150554,-0.279510330355916,-0.01338453639539594,-0.0019051863944843025,-0.0677239992543768,-0.005254008555561573,-0.006730911841618899,-0.19535898837954202,-0.009824965615047643,-0.0170213552617732,-0.34933221184234053,-0.02285659578897392,-0.016117109445144186,-0.2442929506761418,-0.014901892481027579,-0.013124828185498427,-0.0002945321851125504,0.0011827298250392318,-0.0014804479674325917,VIB_2021,2022-03-07,17.444795829873353
0.006498427895990822,1.6638182940618995,0.029665002053497157,0.06428571428571428,0.136618486157682,2.302687960568947,0.18872655834156715,0.051785402298272665,1.2343774345791831,0.07447968841254227,0.049281841778446786,0.959139816192682,0.08356591382640244,0.11689880561875277,1.6087555788824621,0.18831759585502672,0.2203714660432803,2.2398278251745274,0.33828128568656646,0.20795475656841544,-0.03526371156073804,0.005009930689093172,-0.058648163629955834,VIC_2025,2026-04-13,20.347456903891633
0.0027192943791807403,1.0123262353187379,0.014114590893779633,0.15,-0.06164331253747933,-2.1836733703931097,-0.050720956517066096,-0.09733818895951674,-4.876407258252512,-0.09212293920085257,-0.17062675376485742,-6.979401879831095,-0.16267327345116855,0.013559508726690945,0.3921931778866503,0.029955332150423453,0.11205123380779378,2.393602366603084,0.14247071063881533,-0.05490693219950138,0.6107737434914878,0.0018907350599407535,0.0009085564281551156,VIC_2024,2025-04-21,18.816349504712406
-0.001529771256467578,1.13814488778166,0.017073744844152063,0.07857142857142857,-0.07936243627215077,-2.324107481884188,-0.08984118024097809,-0.04189723616537808,-1.7351682408244642,-0.049635746160866634,-0.052263402591261374,-1.7672918173639893,-0.06163728444294703,-0.07871864108013785,-1.882232102092815,-0.08902036962020532,-0.0411208824703841,-0.726168317322388,-0.05412881044287743,-0.08489076072650692,0.08029215141466717,-0.0008117543128203638,-0.013522675511603886,VIC_2023,2024-04-17,18.334395878443893
0.0005461867622639891,0.7720435874208216,0.02080146793137691,0.08571428571428572,-0.027054231881566387,-0.6502962187768926,-0.0245622276710018,-0.009944790052373385,-0.3380544347498975,-0.007667860777066937,-0.021401845252842097,-0.5940139012614961,-0.016480246243228303,-0.019921997336929335,-0.39098785635022626,-0.012796038427884127,-0.01910485705757346,-0.27691945387690997,-0.007085107456451634,-0.024324746877794845,0.02187022317498799,-0.00048691902340762566,-0.015178594463637658,VIC_2022,2023-04-07,17.65963830359502
-0.0011542983762780719,0.6722645522933788,0.017137653466069297,0.11428571428571428,0.007316177890653069,0.21345331509760979,0.015021670833310519,0.022506594256128064,0.9286315335662186,0.031243918353737743,0.020756221753059474,0.6992561869811821,0.03417240635881402,0.03163752500564482,0.7536600925928648,0.0456612564068658,0.05331309990189679,0.9379641423404506,0.05679475579236859,0.014612434444300937,0.05333515979815928,-0.0022080848086929697,-0.01325879241847033,VIC_2021,2022-04-19,18.789672001756156
3.9517803979640005e-05,1.1713225985849656,0.013858112263736747,0.11428571428571428,-0.04329061630912398,-1.561923279493298,-0.04163697009539569,-0.02717028068517511,-1.3863569116482772,-0.023019975361125655,-0.0042863011008886336,-0.17857389573192536,-0.0012695346911723027,-0.0610756814386446,-1.7992380247552457,-0.06327745930884832,-0.08739265582996215,-1.9014045105165396,-0.08509731913904206,-0.04079394835436001,0.2226624780045423,-0.0005234057357015598,-0.029491655017905367,VIC_2020,2021-04-19,18.35225699236096
0.004762361208903368,1.105154254333678,0.018970587023617626,0.07857142857142857,0.08045744039750857,2.1205838358439375,0.09478103713742436,0.026511170925709218,0.9881733609732961,0.03441439263266621,-0.004921882976671892,-0.14979243699541883,0.003689110455162181,0.0716969421303286,1.5429229480222721,0.09396812849834824,0.0009859833382390038,0.01567084675205916,0.049943284026052415,0.09592136184970579,0.22437670232611917,0.0028721012227412484,,VIC_2017,2018-04-20,18.40819096419916
-3.424789739754645e-05,0.9470913621781079,0.014021412751116109,0.18571428571428572,-0.03213935958431551,-1.146081359802963,-0.03239575159418351,-0.013823309079135461,-0.6971163150101402,-0.014333146703026212,-0.0037440529281403245,-0.15416634573787558,-0.00372698065110888,-0.02923513409368054,-0.8512119090336908,-0.029200739451659796,-0.049357209200259884,-1.0613594203901977,-0.050565993255537345,-0.03215846135435918,-0.07021119109588048,-0.0008712196582782906,-0.025941449356974837,VIC_2016,2017-04-18,16.384397309632522
-0.0010020579591800156,0.8213373929204462,0.01052054481680296,0.11428571428571428,-0.03207157931804906,-1.5242356682339169,-0.03744549871610836,-0.020601856483832014,-1.3846918271269315,-0.020299047670365722,-0.04328122699660717,-2.3752028523692053,-0.044453825036036454,-0.030314338591604154,-1.176343727636524,-0.03653298061756449,-0.0457587919719771,-1.3114144879350116,-0.05946031919136585,-0.03717051971752949,-0.022107424788206265,-0.0011764500332079816,-0.0050270075006172065,VJC_2024,2025-05-16,17.64904921417264
0.0001901951096606988,0.5656189600633816,0.012867655466115934,0.06428571428571428,-0.013351321759296524,-0.5187938779700084,-0.02377156296265892,-0.006528032328166357,-0.35873014623422833,-0.007151671846881591,0.0009247589316447079,0.04149239304133638,0.007103463360612516,-0.01519652746980036,-0.48213572214999456,-0.029333097080433745,0.09896334191326049,2.318881661290144,0.07432843326418659,-0.023701711362619893,0.05668893586419077,-0.0003116246176390908,-0.001742245039484851,VJC_2023,2024-04-22,17.850323431960273
0.0006594612435611634,0.15680325489162347,0.019273149919462093,0.10714285714285714,-0.011489530469369529,-0.29807090479193965,0.07244360791507276,-0.02830994003094304,-1.0386548464841194,0.008427543919580005,0.009202733531252352,0.27567889544529783,0.030700330827623468,-0.024035015287346324,-0.5091152169383326,0.012118944498318629,-0.03087290232110926,-0.48297918756164643,-0.01054633066647881,0.06999967728040901,0.01666690393722181,0.00035985791644997493,0.04751182493233163,VJC_2021,2022-05-11,18.324325317342044
1.2078010890797524e-05,0.7495419790593669,0.017347580785981528,0.10714285714285714,-0.0001390844080942505,-0.004008755163332161,-0.005139343600984447,-0.006115014659854078,-0.2492548319205488,-0.008128457180485826,0.003919924525809835,0.1304602358161766,0.005275751626021785,-0.011395331672894724,-0.26817137975154076,-0.01897114351091378,-0.003954223959556298,-0.06872678084144576,-0.006947815184991213,-0.005154934243866149,-0.1479189833651865,0.000506737124395036,-0.004941037502039851,VJC_2019,2020-05-28,17.299082989561626
0.003298569751175983,1.059759274696847,0.01861987671602341,0.09285714285714286,-0.07716513625360102,-2.072117270980539,-0.06700326493025976,-0.018317257300147126,-0.6956145331793043,-0.013395249026372458,-0.03566538307423048,-1.1058837194629791,-0.027225032460822085,-0.06369167827982455,-1.3964656786441871,-0.04484911782008283,-0.029975096619184155,-0.485386225877696,0.005667517586795623,-0.06259582721041468,0.00848619059727207,0.0019770485859885523,,VJC_2017,2018-04-26,18.56264240458312
0.0001878608261097864,1.7610930460377963,0.014147513753274362,0.07857142857142857,-0.011027479419897929,-0.3897320621916936,-0.014078991459408052,0.011388108166972296,0.5691889508068712,0.00541027910191938,0.014246619712325596,0.5813947149582884,0.012827135378168708,-0.06449156909214714,-1.8610035155546378,-0.05574741911536174,-0.10549674520946381,-2.248343140102712,-0.08276812864284566,-0.014351301511310699,0.21063210660628107,-0.000909010482709951,0.04635280100930282,VND_2024,2025-04-18,19.403908874071256
0.002552936730132908,1.6965279997315608,0.02419005931931096,0.02142857142857143,-0.042589084641945885,-0.8803013684209314,-0.030710276254947155,-0.015037458623121266,-0.43956440221429144,-0.0064844923470041005,-0.04587503785469717,-1.0949111411789676,-0.022513162625275807,-0.05278878816535441,-0.8909003586841476,-0.036078069759732934,0.02560192304245997,0.31910919020137457,0.06547114380120733,-0.03050025441023363,0.13896742438903298,0.005539835020662151,-0.0027950161214187925,VND_2021,2022-03-22,18.921382072980467
-0.0010249496481119045,1.9587008880677284,0.016866536827065223,0.02857142857142857,0.06415018130835358,1.9016998559364515,0.07064304358986528,0.05176869689172611,2.170332712675784,0.04766767591356935,0.05200187393306485,1.7800510099644462,0.028998049650821422,0.04796036901552608,1.1608630071103592,0.055514485130105595,0.0004960135540780231,0.008866889222859055,0.03501153565670667,0.06954616797298674,-0.09032796822881561,0.00041337715496161736,-0.0334239525233472,VND_2023,2024-04-19,20.100696301023092
-0.000574292517846477,0.5048689561042524,0.01671223046943114,0.2857142857142857,-0.08182436293328424,-2.448038371746719,-0.07452489361197934,-0.0877375142192458,-3.7122388529980332,-0.07473323822951428,-0.044460590955002835,-1.5359609959396685,-0.037675114067813764,-0.09244250592135708,-2.2581961801939032,-0.08429605967518117,-0.10167048904072541,-1.8342737619984093,-0.10409917942728653,-0.07256615412122236,-0.028054458765650048,-0.0009186803145774278,0.04499664556660302,VND_2019,2020-04-20,13.938220731612214
0.0001824862020145245,0.47686608161656474,0.02095130912267937,0.04285714285714286,0.019256305202542654,0.45954897352209106,0.05049647385207279,-0.009610137898682897,-0.32434219916790963,0.011042476662858847,-0.0075286309178399366,-0.2074647012075755,0.012223674488743286,0.0069601796030172546,0.13562309675329054,0.028776602453796207,-0.011472963531553094,-0.1651079958982456,-0.0046498585327252595,0.049697473095334344,-0.0687962476816868,-0.00011728679655998429,-0.04347171160853085,VNM_2025,2026-03-19,20.024193508650864
-0.0010860064784445661,0.6691931568165883,0.009480673321441802,0.09285714285714286,-0.013827596459479645,-0.7292518152801816,-0.019994597752149845,-0.012554686777349427,-0.9363790793064463,-0.014039657029210728,-0.011481776146044832,-0.6992126322612159,-0.012476973267657177,-0.012467422677244218,-0.5368610247295498,-0.018789679595545228,-0.035244599015925686,-1.120874655006022,-0.023436733830006773,-0.019948598776053594,-0.029736826779460324,-0.0002943326003726603,0.0027652700554582944,VNM_2024,2025-03-20,18.860554252996163
-0.0026168442547193998,1.4415985695346076,0.016970303844077245,0.1357142857142857,-0.024010120817135536,-0.7074157610181869,-0.027795466780934364,-0.036669240757858115,-1.5279083414816426,-0.04026859863283083,-0.019519255898839516,-0.6640687020762626,-0.03018733127350559,-0.019469024572015107,-0.4683590860571472,-0.027251399906136675,0.032621002718103836,0.579577271060062,-0.001170182756187521,-0.02839408746028893,-0.06793567862200911,-0.0012114509989852075,0.02641383636679752,VND_2018,2019-04-19,14.818413919616733
0.0012499526839475426,0.4514924453467237,0.0141637777881154,0.05714285714285714,0.00563799089505841,0.19902850000192598,0.01049033354947937,0.0015657028421826574,0.07816552289879708,0.010630552914879687,-0.02357985554500986,-0.9611726581722488,-0.012081524935093957,-0.009265919000118273,-0.26707532749835966,-0.005661631890531704,-0.02964289894940674,-0.6310230542389517,-0.03376327989772088,0.010777616489737185,0.03279857047804513,0.0009981792749606208,0.03596330709270065,VNM_2022,2023-03-20,18.41536853114988
-0.000885275072594473,0.4608688707372738,0.009528688434060269,0.07857142857142857,-0.012901724502818492,-0.6769937222787826,-0.031460304546527595,0.007032352198671958,0.5218581719597881,-0.007087536515000492,-0.004361145490729175,-0.26424502600456057,-0.020108878517550388,-0.02181576247205571,-0.9346771904669572,-0.04076710122703231,0.06252745613128605,1.9785238547397699,0.03260203237479431,-0.0319818034642797,-0.06412375451201624,-0.0013982275694186285,-0.00958228556711614,VNM_2021,2022-03-18,18.649587743734358
-0.00012002140152025867,0.5905901675682761,0.010413302994326893,0.07142857142857142,-0.011303898185310517,-0.542762377675403,-0.01598649231680571,-0.004341819675525329,-0.2948276965460166,0.0023306857721409058,-0.015458137880612078,-0.857053719785537,-0.008750213719642241,-0.023276952961700785,-0.9125611978254313,-0.025472749287713148,-0.033468543543504085,-0.9690628967925877,-0.04068960771142305,-0.01581542791891788,-0.020902138502972845,-0.00047847742669644905,0.0007702692374484,VNM_2023,2024-03-18,19.120642620706043
0.000596284803959497,0.8907770667063278,0.013868897732011975,0.05,0.02746839956901588,0.9902877683499586,0.03384335064565425,0.014478420736112616,0.7381833568320608,0.018372600625774616,0.010549376301912085,0.4391614507065818,0.01560869919573682,0.020911565469612717,0.6155579930615044,0.02782134503731648,0.02509771489116208,0.5456270504610499,0.03402912012424664,0.03336007767800564,-0.08663778765142793,-0.0005016214395203774,-0.043850085649309326,VNM_2018,2019-03-20,17.918380683307742
-0.0027967196185249665,1.4185541664558459,0.0193576925159488,0.05,-0.014667215683016157,-0.3788472120561849,-0.02029725867877119,0.013854729502072106,0.5060919928523994,0.008702600386068737,0.001896804796434181,0.056572897772768006,0.0011171496611112053,-0.017323203795748143,-0.3653414955911984,-0.03345822625149408,-0.022715290512543927,-0.3538085843273321,-0.03186477211552474,-0.020724838916327593,0.05246976058505748,0.00024294483233073803,-0.06859781401847226,VPB_2025,2026-03-30,19.977769804613967
0.00017177611037540283,1.1924726941790378,0.007894174673331264,0.20714285714285716,0.005543634147968767,0.35112183207047076,-0.006553974222075598,-0.005396038982742678,-0.4833406802023765,-0.005059072283464028,0.00015219125827433452,0.011130696693327106,-0.0002623114189895803,0.009318146967160938,0.48188920654186423,-0.01781744348976777,-0.0500956773400317,-1.9133621508723024,-0.06010179584964459,-0.0062205097135946685,-0.022177085445615363,0.0001894147322973917,0.0047922076126843405,VPB_2024,2025-03-31,19.19980433567578
-0.0005586054939832652,1.002978436365321,0.011688986607318331,0.1,0.015785929821276336,0.6752480070168341,0.013584416510334818,0.0115594590212243,0.699271214464239,0.010435875727272448,-0.0011769137465741878,-0.05813091341657942,-0.0029146444142817973,0.010954671425387166,0.38260167730944566,0.007645612676739577,-0.019442486747785242,-0.5015088577131118,-0.025444889561684336,0.014236417616416475,-0.0018133570193892279,-0.0004928780699580538,0.004652618564576487,VPB_2023,2024-04-19,19.1425887633727
-0.00037031616597088947,1.0421651029937744,0.016010116560259146,0.06428571428571428,0.009027124186928602,0.28191937744338585,0.0062806513047865,3.902009265393386e-05,0.0017233710956616178,-0.0018417328935119714,0.041520473369640945,1.4972943130437066,0.03934901701829896,0.010452482579197845,0.2665319848234609,0.006431982734539599,0.027177734213865247,0.5118260791267445,0.018969796695889496,0.006229078516769571,0.06275794274159152,0.0008829228210814237,-0.00971685450004449,VPB_2021,2022-04-07,19.381268660442565
0.004131107052836689,1.6424516141529213,0.015790026792942283,0.09285714285714286,-0.07829511768025146,-2.47925854423652,-0.009391498225686523,-0.0065028372463106325,-0.291209152087948,0.04242155254482616,-0.045329905187584896,-1.6574533599962091,0.028097644222841778,-0.03667228849218142,-0.9481553945825142,0.045127965118669455,-0.06502920433087417,-1.2417358812454848,0.0615680881891858,-0.012177629185810668,-0.16718421770045044,0.0020188345725476392,-0.004833817532858463,VPB_2019,2020-04-06,16.97898805830992
-0.0017762011979108208,1.5824031362033055,0.015572413147613555,0.06428571428571428,0.001581136875293196,0.05076724012859569,-0.004807391727679411,-0.003469147903068388,-0.15752587501665888,-0.007761288738741379,0.015098519902239505,0.5597805842480352,0.01140906656265106,0.002936294396164935,0.0769782535416908,-0.021410277006514877,-0.015927891504283156,-0.30839407728410534,-0.04829800533175832,-0.005711795985576362,-0.018189196878800606,-0.0014185140137027092,-0.02739313138109294,VPB_2018,2019-03-14,16.34596434819734
0.0026293473716325773,1.3710287875885667,0.01647523671550885,0.05,-0.026892118569318453,-0.816137547328948,-0.012670117057377084,0.0019211618045735946,0.08245505440852272,0.006874240798246389,0.018088745837296853,0.6338933065911645,0.024450653535298184,-0.007903708669680931,-0.1958500268274898,0.0020069776913039794,0.14660033242691,2.6829152205124815,0.173345575150321,-0.012826373418330705,0.13307017663992649,0.0009082456174561038,0.04481766111543001,VPB_2020,2021-04-14,17.879126158998957
-0.000416383994739624,0.5926087842529923,0.016952664294563546,0.07857142857142857,-0.009062189770637413,-0.26727921974906077,-0.019090322596709508,0.026187383435127828,1.0922929922259683,0.021479741786191164,0.023692456172744552,0.8068847298229146,0.014229017806980382,0.00653735786534225,0.15743042664581788,-0.0034701102731594657,0.012248128922234994,0.2178389045956121,-0.008188880089528228,-0.020589835314287486,-0.028453856895257368,-0.0011134598061309864,0.008849272503761054,VPI_2025,2026-04-17,18.278604301678754
0.00024740447838015147,1.0955551486169774,0.016935002936615543,0.08571428571428572,-0.017061429674129797,-0.5037327049185478,-0.01477198312140282,-0.00512012150398794,-0.21378636009215166,-0.0037847639519075216,-0.0230727754539095,-0.7865999887407551,-0.021552915002398865,-0.043314382231957174,-1.0441700284835493,-0.038820825684879434,-0.04121693739491927,-0.7338276975701088,-0.034475022683445045,-0.015236411583987253,0.20558364471009194,0.0005815988175153299,,VPB_2017,2018-03-12,17.181572725779805
0.0009794859325894308,0.47245571722725205,0.008587714780488314,0.07142857142857142,-0.009477486833091398,-0.5518049373638193,0.013446499183199845,-0.00023004682626683146,-0.01894190422035308,0.00365944357506931,0.001120330870023266,0.0753196101550779,0.000727998605415503,0.004928720903479296,0.23430469390886255,0.04005258925236188,0.03716334740844644,1.30479075429821,0.07163587025548368,0.013865852081369257,-0.05180440768741912,9.325782166898873e-06,0.017635333504114094,VPI_2023,2024-04-10,17.575092575397694
-0.00015233464044063491,0.7125405510882642,0.014654707813728001,0.19285714285714287,0.004463249253279299,0.15228039037046814,0.0013445093152392174,0.00851632185665091,0.41092248389721714,0.0013805342141256505,0.010770279663944664,0.4243157859074472,0.005450410492789715,0.025275021854978777,0.7041071439217559,0.028453179645535176,-0.02925080623780881,-0.6018168380323234,-0.034048426810542654,0.00042716242680285177,-0.03289104534886389,-0.0001341570324890306,-0.00908708615974417,VPI_2020,2021-04-19,17.203450849277147
0.0005059656060255823,0.17830564970592191,0.006642709015631933,0.15714285714285714,0.013719634979122684,1.0326837248806924,0.03082928275275376,0.008801777088572115,0.9369364593836041,0.019840445072110136,0.01008110196021723,0.8761977856869565,0.01870593936765541,0.010390181288795089,0.6385608249252334,0.0068728780069086115,-0.008345503034353866,-0.37880085295689614,-0.06229788901319644,0.030316135859587146,0.005729475955962848,0.00040116500277331206,0.0031726577981094437,VPI_2019,2020-04-27,16.093867598120436
0.0002077202173292328,1.0876519334922283,0.028088244691564117,0.1357142857142857,-0.016171379761744268,-0.28786739682955514,-0.014196716961895506,-0.019510558117307182,-0.4911680349190914,-0.01697638876567953,-0.00943278461281003,-0.19388967859032008,-0.007228501953005617,-0.028083751636587776,-0.4081829862046189,-0.026031247227621623,-0.11311982505614092,-1.2142770374441356,-0.1049391969500979,-0.014132499872806292,0.0393036716202656,-0.0006476520067691883,0.07116743490632119,VPL_2025,2026-03-31,18.030349766013245
0.0022525724188396674,1.3568201091199688,0.017821043947299598,0.15,-0.0123080343787678,-0.34532304659494495,-0.0074681454911594836,-0.02160863434108629,-0.8573915153313967,-0.015730254265967303,-0.01833098298360967,-0.5938708187575724,-0.011654383235500942,-0.03177536327178988,-0.72791682535198,-0.021708839264649504,-0.06436934028614526,-1.0890544008899181,-0.04990791873196421,-0.007441302491708379,0.16406819445367726,0.0011419093966209023,0.016370116249173464,VPB_2022,2023-04-11,19.32194315724098
-0.0012839252050489492,1.6192444142939242,0.027890861258607492,0.05714285714285714,-0.0031670347143889846,-0.056775491531506496,0.011472956652698207,-0.017557301378449845,-0.4451238256476,-0.022510223955917952,-0.03171085662162999,-0.6564254662835672,-0.04188644408510933,-0.023114385109970475,-0.33833333860769954,-0.0031222277583633495,-0.01844801983354213,-0.19943045907526227,0.022204721975926933,0.010252050515377142,0.009454597408894538,-0.00019673490964523753,-0.1977977860626484,VRE_2025,2026-04-06,19.262810125879742
-0.000660072714241603,1.3743504864230767,0.012115763900735512,0.14285714285714285,0.030726139615552622,1.2680232079170564,0.02177779668430857,0.017933013893456938,1.046616279012021,0.01342986767569565,0.03370447671892034,1.6061132311585253,0.024425163461235133,0.10277889349947686,3.463199506915255,0.09376493850284195,0.201870021785745,5.023711438852602,0.19847753710811422,0.021802988640901688,0.19360477339315663,-0.0008747414736543707,-0.02019090481823465,VRE_2024,2025-04-16,19.086720746095956
-0.001338208069169716,1.1329298170081394,0.019754559762574907,0.05,-0.016187754942088912,-0.4097219866361355,-0.02842374133565162,-0.018514728569596732,-0.6627275059904293,-0.025493809567548875,-0.03128419548714777,-0.9143174488810454,-0.03963950795730398,0.00873674298300817,0.1805537774520533,-0.006460060276205604,0.00669342058581452,0.10216083096302642,-0.012258167405954645,-0.027684997835787595,-0.08686351544544457,-0.00116002179882733,-0.003181102143873224,VRE_2023,2024-04-12,19.35428622500443
0.0012652108874415433,1.3566560377276535,0.021839253058046317,0.07142857142857142,-0.03591025407394393,-0.8221493193585525,-0.024047762297183417,-0.02411268605158058,-0.7807155205527059,-0.017217652472177214,-0.02223282457337557,-0.5877548658906561,-0.010820111303873059,-0.04539919889952846,-0.8486620531343119,-0.029624723166668643,-0.07588338041337245,-1.0476411440780575,-0.04555508301222411,-0.024291862575525625,0.06221714656259214,0.0015679580659587271,-0.042489605394351995,VRE_2022,2023-03-22,17.869110984452174
0.000689671991357824,1.5158346146521078,0.019023613828964565,0.03571428571428571,0.040025072466015624,1.0519839402194737,0.02338864080143921,0.027280046412358754,1.0139979702433095,0.011273818083337384,0.048806878707704004,1.4812466660406374,0.02430930369657569,0.08752357875685876,1.8782630747247298,0.05868840470095804,0.03910158710637816,0.6197335695291666,0.021223366250188613,0.022900192945236375,-0.03484536956514239,-0.001196492313101247,0.0163202924966957,VRE_2021,2022-04-19,19.06041711255464
-0.0010660226564311436,1.253536694149171,0.017549509039807062,0.12857142857142856,-0.06294340952853547,-1.793309698458307,-0.07212155322477776,-0.04206051700815913,-1.6947070558623678,-0.051439673245244344,-0.05528484477817557,-1.8187813654721623,-0.06283969886327945,-0.0807427124937879,-1.878290399363018,-0.09307474852438069,-0.03045958266442264,-0.5233143390847006,-0.04417699032973732,-0.07069443562484745,0.07752302264266608,0.0001610656986696483,-0.02988323355124232,VRE_2019,2020-04-20,17.82531070585569
-0.0008900880017098233,1.189021484792131,0.015213231209530543,0.05714285714285714,-0.038405165238861,-1.2622290659331314,-0.0403154383358606,-0.007328725931469377,-0.340637155396234,-0.004617040072643519,0.00023177495882619956,0.008795983774038105,0.0007591306991855395,-0.07727840693117151,-2.07377230286603,-0.08530977438654586,-0.08233085706410768,-1.6317169621459267,-0.09006896633283301,-0.04180187052839213,-0.07878668163199776,-0.0006905057139566622,0.02901163107511353,VRE_2020,2021-04-19,19.059808955661712
0.005341047868062258,-0.6365340999293451,0.02935443606065721,0.05,0.022925123115085655,0.39048822242256337,0.05246658822461403,-0.025496402755043654,-0.614172224147,-0.0011526365325347232,-0.03718348907755382,-0.731334009754932,-0.016896272272374002,0.07545769837748845,1.0494317213688544,0.09112562581896788,0.09158202938697302,0.9406762494965905,0.10590494224136693,0.05058995847578729,-0.37271285337463866,0.002219481541665113,0.05091127523101029,VTP_2024,2025-04-18,17.74673347153434
0.0006297990743428818,0.5912379860841667,0.027371199004374097,0.05714285714285714,-0.054907597774136105,-1.0030177663273265,-0.06425091121649562,-0.024932194007882373,-0.6440975950675337,-0.027350300028317065,-0.014739963757326432,-0.3109152084195424,-0.01593079349015325,-0.05347252160985471,-0.7975560562957644,-0.0627992680544206,-0.10504594486872058,-1.157148580694185,-0.11847520756144758,-0.06448123034124476,-0.03681598649280082,-2.252460314573437e-06,-0.08545644754244425,VTP_2025,2026-04-20,17.581588433067523
-0.0030908393883800696,1.3657991914336667,0.026749251611376354,0.05,0.08397466747983862,1.5696638676075056,0.07035090601482041,0.06356968204671792,1.6804415280908147,0.0581276492567826,0.05812652820566162,1.2545908646028978,0.04567204673085268,0.07811425892442925,1.1921833601201426,0.05555484925056908,0.0786440305071141,0.8864572260081469,0.040407556062673766,0.07125363448128863,0.11938509180187307,-0.001469297394387762,-0.02725074027607713,VTP_2022,2023-04-17,16.11586891196285
-0.0027903208179425897,0.8384178990854461,0.017813394569055698,0.07857142857142857,,,,-0.015037187902703685,-0.5969046211129736,-0.021062263863058428,,,,,,,,,,-0.007655328469420297,-0.0906929924196821,-0.000837541430686622,-0.011342161097911023,VTP_2020,2021-04-13,16.66426031924536
-0.0006468264473191665,0.49869324604917764,0.015237892586946238,0.06428571428571428,-0.05881249758956418,-1.9298107416752224,-0.04255092393564097,0.012393498396078886,0.5751140919577936,0.027995774106488014,,,,-0.09570300496146435,-2.5640414476502356,-0.06753940827875482,-0.09002655428439604,-1.7813504902406652,-0.07239421259512746,-0.042013996596298564,0.25174471435156953,0.0005348974134023233,-0.01270984227716751,VTP_2021,2022-04-19,16.44341981481506
-0.0012146611593080114,0.5257489463578703,0.013294353217404374,0.1,0.056222014999109664,2.114507343069022,0.046490774280222746,0.05227828298751846,2.7806037499341416,0.07268478316716398,0.04723876076970378,2.051495909621824,0.06516676831363233,0.03750837977850914,1.1518222565802556,-0.004668575524796825,0.04026537366847615,0.9132047837283701,-0.02105860626315137,0.049313301913513685,0.10676939528487694,-0.0007532387566753124,0.014212551557416315,VTP_2019,2020-03-30,14.649662575833196
-0.0029973421618974946,0.7511144243904978,0.01637834793752758,0.07857142857142857,0.006804345043539831,0.2077237908699292,0.008417253622084897,-0.01075842069925775,-0.4644761645264725,-0.015930629435593424,-0.02095398521963733,-0.7386452561209476,-0.025754196344738856,-0.02281475087904743,-0.5686826949370604,-0.02335865871939602,-0.017578004419902777,-0.3235959919678457,-0.02139455345245711,0.008561242064998975,-0.09835730491729566,-0.0017068652823394135,0.06568757501959642,DPM_2017,2018-04-16,15.863034730593741
0.0011057737341710182,1.6474821544367468,0.018628099394199356,0.05,0.0782728748871554,2.100935614277669,0.05012692407533004,0.05969049662341526,2.2658003933537496,0.05185984969407398,0.08981135811745279,2.7835696325275006,0.07480544148275181,-0.016916328613659846,-0.3707335939812548,-0.06100051008523566,-0.11220967071965825,-1.8162072242242513,-0.14399918421334246,0.046891773791783886,0.0796230233703542,0.0008581031294053776,,GAS_2017,2018-04-19,17.796507935945094
0.00557754215947811,1.1334704671986875,0.022986657148705566,0.05714285714285714,-0.006818109392372516,-0.14830580515176084,0.012615517222679173,-0.037303909656673406,-1.1475286429148963,-0.0287398099228241,-0.058449477056287585,-1.4680612798168784,-0.05057988069582031,0.011154971754115318,0.1981148506861819,0.04350395180427569,0.02852213549525399,0.3741190973428453,0.09270550656704835,0.010533142388160943,-0.07346808490485746,0.004074938606508343,0.005342001079113637,VTP_2023,2024-04-16,18.18473070110925
0.000940764153359467,1.2445865233207045,0.014585665027375391,0.1357142857142857,0.0063545597975341594,0.21783579238956466,0.017389965597899848,-0.01730559244374812,-0.8389676950936349,-0.012373462929789913,-0.045818636668122206,-1.8136575990599282,-0.04071456941924978,0.0010982743925592522,0.03074036338974074,0.01846691251713173,-0.004179402716377708,-0.08639560350398058,0.010503289591746734,0.017467313579522914,-0.12819443495598348,-9.344890117062992e-05,0.002349803950789455,HDB_2019,2020-04-13,15.954858844988093
