doc_id,ticker,year,lang,group,industry,n_words,n_fin_neg,n_fin_pos,fin_neg,fin_pos,fin_unc,fin_lit,fin_net,gen_neg,gen_pos,gen_unc,gen_lit,gen_net,fin_neg_tfidf,gen_neg_tfidf
ACB_2023,ACB,2023,vi,VN30,,1081,9,33,0.008325624421831638,0.030527289546716005,0.0018501387604070306,0.0,0.5714285714285714,0.027752081406105456,0.037927844588344126,0.0,0.0,0.15492957746478872,1.9188134241485095,3.6823075256783278
ACB_2022,ACB,2022,vi,VN30,,1488,11,37,0.00739247311827957,0.02486559139784946,0.0020161290322580645,0.0,0.5416666666666666,0.0228494623655914,0.04502688172043011,0.0,0.0,0.32673267326732675,2.0701411849314963,2.932803776385376
ACB_2024,ACB,2024,vi,VN30,,1108,11,27,0.009927797833935019,0.024368231046931407,0.0036101083032490976,0.0,0.42105263157894735,0.01895306859205776,0.036101083032490974,0.0,0.0,0.3114754098360656,2.2296727443151134,3.1172617757063916
ACB_2025,ACB,2025,vi,VN30,,1019,6,24,0.005888125613346418,0.023552502453385672,0.0,0.0,0.6,0.015701668302257114,0.05691854759568204,0.0,0.0,0.5675675675675675,1.249877178938012,1.6210127331276356
ACB_2021,ACB,2021,vi,VN30,,2223,18,59,0.008097165991902834,0.026540710751237068,0.00449842555105713,0.0,0.5324675324675324,0.013945119208277103,0.048133153396311294,0.0,0.0,0.5507246376811594,3.911306288581406,4.816149945212916
ACB_2019,ACB,2019,vi,VN30,,1365,17,24,0.012454212454212455,0.017582417582417582,0.00805860805860806,0.0,0.17073170731707318,0.02857142857142857,0.05787545787545788,0.0,0.0,0.3389830508474576,2.288862501371663,4.39324194764285
ACB_2020,ACB,2020,vi,VN30,,1043,5,23,0.004793863854266539,0.02205177372962608,0.0028763183125599234,0.0,0.6428571428571429,0.016299137104506232,0.04410354745925216,0.0,0.0,0.4603174603174603,0.7855183147420751,2.7863725912385116
ACB_2018,ACB,2018,vi,VN30,,1084,8,33,0.007380073800738007,0.03044280442804428,0.0027675276752767526,0.0,0.6097560975609756,0.021217712177121772,0.03228782287822878,0.0,0.0,0.20689655172413793,1.641788347234026,2.5728216768426675
ACB_2016,ACB,2016,vi,VN30,,1026,8,34,0.007797270955165692,0.03313840155945419,0.007797270955165692,0.0,0.6190476190476191,0.036062378167641324,0.05360623781676413,0.0,0.0,0.1956521739130435,1.9600065121977297,5.198204851141433
ACB_2017,ACB,2017,vi,VN30,,1459,8,46,0.0054832076764907475,0.031528444139821796,0.0006854009595613434,0.0,0.7037037037037037,0.01644962302947224,0.05277587388622344,0.0,0.0,0.5247524752475248,1.016208641375114,2.6672727386504578
ANV_2019,ANV,2019,vi,VN100,,660,13,11,0.019696969696969695,0.016666666666666666,0.0030303030303030303,0.0,0.0,0.03636363636363636,0.03787878787878788,0.0,0.0,0.02040816326530612,3.116261881586872,4.321791235816165
ANV_2018,ANV,2018,vi,VN100,,1024,0,18,0.0,0.017578125,0.0009765625,0.0,1.0,0.0087890625,0.0576171875,0.0,0.0,0.7352941176470589,0.0,1.1211882360711296
BAF_2025,BAF,2025,vi,VN100,,2001,9,68,0.004497751124437781,0.03398300849575212,0.0014992503748125937,0.0,0.7662337662337663,0.01899050474762619,0.06446776611694154,0.0,0.0,0.5449101796407185,1.365310572658081,3.0436357884424075
BAF_2024,BAF,2024,vi,VN100,,2193,16,97,0.00729594163246694,0.044231646146830825,0.0027359781121751026,0.0,0.7168141592920354,0.026447788417692658,0.06885544915640675,0.0,0.0,0.4449760765550239,2.958553871525655,5.418089999591912
BAF_2021,BAF,2021,vi,VN100,,1526,2,35,0.001310615989515072,0.022935779816513763,0.0,0.0,0.8918918918918919,0.0163826998689384,0.0655307994757536,0.0,0.0,0.6,0.6681895631127088,3.0177921336908597
BCM_2025,BCM,2025,vi,VN100,,617,0,28,0.0,0.04538087520259319,0.0032414910858995136,0.0,1.0,0.017828200972447326,0.07455429497568881,0.0,0.0,0.6140350877192983,0.0,1.1456053346382573
BAF_2023,BAF,2023,vi,VN100,,1147,7,28,0.006102877070619006,0.024411508282476024,0.0017436791630340018,0.0,0.6,0.024411508282476024,0.042720139494333044,0.0,0.0,0.2727272727272727,2.4216871659504537,4.051065747124503
BCM_2023,BCM,2023,vi,VN100,,933,2,38,0.0021436227224008574,0.04072883172561629,0.003215434083601286,0.0,0.9,0.015005359056806002,0.08145766345123258,0.0,0.0,0.6888888888888889,0.13314768045480552,1.8653913946796403
BCM_2024,BCM,2024,vi,VN100,,651,0,17,0.0,0.026113671274961597,0.0015360983102918587,0.0,1.0,0.015360983102918587,0.06912442396313365,0.0,0.0,0.6363636363636364,0.0,0.9883457234587918
BCM_2022,BCM,2022,vi,VN100,,1435,1,33,0.0006968641114982578,0.022996515679442508,0.0,0.0,0.9411764705882353,0.0132404181184669,0.059930313588850176,0.0,0.0,0.638095238095238,0.3541407362799844,1.6029270694054176
BCM_2021,BCM,2021,vi,VN100,,1459,0,30,0.0,0.0205620287868403,0.0006854009595613434,0.0,1.0,0.01439342015078821,0.05620287868403016,0.0,0.0,0.5922330097087378,0.0,0.8644877677432546
BID_2025,BID,2025,vi,VN30,,3056,6,125,0.001963350785340314,0.04090314136125654,0.0013089005235602095,0.0,0.9083969465648855,0.023887434554973823,0.06446335078534031,0.0,0.0,0.45925925925925926,0.43713170294600934,4.252535724481175
BID_2020,BID,2020,vi,VN30,,986,21,34,0.021045918967635108,0.034482758620689655,0.0,0.0,0.23636363636363636,0.03144016227180527,0.04665314401622718,0.0,0.0,0.19480519480519481,4.73651025230407,4.774974076321978
BID_2018,BID,2018,vi,VN30,,1766,5,73,0.0028312570781426952,0.041336353340883356,0.0028312570781426952,0.0,0.8717948717948718,0.01812004530011325,0.056625141562853906,0.0,0.0,0.5151515151515151,0.9220780087399874,3.2695702459118325
BID_2017,BID,2017,vi,VN30,,1679,8,80,0.004764740917212627,0.047647409172126266,0.0005955926146515784,0.0,0.8181818181818182,0.022036926742108397,0.06491959499702203,0.0,0.0,0.4931506849315068,1.455186744766683,4.053664406290336
BMP_2025,BMP,2025,vi,VN100,,727,2,33,0.002751031636863824,0.0453920220082531,0.005502063273727648,0.0,0.8857142857142857,0.027510316368638238,0.0577716643741403,0.0,0.0,0.3548387096774194,0.3509122824985948,2.013984122538922
BMP_2024,BMP,2024,vi,VN100,,741,5,46,0.006747638326585695,0.06020791848632413,0.001349527665317139,0.0,0.803921568627451,0.018893387314439947,0.07152496626180836,0.0,0.0,0.582089552238806,0.7436206513916719,1.4858970235004396
BMP_2023,BMP,2023,vi,VN100,,545,7,29,0.012844036697247707,0.05321100917431193,0.003669724770642202,0.0,0.6111111111111112,0.011009174311926606,0.05504587155963303,0.0,0.0,0.6666666666666666,0.6941524024857685,0.6686003546087536
BMP_2021,BMP,2021,vi,VN100,,724,11,23,0.015193370165745856,0.031767955801104975,0.0055248618784530384,0.0,0.35294117647058826,0.022099447513812154,0.058011049723756904,0.0,0.0,0.4482758620689655,2.37875692994234,2.6974222473663887
BMP_2019,BMP,2019,vi,VN100,,621,2,24,0.00322061191626409,0.03864734299516908,0.0,0.0,0.8461538461538461,0.014492753623188406,0.05314009661835749,0.0,0.0,0.5714285714285714,0.3839318267250232,1.49994581943081
BMP_2018,BMP,2018,vi,VN100,,619,1,31,0.0016155088852988692,0.050080775444264945,0.0,0.0,0.9375,0.022617124394184167,0.06462035541195477,0.0,0.0,0.48148148148148145,0.32303221953436684,1.3755310361160504
BID_2023,BID,2023,vi,VN30,,2187,2,12,0.0009144947416552355,0.0054869684499314125,0.0,0.0,0.7142857142857143,0.013717421124828532,0.01783264746227709,0.0,0.0,0.13043478260869565,0.41660074954781395,6.3570733555948635
BMP_2016,BMP,2016,vi,VN100,,621,1,30,0.001610305958132045,0.04830917874396135,0.0,0.0,0.9354838709677419,0.030595813204508857,0.061191626409017714,0.0,0.0,0.3333333333333333,0.061039829757780904,2.4924041779855655
BMP_2022,BMP,2022,vi,VN100,,379,0,0,0.0,0.003753616246766932,0.0,0.0,0.0,0.005300059417706476,0.014375007180304138,0.0,0.0,0.0,0.0,0.012441487086612324
BMP_2017,BMP,2017,vi,VN100,,283,2,9,0.007067137809187279,0.03180212014134275,0.0,0.0,0.6363636363636364,0.02120141342756184,0.03180212014134275,0.0,0.0,0.2,0.32547051840796587,1.6905802724956165
BSI_2024,BSI,2024,vi,VN100,,805,5,34,0.006211180124223602,0.0422360248447205,0.008695652173913044,0.0,0.7435897435897436,0.012422360248447204,0.05093167701863354,0.0,0.0,0.6078431372549019,1.280868979133324,1.6192575096267674
BSI_2023,BSI,2023,vi,VN100,,1309,4,43,0.0030557677616501145,0.03284950343773873,0.0038197097020626434,0.0,0.8297872340425532,0.0106951871657754,0.04507257448433919,0.0,0.0,0.6164383561643836,0.7666344803736702,2.554323629393765
BSI_2022,BSI,2022,vi,VN100,,2938,1,95,0.0003403675970047651,0.032334921715452686,0.0020422055820285907,0.0,0.9791666666666666,0.01906058543226685,0.04731109598366236,0.0,0.0,0.4256410256410256,0.050482218443236956,3.8577066522449828
BSI_2025,BSI,2025,vi,VN100,,999,6,25,0.006006006006006006,0.025025025025025027,0.002002002002002002,0.0,0.6129032258064516,0.018018018018018018,0.026026026026026026,0.0,0.0,0.18181818181818182,0.7737555019666942,2.552268812515763
BSI_2021,BSI,2021,vi,VN100,,2210,6,69,0.0027149321266968325,0.031221719457013575,0.0009049773755656109,0.0,0.84,0.017194570135746608,0.0583710407239819,0.0,0.0,0.5449101796407185,2.1359694741068957,3.3130322904197325
BSI_2019,BSI,2019,vi,VN100,,1290,11,39,0.008527131782945736,0.030232558139534883,0.0031007751937984496,0.0,0.56,0.020155038759689922,0.05116279069767442,0.0,0.0,0.43478260869565216,3.3471115576569566,2.0430003010940267
BSI_2018,BSI,2018,vi,VN100,,742,4,15,0.005390835579514825,0.02021563342318059,0.0,0.0,0.5789473684210527,0.016172506738544475,0.04716981132075472,0.0,0.0,0.48936170212765956,1.1830010200013297,1.009088314857922
BSI_2017,BSI,2017,vi,VN100,,849,1,37,0.001177856301531213,0.043580683156654886,0.001177856301531213,0.0,0.9473684210526315,0.016489988221436984,0.048292108362779744,0.0,0.0,0.4909090909090909,0.520008131940059,0.781145869140824
BSR_2025,BSR,2025,vi,VN30,,829,3,50,0.0036188178528347406,0.06020791848632413,0.0024125452352231603,0.0,0.8867924528301887,0.018094089264173704,0.07117008443908324,0.0,0.0,0.5945945945945946,0.18816337871952263,1.6924260900133858
BSR_2023,BSR,2023,vi,VN30,,815,4,45,0.0049079754601227,0.05521472392638037,0.001226993865030675,0.0,0.8367346938775511,0.014723926380368098,0.06625766871165645,0.0,0.0,0.6363636363636364,0.9034869242126573,1.6199071484127046
BSR_2024,BSR,2024,vi,VN30,,922,3,55,0.0032537960954446853,0.0596529284164859,0.004338394793926247,0.0,0.896551724137931,0.01843817787418655,0.06616052060737528,0.0,0.0,0.5641025641025641,0.5020767501770546,2.0771891918153265
BSR_2022,BSR,2022,vi,VN30,,879,11,30,0.012514220705346985,0.034129692832764506,0.009101251422070534,0.0,0.4634146341463415,0.026166097838452786,0.05460750853242321,0.0,0.0,0.352112676056338,2.423657461007056,3.536460057821273
BSR_2020,BSR,2020,vi,VN30,,996,18,41,0.018072289156626505,0.04116465863453815,0.004016064257028112,0.0,0.3898305084745763,0.025100401606425703,0.06927710843373494,0.0,0.0,0.46808510638297873,3.8471179205602484,3.476251327610146
BSI_2020,BSI,2020,vi,VN100,,1136,6,18,0.00528169014084507,0.01584507042253521,0.002640845070422535,0.0,0.5,0.017605633802816902,0.04753521126760563,0.0,0.0,0.4594594594594595,1.6250257488402675,2.5341588923859675
BSR_2019,BSR,2019,vi,VN30,,1043,7,42,0.006711409395973154,0.040268456375838924,0.0028763183125599234,0.0,0.7142857142857143,0.030680728667305847,0.059443911792905084,0.0,0.0,0.3191489361702128,0.2642699281045752,4.7333774284605425
BSR_2018,BSR,2018,vi,VN30,,1539,10,51,0.00649772579597141,0.03313840155945419,0.002599090318388564,0.0,0.6721311475409836,0.028589993502274202,0.05263157894736842,0.0,0.0,0.296,1.1328850006100404,5.605929610834304
BVH_2025,BVH,2025,vi,VN100,,2601,1,116,0.00038446751249519417,0.04459823144944252,0.0007689350249903883,0.0,0.9829059829059829,0.013071895424836602,0.06651287966166859,0.0,0.0,0.6714975845410628,0.051176109092099416,3.1371395337676575
BVH_2020,BVH,2020,vi,VN100,,2568,10,76,0.003894080996884735,0.029595015576323987,0.001557632398753894,0.0,0.7674418604651163,0.008566978193146417,0.06347352024922118,0.0,0.0,0.7621621621621621,1.4798720078538368,2.417825304996507
BVH_2019,BVH,2019,vi,VN100,,2767,2,93,0.0007228044813877846,0.033610408384531984,0.0003614022406938923,0.0,0.9578947368421052,0.007228044813877846,0.061799783158655586,0.0,0.0,0.7905759162303665,0.2423273147171311,2.2779232161058602
BVH_2018,BVH,2018,vi,VN100,,2282,1,60,0.00043821209465381246,0.026292725679228746,0.0008764241893076249,0.0,0.9672131147540983,0.006573181419807186,0.05565293602103418,0.0,0.0,0.7887323943661971,0.051942881202261454,1.4039311085321804
BWE_2024,BWE,2024,vi,VN100,,683,0,20,0.0,0.029282576866764276,0.0014641288433382138,0.0,1.0,0.007320644216691069,0.060029282576866766,0.0,0.0,0.782608695652174,0.0,0.47102306354794965
BWE_2025,BWE,2025,vi,VN100,,500,0,4,0.0,0.008,0.0,0.0,1.0,0.02,0.05,0.0,0.0,0.42857142857142855,0.0,3.0755072297401194
BSR_2021,BSR,2021,vi,VN30,,638,0,10,0.0,0.01567398119122257,0.004702194357366771,0.0,1.0,0.0109717868338558,0.018808777429467086,0.0,0.0,0.2631578947368421,0.0,1.4683479131013568
CII_2024,CII,2024,vi,VN100,,483,3,17,0.006211180124223602,0.035196687370600416,0.006211180124223602,0.0,0.7,0.012422360248447204,0.049689440993788817,0.0,0.0,0.6,0.7770651301221355,0.8027250845925143
CII_2025,CII,2025,vi,VN100,,2185,0,33,0.0,0.015102974828375287,0.0013729977116704805,0.0,1.0,0.010983981693363844,0.02654462242562929,0.0,0.0,0.4146341463414634,0.0,1.7925062190679961
CII_2021,CII,2021,vi,VN100,,306,4,1,0.013071895424836602,0.003753616246766932,0.0032679738562091504,0.0,0.0,0.026143790849673203,0.032679738562091505,0.0,0.0,0.1111111111111111,0.7670477755288868,1.3748368859304603
CII_2020,CII,2020,vi,VN100,,366,3,9,0.00819672131147541,0.02459016393442623,0.00546448087431694,0.0,0.5,0.00546448087431694,0.040983606557377046,0.0,0.0,0.7647058823529411,0.42533550022178535,0.31911632111716437
CII_2019,CII,2019,vi,VN100,,466,12,5,0.021045918967635108,0.01072961373390558,0.0,0.0,0.0,0.027896995708154508,0.032188841201716736,0.0,0.0,0.07142857142857142,2.868698811795105,2.20615084059433
CII_2023,CII,2023,vi,VN100,,789,10,20,0.012674271229404309,0.025348542458808618,0.0025348542458808617,0.0,0.3333333333333333,0.015209125475285171,0.046894803548795945,0.0,0.0,0.5102040816326531,1.461293415898647,1.0612504030524301
CMG_2024,CMG,2024,vi,VN100,,932,3,28,0.003218884120171674,0.030042918454935622,0.003218884120171674,0.0,0.8064516129032258,0.011802575107296138,0.045064377682403435,0.0,0.0,0.5849056603773585,0.3970516171448743,1.2635125439960095
CMG_2023,CMG,2023,vi,VN100,,1132,9,36,0.007950530035335688,0.03180212014134275,0.0017667844522968198,0.0,0.6,0.018551236749116608,0.04946996466431095,0.0,0.0,0.45454545454545453,1.7741755583720904,1.6355379089853126
CII_2018,CII,2018,vi,VN100,,511,3,12,0.005870841487279843,0.023483365949119372,0.007827788649706457,0.0,0.6,0.025440313111545987,0.046966731898238745,0.0,0.0,0.2972972972972973,1.0825862569212739,1.635457956498482
CMG_2020,CMG,2020,vi,VN100,,674,10,18,0.01483679525222552,0.026706231454005934,0.005934718100890208,0.0,0.2857142857142857,0.026706231454005934,0.08011869436201781,0.0,0.0,0.5,1.8054462983080275,1.9269401345058434
CMG_2019,CMG,2019,vi,VN100,,742,10,24,0.013477088948787063,0.03234501347708895,0.0026954177897574125,0.0,0.4117647058823529,0.0215633423180593,0.07547169811320754,0.0,0.0,0.5555555555555556,1.7437351150142437,1.5215113875403434
CII_2017,CII,2017,vi,VN100,,1501,3,42,0.001998667554963358,0.02798134576948701,0.0006662225183211193,0.0,0.8666666666666667,0.013990672884743505,0.033311125916055964,0.0,0.0,0.4084507042253521,0.16335103414462487,1.4311616008728554
CII_2016,CII,2016,vi,VN100,,1463,6,38,0.004101161995898838,0.025974025974025976,0.002050580997949419,0.0,0.7272727272727273,0.014354066985645933,0.03417634996582365,0.0,0.0,0.4084507042253521,0.8954755209669067,2.3507063222486435
CTD_2024,CTD,2024,vi,VN100,,3707,11,94,0.002967359050445104,0.025357431885621798,0.00566495818721338,0.0,0.7904761904761904,0.021041273266792556,0.0488265443755058,0.0,0.0,0.39768339768339767,2.0686141678722927,8.520234795261018
CTD_2019,CTD,2019,vi,VN100,,625,7,17,0.0112,0.0272,0.0032,0.0,0.4166666666666667,0.0336,0.048,0.0,0.0,0.17647058823529413,1.0880350013790054,2.684095775302932
CTD_2023,CTD,2023,vi,VN100,,523,4,14,0.0076481835564053535,0.02676864244741874,0.0019120458891013384,0.0,0.5555555555555556,0.011472275334608031,0.06883365200764818,0.0,0.0,0.7142857142857143,0.8993018711825307,0.5247184161084344
CTD_2017,CTD,2017,vi,VN100,,656,2,20,0.003048780487804878,0.03048780487804878,0.001524390243902439,0.0,0.8181818181818182,0.01524390243902439,0.056402439024390245,0.0,0.0,0.574468085106383,0.6771183928054308,1.3413056060092965
CTG_2025,CTG,2025,vi,VN30,,639,0,39,0.0,0.06020791848632413,0.006259780907668232,0.0,1.0,0.017214397496087636,0.06885758998435054,0.0,0.0,0.6,0.0,0.6010813955431491
CTG_2024,CTG,2024,vi,VN30,,942,1,51,0.0010615711252653928,0.054140127388535034,0.0010615711252653928,0.0,0.9615384615384616,0.027600849256900213,0.06050955414012739,0.0,0.0,0.37349397590361444,0.3057486901727095,2.476982649215239
CTG_2023,CTG,2023,vi,VN30,,1119,9,39,0.00804289544235925,0.03485254691689008,0.0017873100983020554,0.0,0.625,0.01876675603217158,0.0420017873100983,0.0,0.0,0.38235294117647056,2.4193937823274676,2.646735199785205
CTG_2022,CTG,2022,vi,VN30,,796,10,44,0.01256281407035176,0.05527638190954774,0.005025125628140704,0.0,0.6296296296296297,0.022613065326633167,0.056532663316582916,0.0,0.0,0.42857142857142855,1.4596397239898578,1.724818991152228
CTG_2021,CTG,2021,vi,VN30,,1281,11,80,0.00858704137392662,0.06020791848632413,0.00156128024980484,0.0,0.7582417582417582,0.01795472287275566,0.08196721311475409,0.0,0.0,0.640625,1.9299668648693646,2.5642330240977027
CTG_2019,CTG,2019,vi,VN30,,966,3,54,0.003105590062111801,0.055900621118012424,0.0,0.0,0.8947368421052632,0.021739130434782608,0.07039337474120083,0.0,0.0,0.5280898876404494,0.5315198047291517,2.50703840607896
CTD_2018,CTD,2018,vi,VN100,,1240,5,43,0.004032258064516129,0.03467741935483871,0.004032258064516129,0.0,0.7916666666666666,0.018548387096774192,0.054838709677419356,0.0,0.0,0.4945054945054945,0.5129465689750279,3.024559305566313
CTG_2017,CTG,2017,vi,VN30,,906,2,40,0.002207505518763797,0.04415011037527594,0.0,0.0,0.9047619047619048,0.01545253863134658,0.04415011037527594,0.0,0.0,0.48148148148148145,0.43234817631670336,1.2103055111836787
CTG_2016,CTG,2016,vi,VN30,,981,5,39,0.0050968399592252805,0.039755351681957186,0.0010193679918450561,0.0,0.7727272727272727,0.022426095820591234,0.05708460754332314,0.0,0.0,0.4358974358974359,1.225077470091863,3.020243802270075
CTR_2025,CTR,2025,vi,VN100,,625,4,22,0.0064,0.0352,0.0016,0.0,0.6923076923076923,0.0096,0.0624,0.0,0.0,0.7333333333333333,0.7466838413512465,2.205720521693472
CTR_2024,CTR,2024,vi,VN100,,1122,3,35,0.00267379679144385,0.031194295900178252,0.00089126559714795,0.0,0.8421052631578947,0.023172905525846704,0.05525846702317291,0.0,0.0,0.4090909090909091,0.4620958913185531,1.3260651431767547
CTG_2018,CTG,2018,vi,VN30,,1105,6,63,0.005429864253393665,0.05701357466063348,0.0036199095022624436,0.0,0.8260869565217391,0.024434389140271493,0.0751131221719457,0.0,0.0,0.509090909090909,0.724569235045617,2.479317169219052
CTR_2023,CTR,2023,vi,VN100,,913,10,35,0.01095290251916758,0.038335158817086525,0.0032858707557502738,0.0,0.5555555555555556,0.02628696604600219,0.04271631982475356,0.0,0.0,0.23809523809523808,0.8051119431526982,2.571687925756098
CTR_2020,CTR,2020,vi,VN100,,743,10,23,0.013458950201884253,0.03095558546433378,0.0013458950201884253,0.0,0.3939393939393939,0.026917900403768506,0.05652759084791386,0.0,0.0,0.3548387096774194,3.0765460778037017,3.8802874187481424
CTR_2022,CTR,2022,vi,VN100,,882,10,28,0.011337868480725623,0.031746031746031744,0.003401360544217687,0.0,0.47368421052631576,0.023809523809523808,0.04308390022675737,0.0,0.0,0.288135593220339,2.60401348641243,3.3880088020438692
CMG_2016,CMG,2016,vi,VN100,,1867,4,16,0.0021424745581146223,0.00856989823245849,0.0,0.0,0.6,0.023031601499732192,0.06320299946438136,0.0,0.0,0.4658385093167702,0.593265264837573,3.2900343615091265
CTR_2019,CTR,2019,vi,VN100,,469,2,3,0.0042643923240938165,0.006396588486140725,0.0,0.0,0.2,0.006396588486140725,0.029850746268656716,0.0,0.0,0.6470588235294118,0.14595489425914243,0.09391794354224138
CTS_2025,CTS,2025,vi,VN100,,1377,3,81,0.002178649237472767,0.058823529411764705,0.005809731299927378,0.0,0.9285714285714286,0.023238925199709513,0.04938271604938271,0.0,0.0,0.36,0.34471320651764303,2.379250875169961
CTS_2024,CTS,2024,vi,VN100,,1925,2,30,0.001038961038961039,0.015584415584415584,0.002077922077922078,0.0,0.875,0.016103896103896103,0.027012987012987013,0.0,0.0,0.25301204819277107,0.6256842746824307,3.4183627320399617
CTS_2022,CTS,2022,vi,VN100,,2065,3,3,0.0014527845036319612,0.003753616246766932,0.0009685230024213075,0.0,0.0,0.01694915254237288,0.014375007180304138,0.0,0.0,-0.09599999999999997,0.6589384121519469,4.44359210401283
CTS_2021,CTS,2021,vi,VN100,,942,6,10,0.006369426751592357,0.010615711252653927,0.0,0.0,0.25,0.010615711252653927,0.02653927813163482,0.0,0.0,0.42857142857142855,1.628494799175888,1.722115103165674
CTS_2019,CTS,2019,vi,VN100,,952,6,29,0.0063025210084033615,0.03046218487394958,0.0031512605042016808,0.0,0.6571428571428571,0.022058823529411766,0.04726890756302521,0.0,0.0,0.36363636363636365,2.064142701329981,1.6791944794016043
CTS_2020,CTS,2020,vi,VN100,,1048,12,31,0.011450381679389313,0.029580152671755726,0.0019083969465648854,0.0,0.4418604651162791,0.019083969465648856,0.05057251908396947,0.0,0.0,0.4520547945205479,2.4487089259392434,2.262088355464453
DBC_2025,DBC,2025,vi,VN100,,336,2,17,0.005952380952380952,0.050595238095238096,0.005952380952380952,0.0,0.7894736842105263,0.005300059417706476,0.08409574392614419,0.0,0.0,0.829195189639223,0.34570180471928724,0.012441487086612324
DBC_2022,DBC,2022,vi,VN100,,742,18,16,0.021045918967635108,0.0215633423180593,0.006738544474393531,0.0,0.0,0.03638814016172507,0.04582210242587601,0.0,0.0,0.11475409836065574,3.4647441329884567,3.393051027186681
CTS_2017,CTS,2017,vi,VN100,,573,0,4,0.0,0.006980802792321117,0.0017452006980802793,0.0,1.0,0.015706806282722512,0.038394415357766144,0.0,0.0,0.41935483870967744,0.0,2.0686361883940205
DBC_2020,DBC,2020,vi,VN100,,646,5,12,0.007739938080495356,0.018575851393188854,0.006191950464396285,0.0,0.4117647058823529,0.015479876160990712,0.04953560371517028,0.0,0.0,0.5238095238095238,0.6266604048435562,2.2880983736268368
DBC_2017,DBC,2017,vi,VN100,,796,5,14,0.00628140703517588,0.017587939698492462,0.001256281407035176,0.0,0.47368421052631576,0.010050251256281407,0.06658291457286432,0.0,0.0,0.7377049180327869,1.1418579349942863,1.4098348535201564
DBC_2016,DBC,2016,vi,VN100,,756,6,14,0.007936507936507936,0.018518518518518517,0.0026455026455026454,0.0,0.4,0.009259259259259259,0.062169312169312166,0.0,0.0,0.7407407407407407,0.28713126667745104,0.5386146077598952
DBC_2019,DBC,2019,vi,VN100,,830,3,21,0.0036144578313253013,0.02530120481927711,0.0024096385542168677,0.0,0.75,0.02650602409638554,0.05903614457831325,0.0,0.0,0.38028169014084506,0.555393589071382,3.824232380549295
DCM_2023,DCM,2023,vi,VN100,,523,2,12,0.0038240917782026767,0.022944550669216062,0.009560229445506692,0.0,0.7142857142857143,0.022944550669216062,0.05162523900573614,0.0,0.0,0.38461538461538464,0.14376386243805836,1.248036186112048
DCM_2022,DCM,2022,vi,VN100,,647,8,22,0.012364760432766615,0.03400309119010819,0.00463678516228748,0.0,0.4666666666666667,0.03400309119010819,0.04327666151468315,0.0,0.0,0.12,2.189953262554087,4.028173168467621
DCM_2017,DCM,2017,vi,VN100,,1010,9,31,0.00891089108910891,0.030693069306930693,0.0009900990099009901,0.0,0.55,0.030693069306930693,0.05148514851485148,0.0,0.0,0.25301204819277107,0.513343768424791,2.9060283974001733
DCM_2018,DCM,2018,vi,VN100,,1988,11,51,0.005533199195171026,0.025653923541247486,0.0,0.0,0.6451612903225806,0.017605633802816902,0.04275653923541248,0.0,0.0,0.4166666666666667,0.5005977557641023,2.2854319162797454
DGW_2024,DGW,2024,vi,VN100,,436,2,16,0.0045871559633027525,0.03669724770642202,0.0022935779816513763,0.0,0.7777777777777778,0.009174311926605505,0.04357798165137615,0.0,0.0,0.6521739130434783,0.4564708932364986,0.3500982833846111
DCM_2024,DCM,2024,vi,VN100,,1607,2,18,0.0012445550715619166,0.01120099564405725,0.0,0.0,0.8,0.009334163036714374,0.023646546359676415,0.0,0.0,0.4339622641509434,0.09162638149408395,4.0240698738190614
DCM_2016,DCM,2016,vi,VN100,,1135,5,30,0.004405286343612335,0.02643171806167401,0.001762114537444934,0.0,0.7142857142857143,0.02378854625550661,0.055506607929515416,0.0,0.0,0.4,0.7055752629536458,2.5935232586626222
DGW_2021,DGW,2021,vi,VN100,,565,8,10,0.01415929203539823,0.017699115044247787,0.0,0.0,0.1111111111111111,0.01592920353982301,0.05309734513274336,0.0,0.0,0.5384615384615384,1.370012022996454,0.9184752037838677
DGW_2023,DGW,2023,vi,VN100,,525,4,18,0.007619047619047619,0.03428571428571429,0.0,0.0,0.6363636363636364,0.02666666666666667,0.045714285714285714,0.0,0.0,0.2631578947368421,0.41654076500481857,1.5606986031284646
DGW_2018,DGW,2018,vi,VN100,,851,3,31,0.0035252643948296123,0.036427732079905996,0.0011750881316098707,0.0,0.8235294117647058,0.021151586368977675,0.06580493537015276,0.0,0.0,0.5135135135135135,0.43872863998136236,1.8357722390301006
DGW_2020,DGW,2020,vi,VN100,,862,17,20,0.019721577726218097,0.02320185614849188,0.001160092807424594,0.0,0.08108108108108109,0.019721577726218097,0.04756380510440835,0.0,0.0,0.41379310344827586,3.7286411693774366,3.231359964076413
DGW_2016,DGW,2016,vi,VN100,,926,7,33,0.00755939524838013,0.035637149028077755,0.0,0.0,0.65,0.02159827213822894,0.032397408207343416,0.0,0.0,0.2,1.9823621749736078,3.0557819287068586
DIG_2025,DIG,2025,vi,VN100,,1307,5,77,0.0038255547054322878,0.05891354246365723,0.0045906656465187455,0.0,0.8780487804878049,0.02448355011476664,0.08263198163733741,0.0,0.0,0.5428571428571428,0.6356169198309624,3.791441233974292
DIG_2024,DIG,2024,vi,VN100,,1303,8,54,0.0061396776669224865,0.04144282425172678,0.003837298541826554,0.0,0.7419354838709677,0.023791250959324637,0.07597851112816577,0.0,0.0,0.5230769230769231,1.3236352709637649,5.368290541341232
DIG_2021,DIG,2021,vi,VN100,,543,9,18,0.016574585635359115,0.03314917127071823,0.001841620626151013,0.0,0.3333333333333333,0.02394106813996317,0.053406998158379376,0.0,0.0,0.38095238095238093,1.2435187238066836,1.3363442014708369
DIG_2020,DIG,2020,vi,VN100,,797,4,21,0.005018820577164366,0.026348808030112924,0.0012547051442910915,0.0,0.68,0.01631116687578419,0.043914680050188205,0.0,0.0,0.4583333333333333,0.6079344472276299,1.2889730245766589
DIG_2016,DIG,2016,vi,VN100,,1048,3,27,0.0028625954198473282,0.025763358778625955,0.003816793893129771,0.0,0.8,0.019083969465648856,0.04484732824427481,0.0,0.0,0.40298507462686567,0.49933466507609237,3.0371673537657613
DPM_2025,DPM,2025,vi,VN100,,647,5,25,0.0077279752704791345,0.03863987635239567,0.0061823802163833074,0.0,0.6666666666666666,0.021638330757341576,0.06027820710973725,0.0,0.0,0.4716981132075472,1.2398904110042657,1.728439064387128
DPM_2024,DPM,2024,vi,VN100,,721,8,30,0.011095700416088766,0.04160887656033287,0.004160887656033287,0.0,0.5789473684210527,0.020804438280166437,0.052704576976421634,0.0,0.0,0.4339622641509434,1.4979304565735037,2.5075663681122724
DPM_2023,DPM,2023,vi,VN100,,1080,7,50,0.006481481481481481,0.046296296296296294,0.004629629629629629,0.0,0.7543859649122807,0.025,0.06296296296296296,0.0,0.0,0.43157894736842106,1.2403319631252256,2.319016678634217
DPM_2022,DPM,2022,vi,VN100,,593,1,10,0.0016863406408094434,0.016863406408094434,0.0016863406408094434,0.0,0.8181818181818182,0.01517706576728499,0.05396290050590219,0.0,0.0,0.5609756097560976,0.3545210041445077,1.4012675076431527
DPM_2021,DPM,2021,vi,VN100,,1657,23,70,0.01388050694025347,0.04224502112251056,0.007845503922751962,0.0,0.5053763440860215,0.025347012673506336,0.06397103198551599,0.0,0.0,0.43243243243243246,3.5826571580683324,6.5298752680384045
DPM_2020,DPM,2020,vi,VN100,,1595,34,59,0.021045918967635108,0.03699059561128527,0.0025078369905956114,0.0,0.26881720430107525,0.03385579937304075,0.05078369905956113,0.0,0.0,0.2,5.765198312462458,6.063429194254801
DPM_2019,DPM,2019,vi,VN100,,672,11,28,0.01636904761904762,0.041666666666666664,0.008928571428571428,0.0,0.4358974358974359,0.020833333333333332,0.03869047619047619,0.0,0.0,0.3,0.5728937195245406,2.434391774008084
DPM_2018,DPM,2018,vi,VN100,,1159,4,28,0.003451251078515962,0.024158757549611734,0.0025884383088869713,0.0,0.75,0.023295944779982744,0.062122519413287315,0.0,0.0,0.45454545454545453,0.3883547980702311,4.069718002701987
DSE_2023,DSE,2023,vi,VN100,,3120,13,12,0.004166666666666667,0.0038461538461538464,0.0019230769230769232,0.0,0.0,0.026282051282051282,0.03108974358974359,0.0,0.0,0.08379888268156424,3.8308460204029275,9.20890968062534
DSE_2021,DSE,2021,vi,VN100,,635,1,13,0.0015748031496062992,0.02047244094488189,0.0015748031496062992,0.0,0.8571428571428571,0.014173228346456693,0.03622047244094488,0.0,0.0,0.4375,0.2325742362855356,0.8360457603844791
DXG_2025,DXG,2025,vi,VN100,,1142,2,29,0.0017513134851138354,0.025394045534150613,0.002626970227670753,0.0,0.8709677419354839,0.028021015761821366,0.053415061295971976,0.0,0.0,0.3118279569892473,0.43668484385026646,2.1584623267546337
DXG_2024,DXG,2024,vi,VN100,,710,1,25,0.0014084507042253522,0.035211267605633804,0.0014084507042253522,0.0,0.9230769230769231,0.028169014084507043,0.08409574392614419,0.0,0.0,0.5,0.20790266649159006,1.4425961587657885
DXG_2021,DXG,2021,vi,VN100,,1218,0,29,0.0,0.023809523809523808,0.0024630541871921183,0.0,1.0,0.034482758620689655,0.06486042692939245,0.0,0.0,0.30578512396694213,0.0,2.5772098466620723
DXG_2020,DXG,2020,vi,VN100,,859,7,27,0.008149010477299184,0.03143189755529686,0.0,0.0,0.5882352941176471,0.02910360884749709,0.07566938300349244,0.0,0.0,0.4444444444444444,0.8415840348231993,1.4771299904938509
DXG_2019,DXG,2019,vi,VN100,,584,2,8,0.003424657534246575,0.0136986301369863,0.0,0.0,0.6,0.0273972602739726,0.06164383561643835,0.0,0.0,0.38461538461538464,0.10421086072328611,1.2631609360056144
DXG_2018,DXG,2018,vi,VN100,,1144,1,25,0.0008741258741258741,0.021853146853146852,0.0,0.0,0.9230769230769231,0.032342657342657344,0.06555944055944056,0.0,0.0,0.3392857142857143,0.0564027658823683,2.1710145714792763
DXG_2016,DXG,2016,vi,VN100,,360,0,11,0.0,0.030555555555555555,0.0,0.0,1.0,0.03836617471080976,0.05555555555555555,0.0,0.0,0.17647058823529413,0.0,1.0563014185421185
EIB_2025,EIB,2025,vi,VN100,,712,3,30,0.004213483146067416,0.042134831460674156,0.004213483146067416,0.0,0.8181818181818182,0.018258426966292134,0.05337078651685393,0.0,0.0,0.49019607843137253,1.0982804420526184,1.144316286775628
EIB_2024,EIB,2024,vi,VN100,,920,1,42,0.0010869565217391304,0.04565217391304348,0.004347826086956522,0.0,0.9534883720930233,0.017391304347826087,0.07608695652173914,0.0,0.0,0.627906976744186,0.26432277961545864,2.1494646805565125
EIB_2023,EIB,2023,vi,VN100,,603,4,20,0.006633499170812604,0.03316749585406302,0.004975124378109453,0.0,0.6666666666666666,0.01658374792703151,0.04311774461028192,0.0,0.0,0.4444444444444444,0.5076521724047919,0.9347266151287147
EIB_2021,EIB,2021,vi,VN100,,1582,14,35,0.008849557522123894,0.022123893805309734,0.0037926675094816687,0.0,0.42857142857142855,0.035398230088495575,0.048672566371681415,0.0,0.0,0.15789473684210525,3.0075250420567268,4.7754237574081015
EIB_2017,EIB,2017,vi,VN100,,694,4,14,0.005763688760806916,0.020172910662824207,0.0,0.0,0.5555555555555556,0.012968299711815562,0.06195965417867435,0.0,0.0,0.6538461538461539,1.596200951359895,0.8565269407265369
EIB_2016,EIB,2016,vi,VN100,,593,7,10,0.011804384485666104,0.016863406408094434,0.006745362563237774,0.0,0.17647058823529413,0.013490725126475547,0.05564924114671164,0.0,0.0,0.6097560975609756,2.1573462503943692,1.383272562621784
EIB_2018,EIB,2018,vi,VN100,,773,3,20,0.0038809831824062097,0.0258732212160414,0.00517464424320828,0.0,0.7391304347826086,0.01164294954721863,0.06597671410090557,0.0,0.0,0.7,0.17752058494643616,1.1668120054041284
EVF_2023,EVF,2023,vi,VN100,,2573,3,28,0.001165954139137194,0.010882238631947143,0.00388651379712398,0.0,0.8064516129032258,0.027205596579867857,0.03458997279440342,0.0,0.0,0.11949685534591195,0.8949293764433626,8.371186777749543
FPT_2025,FPT,2025,vi,VN30,,1971,9,25,0.0045662100456621,0.012683916793505834,0.004058853373921867,0.0,0.47058823529411764,0.023845763571790968,0.03602232369355657,0.0,0.0,0.2033898305084746,3.022063242864442,5.301495510360957
FPT_2024,FPT,2024,vi,VN30,,1585,0,39,0.0,0.024605678233438486,0.0006309148264984228,0.0,1.0,0.028391167192429023,0.03722397476340694,0.0,0.0,0.1346153846153846,0.0,5.73112125135181
FPT_2023,FPT,2023,vi,VN30,,3159,22,69,0.006964229186451409,0.02184235517568851,0.0022158911047799935,0.0,0.5164835164835165,0.02342513453624565,0.038619816397594174,0.0,0.0,0.24489795918367346,4.482001719167086,5.8283663305833855
FPT_2022,FPT,2022,vi,VN30,,2277,15,57,0.006587615283267457,0.025032938076416336,0.0021958717610891525,0.0,0.5833333333333334,0.020202020202020204,0.039964866051822576,0.0,0.0,0.3284671532846715,3.3509470483854455,5.144712758974976
FPT_2021,FPT,2021,vi,VN30,,1255,6,27,0.004780876494023904,0.02151394422310757,0.0015936254980079682,0.0,0.6363636363636364,0.020717131474103586,0.04541832669322709,0.0,0.0,0.37349397590361444,2.0439500440578637,4.253989859789398
FPT_2019,FPT,2019,vi,VN30,,1167,5,33,0.004284490145672665,0.028277634961439587,0.000856898029134533,0.0,0.7368421052631579,0.018851756640959727,0.04798628963153385,0.0,0.0,0.4358974358974359,0.6563336187879173,1.4969841806683633
FPT_2018,FPT,2018,vi,VN30,,977,1,25,0.0010235414534288639,0.0255885363357216,0.0010235414534288639,0.0,0.9230769230769231,0.019447287615148412,0.057318321392016376,0.0,0.0,0.49333333333333335,0.05753160657547701,1.4711394862419054
FPT_2017,FPT,2017,vi,VN30,,924,2,35,0.0021645021645021645,0.03787878787878788,0.0010822510822510823,0.0,0.8918918918918919,0.015151515151515152,0.05194805194805195,0.0,0.0,0.5483870967741935,0.0981034578660736,0.46444961516664535
FPT_2020,FPT,2020,vi,VN30,,2255,9,32,0.003991130820399113,0.014190687361419069,0.0013303769401330377,0.0,0.5609756097560976,0.014190687361419069,0.031929046563192905,0.0,0.0,0.38461538461538464,2.2107303329919064,3.157465678813552
FPT_2016,FPT,2016,vi,VN30,,877,0,18,0.0,0.020524515393386546,0.002280501710376283,0.0,1.0,0.018244013683010263,0.04561003420752566,0.0,0.0,0.42857142857142855,0.0,1.413064914735963
FRT_2025,FRT,2025,vi,VN100,,1654,4,101,0.0024183796856106408,0.06020791848632413,0.0024183796856106408,0.0,0.9238095238095239,0.016324062877871828,0.07980652962515115,0.0,0.0,0.660377358490566,0.9872932829139236,2.568980486590005
FRT_2024,FRT,2024,vi,VN100,,3411,7,152,0.0020521841102316037,0.04456171210788625,0.0005863383172090296,0.0,0.9119496855345912,0.02198768689533861,0.07417179712694225,0.0,0.0,0.5426829268292683,1.9399605129787998,3.714001344127884
FRT_2023,FRT,2023,vi,VN100,,1193,15,35,0.012573344509639563,0.02933780385582565,0.003352891869237217,0.0,0.4,0.024308466051969825,0.05113160100586756,0.0,0.0,0.35555555555555557,3.2963205436662713,2.7757160443543847
FRT_2021,FRT,2021,vi,VN100,,956,10,25,0.010460251046025104,0.02615062761506276,0.0,0.0,0.42857142857142855,0.03138075313807531,0.051255230125523014,0.0,0.0,0.24050632911392406,1.4840076386589591,3.3614199793820303
FRT_2020,FRT,2020,vi,VN100,,1364,11,31,0.008064516129032258,0.022727272727272728,0.001466275659824047,0.0,0.47619047619047616,0.03372434017595308,0.045454545454545456,0.0,0.0,0.14814814814814814,1.8576171102334804,3.5959780658975733
FRT_2019,FRT,2019,vi,VN100,,350,0,11,0.0,0.03142857142857143,0.0,0.0,1.0,0.017142857142857144,0.07142857142857142,0.0,0.0,0.6129032258064516,0.0,0.3319357134553505
FRT_2022,FRT,2022,vi,VN100,,1309,5,14,0.0038197097020626434,0.0106951871657754,0.0030557677616501145,0.0,0.47368421052631576,0.014514896867838044,0.03361344537815126,0.0,0.0,0.3968253968253968,0.6895788375354159,2.6969883214824613
FTS_2025,FTS,2025,vi,VN100,,790,4,33,0.005063291139240506,0.04177215189873418,0.010652796854192674,0.0,0.7837837837837838,0.02531645569620253,0.0620253164556962,0.0,0.0,0.42028985507246375,1.2773530558665809,2.897779362796934
FTS_2023,FTS,2023,vi,VN100,,906,11,24,0.012141280353200883,0.026490066225165563,0.0033112582781456954,0.0,0.37142857142857144,0.029801324503311258,0.03532008830022075,0.0,0.0,0.0847457627118644,1.4839900496328413,3.384071419832854
FTS_2021,FTS,2021,vi,VN100,,754,5,18,0.006631299734748011,0.023872679045092837,0.0,0.0,0.5652173913043478,0.021220159151193633,0.03580901856763926,0.0,0.0,0.2558139534883721,1.3460111852438517,2.6531233840114625
FRT_2018,FRT,2018,vi,VN100,,611,3,29,0.004909983633387889,0.04746317512274959,0.0,0.0,0.8125,0.019639934533551555,0.057283142389525366,0.0,0.0,0.48936170212765956,0.12837938816622974,0.9278374074999499
FTS_2019,FTS,2019,vi,VN100,,1148,6,33,0.005226480836236934,0.028745644599303136,0.003484320557491289,0.0,0.6923076923076923,0.0156794425087108,0.05400696864111498,0.0,0.0,0.55,1.6010795737505696,1.9394025024307489
FTS_2020,FTS,2020,vi,VN100,,1043,16,24,0.015340364333652923,0.023010546500479387,0.0009587727708533077,0.0,0.2,0.031639501438159155,0.040268456375838924,0.0,0.0,0.12,3.2977927744095266,5.370686269042084
FRT_2017,FRT,2017,vi,VN100,,491,0,5,0.0,0.010183299389002037,0.0,0.0,1.0,0.016293279022403257,0.038696537678207736,0.0,0.0,0.4074074074074074,0.0,0.4744967935167576
FTS_2018,FTS,2018,vi,VN100,,783,5,28,0.006385696040868455,0.035759897828863345,0.002554278416347382,0.0,0.696969696969697,0.020434227330779056,0.0421455938697318,0.0,0.0,0.3469387755102041,1.4358700098766977,1.8227876262068285
FTS_2024,FTS,2024,vi,VN100,,1054,14,35,0.013282732447817837,0.03320683111954459,0.0056925996204933585,0.0,0.42857142857142855,0.028462998102466792,0.036053130929791274,0.0,0.0,0.11764705882352941,3.1617910525682307,4.706705997335398
GAS_2023,GAS,2023,vi,VN30,,1103,4,21,0.003626473254759746,0.019038984587488667,0.001813236627379873,0.0,0.68,0.024478694469628286,0.04805077062556664,0.0,0.0,0.325,0.9073013152566554,4.301962971522759
FTS_2017,FTS,2017,vi,VN100,,739,2,25,0.0027063599458728013,0.03382949932341001,0.0,0.0,0.8518518518518519,0.012178619756427604,0.036535859269282815,0.0,0.0,0.5,0.13722874262203624,0.6396555969397324
GAS_2022,GAS,2022,vi,VN30,,1204,7,30,0.005813953488372093,0.024916943521594685,0.0016611295681063123,0.0,0.6216216216216216,0.018272425249169437,0.054817275747508304,0.0,0.0,0.5,1.0006494951646376,2.9780757122437596
GAS_2018,GAS,2018,vi,VN30,,405,5,9,0.012345679012345678,0.022222222222222223,0.0049382716049382715,0.0,0.2857142857142857,0.019753086419753086,0.044444444444444446,0.0,0.0,0.38461538461538464,1.59384964316419,1.9481143337401046
GAS_2016,GAS,2016,vi,VN30,,2813,11,58,0.0039104159260575895,0.020618556701030927,0.0014219694276573053,0.0,0.6811594202898551,0.01848560255954497,0.04870245289726271,0.0,0.0,0.4497354497354497,1.8228430586266198,2.2395620818075246
GEE_2023,GEE,2023,vi,VN100,,981,7,30,0.007135575942915392,0.03058103975535168,0.0030581039755351682,0.0,0.6216216216216216,0.019367991845056064,0.05504587155963303,0.0,0.0,0.4794520547945205,1.0788300452672417,1.4176460668214301
GEE_2024,GEE,2024,vi,VN100,,934,0,40,0.0,0.042826552462526764,0.0021413276231263384,0.0,1.0,0.010706638115631691,0.06423982869379015,0.0,0.0,0.7142857142857143,0.0,0.4843534813736119
GEE_2022,GEE,2022,vi,VN100,,1040,13,25,0.0125,0.02403846153846154,0.008653846153846154,0.0,0.3157894736842105,0.020192307692307693,0.05384615384615385,0.0,0.0,0.45454545454545453,1.9082747693305,2.309189999484617
GEE_2021,GEE,2021,vi,VN100,,1332,10,36,0.0075075075075075074,0.02702702702702703,0.0,0.0,0.5652173913043478,0.015765765765765764,0.05405405405405406,0.0,0.0,0.5483870967741935,2.1513247690540656,2.676910711930594
GEE_2025,GEE,2025,vi,VN100,,881,0,35,0.0,0.039727582292849034,0.00340522133938706,0.0,1.0,0.012485811577752554,0.049943246311010214,0.0,0.0,0.6,0.0,0.9457822540836853
GEX_2025,GEX,2025,vi,VN100,,1679,0,75,0.0,0.04466944609886837,0.00357355568790947,0.0,1.0,0.01846337105419893,0.058368076235854674,0.0,0.0,0.5193798449612403,0.0,2.184404029336725
GEX_2024,GEX,2024,vi,VN100,,1017,0,44,0.0,0.043264503441494594,0.0019665683382497543,0.0,1.0,0.007866273352999017,0.06588003933136677,0.0,0.0,0.7866666666666666,0.0,0.4670696160870328
GEX_2022,GEX,2022,vi,VN100,,835,12,28,0.01437125748502994,0.033532934131736525,0.0023952095808383233,0.0,0.4,0.013173652694610778,0.0658682634730539,0.0,0.0,0.6666666666666666,1.9029836261265054,1.0339966384670716
GEX_2023,GEX,2023,vi,VN100,,873,1,36,0.001145475372279496,0.041237113402061855,0.004581901489117984,0.0,0.9459459459459459,0.016036655211912942,0.07331042382588775,0.0,0.0,0.6410256410256411,0.07592166489330066,0.8859007237353441
GEX_2021,GEX,2021,vi,VN100,,688,4,25,0.005813953488372093,0.036337209302325583,0.0,0.0,0.7241379310344828,0.00872093023255814,0.07122093023255814,0.0,0.0,0.7818181818181819,0.6914227670764215,0.18960786557175832
GAS_2025,GAS,2025,vi,VN30,,1271,1,29,0.0007867820613690008,0.022816679779701022,0.0007867820613690008,0.0,0.9333333333333333,0.020456333595594022,0.042486231313926044,0.0,0.0,0.35,0.05567399622595241,3.346536950245098
GEX_2018,GEX,2018,vi,VN100,,606,0,28,0.0,0.0462046204620462,0.0016501650165016502,0.0,1.0,0.009900990099009901,0.06435643564356436,0.0,0.0,0.7333333333333333,0.0,0.83346804068689
GEX_2019,GEX,2019,vi,VN100,,1215,5,42,0.00411522633744856,0.0345679012345679,0.0032921810699588477,0.0,0.7872340425531915,0.014814814814814815,0.06337448559670782,0.0,0.0,0.6210526315789474,1.8490058610985667,3.8027356745020002
GMD_2025,GMD,2025,vi,VN100,,988,7,35,0.00708502024291498,0.0354251012145749,0.006072874493927126,0.0,0.6666666666666666,0.020242914979757085,0.05161943319838057,0.0,0.0,0.43661971830985913,1.4195259551381054,1.8966688590450322
GMD_2024,GMD,2024,vi,VN100,,1016,4,42,0.003937007874015748,0.04133858267716536,0.004921259842519685,0.0,0.8260869565217391,0.012795275590551181,0.04822834645669291,0.0,0.0,0.5806451612903226,0.9737127328063342,1.8778157595716827
GMD_2023,GMD,2023,vi,VN100,,1044,9,32,0.008620689655172414,0.03065134099616858,0.005747126436781609,0.0,0.5609756097560976,0.019157088122605363,0.04980842911877394,0.0,0.0,0.4444444444444444,1.5092015283668103,2.540916448536932
GEX_2020,GEX,2020,vi,VN100,,707,8,18,0.011315417256011316,0.02545968882602546,0.0,0.0,0.38461538461538464,0.016973125884016973,0.0594059405940594,0.0,0.0,0.5555555555555556,2.4790037245581695,2.346717061907098
GMD_2021,GMD,2021,vi,VN100,,810,7,25,0.008641975308641974,0.030864197530864196,0.0,0.0,0.5625,0.01728395061728395,0.05802469135802469,0.0,0.0,0.5409836065573771,1.2580988261574133,1.3615330717644136
GMD_2018,GMD,2018,vi,VN100,,643,0,19,0.0,0.029548989113530325,0.003110419906687403,0.0,1.0,0.006220839813374806,0.06687402799377916,0.0,0.0,0.829195189639223,0.0,0.01538694584028033
GMD_2017,GMD,2017,vi,VN100,,750,1,18,0.0013333333333333333,0.024,0.0026666666666666666,0.0,0.8947368421052632,0.012,0.04533333333333334,0.0,0.0,0.5813953488372093,0.6319402689392134,1.2926705367350912
GMD_2016,GMD,2016,vi,VN100,,970,5,36,0.005154639175257732,0.03711340206185567,0.006185567010309278,0.0,0.7560975609756098,0.016494845360824743,0.061855670103092786,0.0,0.0,0.5789473684210527,0.7102170121736712,2.5063273313773826
GMD_2020,GMD,2020,vi,VN100,,1030,6,25,0.005825242718446602,0.024271844660194174,0.002912621359223301,0.0,0.6129032258064516,0.018446601941747572,0.04466019417475728,0.0,0.0,0.4153846153846154,0.9378336448566226,1.0825491518371488
GVR_2024,GVR,2024,vi,VN30,,2160,4,72,0.001851851851851852,0.03333333333333333,0.001388888888888889,0.0,0.8947368421052632,0.020833333333333332,0.08148148148148149,0.0,0.0,0.5927601809954751,0.7186239706700751,3.1783904500975018
GVR_2023,GVR,2023,vi,VN30,,1801,17,48,0.009439200444197668,0.026651860077734593,0.001110494169905608,0.0,0.47692307692307695,0.028317601332593003,0.07495835646862854,0.0,0.0,0.45161290322580644,1.890794420635633,3.976762997227026
GVR_2025,GVR,2025,vi,VN30,,1908,3,72,0.0015723270440251573,0.03773584905660377,0.0031446540880503146,0.0,0.92,0.018343815513626835,0.08176100628930817,0.0,0.0,0.6335078534031413,0.16982637726993502,2.762384256535173
GVR_2021,GVR,2021,vi,VN30,,1233,15,25,0.012165450121654502,0.0202757502027575,0.0024330900243309003,0.0,0.25,0.0227088402270884,0.07948094079480941,0.0,0.0,0.5555555555555556,1.6133170453712253,3.3163563651034047
GVR_2020,GVR,2020,vi,VN30,,1485,16,27,0.010774410774410775,0.01818181818181818,0.00202020202020202,0.0,0.2558139534883721,0.026262626262626262,0.06127946127946128,0.0,0.0,0.4,2.3431696114825167,3.7052760431745035
GVR_2018,GVR,2018,vi,VN30,,1289,12,34,0.009309542280837859,0.026377036462373934,0.0,0.0,0.4782608695652174,0.017067494181536073,0.06671838634600466,0.0,0.0,0.5925925925925926,1.9647984003345682,2.1410052888675173
HAG_2025,HAG,2025,vi,VN100,,573,9,9,0.015706806282722512,0.015706806282722512,0.0,0.0007852504512579818,0.0,0.031413612565445025,0.04886561954624782,0.0,0.0,0.21739130434782608,3.014839028156533,3.1312880946848156
HAG_2024,HAG,2024,vi,VN100,,1010,8,26,0.007920792079207921,0.02574257425742574,0.0039603960396039604,0.0,0.5294117647058824,0.031683168316831684,0.05643564356435644,0.0,0.0,0.2808988764044944,2.495359792457999,4.52625932776225
GVR_2022,GVR,2022,vi,VN30,,1372,19,38,0.013848396501457727,0.027696793002915453,0.0007288629737609329,0.0,0.3333333333333333,0.030612244897959183,0.08409574392614419,0.0,0.0,0.4782608695652174,2.834240340020783,3.9968835217518324
HAG_2020,HAG,2020,vi,VN100,,691,5,7,0.00723589001447178,0.010130246020260492,0.010130246020260492,0.0,0.16666666666666666,0.03836617471080976,0.04486251808972504,0.0,0.0,0.0,1.1702967692097628,4.202541383521865
HAG_2019,HAG,2019,vi,VN100,,872,8,17,0.009174311926605505,0.0194954128440367,0.0011467889908256881,0.0,0.36,0.026376146788990827,0.045871559633027525,0.0,0.0,0.2698412698412698,1.7160768302935732,1.9188790270130112
HAG_2018,HAG,2018,vi,VN100,,678,4,19,0.0058997050147492625,0.028023598820058997,0.007374631268436578,0.0,0.6521739130434783,0.02064896755162242,0.06489675516224189,0.0,0.0,0.5172413793103449,0.4177846101902247,1.012448315936531
HAG_2017,HAG,2017,vi,VN100,,1127,4,24,0.00354924578527063,0.02129547471162378,0.0044365572315882874,0.0,0.7142857142857143,0.01419698314108252,0.05235137533274179,0.0,0.0,0.5733333333333334,0.5754645824146202,0.7912832846343548
HAG_2016,HAG,2016,vi,VN100,,1222,13,28,0.010638297872340425,0.022913256955810146,0.004091653027823241,0.0007852504512579818,0.36585365853658536,0.030278232405891982,0.038461538461538464,0.0,0.0,0.11904761904761904,2.3764886830113823,3.146532753551794
HCM_2025,HCM,2025,vi,VN100,,651,0,32,0.0,0.04915514592933948,0.0030721966205837174,0.0,1.0,0.015360983102918587,0.05069124423963134,0.0,0.0,0.5348837209302325,0.0,0.8399350846978395
HAG_2021,HAG,2021,vi,VN100,,1267,9,17,0.007103393843725336,0.013417521704814523,0.003946329913180742,0.0,0.3076923076923077,0.01973164956590371,0.041831097079715863,0.0,0.0,0.358974358974359,1.6319546841760841,2.160436590365696
HCM_2023,HCM,2023,vi,VN100,,919,3,25,0.003264417845484222,0.02720348204570185,0.002176278563656148,0.0,0.7857142857142857,0.02176278563656148,0.04026115342763874,0.0,0.0,0.2982456140350877,0.8769390528922216,1.2791881072659306
HCM_2024,HCM,2024,vi,VN100,,660,1,28,0.0015151515151515152,0.04242424242424243,0.004545454545454545,0.0,0.9310344827586207,0.01818181818181818,0.05303030303030303,0.0,0.0,0.48936170212765956,0.060543601660301885,0.7798642318370581
HCM_2022,HCM,2022,vi,VN100,,704,4,25,0.005681818181818182,0.03551136363636364,0.004261363636363636,0.0,0.7241379310344828,0.022727272727272728,0.046875,0.0,0.0,0.3469387755102041,1.2307142608180859,1.7631368391151803
HCM_2020,HCM,2020,vi,VN100,,2261,14,74,0.006191950464396285,0.03272888102609465,0.010172490048651039,0.0,0.6818181818181818,0.020344980097302078,0.057938965059708095,0.0,0.0,0.480225988700565,2.2089604227139463,2.876315588626032
HCM_2021,HCM,2021,vi,VN100,,927,4,38,0.004314994606256742,0.040992448759439054,0.006472491909385114,0.0,0.8095238095238095,0.015102481121898598,0.0593311758360302,0.0,0.0,0.5942028985507246,0.6541304997254465,0.8598414353799868
HCM_2019,HCM,2019,vi,VN100,,1634,7,54,0.004283965728274173,0.033047735618115054,0.0024479804161566705,0.0,0.7704918032786885,0.023255813953488372,0.05263157894736842,0.0,0.0,0.3870967741935484,2.5938715278649775,2.1666797284702493
HCM_2017,HCM,2017,vi,VN100,,1834,0,36,0.0,0.019629225736095966,0.003816793893129771,0.0,1.0,0.012540894220283533,0.03489640130861505,0.0,0.0,0.47126436781609193,0.0,0.7064326309897577
HCM_2018,HCM,2018,vi,VN100,,4878,11,121,0.002255022550225502,0.024805248052480525,0.004305043050430504,0.0,0.8333333333333334,0.012710127101271012,0.042845428454284545,0.0,0.0,0.5424354243542435,2.2392703020269327,6.758959181579001
HCM_2016,HCM,2016,vi,VN100,,3459,8,78,0.0023128071697022263,0.022549869904596703,0.004914715235617231,0.0,0.813953488372093,0.02139346631974559,0.03295750216825672,0.0,0.0,0.2127659574468085,2.8879324634492107,8.263342914248888
HDB_2025,HDB,2025,vi,VN30,,1090,2,40,0.001834862385321101,0.03669724770642202,0.001834862385321101,0.0,0.9047619047619048,0.02110091743119266,0.047706422018348627,0.0,0.0,0.38666666666666666,0.09607582741140992,2.376595715726092
HDB_2024,HDB,2024,vi,VN30,,1412,11,75,0.007790368271954674,0.05311614730878187,0.0028328611898017,0.0,0.7441860465116279,0.019121813031161474,0.06940509915014165,0.0,0.0,0.568,1.853582612466168,3.4731283662714807
HDB_2022,HDB,2022,vi,VN30,,1025,15,30,0.014634146341463415,0.02926829268292683,0.004878048780487805,0.0,0.3333333333333333,0.025365853658536587,0.05365853658536585,0.0,0.0,0.35802469135802467,3.2332899670891453,4.213937566466911
HDB_2021,HDB,2021,vi,VN30,,1269,16,43,0.01260835303388495,0.0338849487785658,0.002364066193853428,0.0,0.4576271186440678,0.029944838455476755,0.0504334121355398,0.0,0.0,0.2549019607843137,3.2057558513986764,4.067097140793319
HDB_2018,HDB,2018,vi,VN30,,2174,5,98,0.0022999080036798527,0.045078196872125116,0.003219871205151794,0.00045998160073597056,0.9029126213592233,0.019319227230910764,0.05105795768169273,0.0,0.0,0.45098039215686275,0.7303983599364574,4.255098180908621
HDB_2020,HDB,2020,vi,VN30,,2301,14,55,0.006084311169056932,0.023902651021295088,0.000434593654932638,0.0,0.5942028985507246,0.017383746197305518,0.04476314645806171,0.0,0.0,0.4405594405594406,2.587950898571251,5.387712382274711
HDB_2016,HDB,2016,vi,VN30,,2077,13,67,0.006259027443428021,0.03225806451612903,0.008184882041405874,0.0,0.675,0.019258545979778528,0.06210881078478575,0.0,0.0,0.5266272189349113,1.6833471447639785,4.453302146399976
HDG_2025,HDG,2025,vi,VN100,,651,1,21,0.0015360983102918587,0.03225806451612903,0.004608294930875576,0.0,0.9090909090909091,0.016897081413210446,0.0629800307219662,0.0,0.0,0.5769230769230769,0.6439025075655561,1.3273625812130139
HDG_2024,HDG,2024,vi,VN100,,1238,16,18,0.012924071082390954,0.014539579967689823,0.005654281098546042,0.0007852504512579818,0.058823529411764705,0.029079159935379646,0.05654281098546042,0.0,0.0,0.32075471698113206,4.2165654190843345,4.048754225538691
HDG_2023,HDG,2023,vi,VN100,,957,11,20,0.011494252873563218,0.02089864158829676,0.00522466039707419,0.0,0.2903225806451613,0.019853709508881923,0.04911180773249739,0.0,0.0,0.42424242424242425,1.4726304436080102,2.125887703191501
HDB_2017,HDB,2017,vi,VN30,,2663,3,22,0.0011265490048817123,0.008261359369132557,0.0003755163349605708,0.0,0.76,0.012016522718738265,0.014375007180304138,0.0,0.0,0.07246376811594203,0.3107922947073524,7.65284446631332
HDG_2019,HDG,2019,vi,VN100,,723,3,22,0.004149377593360996,0.030428769017980636,0.0027662517289073307,0.0,0.76,0.013831258644536652,0.04564315352697095,0.0,0.0,0.5348837209302325,0.6696929172926129,0.5404396770289343
HDG_2018,HDG,2018,vi,VN100,,563,1,16,0.0017761989342806395,0.028419182948490232,0.0,0.0,0.8823529411764706,0.014209591474245116,0.07282415630550622,0.0,0.0,0.673469387755102,0.061855978104846464,0.17408214765479962
HDG_2016,HDG,2016,vi,VN100,,316,0,4,0.0,0.012658227848101266,0.0,0.0,1.0,0.015822784810126583,0.0759493670886076,0.0,0.0,0.6551724137931034,0.0,1.1688480020030618
HHV_2025,HHV,2025,vi,VN100,,886,1,28,0.001128668171557562,0.03160270880361174,0.0,0.0,0.9310344827586207,0.012415349887133182,0.05304740406320542,0.0,0.0,0.6206896551724138,0.05825397108850565,0.9459485269521295
HHV_2024,HHV,2024,vi,VN100,,1000,8,20,0.008,0.02,0.001,0.0,0.42857142857142855,0.024,0.045,0.0,0.0,0.30434782608695654,2.416893336706373,3.375495627573567
HPG_2025,HPG,2025,vi,VN30,,985,2,26,0.0020304568527918783,0.026395939086294416,0.0010152284263959391,0.0,0.8571428571428571,0.012182741116751269,0.07106598984771574,0.0,0.0,0.7073170731707317,0.537783694236179,1.7199524012187806
HPG_2024,HPG,2024,vi,VN30,,951,2,25,0.002103049421661409,0.026288117770767613,0.002103049421661409,0.0,0.8518518518518519,0.014721345951629864,0.08409574392614419,0.0,0.0,0.7021276595744681,0.33830273326898325,1.0497690423095423
HPG_2023,HPG,2023,vi,VN30,,868,5,17,0.00576036866359447,0.019585253456221197,0.002304147465437788,0.0,0.5454545454545454,0.026497695852534562,0.08064516129032258,0.0,0.0,0.5053763440860215,1.0451428548302342,2.1916184148624236
HPG_2019,HPG,2019,vi,VN30,,1067,7,31,0.006560449859418931,0.029053420805998126,0.0009372071227741331,0.0,0.631578947368421,0.02717900656044986,0.07122774133083412,0.0,0.0,0.44761904761904764,1.0013818798856646,2.788302893895901
HPG_2016,HPG,2016,vi,VN30,,1094,3,37,0.002742230347349177,0.033820840950639856,0.0009140767824497258,0.0,0.85,0.016453382084095063,0.06764168190127971,0.0,0.0,0.6086956521739131,0.4635560969894409,1.3171535780059325
HSG_2024,HSG,2024,vi,VN100,,797,7,21,0.00878293601003764,0.026348808030112924,0.0037641154328732747,0.0,0.5,0.026348808030112924,0.05771643663739021,0.0,0.0,0.373134328358209,1.38823473933235,3.850558098231425
HSG_2025,HSG,2025,vi,VN100,,790,2,38,0.002531645569620253,0.04810126582278481,0.005063291139240506,0.0,0.9,0.017721518987341773,0.08409574392614419,0.0,0.0,0.6626506024096386,0.7112965449812986,2.250256736109574
HSG_2023,HSG,2023,vi,VN100,,889,14,20,0.015748031496062992,0.02249718785151856,0.006749156355455568,0.0,0.17647058823529413,0.019122609673790775,0.07536557930258718,0.0,0.0,0.5952380952380952,3.07871690633426,2.760720052418117
HPG_2017,HPG,2017,vi,VN30,,1214,0,33,0.0,0.027182866556836903,0.0008237232289950577,0.0,1.0,0.019769357495881382,0.06836902800658978,0.0,0.0,0.5514018691588785,0.0,2.262756029652716
HSG_2019,HSG,2019,vi,VN100,,1294,15,42,0.011591962905718702,0.03245749613601236,0.0007727975270479134,0.0,0.47368421052631576,0.017001545595054096,0.07727975270479134,0.0,0.0,0.639344262295082,2.4677148505241457,2.561163157274197
HPG_2018,HPG,2018,vi,VN30,,903,4,23,0.004429678848283499,0.02547065337763012,0.0033222591362126247,0.0007852504512579818,0.7037037037037037,0.028792912513842746,0.08409574392614419,0.0,0.0,0.5185185185185185,0.7088366775525526,2.589150567433591
HSG_2021,HSG,2021,vi,VN100,,989,9,21,0.00910010111223458,0.021233569261880688,0.004044489383215369,0.0,0.4,0.022244691607684528,0.055611729019211326,0.0,0.0,0.42857142857142855,1.802990885792833,2.251818402665507
HSG_2017,HSG,2017,vi,VN100,,1110,5,38,0.0045045045045045045,0.03423423423423423,0.006306306306306306,0.0,0.7674418604651163,0.024324324324324326,0.05945945945945946,0.0,0.0,0.41935483870967744,1.0657330773226226,3.2244158523662967
HSG_2016,HSG,2016,vi,VN100,,1159,0,47,0.0,0.04055220017256255,0.003451251078515962,0.0,1.0,0.014667817083692839,0.07679033649698015,0.0,0.0,0.6792452830188679,0.0,1.249631121810596
HT1_2025,HT1,2025,vi,VN100,,1238,5,25,0.004038772213247173,0.020193861066235864,0.0032310177705977385,0.0,0.6666666666666666,0.01050080775444265,0.025040387722132473,0.0,0.0,0.4090909090909091,0.9780840607036326,2.30462422346245
HSG_2022,HSG,2022,vi,VN100,,765,13,24,0.01699346405228758,0.03137254901960784,0.00784313725490196,0.0,0.2972972972972973,0.018300653594771243,0.07320261437908497,0.0,0.0,0.6,3.000743628998078,1.3255236015860803
HSG_2018,HSG,2018,vi,VN100,,1239,12,54,0.009685230024213076,0.043583535108958835,0.002421307506053269,0.0007852504512579818,0.6363636363636364,0.022598870056497175,0.07102502017756256,0.0,0.0,0.5172413793103449,2.003085394367963,4.039985799860312
HT1_2021,HT1,2021,vi,VN100,,922,15,19,0.016268980477223426,0.020607375271149676,0.005422993492407809,0.0,0.11764705882352941,0.03836617471080976,0.049891540130151846,0.0,0.0,0.09523809523809523,3.1728906712785983,5.11248832764605
HT1_2024,HT1,2024,vi,VN100,,1137,8,14,0.007036059806508356,0.012313104661389622,0.002638522427440633,0.0,0.2727272727272727,0.019349164467897976,0.014375007180304138,0.0,0.0,-0.09599999999999997,1.7132469112342594,2.849864654727356
HT1_2019,HT1,2019,vi,VN100,,1223,5,31,0.004088307440719542,0.025347506132461162,0.001635322976287817,0.0,0.7222222222222222,0.03025347506132461,0.044153720359771054,0.0,0.0,0.18681318681318682,1.3133300046624776,4.9151577784878935
HT1_2018,HT1,2018,vi,VN100,,761,5,20,0.006570302233902759,0.026281208935611037,0.001314060446780552,0.0,0.6,0.023653088042049936,0.06701708278580815,0.0,0.0,0.4782608695652174,1.1247978509615688,1.9911857566172901
HT1_2016,HT1,2016,vi,VN100,,596,3,11,0.0050335570469798654,0.018456375838926176,0.003355704697986577,0.0,0.5714285714285714,0.02348993288590604,0.040268456375838924,0.0,0.0,0.2631578947368421,0.8233553801116684,1.2456967801330847
HT1_2017,HT1,2017,vi,VN100,,519,7,16,0.01348747591522158,0.030828516377649325,0.005780346820809248,0.0,0.391304347826087,0.025048169556840076,0.04816955684007707,0.0,0.0,0.3157894736842105,1.5728593816519556,2.260495668512149
KBC_2020,KBC,2020,vi,VN100,,531,0,13,0.0,0.02448210922787194,0.0,0.0,1.0,0.011299435028248588,0.06779661016949153,0.0,0.0,0.7142857142857143,0.0,0.7435233372691402
KDC_2025,KDC,2025,vi,VN100,,643,14,13,0.021045918967635108,0.02021772939346812,0.010652796854192674,0.0,0.0,0.026438569206842923,0.05287713841368585,0.0,0.0,0.3333333333333333,2.673475854706571,4.371945162794242
KDC_2024,KDC,2024,vi,VN100,,767,11,12,0.014341590612777053,0.01564537157757497,0.010430247718383311,0.0,0.043478260869565216,0.01955671447196871,0.0469361147327249,0.0,0.0,0.4117647058823529,2.4283100229305044,3.130259961507213
KDC_2023,KDC,2023,vi,VN100,,694,8,20,0.011527377521613832,0.02881844380403458,0.005763688760806916,0.0,0.42857142857142855,0.01729106628242075,0.059077809798270896,0.0,0.0,0.5471698113207547,1.8699374282446284,1.760750741010349
KDC_2021,KDC,2021,vi,VN100,,943,6,36,0.006362672322375398,0.03817603393425239,0.0042417815482502655,0.0,0.7142857142857143,0.018027571580063628,0.06256627783669141,0.0,0.0,0.5526315789473685,1.1832094085655531,3.492459888715433
KDC_2019,KDC,2019,vi,VN100,,945,6,32,0.006349206349206349,0.033862433862433865,0.0010582010582010583,0.0,0.6842105263157895,0.033862433862433865,0.06031746031746032,0.0,0.0,0.2808988764044944,1.201970582595071,3.631907423088401
KDC_2018,KDC,2018,vi,VN100,,1660,11,49,0.006626506024096385,0.029518072289156625,0.004216867469879518,0.0,0.6333333333333333,0.028313253012048192,0.06144578313253012,0.0,0.0,0.3691275167785235,2.1355800093080632,3.871127594997418
KDC_2017,KDC,2017,vi,VN100,,1942,3,68,0.001544799176107106,0.035015447991761074,0.001544799176107106,0.0,0.9154929577464789,0.013903192584963954,0.061277033985581875,0.0,0.0,0.6301369863013698,0.11105973719458354,3.387554999118571
KDH_2025,KDH,2025,vi,VN100,,761,0,24,0.0,0.03153745072273324,0.001314060446780552,0.0,1.0,0.01971090670170828,0.05781865965834428,0.0,0.0,0.4915254237288136,0.0,0.13252029846359611
KDH_2024,KDH,2024,vi,VN100,,740,0,27,0.0,0.03648648648648649,0.0,0.0,1.0,0.01891891891891892,0.06891891891891892,0.0,0.0,0.5692307692307692,0.0,1.1234757639291912
KDC_2016,KDC,2016,vi,VN100,,1956,1,67,0.0005112474437627812,0.03425357873210634,0.0010224948875255625,0.0,0.9705882352941176,0.018916155419222903,0.06850715746421268,0.0,0.0,0.5672514619883041,0.05287624764749467,2.9523030044111445
KDH_2023,KDH,2023,vi,VN100,,810,4,22,0.0049382716049382715,0.027160493827160494,0.0,0.0,0.6923076923076923,0.020987654320987655,0.07530864197530865,0.0,0.0,0.5641025641025641,0.500475886954371,1.2716916121386859
KDH_2021,KDH,2021,vi,VN100,,608,8,13,0.013157894736842105,0.02138157894736842,0.001644736842105263,0.0,0.23809523809523808,0.03289473684210526,0.0625,0.0,0.0,0.3103448275862069,1.3550246646363884,1.5690234517101664
KDH_2022,KDH,2022,vi,VN100,,554,1,18,0.0018050541516245488,0.032490974729241874,0.0,0.0,0.8947368421052632,0.021660649819494584,0.07581227436823104,0.0,0.0,0.5555555555555556,0.21495194208686702,0.325287631900735
KDH_2019,KDH,2019,vi,VN100,,545,0,19,0.0,0.03486238532110092,0.0,0.0,1.0,0.025688073394495414,0.07889908256880734,0.0,0.0,0.5087719298245614,0.0,0.39788464174944127
KDH_2018,KDH,2018,vi,VN100,,461,1,9,0.0021691973969631237,0.019522776572668113,0.0,0.0,0.8,0.013015184381778741,0.0737527114967462,0.0,0.0,0.7,0.06358921531937543,0.5605506876689216
KDH_2016,KDH,2016,vi,VN100,,590,0,18,0.0,0.030508474576271188,0.0,0.0,1.0,0.025423728813559324,0.06271186440677966,0.0,0.0,0.4230769230769231,0.0,0.7366252905459783
KDH_2017,KDH,2017,vi,VN100,,744,0,17,0.0,0.0228494623655914,0.0,0.0,1.0,0.009408602150537635,0.07258064516129033,0.0,0.0,0.7704918032786885,0.0,0.6412187399959498
KOS_2025,KOS,2025,vi,VN100,,295,0,6,0.0,0.020338983050847456,0.0,0.0,1.0,0.006779661016949152,0.0711864406779661,0.0,0.0,0.8260869565217391,0.0,0.012441487086612324
KOS_2024,KOS,2024,vi,VN100,,295,0,6,0.0,0.020338983050847456,0.0,0.0,1.0,0.006779661016949152,0.0711864406779661,0.0,0.0,0.8260869565217391,0.0,0.012441487086612324
KOS_2023,KOS,2023,vi,VN100,,295,0,6,0.0,0.020338983050847456,0.0,0.0,1.0,0.006779661016949152,0.0711864406779661,0.0,0.0,0.8260869565217391,0.0,0.012441487086612324
KOS_2021,KOS,2021,vi,VN100,,296,1,7,0.0033783783783783786,0.02364864864864865,0.0,0.0,0.75,0.010135135135135136,0.07094594594594594,0.0,0.0,0.75,0.08819530413443194,0.10037874820999174
KOS_2020,KOS,2020,vi,VN100,,305,1,7,0.003278688524590164,0.022950819672131147,0.0,0.0,0.75,0.009836065573770493,0.07213114754098361,0.0,0.0,0.76,0.08780221907214243,0.09993136173199373
KOS_2018,KOS,2018,vi,VN100,,304,0,6,0.0,0.019736842105263157,0.0,0.0,1.0,0.006578947368421052,0.0756578947368421,0.0,0.0,0.829195189639223,0.0,0.012441487086612324
KOS_2019,KOS,2019,vi,VN100,,311,0,5,0.0,0.01607717041800643,0.0,0.0,1.0,0.00964630225080386,0.0707395498392283,0.0,0.0,0.76,0.0,0.15850655193112148
KOS_2017,KOS,2017,vi,VN100,,309,0,5,0.0,0.016181229773462782,0.0,0.0,1.0,0.009708737864077669,0.06796116504854369,0.0,0.0,0.75,0.0,0.2838502781056902
LPB_2024,LPB,2024,vi,VN30,,620,1,40,0.0016129032258064516,0.06020791848632413,0.0016129032258064516,0.0,0.9512195121951219,0.00967741935483871,0.056451612903225805,0.0,0.0,0.7073170731707317,0.21169557809481074,0.40674419832278375
LPB_2025,LPB,2025,vi,VN30,,546,0,26,0.0,0.047619047619047616,0.0018315018315018315,0.0,1.0,0.018315018315018316,0.05128205128205128,0.0,0.0,0.47368421052631576,0.0,1.458133286332741
LPB_2022,LPB,2022,vi,VN30,,1429,2,39,0.0013995801259622112,0.02729181245626312,0.0013995801259622112,0.0,0.9024390243902439,0.015395381385584325,0.05808257522743177,0.0,0.0,0.580952380952381,0.2961572073717819,2.4608339045411527
LPB_2023,LPB,2023,vi,VN30,,979,5,26,0.005107252298263534,0.026557711950970377,0.0020429009193054137,0.0,0.6774193548387096,0.020429009193054137,0.04800817160367722,0.0,0.0,0.40298507462686567,0.24738392286721383,2.720671125954478
LPB_2021,LPB,2021,vi,VN30,,694,10,15,0.01440922190201729,0.021613832853025938,0.001440922190201729,0.0,0.2,0.020172910662824207,0.07780979827089338,0.0,0.0,0.5882352941176471,1.678490705030717,1.6623487669367372
MBB_2025,MBB,2025,vi,VN30,,1030,3,50,0.002912621359223301,0.04854368932038835,0.0,0.0,0.8867924528301887,0.01262135922330097,0.06407766990291262,0.0,0.0,0.6708860759493671,0.3479862232567936,1.2786652911976593
MBB_2024,MBB,2024,vi,VN30,,1584,6,58,0.003787878787878788,0.036616161616161616,0.004419191919191919,0.0,0.8125,0.02335858585858586,0.0422979797979798,0.0,0.0,0.28846153846153844,1.42410277928189,5.694376384961059
MBB_2023,MBB,2023,vi,VN30,,4007,23,124,0.005739955078612428,0.030945844771649612,0.0014973795857249812,0.0,0.6870748299319728,0.021961567257299724,0.0479161467431994,0.0,0.0,0.37142857142857144,3.5616477990712303,5.324347793691478
MBB_2021,MBB,2021,vi,VN30,,2433,24,96,0.009864364981504316,0.03945745992601726,0.002877106452938759,0.0,0.6,0.026715988491574187,0.052609946568023015,0.0,0.0,0.32642487046632124,2.968125996772017,7.3051897631678
MBB_2020,MBB,2020,vi,VN30,,2240,14,88,0.00625,0.039285714285714285,0.0026785714285714286,0.0,0.7254901960784313,0.025892857142857145,0.05580357142857143,0.0,0.0,0.366120218579235,1.938768484751473,4.838653412004751
MBB_2018,MBB,2018,vi,VN30,,1810,3,68,0.0016574585635359116,0.03756906077348066,0.0022099447513812156,0.0,0.9154929577464789,0.019889502762430938,0.055248618784530384,0.0,0.0,0.47058823529411764,0.5117865928641567,4.506029326208249
MBB_2016,MBB,2016,vi,VN30,,2218,7,86,0.0031559963931469793,0.0387736699729486,0.001352569882777277,0.0,0.8494623655913979,0.024346257889990983,0.059963931469792606,0.0,0.0,0.42245989304812837,1.2929522155216113,4.240040140990884
MBB_2017,MBB,2017,vi,VN30,,1276,6,62,0.004702194357366771,0.048589341692789965,0.0023510971786833857,0.0007836990595611285,0.8235294117647058,0.017241379310344827,0.05956112852664577,0.0,0.0,0.5510204081632653,0.903693314943846,3.047030743853839
MCH_2025,MCH,2025,vi,VN30,,3586,9,103,0.0025097601784718347,0.02872281093139989,0.0016731734523145567,0.0,0.8392857142857143,0.03234802007808143,0.047406581148912434,0.0,0.0,0.1888111888111888,2.535376016162173,6.41352471503546
MCH_2018,MCH,2018,vi,VN30,,441,0,13,0.0,0.02947845804988662,0.0,0.0,1.0,0.006802721088435374,0.04308390022675737,0.0,0.0,0.7272727272727273,0.0,0.15069749931185247
MCH_2017,MCH,2017,vi,VN30,,468,0,13,0.0,0.027777777777777776,0.0,0.0,1.0,0.008547008547008548,0.042735042735042736,0.0,0.0,0.6666666666666666,0.0,0.1521754342693538
MCH_2016,MCH,2016,vi,VN30,,1742,2,41,0.001148105625717566,0.023536165327210104,0.0057405281285878304,0.0,0.9069767441860465,0.016647531572904706,0.05166475315729047,0.0,0.0,0.5126050420168067,0.09075302605089951,1.894330242221626
MSB_2025,MSB,2025,vi,VN100,,1431,2,67,0.001397624039133473,0.04682040531097135,0.0069881201956673656,0.0,0.9420289855072463,0.01816911250873515,0.06079664570230608,0.0,0.0,0.5398230088495575,0.5045198445531456,3.470478410641766
MSB_2024,MSB,2024,vi,VN100,,1366,1,58,0.0007320644216691069,0.0424597364568082,0.004392386530014641,0.0,0.9661016949152542,0.02342606149341142,0.050512445095168376,0.0,0.0,0.36633663366336633,0.25967184122327647,3.808579063782995
MSB_2022,MSB,2022,vi,VN100,,1496,7,54,0.004679144385026738,0.03609625668449198,0.010652796854192674,0.0,0.7704918032786885,0.020053475935828877,0.04879679144385027,0.0,0.0,0.4174757281553398,0.6326128760330793,1.9710618967926519
MSB_2023,MSB,2023,vi,VN100,,1355,11,46,0.008118081180811807,0.03394833948339483,0.006642066420664207,0.0,0.6140350877192983,0.016974169741697416,0.057564575645756455,0.0,0.0,0.5445544554455446,1.6452461412086397,3.764486909152395
MSB_2019,MSB,2019,vi,VN100,,1056,5,31,0.004734848484848485,0.029356060606060608,0.006628787878787879,0.0,0.7222222222222222,0.019886363636363636,0.07102272727272728,0.0,0.0,0.5625,1.1135519554674322,2.272666729261894
MSB_2020,MSB,2020,vi,VN100,,1136,4,41,0.0035211267605633804,0.03609154929577465,0.006161971830985915,0.0,0.8222222222222222,0.01936619718309859,0.04753521126760563,0.0,0.0,0.42105263157894735,0.5676472816303276,2.16576620783711
MSB_2017,MSB,2017,vi,VN100,,2224,1,74,0.0004496402877697842,0.03327338129496403,0.003147482014388489,0.0,0.9733333333333334,0.01843525179856115,0.06025179856115108,0.0,0.0,0.5314285714285715,0.22901549052620548,2.4950185105250156
MSB_2016,MSB,2016,vi,VN100,,674,6,15,0.008902077151335312,0.02225519287833828,0.001483679525222552,0.0,0.42857142857142855,0.020771513353115726,0.05637982195845697,0.0,0.0,0.46153846153846156,0.4763817963530738,0.9229754012903918
MSB_2018,MSB,2018,vi,VN100,,1879,1,59,0.0005321979776476849,0.03139968068121341,0.0021287919105907396,0.0,0.9666666666666667,0.024481106971793506,0.05055880787653007,0.0,0.0,0.3475177304964539,0.06910565467138124,3.4788822757256304
MSN_2023,MSN,2023,vi,VN30,,4568,5,114,0.0010945709281961471,0.024956217162872153,0.001532399299474606,0.0,0.9159663865546218,0.0223292469352014,0.03327495621716287,0.0,0.0,0.1968503937007874,1.4188720078071002,5.248689918087477
MSN_2018,MSN,2018,vi,VN30,,3489,8,85,0.002292920607623961,0.024362281456004584,0.004299226139294927,0.0,0.8279569892473119,0.02120951562052164,0.046145027228432216,0.0,0.0,0.3702127659574468,1.7697264531623287,6.690053447114502
MSN_2017,MSN,2017,vi,VN30,,3077,21,82,0.0068248293792655184,0.026649333766655833,0.010074748131296718,0.0,0.5922330097087378,0.025999350016249593,0.04354891127721807,0.0,0.0,0.2523364485981308,3.8798204735431527,5.663077674756244
MSN_2016,MSN,2016,vi,VN30,,6406,15,147,0.0023415547923821417,0.02294723696534499,0.0029659694036840464,0.0,0.8148148148148148,0.023571651576646892,0.04105526069310022,0.0,0.0,0.27053140096618356,3.7422036325482972,9.20890968062534
MWG_2025,MWG,2025,vi,VN30,,262,0,4,0.0,0.015267175572519083,0.003816793893129771,0.0,1.0,0.005300059417706476,0.04580152671755725,0.0,0.0,0.829195189639223,0.0,0.15023415937107856
MWG_2023,MWG,2023,vi,VN30,,1519,13,49,0.008558262014483212,0.03225806451612903,0.004608294930875576,0.0,0.5806451612903226,0.03357472021066491,0.06649111257406189,0.0,0.0,0.32894736842105265,4.703149183413728,5.672113556336615
MWG_2022,MWG,2022,vi,VN30,,1911,27,60,0.0141287284144427,0.03139717425431711,0.003663003663003663,0.0,0.3793103448275862,0.02878074306645735,0.0575614861329147,0.0,0.0,0.3333333333333333,5.765198312462458,7.08550272878389
MWG_2024,MWG,2024,vi,VN30,,1324,3,28,0.0022658610271903325,0.021148036253776436,0.0037764350453172208,0.0,0.8064516129032258,0.01661631419939577,0.0581570996978852,0.0,0.0,0.5555555555555556,0.6413869280854964,2.692153603306151
MWG_2020,MWG,2020,vi,VN30,,587,4,13,0.0068143100511073255,0.022146507666098807,0.0017035775127768314,0.0,0.5294117647058824,0.030664395229982964,0.05110732538330494,0.0,0.0,0.25,1.3260551888156755,2.602861690634252
MWG_2021,MWG,2021,vi,VN30,,1950,21,33,0.010769230769230769,0.016923076923076923,0.0015384615384615385,0.0,0.2222222222222222,0.03435897435897436,0.04358974358974359,0.0,0.0,0.11842105263157894,4.000146909889496,9.20890968062534
MWG_2019,MWG,2019,vi,VN30,,1160,2,27,0.0017241379310344827,0.02327586206896552,0.0008620689655172414,0.0,0.8620689655172413,0.03620689655172414,0.028448275862068967,0.0,0.0,-0.09599999999999997,0.3541537288688421,2.7616652754003983
MWG_2016,MWG,2016,vi,VN30,,748,0,12,0.0,0.016042780748663103,0.0,0.0,1.0,0.03836617471080976,0.04144385026737968,0.0,0.0,-0.09599999999999997,0.0,2.7890775591087897
MWG_2018,MWG,2018,vi,VN30,,1962,1,56,0.0005096839959225281,0.02854230377166157,0.0015290519877675841,0.0,0.9649122807017544,0.030071355759429153,0.042303771661569824,0.0,0.0,0.16901408450704225,0.05285737627619607,2.3511724249376327
NAB_2019,NAB,2019,vi,VN100,,482,2,6,0.004149377593360996,0.012448132780082987,0.002074688796680498,0.0,0.5,0.03836617471080976,0.026970954356846474,0.0,0.0,-0.09599999999999997,0.4703608511167264,2.9155344518435076
NKG_2025,NKG,2025,vi,VN100,,703,7,33,0.00995732574679943,0.04694167852062589,0.007112375533428165,0.0,0.65,0.02418207681365576,0.07112375533428165,0.0,0.0,0.4925373134328358,0.8638761006308578,2.0184008312884076
NKG_2024,NKG,2024,vi,VN100,,564,4,30,0.0070921985815602835,0.05319148936170213,0.008865248226950355,0.0,0.7647058823529411,0.01773049645390071,0.05673758865248227,0.0,0.0,0.5238095238095238,0.5122796936520977,1.487177941194003
NKG_2023,NKG,2023,vi,VN100,,1988,3,18,0.0015090543259557343,0.009054325955734407,0.001006036217303823,0.0,0.7142857142857143,0.013078470824949699,0.029175050301810865,0.0,0.0,0.38095238095238093,0.7076581673151461,4.679904177216797
NKG_2022,NKG,2022,vi,VN100,,1540,7,38,0.004545454545454545,0.024675324675324677,0.003246753246753247,0.0,0.6888888888888889,0.023376623376623377,0.05194805194805195,0.0,0.0,0.3793103448275862,1.738067013208415,4.229045161077284
NKG_2021,NKG,2021,vi,VN100,,1378,6,14,0.0043541364296081275,0.010159651669085631,0.0,0.0,0.4,0.023222060957910014,0.015965166908563134,0.0,0.0,-0.09599999999999997,0.829805108654186,5.530352581584448
NKG_2019,NKG,2019,vi,VN100,,382,5,10,0.013089005235602094,0.02617801047120419,0.007853403141361256,0.0,0.3333333333333333,0.034031413612565446,0.07853403141361257,0.0,0.0,0.3953488372093023,1.4378855645983402,2.596360321615632
NKG_2020,NKG,2020,vi,VN100,,752,17,20,0.021045918967635108,0.026595744680851064,0.0013297872340425532,0.0,0.08108108108108109,0.017287234042553192,0.05452127659574468,0.0,0.0,0.5185185185185185,3.3249727197549404,2.467530315972183
NLG_2025,NLG,2025,vi,VN100,,1339,2,46,0.0014936519790888724,0.03435399551904406,0.0037341299477221808,0.0,0.9166666666666666,0.019417475728155338,0.05825242718446602,0.0,0.0,0.5,0.3075446712682185,1.9926305689028085
NLG_2024,NLG,2024,vi,VN100,,1759,2,87,0.0011370096645821489,0.04945992040932348,0.0022740193291642978,0.0,0.9550561797752809,0.015918135304150087,0.05685048322910745,0.0,0.0,0.5625,0.3143165863513651,2.2059906121215973
NLG_2023,NLG,2023,vi,VN100,,1113,6,34,0.005390835579514825,0.030548068283917342,0.0017969451931716084,0.0,0.7,0.019766397124887692,0.050314465408805034,0.0,0.0,0.4358974358974359,0.4249655132178929,1.9601043162865084
NLG_2021,NLG,2021,vi,VN100,,1922,5,53,0.0026014568158168575,0.027575442247658687,0.0026014568158168575,0.0,0.8275862068965517,0.014568158168574402,0.04162330905306972,0.0,0.0,0.48148148148148145,0.6258045792133929,1.8797788429767512
NLG_2022,NLG,2022,vi,VN100,,2705,12,78,0.0044362292051756,0.028835489833641405,0.002587800369685767,0.0,0.7333333333333333,0.02033271719038817,0.04990757855822551,0.0,0.0,0.42105263157894735,1.3054046872587786,5.927791146866463
NLG_2020,NLG,2020,vi,VN100,,2552,4,85,0.001567398119122257,0.03330721003134796,0.00274294670846395,0.0,0.9101123595505618,0.019592476489028215,0.03879310344827586,0.0,0.0,0.3288590604026846,0.520617601248952,2.5604032022204106
NLG_2018,NLG,2018,vi,VN100,,1927,3,55,0.0015568240788790867,0.028541774779449924,0.0010378827192527244,0.0,0.896551724137931,0.015049299429164505,0.04151530877010898,0.0,0.0,0.46788990825688076,0.15858552875308712,1.643278260729979
NLG_2017,NLG,2017,vi,VN100,,2982,0,78,0.0,0.026156941649899398,0.0013413816230717639,0.0,1.0,0.01710261569416499,0.051643192488262914,0.0,0.0,0.5024390243902439,0.0,3.5863566093435373
NLG_2016,NLG,2016,vi,VN100,,2149,2,62,0.0009306654257794323,0.0288506281991624,0.0009306654257794323,0.0,0.9375,0.015355979525360632,0.04699860400186133,0.0,0.0,0.5074626865671642,0.6664389791844374,1.546330703165115
NLG_2019,NLG,2019,vi,VN100,,234,0,7,0.0,0.029914529914529916,0.0,0.0,1.0,0.005300059417706476,0.05128205128205128,0.0,0.0,0.829195189639223,0.0,0.012441487086612324
NT2_2025,NT2,2025,vi,VN100,,1014,9,46,0.008875739644970414,0.045364891518737675,0.0029585798816568047,0.0,0.6727272727272727,0.021696252465483234,0.06607495069033531,0.0,0.0,0.5056179775280899,1.593269689093503,2.4181963583085713
NT2_2024,NT2,2024,vi,VN100,,921,17,23,0.018458197611292075,0.0249728555917481,0.004343105320304018,0.0,0.15,0.031487513572204126,0.0499457111834962,0.0,0.0,0.22666666666666666,3.9349770590154516,4.231193562436892
NT2_2023,NT2,2023,vi,VN100,,2845,15,39,0.005272407732864675,0.013708260105448155,0.001054481546572935,0.0,0.4444444444444444,0.019332161687170474,0.03901581722319859,0.0,0.0,0.3373493975903614,3.1696952600891994,6.982166772805032
NT2_2022,NT2,2022,vi,VN100,,1018,11,33,0.010805500982318271,0.03241650294695481,0.0009823182711198428,0.0,0.5,0.01768172888015717,0.060903732809430254,0.0,0.0,0.55,2.2105345497267743,1.615758454379741
NT2_2021,NT2,2021,vi,VN100,,1248,22,31,0.017628205128205128,0.024839743589743588,0.0016025641025641025,0.0,0.16981132075471697,0.02403846153846154,0.05128205128205128,0.0,0.0,0.3617021276595745,3.761870650080365,3.0125827199723787
NT2_2017,NT2,2017,vi,VN100,,1241,5,37,0.0040290088638195,0.029814665592264304,0.0024174053182917004,0.0,0.7619047619047619,0.028203062046736505,0.0652699435938759,0.0,0.0,0.39655172413793105,1.5977114835053423,5.394546562168197
NT2_2019,NT2,2019,vi,VN100,,1208,4,34,0.0033112582781456954,0.028145695364238412,0.0016556291390728477,0.0,0.7894736842105263,0.022350993377483443,0.06539735099337748,0.0,0.0,0.49056603773584906,1.3727630656194356,4.065022398271074
NVL_2025,NVL,2025,vi,VN100,,1248,6,39,0.004807692307692308,0.03125,0.0008012820512820513,0.0,0.7333333333333333,0.021634615384615384,0.0625,0.0,0.0,0.4857142857142857,0.9291862353352343,2.0778120502839266
NT2_2016,NT2,2016,vi,VN100,,1996,3,51,0.001503006012024048,0.02555110220440882,0.0035070140280561123,0.0,0.8888888888888888,0.023547094188376753,0.06162324649298597,0.0,0.0,0.4470588235294118,1.0771035762840468,6.564725470892742
NVL_2024,NVL,2024,vi,VN100,,1713,8,46,0.004670169293636894,0.026853473438412143,0.002335084646818447,0.0,0.7037037037037037,0.023350846468184472,0.06071220081727963,0.0,0.0,0.4444444444444444,1.395639706403313,4.021243611467993
NVL_2023,NVL,2023,vi,VN100,,1228,7,19,0.005700325732899023,0.015472312703583062,0.003257328990228013,0.0,0.46153846153846156,0.02280130293159609,0.06840390879478828,0.0,0.0,0.5,1.2330654321732375,2.9917014200838588
NT2_2018,NT2,2018,vi,VN100,,1057,4,29,0.003784295175023652,0.027436140018921477,0.002838221381267739,0.0,0.7575757575757576,0.02270577105014191,0.06433301797540208,0.0,0.0,0.4782608695652174,1.4058339419939148,3.068167710363004
NVL_2020,NVL,2020,vi,VN100,,3630,23,60,0.006336088154269973,0.01652892561983471,0.0022038567493112946,0.0,0.4457831325301205,0.023140495867768594,0.05371900826446281,0.0,0.0,0.3978494623655914,3.349427525569717,7.558180779437222
NVL_2019,NVL,2019,vi,VN100,,3679,8,69,0.0021745039412883935,0.018755096493612396,0.0019026909486273443,0.0,0.7922077922077922,0.02364773036151128,0.05871160641478663,0.0,0.0,0.42574257425742573,1.382706603646895,8.80603316884241
NVL_2017,NVL,2017,vi,VN100,,1955,4,71,0.0020460358056265983,0.03631713554987212,0.0020460358056265983,0.0,0.8933333333333333,0.015856777493606138,0.07365728900255754,0.0,0.0,0.6457142857142857,0.45219365587324034,3.996879738338515
NVL_2021,NVL,2021,vi,VN100,,1483,6,32,0.004045853000674309,0.02157788267026298,0.0006743088334457181,0.0,0.6842105263157895,0.019554956169925825,0.049224544841537425,0.0,0.0,0.43137254901960786,0.5987805888378144,2.2483702512503108
NVL_2016,NVL,2016,vi,VN100,,1031,4,31,0.0038797284190106693,0.030067895247332686,0.0009699321047526673,0.0,0.7714285714285715,0.01745877788554801,0.07371483996120272,0.0,0.0,0.6170212765957447,1.0347375270499406,1.7273624288512162
NVL_2018,NVL,2018,vi,VN100,,1796,13,31,0.007238307349665924,0.017260579064587972,0.0027839643652561247,0.0,0.4090909090909091,0.0200445434298441,0.05289532293986637,0.0,0.0,0.45038167938931295,1.4472724275658468,2.6295531110071932
OCB_2025,OCB,2025,vi,VN100,,791,3,35,0.0037926675094816687,0.04424778761061947,0.006321112515802781,0.0,0.8421052631578947,0.022756005056890013,0.06700379266750948,0.0,0.0,0.49295774647887325,0.675776740499902,1.812856082948005
OCB_2020,OCB,2020,vi,VN100,,659,4,26,0.006069802731411229,0.03945371775417299,0.0030349013657056147,0.0,0.7333333333333333,0.009104704097116844,0.057663125948406675,0.0,0.0,0.7272727272727273,0.531159892112097,0.24856748585315952
OCB_2021,OCB,2021,vi,VN100,,862,6,34,0.0069605568445475635,0.03944315545243619,0.001160092807424594,0.0,0.7,0.024361948955916472,0.04756380510440835,0.0,0.0,0.3225806451612903,0.7767649349023245,1.9579114258764427
OCB_2017,OCB,2017,vi,VN100,,763,3,36,0.003931847968545216,0.047182175622542594,0.0,0.0,0.8461538461538461,0.028833551769331587,0.053735255570117955,0.0,0.0,0.30158730158730157,0.5193332703110016,2.2760327674911394
OCB_2016,OCB,2016,vi,VN100,,410,7,15,0.01707317073170732,0.036585365853658534,0.0024390243902439024,0.0,0.36363636363636365,0.024390243902439025,0.03414634146341464,0.0,0.0,0.16666666666666666,1.4911802447343863,2.1777324554040485
OCB_2018,OCB,2018,vi,VN100,,1212,1,23,0.0008250825082508251,0.018976897689768978,0.006600660066006601,0.0,0.9166666666666666,0.014026402640264026,0.04950495049504951,0.0,0.0,0.5584415584415584,0.24617846138556565,2.0043923764514715
PAN_2025,PAN,2025,vi,VN100,,1103,5,28,0.004533091568449683,0.025385312783318223,0.010652796854192674,0.0,0.696969696969697,0.02085222121486854,0.05893019038984588,0.0,0.0,0.4772727272727273,0.7293096920085327,2.8454371844544646
PAN_2024,PAN,2024,vi,VN100,,804,0,41,0.0,0.05099502487562189,0.0037313432835820895,0.0,1.0,0.017412935323383085,0.05970149253731343,0.0,0.0,0.5483870967741935,0.0,1.424799196332125
PAN_2023,PAN,2023,vi,VN100,,1090,15,29,0.013761467889908258,0.026605504587155965,0.008256880733944955,0.0,0.3181818181818182,0.03761467889908257,0.046788990825688076,0.0,0.0,0.10869565217391304,2.9366703633656646,6.138696664382677
PAN_2021,PAN,2021,vi,VN100,,1179,14,37,0.011874469889737066,0.031382527565733676,0.0033927056827820186,0.0,0.45098039215686275,0.015267175572519083,0.061068702290076333,0.0,0.0,0.6,3.2065319545353588,2.0924169407958715
PAN_2019,PAN,2019,vi,VN100,,805,13,22,0.016149068322981366,0.02732919254658385,0.0037267080745341614,0.0,0.2571428571428571,0.03836617471080976,0.04720496894409938,0.0,0.0,0.10144927536231885,2.6935163041814225,3.956913636857615
PAN_2018,PAN,2018,vi,VN100,,1135,4,37,0.003524229074889868,0.03259911894273128,0.000881057268722467,0.0,0.8048780487804879,0.015859030837004406,0.06519823788546256,0.0,0.0,0.6086956521739131,0.9364126553968101,1.9903850153540366
PAN_2017,PAN,2017,vi,VN100,,1135,1,37,0.000881057268722467,0.03259911894273128,0.001762114537444934,0.0,0.9473684210526315,0.00881057268722467,0.048458149779735685,0.0,0.0,0.6923076923076923,0.05645821288090278,0.8117322189494431
PC1_2025,PC1,2025,vi,VN100,,523,3,21,0.0057361376673040155,0.040152963671128104,0.0038240917782026767,0.0,0.75,0.019120458891013385,0.07648183556405354,0.0,0.0,0.6,0.5649414756453712,1.2722199989907168
PAN_2016,PAN,2016,vi,VN100,,2413,9,56,0.0037297969332780773,0.023207625362619146,0.0016576875259013675,0.0,0.7230769230769231,0.014504765851636967,0.06340654786572732,0.0,0.0,0.6276595744680851,1.2269832724295298,3.6609868317435836
PC1_2023,PC1,2023,vi,VN100,,1206,5,48,0.0041459369817578775,0.03980099502487562,0.0008291873963515755,0.0,0.8113207547169812,0.02321724709784411,0.08409574392614419,0.0,0.0,0.6056338028169014,0.804916260890134,3.5748171146223187
PC1_2024,PC1,2024,vi,VN100,,571,4,29,0.0070052539404553416,0.050788091068301226,0.0070052539404553416,0.0,0.7575757575757576,0.01926444833625219,0.07005253940455342,0.0,0.0,0.5686274509803921,0.5919060100169315,1.14061371867886
PC1_2021,PC1,2021,vi,VN100,,1334,13,43,0.009745127436281859,0.03223388305847077,0.0014992503748125937,0.0,0.5357142857142857,0.01649175412293853,0.08395802098950525,0.0,0.0,0.6716417910447762,1.7418209132495808,3.034015258584768
PC1_2022,PC1,2022,vi,VN100,,1037,9,29,0.008678881388621022,0.027965284474445518,0.0009643201542912247,0.0,0.5263157894736842,0.02507232401157184,0.08003857280617165,0.0,0.0,0.5229357798165137,1.740124811460905,2.884793851460739
PC1_2018,PC1,2018,vi,VN100,,791,0,34,0.0,0.04298356510745891,0.0,0.0,1.0,0.008849557522123894,0.07332490518331226,0.0,0.0,0.7846153846153846,0.0,1.0209018777546457
PC1_2016,PC1,2016,vi,VN100,,1225,1,33,0.0008163265306122449,0.026938775510204082,0.0016326530612244899,0.0,0.9411764705882353,0.008979591836734694,0.054693877551020405,0.0,0.0,0.717948717948718,0.07275063421141602,0.5619721091742903
PDR_2025,PDR,2025,vi,VN100,,1315,1,43,0.0007604562737642585,0.03269961977186312,0.001520912547528517,0.0,0.9545454545454546,0.018250950570342206,0.048669201520912544,0.0,0.0,0.45454545454545453,0.0721202292704632,0.7669341605031528
PDR_2024,PDR,2024,vi,VN100,,1854,4,70,0.002157497303128371,0.037756202804746494,0.0010787486515641855,0.0,0.8918918918918919,0.021574973031283712,0.06580366774541532,0.0,0.0,0.5061728395061729,0.2072795738399752,2.3214958241378123
PDR_2023,PDR,2023,vi,VN100,,1364,10,38,0.007331378299120235,0.02785923753665689,0.008064516129032258,0.0007331378299120235,0.5833333333333334,0.028592375366568914,0.062316715542521994,0.0,0.0,0.3709677419354839,1.9980074383114756,7.662510807607344
PDR_2020,PDR,2020,vi,VN100,,1133,5,32,0.00441306266548985,0.02824360105913504,0.00088261253309797,0.0,0.7297297297297297,0.0264783759929391,0.04942630185348632,0.0,0.0,0.3023255813953488,0.9590915749845543,3.9564282995915665
PDR_2018,PDR,2018,vi,VN100,,753,1,23,0.0013280212483399733,0.03054448871181939,0.0013280212483399733,0.0,0.9166666666666666,0.025232403718459494,0.03851261620185923,0.0,0.0,0.20833333333333334,0.059496760660037604,1.7957200824263815
PDR_2017,PDR,2017,vi,VN100,,3883,11,120,0.0028328611898017,0.03090394025238218,0.0007725985063095545,0.0,0.8320610687022901,0.017769765645119753,0.04043265516353335,0.0,0.0,0.3893805309734513,1.3269137446396624,3.5890077561057057
OCB_2024,OCB,2024,vi,VN100,,1021,7,44,0.0068560235063663075,0.043095004897159644,0.0039177277179236044,0.0,0.7254901960784313,0.02056807051909892,0.058765915768854066,0.0,0.0,0.48148148148148145,1.1613641381487452,1.8159174919593812
PDR_2021,PDR,2021,vi,VN100,,1273,6,40,0.004713275726630008,0.031421838177533384,0.0015710919088766694,0.0007852504512579818,0.7391304347826086,0.029850746268656716,0.04320502749410841,0.0,0.0,0.1827956989247312,1.55154280724248,6.2735700908535765
PLX_2025,PLX,2025,vi,VN100,,1080,4,41,0.003703703703703704,0.03796296296296296,0.002777777777777778,0.0,0.8222222222222222,0.020370370370370372,0.07037037037037037,0.0,0.0,0.5510204081632653,0.4409452715550527,1.8118849331150657
PLX_2024,PLX,2024,vi,VN100,,2410,8,100,0.0033195020746887966,0.04149377593360996,0.002074688796680498,0.0,0.8518518518518519,0.018257261410788383,0.07344398340248963,0.0,0.0,0.6018099547511312,0.9144419937809685,3.170880649489636
PNJ_2025,PNJ,2025,vi,VN100,,893,3,32,0.0033594624860022394,0.03583426651735722,0.005599104143337066,0.0,0.8285714285714286,0.026875699888017916,0.05375139977603583,0.0,0.0,0.3333333333333333,0.3426870872504831,3.1253157179190745
PNJ_2024,PNJ,2024,vi,VN100,,919,8,38,0.008705114254624592,0.041349292709466814,0.003264417845484222,0.0,0.6521739130434783,0.028291621327529923,0.06311207834602829,0.0,0.0,0.38095238095238093,2.0277577486930896,2.756148254341639
PNJ_2021,PNJ,2021,vi,VN100,,1137,17,21,0.014951627088830254,0.018469656992084433,0.0,0.0,0.10526315789473684,0.028144239226033423,0.05364995602462621,0.0,0.0,0.3118279569892473,2.092743251998194,3.1842682164528937
PNJ_2020,PNJ,2020,vi,VN100,,1123,6,49,0.005342831700801425,0.04363312555654497,0.003561887800534283,0.0,0.7818181818181819,0.02226179875333927,0.0578806767586821,0.0,0.0,0.4444444444444444,1.5756656620041047,1.7195494149331927
PNJ_2019,PNJ,2019,vi,VN100,,1202,3,50,0.0024958402662229617,0.04159733777038269,0.0016638935108153079,0.0,0.8867924528301887,0.0324459234608985,0.05574043261231281,0.0,0.0,0.2641509433962264,0.38724233458273505,2.3418981552716134
PNJ_2018,PNJ,2018,vi,VN100,,446,0,4,0.0,0.008968609865470852,0.002242152466367713,0.0,1.0,0.02914798206278027,0.07623318385650224,0.0,0.0,0.44680851063829785,0.0,0.7547783011359428
PNJ_2017,PNJ,2017,vi,VN100,,1093,0,49,0.0,0.04483074107959744,0.0018298261665141812,0.0,1.0,0.025617566331198535,0.04117108874656908,0.0,0.0,0.2328767123287671,0.0,1.6535988966067288
PNJ_2016,PNJ,2016,vi,VN100,,704,2,26,0.002840909090909091,0.036931818181818184,0.002840909090909091,0.0,0.8571428571428571,0.017045454545454544,0.06392045454545454,0.0,0.0,0.5789473684210527,0.13810984281512262,1.1713465158009002
POW_2025,POW,2025,vi,VN100,,843,0,0,0.0,0.003753616246766932,0.0,0.0,0.0,0.005300059417706476,0.014375007180304138,0.0,0.0,0.0,0.0,2.1207177227120377
POW_2024,POW,2024,vi,VN100,,772,2,37,0.0025906735751295338,0.04792746113989637,0.0,0.0,0.8974358974358975,0.018134715025906734,0.05829015544041451,0.0,0.0,0.5254237288135594,0.1364449704574612,2.0670175413201526
POW_2023,POW,2023,vi,VN100,,2528,8,52,0.0031645569620253164,0.020569620253164556,0.0023734177215189874,0.0,0.7333333333333333,0.017800632911392406,0.04113924050632911,0.0,0.0,0.3959731543624161,1.1398294448005868,3.0968622811103037
POW_2022,POW,2022,vi,VN100,,873,4,23,0.004581901489117984,0.026345933562428408,0.001145475372279496,0.0,0.7037037037037037,0.022909507445589918,0.06071019473081329,0.0,0.0,0.4520547945205479,0.41821648148106666,1.6952417329565685
POW_2020,POW,2020,vi,VN100,,889,3,26,0.003374578177727784,0.02924634420697413,0.0011248593925759281,0.0,0.7931034482758621,0.010123734533183352,0.06074240719910011,0.0,0.0,0.7142857142857143,0.18647555543034036,0.9373036692927844
POW_2021,POW,2021,vi,VN100,,884,6,18,0.006787330316742082,0.020361990950226245,0.0022624434389140274,0.0,0.5,0.013574660633484163,0.04751131221719457,0.0,0.0,0.5555555555555556,0.594072752099265,1.3134254531930996
POW_2018,POW,2018,vi,VN100,,962,3,32,0.0031185031185031187,0.033264033264033266,0.0,0.0,0.8285714285714286,0.013513513513513514,0.07380457380457381,0.0,0.0,0.6904761904761905,0.5514376490079372,1.1148589075355844
POW_2019,POW,2019,vi,VN100,,544,2,20,0.003676470588235294,0.03676470588235294,0.003676470588235294,0.0,0.8181818181818182,0.007352941176470588,0.07720588235294118,0.0,0.0,0.8260869565217391,0.14298845431858181,0.9786856298580968
PVD_2023,PVD,2023,vi,VN100,,5359,18,139,0.003358835603657399,0.025937674939354356,0.0014928158238477329,0.0,0.7707006369426752,0.02145922746781116,0.036947191640231386,0.0,0.0,0.26517571884984026,2.6826378676076383,7.818799378899117
PVD_2022,PVD,2022,vi,VN100,,2426,19,80,0.007831821929101401,0.03297609233305853,0.007007419620774938,0.0,0.6161616161616161,0.026380873866446827,0.048227535037098104,0.0,0.0,0.292817679558011,5.14325697385054,6.222104789072077
PVD_2021,PVD,2021,vi,VN100,,2416,26,91,0.01076158940397351,0.03766556291390728,0.0020695364238410598,0.0,0.5555555555555556,0.022350993377483443,0.04718543046357616,0.0,0.0,0.35714285714285715,3.559948843934041,5.850303413524758
PVD_2020,PVD,2020,vi,VN100,,4683,49,133,0.01046337817638266,0.028400597907324365,0.0025624599615631004,0.0,0.46153846153846156,0.024556907964979714,0.04847320093956865,0.0,0.0,0.32748538011695905,5.765198312462458,9.20890968062534
PVD_2019,PVD,2019,vi,VN100,,2365,25,68,0.010570824524312896,0.02875264270613108,0.0054968287526427064,0.0,0.46236559139784944,0.027906976744186046,0.055391120507399576,0.0,0.0,0.3299492385786802,5.413554178315369,5.376276317194514
PVD_2018,PVD,2018,vi,VN100,,5192,25,118,0.004815100154083205,0.022727272727272728,0.0007704160246533128,0.0,0.6503496503496503,0.01810477657935285,0.036787365177195684,0.0,0.0,0.34035087719298246,3.853239666783082,6.080568173834604
PVD_2017,PVD,2017,vi,VN100,,3689,51,63,0.013824884792626729,0.017077798861480076,0.002168609379235565,0.0,0.10526315789473684,0.02737869341284901,0.03876389265383573,0.0,0.0,0.1721311475409836,5.765198312462458,7.1802293232119485
PVD_2016,PVD,2016,vi,VN100,,5059,24,62,0.004744020557422415,0.012255386440007907,0.002174342755485274,0.0,0.4418604651162791,0.014429729195493181,0.032417473809053174,0.0,0.0,0.38396624472573837,4.389838052887543,7.428718581964613
PVT_2025,PVT,2025,vi,VN100,,628,1,6,0.0015923566878980893,0.009554140127388535,0.0,0.0,0.7142857142857143,0.014331210191082803,0.022292993630573247,0.0,0.0,0.21739130434782608,0.06094789869708976,1.8472568649847303
PVT_2024,PVT,2024,vi,VN100,,757,12,29,0.015852047556142668,0.03830911492734478,0.003963011889035667,0.0,0.4146341463414634,0.03302509907529723,0.03302509907529723,0.0,0.0,0.0,3.3592899851472913,4.690734395394758
PVT_2023,PVT,2023,vi,VN100,,1113,13,47,0.011680143755615454,0.042228212039532795,0.008086253369272238,0.0,0.5666666666666667,0.018867924528301886,0.04851752021563342,0.0,0.0,0.44,3.5489494757372833,3.6488592833441764
PVT_2022,PVT,2022,vi,VN100,,1179,9,46,0.007633587786259542,0.039016115351993216,0.004240882103477523,0.0,0.6727272727272727,0.019508057675996608,0.05343511450381679,0.0,0.0,0.46511627906976744,1.5617913575215507,2.937247057441191
PVD_2025,PVD,2025,vi,VN100,,5164,4,10,0.000774593338497289,0.003753616246766932,0.000774593338497289,0.0,0.42857142857142855,0.006971340046475601,0.014375007180304138,0.0,0.0,0.08860759493670886,0.29897230199582914,6.671033802313005
PVT_2019,PVT,2019,vi,VN100,,2871,20,98,0.006966213862765587,0.034134447927551374,0.0006966213862765587,0.0,0.6610169491525424,0.027516544757924068,0.051201671891327065,0.0,0.0,0.3008849557522124,4.4380057550921155,7.181373481956649
PVT_2018,PVT,2018,vi,VN100,,763,7,27,0.009174311926605505,0.035386631716906945,0.0,0.0,0.5882352941176471,0.01703800786369594,0.03669724770642202,0.0,0.0,0.36585365853658536,0.9154473464590213,1.605244386594895
PVT_2016,PVT,2016,vi,VN100,,808,1,32,0.0012376237623762376,0.039603960396039604,0.0,0.0,0.9393939393939394,0.017326732673267328,0.04455445544554455,0.0,0.0,0.44,0.20440913310251113,1.6129485117988744
REE_2025,REE,2025,vi,VN100,,1890,6,49,0.0031746031746031746,0.025925925925925925,0.0026455026455026454,0.0,0.7818181818181819,0.021164021164021163,0.05555555555555555,0.0,0.0,0.4482758620689655,1.0675212617553473,3.8864624368239706
REE_2024,REE,2024,vi,VN100,,1308,3,16,0.0022935779816513763,0.012232415902140673,0.0007645259938837921,0.0,0.6842105263157895,0.02217125382262997,0.04434250764525994,0.0,0.0,0.3333333333333333,0.8414731025618901,5.609005077638265
REE_2023,REE,2023,vi,VN100,,1526,15,47,0.009829619921363041,0.030799475753604193,0.0045871559633027525,0.0,0.5161290322580645,0.022935779816513763,0.062254259501965926,0.0,0.0,0.46153846153846156,3.827811485867271,3.7901086562288158
REE_2021,REE,2021,vi,VN100,,1404,5,24,0.0035612535612535613,0.017094017094017096,0.0007122507122507123,0.0,0.6551724137931034,0.017806267806267807,0.04415954415954416,0.0,0.0,0.42528735632183906,1.4482184483722798,2.4764079671843326
REE_2020,REE,2020,vi,VN100,,1284,17,34,0.0132398753894081,0.0264797507788162,0.001557632398753894,0.0,0.3333333333333333,0.024922118380062305,0.04906542056074766,0.0,0.0,0.3263157894736842,4.775328268938862,5.242915872181057
REE_2019,REE,2019,vi,VN100,,542,0,3,0.0,0.005535055350553505,0.0018450184501845018,0.0,1.0,0.023985239852398525,0.02952029520295203,0.0,0.0,0.10344827586206896,0.0,1.786807705856961
REE_2018,REE,2018,vi,VN100,,1376,9,32,0.006540697674418605,0.023255813953488372,0.0014534883720930232,0.0,0.5609756097560976,0.02688953488372093,0.03561046511627907,0.0,0.0,0.13953488372093023,2.202148247160115,3.5316060470759867
REE_2017,REE,2017,vi,VN100,,775,0,24,0.0,0.03096774193548387,0.0,0.0,1.0,0.01032258064516129,0.04258064516129032,0.0,0.0,0.6097560975609756,0.0,0.8294280613539053
REE_2016,REE,2016,vi,VN100,,632,0,21,0.0,0.03322784810126582,0.0015822784810126582,0.0,1.0,0.023734177215189875,0.05063291139240506,0.0,0.0,0.3617021276595745,0.0,2.03326721702673
SAB_2025,SAB,2025,vi,VN30,,930,2,48,0.002150537634408602,0.05161290322580645,0.0032258064516129032,0.0,0.92,0.024731182795698924,0.05161290322580645,0.0,0.0,0.352112676056338,0.30078265611481886,1.4945164926273593
SAB_2024,SAB,2024,vi,VN30,,806,1,51,0.0012406947890818859,0.06020791848632413,0.007444168734491315,0.0,0.9615384615384616,0.01488833746898263,0.06451612903225806,0.0,0.0,0.625,0.2829368289153351,1.2186252819093524
SAB_2018,SAB,2018,vi,VN30,,600,5,19,0.008333333333333333,0.03166666666666667,0.0,0.0,0.5833333333333334,0.013333333333333334,0.04666666666666667,0.0,0.0,0.5555555555555556,0.9084412781808123,0.9553832074267051
SAB_2016,SAB,2016,vi,VN30,,1397,10,52,0.0071581961345740875,0.03722261989978525,0.002863278453829635,0.0,0.6774193548387096,0.02791696492483894,0.05010737294201861,0.0,0.0,0.28440366972477066,1.5384973416341303,3.739646371406727
SBT_2024,SBT,2024,vi,VN100,,1414,1,56,0.0007072135785007072,0.039603960396039604,0.0007072135785007072,0.0,0.9649122807017544,0.01485148514851485,0.04596888260254597,0.0,0.0,0.5116279069767442,0.054954859533303715,1.3002467871666914
SBT_2023,SBT,2023,vi,VN100,,3537,8,123,0.0022618037885213456,0.03477523324851569,0.0,0.0,0.8778625954198473,0.019790783149561775,0.05343511450381679,0.0,0.0,0.4594594594594595,1.4990542759755692,3.406757128310334
SBT_2022,SBT,2022,vi,VN100,,2818,7,99,0.00248403122782115,0.035131298793470545,0.0014194464158978,0.0,0.8679245283018868,0.016323633782824698,0.0525195173882186,0.0,0.0,0.5257731958762887,1.4694961716504455,3.5826458214337404
SBT_2019,SBT,2019,vi,VN100,,3936,3,69,0.0007621951219512195,0.01753048780487805,0.0012703252032520325,0.0,0.9166666666666666,0.019054878048780487,0.033028455284552845,0.0,0.0,0.2682926829268293,0.3354012086310569,4.2638615321729345
SBT_2017,SBT,2017,vi,VN100,,1732,3,50,0.0017321016166281756,0.028868360277136258,0.0005773672055427252,0.0,0.8867924528301887,0.015011547344110854,0.0617782909930716,0.0,0.0,0.6090225563909775,0.3093879984573883,2.3254713840581926
SHB_2025,SHB,2025,vi,VN30,,287,2,17,0.006968641114982578,0.059233449477351915,0.003484320557491289,0.0,0.7894736842105263,0.005300059417706476,0.07665505226480836,0.0,0.0,0.829195189639223,0.1153278438147036,0.19094238684179213
SHB_2024,SHB,2024,vi,VN30,,777,3,30,0.003861003861003861,0.03861003861003861,0.005148005148005148,0.0,0.8181818181818182,0.011583011583011582,0.06048906048906049,0.0,0.0,0.6785714285714286,0.5430058992871643,1.1195455989920555
SHB_2020,SHB,2020,vi,VN30,,939,14,28,0.014909478168264111,0.029818956336528223,0.003194888178913738,0.0,0.3333333333333333,0.0308839190628328,0.05005324813631523,0.0,0.0,0.23684210526315788,3.0196973325721026,3.6752005405919665
SHB_2018,SHB,2018,vi,VN30,,540,2,20,0.003703703703703704,0.037037037037037035,0.0,0.0,0.8181818181818182,0.014814814814814815,0.053703703703703705,0.0,0.0,0.5675675675675675,0.14313317901569358,1.0253160792614342
SHB_2016,SHB,2016,vi,VN30,,623,1,23,0.0016051364365971107,0.03691813804173355,0.0,0.0,0.9166666666666666,0.008025682182985553,0.0738362760834671,0.0,0.0,0.803921568627451,0.06101343006848344,0.8935543948799467
SJS_2025,SJS,2025,vi,VN100,,505,1,14,0.0019801980198019802,0.027722772277227723,0.0,0.0,0.8666666666666667,0.009900990099009901,0.03762376237623762,0.0,0.0,0.5833333333333334,0.06278683860826953,0.3223899777849915
NT2_2020,NT2,2020,vi,VN100,,1227,10,46,0.008149959250203748,0.037489812550937245,0.0008149959250203749,0.0,0.6428571428571429,0.027709861450692746,0.07171964140179299,0.0,0.0,0.4426229508196721,1.0619571185821282,3.9668023738999207
SSB_2025,SSB,2025,vi,VN30,,3576,3,128,0.0008389261744966443,0.035794183445190156,0.0039149888143176735,0.0,0.9541984732824428,0.017058165548098435,0.06068232662192394,0.0,0.0,0.5611510791366906,0.8466473566784825,5.816117096034524
SSB_2024,SSB,2024,vi,VN30,,3363,14,103,0.004162949747249479,0.03062741599762117,0.004162949747249479,0.0,0.7606837606837606,0.022598870056497175,0.05292893250074338,0.0,0.0,0.4015748031496063,2.7874476226403138,8.31918237589308
SSB_2018,SSB,2018,vi,VN30,,782,1,37,0.0012787723785166241,0.04731457800511509,0.0012787723785166241,0.0,0.9473684210526315,0.02557544757033248,0.06905370843989769,0.0,0.0,0.4594594594594595,0.2602571169236436,1.92560980886742
SSB_2017,SSB,2017,vi,VN30,,599,0,31,0.0,0.05175292153589316,0.0,0.0,1.0,0.021702838063439065,0.07011686143572621,0.0,0.0,0.5272727272727272,0.0,1.8816043762459476
SSI_2024,SSI,2024,vi,VN30,,911,9,43,0.009879253567508232,0.04720087815587267,0.006586169045005488,0.0,0.6538461538461539,0.01756311745334797,0.06147091108671789,0.0,0.0,0.5555555555555556,1.3540871256073004,2.197493255086248
SSI_2023,SSI,2023,vi,VN30,,2402,9,38,0.003746877601998335,0.01582014987510408,0.00041631973355537054,0.0,0.6170212765957447,0.01582014987510408,0.022064945878434637,0.0,0.0,0.16483516483516483,1.2941871105487985,4.616858301838414
SSI_2022,SSI,2022,vi,VN30,,1241,17,37,0.0136986301369863,0.029814665592264304,0.004834810636583401,0.0,0.37037037037037035,0.0273972602739726,0.046736502820306204,0.0,0.0,0.2608695652173913,3.9345116726031137,4.699329424255048
SSI_2021,SSI,2021,vi,VN30,,1452,10,43,0.006887052341597796,0.029614325068870524,0.003443526170798898,0.0,0.6226415094339622,0.026859504132231406,0.05027548209366391,0.0,0.0,0.30357142857142855,2.25011070195026,3.9516871146405324
SSI_2020,SSI,2020,vi,VN30,,1244,9,54,0.007234726688102894,0.04340836012861737,0.00482315112540193,0.0,0.7142857142857143,0.02491961414790997,0.05064308681672026,0.0,0.0,0.3404255319148936,1.8030622997324184,4.176830507734564
SSI_2019,SSI,2019,vi,VN30,,1227,19,42,0.015484922575387123,0.034229828850855744,0.007334963325183374,0.0,0.3770491803278688,0.034229828850855744,0.05623471882640587,0.0,0.0,0.24324324324324326,5.338469170000444,7.817908597121234
SSI_2017,SSI,2017,vi,VN30,,2086,3,54,0.0014381591562799617,0.02588686481303931,0.0023969319271332696,0.0,0.8947368421052632,0.011505273250239693,0.04650047938638543,0.0,0.0,0.6033057851239669,0.8247363774301225,1.6869525940799563
SSI_2016,SSI,2016,vi,VN30,,1599,18,45,0.01125703564727955,0.028142589118198873,0.0025015634771732333,0.0006253908692933083,0.42857142857142855,0.023139462163852407,0.041901188242651655,0.0,0.0,0.28846153846153844,3.412797897204893,3.717783059401398
STB_2025,STB,2025,vi,VN30,,736,4,32,0.005434782608695652,0.043478260869565216,0.009510869565217392,0.0,0.7777777777777778,0.014945652173913044,0.07880434782608696,0.0,0.0,0.6811594202898551,1.3376122789668905,1.7068960057704596
STB_2024,STB,2024,vi,VN30,,1156,5,47,0.004325259515570935,0.04065743944636678,0.004325259515570935,0.0,0.8076923076923077,0.01124567474048443,0.05795847750865052,0.0,0.0,0.675,1.2857819211206434,1.2511632295771045
STB_2019,STB,2019,vi,VN30,,266,0,4,0.0,0.015037593984962405,0.0,0.0,1.0,0.03007518796992481,0.045112781954887216,0.0,0.0,0.2,0.0,0.3662807831337983
STB_2018,STB,2018,vi,VN30,,921,5,45,0.0054288816503800215,0.048859934853420196,0.004343105320304018,0.0,0.8,0.021715526601520086,0.05971769815418024,0.0,0.0,0.4666666666666667,0.8375608495988499,1.9054103197901162
STB_2016,STB,2016,vi,VN30,,937,5,39,0.005336179295624333,0.0416221985058698,0.0032017075773745998,0.0,0.7727272727272727,0.016008537886873,0.05016008537886873,0.0,0.0,0.5161290322580645,0.4795720213743478,1.8113466588032483
TAL_2024,TAL,2024,vi,VN100,,1910,8,82,0.004188481675392671,0.04293193717277487,0.0020942408376963353,0.0,0.8222222222222222,0.0193717277486911,0.05654450261780105,0.0,0.0,0.4896551724137931,1.5351302761031949,2.5447015353058178
TCB_2025,TCB,2025,vi,VN30,,1011,1,52,0.0009891196834817012,0.051434223541048464,0.0009891196834817012,0.0,0.9622641509433962,0.024727992087042534,0.03956478733926805,0.0,0.0,0.23076923076923078,0.27483994795360267,2.3693303463432485
TAL_2025,TAL,2025,vi,VN100,,1231,0,46,0.0,0.03736799350121852,0.002437043054427295,0.0007852504512579818,1.0,0.01868399675060926,0.06255077173030058,0.0,0.0,0.54,0.0,1.7725368679163713
TCB_2024,TCB,2024,vi,VN30,,1916,0,64,0.0,0.033402922755741124,0.0026096033402922755,0.0,1.0,0.020876826722338204,0.04018789144050104,0.0,0.0,0.3162393162393162,0.0,3.302478877844989
TCB_2022,TCB,2022,vi,VN30,,1160,7,47,0.00603448275862069,0.04051724137931034,0.0017241379310344827,0.0,0.7407407407407407,0.01206896551724138,0.03706896551724138,0.0,0.0,0.5087719298245614,1.037728815555252,1.1189111050958553
TCB_2023,TCB,2023,vi,VN30,,1860,2,67,0.001075268817204301,0.03602150537634408,0.0016129032258064516,0.0,0.9420289855072463,0.02204301075268817,0.03333333333333333,0.0,0.0,0.20388349514563106,0.09005556372280443,2.0640324990947407
TCB_2021,TCB,2021,vi,VN30,,1119,13,31,0.01161751563896336,0.02770330652368186,0.0,0.0,0.4090909090909091,0.03395889186773905,0.03753351206434316,0.0,0.0,0.05,1.8528236745828806,3.240181687758157
TCB_2019,TCB,2019,vi,VN30,,735,11,32,0.014965986394557823,0.04353741496598639,0.004081632653061225,0.0,0.4883720930232558,0.02585034013605442,0.047619047619047616,0.0,0.0,0.2962962962962963,2.4082669716304697,3.330453201139554
TCB_2020,TCB,2020,vi,VN30,,1020,12,37,0.011764705882352941,0.03627450980392157,0.00196078431372549,0.0,0.5102040816326531,0.027450980392156862,0.059803921568627454,0.0,0.0,0.3707865168539326,1.5401464101764626,3.2404885320964096
TCB_2017,TCB,2017,vi,VN30,,603,1,24,0.001658374792703151,0.03980099502487562,0.003316749585406302,0.0,0.92,0.014925373134328358,0.04643449419568822,0.0,0.0,0.5135135135135135,0.26939672142560034,0.8930341154052582
TCB_2016,TCB,2016,vi,VN30,,628,2,21,0.0031847133757961785,0.03343949044585987,0.0031847133757961785,0.0,0.8260869565217391,0.01910828025477707,0.04617834394904458,0.0,0.0,0.4146341463414634,0.13423582572453663,1.5058663464186077
TCH_2024,TCH,2024,vi,VN100,,679,6,15,0.008836524300441826,0.022091310751104567,0.0029455081001472753,0.0,0.42857142857142855,0.025036818851251842,0.041237113402061855,0.0,0.0,0.24444444444444444,1.312586348664121,2.7992295956993987
TCB_2018,TCB,2018,vi,VN30,,730,0,32,0.0,0.043835616438356165,0.0,0.0,1.0,0.026027397260273973,0.036986301369863014,0.0,0.0,0.17391304347826086,0.0,1.5247957981160039
SSI_2025,SSI,2025,vi,VN30,,7070,10,132,0.0014144271570014145,0.01867043847241867,0.0008486562942008486,0.0,0.8591549295774648,0.016124469589816125,0.03917963224893918,0.0,0.0,0.41687979539641945,1.659434978532878,8.57095076441723
TCH_2021,TCH,2021,vi,VN100,,534,5,10,0.009363295880149813,0.018726591760299626,0.0018726591760299626,0.0,0.3333333333333333,0.018726591760299626,0.052434456928838954,0.0,0.0,0.47368421052631576,0.6396016964877475,1.017085641069312
TCH_2023,TCH,2023,vi,VN100,,513,7,9,0.01364522417153996,0.017543859649122806,0.0,0.0,0.125,0.021442495126705652,0.03508771929824561,0.0,0.0,0.2413793103448276,1.639668481867351,1.4155196402071886
TCH_2019,TCH,2019,vi,VN100,,431,3,9,0.0069605568445475635,0.02088167053364269,0.0,0.0,0.5,0.01160092807424594,0.07192575406032482,0.0,0.0,0.7222222222222222,0.9624187882908862,0.8792802173068482
TCH_2018,TCH,2018,vi,VN100,,547,2,8,0.003656307129798903,0.014625228519195612,0.0,0.0,0.6,0.009140767824497258,0.062157221206581355,0.0,0.0,0.7435897435897436,0.8689153930123592,0.8505897193666399
TCH_2017,TCH,2017,vi,VN100,,538,1,10,0.0018587360594795538,0.01858736059479554,0.0,0.0,0.8181818181818182,0.00929368029739777,0.06319702602230483,0.0,0.0,0.7435897435897436,0.4513499789852146,0.6475576122970262
TCX_2025,TCX,2025,vi,VN30,,1397,0,77,0.0,0.05511811023622047,0.0021474588403722263,0.0,1.0,0.02219040801717967,0.048675733715103794,0.0,0.0,0.37373737373737376,0.0,1.5191377094086995
TCH_2016,TCH,2016,vi,VN100,,550,2,12,0.0036363636363636364,0.02181818181818182,0.0,0.0,0.7142857142857143,0.012727272727272728,0.06363636363636363,0.0,0.0,0.6666666666666666,0.6747771823465182,1.2410567496427776
TPB_2019,TPB,2019,vi,VN100,,705,6,34,0.00851063829787234,0.04822695035460993,0.0028368794326241137,0.0,0.7,0.019858156028368795,0.04539007092198582,0.0,0.0,0.391304347826087,0.8557366749162775,1.7582915586755379
TPB_2025,TPB,2025,vi,VN100,,1256,6,58,0.004777070063694267,0.04617834394904458,0.003980891719745223,0.0,0.8125,0.024681528662420384,0.05573248407643312,0.0,0.0,0.38613861386138615,1.185174698094656,3.4203259700754445
TPB_2024,TPB,2024,vi,VN100,,1253,12,42,0.009577015163607342,0.0335195530726257,0.0015961691939345571,0.0,0.5555555555555556,0.028731045490822026,0.04389465283320032,0.0,0.0,0.2087912087912088,2.54684841478228,5.084482531126697
TPB_2017,TPB,2017,vi,VN100,,552,1,17,0.0018115942028985507,0.030797101449275364,0.0,0.0,0.8888888888888888,0.012681159420289856,0.05615942028985507,0.0,0.0,0.631578947368421,0.06202286239793427,1.3019476742645848
VCB_2025,VCB,2025,vi,VN30,,1243,7,58,0.0056315366049879325,0.04666130329847144,0.004022526146419952,0.0,0.7846153846153846,0.017699115044247787,0.057924376508447305,0.0,0.0,0.5319148936170213,1.7866413855656116,2.884366765369718
VCB_2024,VCB,2024,vi,VN30,,847,7,40,0.008264462809917356,0.047225501770956316,0.0023612750885478157,0.0,0.7021276595744681,0.02833530106257379,0.05785123966942149,0.0,0.0,0.3424657534246575,1.394891556967511,3.9578018031806015
VCB_2023,VCB,2023,vi,VN30,,2828,20,81,0.007072135785007072,0.028642149929278642,0.001768033946251768,0.0,0.6039603960396039,0.028288543140028287,0.051272984441301274,0.0,0.0,0.28888888888888886,3.027997580847286,8.314817223276558
TPB_2018,TPB,2018,vi,VN100,,1840,1,51,0.0005434782608695652,0.027717391304347826,0.0005434782608695652,0.0,0.9615384615384616,0.01956521739130435,0.04782608695652174,0.0,0.0,0.41935483870967744,0.23411181023653116,3.189775399831068
VCB_2021,VCB,2021,vi,VN30,,1314,13,41,0.00989345509893455,0.03120243531202435,0.00380517503805175,0.0,0.5185185185185185,0.01902587519025875,0.0517503805175038,0.0,0.0,0.46236559139784944,2.5984238638438732,4.024413721325915
VCB_2019,VCB,2019,vi,VN30,,2823,14,73,0.00495926319518243,0.02585901523202267,0.00035423308537017357,0.0,0.6781609195402298,0.031172511512575274,0.044987601842012045,0.0,0.0,0.1813953488372093,2.5415549982183183,8.50688735831339
VCB_2020,VCB,2020,vi,VN30,,1013,26,47,0.021045918967635108,0.04639684106614018,0.0009871668311944718,0.0,0.2876712328767123,0.035538005923000986,0.055281342546890426,0.0,0.0,0.21739130434782608,3.9755977666982565,4.589507592011929
VCB_2017,VCB,2017,vi,VN30,,1549,9,67,0.005810200129115558,0.04325371207230471,0.0006455777921239509,0.0,0.7631578947368421,0.019367333763718526,0.04777275661717237,0.0,0.0,0.4230769230769231,0.8298014916763189,3.236467890089771
VCB_2018,VCB,2018,vi,VN30,,1023,5,35,0.004887585532746823,0.03421309872922776,0.0019550342130987292,0.0,0.75,0.02346041055718475,0.039100684261974585,0.0,0.0,0.25,0.9771492988224122,2.5501958795475272
VCB_2016,VCB,2016,vi,VN30,,1134,10,66,0.008818342151675485,0.0582010582010582,0.0026455026455026454,0.0,0.7368421052631579,0.02292768959435626,0.07142857142857142,0.0,0.0,0.514018691588785,1.7264557642553735,2.8904897617624217
VCG_2023,VCG,2023,vi,VN100,,1800,14,52,0.0077777777777777776,0.028888888888888888,0.0,0.0,0.5757575757575758,0.016666666666666666,0.049444444444444444,0.0,0.0,0.4957983193277311,2.9701858442589337,4.49118397046891
VCG_2025,VCG,2025,vi,VN100,,440,2,12,0.004545454545454545,0.02727272727272727,0.0022727272727272726,0.0,0.7142857142857143,0.011363636363636364,0.045454545454545456,0.0,0.0,0.6,0.28594756037682245,0.4826026338451314
VCG_2024,VCG,2024,vi,VN100,,420,1,20,0.002380952380952381,0.047619047619047616,0.004761904761904762,0.0,0.9047619047619048,0.011904761904761904,0.03571428571428571,0.0,0.0,0.5,0.06443050751960945,0.383349942690958
VCG_2022,VCG,2022,vi,VN100,,720,14,21,0.019444444444444445,0.029166666666666667,0.002777777777777778,0.0,0.2,0.027777777777777776,0.05555555555555555,0.0,0.0,0.3333333333333333,4.351148942488881,3.1502701847572476
VCG_2018,VCG,2018,vi,VN100,,366,0,4,0.0,0.01092896174863388,0.0,0.0,1.0,0.00819672131147541,0.07377049180327869,0.0,0.0,0.8,0.0,0.35434848056905976
VCG_2021,VCG,2021,vi,VN100,,531,10,19,0.018832391713747645,0.035781544256120526,0.005649717514124294,0.0,0.3103448275862069,0.03389830508474576,0.062146892655367235,0.0,0.0,0.29411764705882354,1.4534268199832288,2.52712142512273
VCG_2017,VCG,2017,vi,VN100,,1485,5,50,0.003367003367003367,0.03367003367003367,0.0026936026936026937,0.0,0.8181818181818182,0.014814814814814815,0.052525252525252523,0.0,0.0,0.56,0.4022461287647701,1.9929425857340863
TPB_2016,TPB,2016,vi,VN100,,575,3,25,0.0052173913043478265,0.043478260869565216,0.0,0.0,0.7857142857142857,0.008695652173913044,0.05217391304347826,0.0,0.0,0.7142857142857143,0.40067958254308533,0.3871473341931754
VCI_2025,VCI,2025,vi,VN100,,1407,0,78,0.0,0.05543710021321962,0.0042643923240938165,0.0,1.0,0.023454157782515993,0.057569296375266525,0.0,0.0,0.42105263157894735,0.0,2.377794605276122
VCG_2019,VCG,2019,vi,VN100,,1309,0,17,0.0,0.012987012987012988,0.0,0.0,1.0,0.0053475935828877,0.025210084033613446,0.0,0.0,0.65,0.0,0.3185771403257193
VCI_2023,VCI,2023,vi,VN100,,1082,6,38,0.005545286506469501,0.03512014787430684,0.0027726432532347504,0.0,0.7272727272727273,0.022181146025878003,0.048983364140480594,0.0,0.0,0.37662337662337664,1.4799658539104101,2.533000818263204
VCG_2016,VCG,2016,vi,VN100,,667,3,19,0.004497751124437781,0.02848575712143928,0.0014992503748125937,0.0,0.7272727272727273,0.01649175412293853,0.05847076461769116,0.0,0.0,0.56,0.6698880343289069,1.5752820281510986
VCI_2022,VCI,2022,vi,VN100,,1323,6,36,0.0045351473922902496,0.027210884353741496,0.010652796854192674,0.0,0.7142857142857143,0.012093726379440665,0.05668934240362812,0.0,0.0,0.6483516483516484,1.2545356565788977,1.360379147844353
VCI_2021,VCI,2021,vi,VN100,,860,4,34,0.004651162790697674,0.03953488372093023,0.004651162790697674,0.0,0.7894736842105263,0.022093023255813953,0.07209302325581396,0.0,0.0,0.5308641975308642,0.5252570761317625,1.6746800901369558
VCI_2024,VCI,2024,vi,VN100,,1286,3,47,0.0023328149300155523,0.03654743390357698,0.0007776049766718507,0.0,0.88,0.013219284603421462,0.04665629860031104,0.0,0.0,0.5584415584415584,0.16644606266754208,0.9223694663743114
VCI_2018,VCI,2018,vi,VN100,,619,0,22,0.0,0.035541195476575124,0.0,0.0,1.0,0.006462035541195477,0.050080775444264945,0.0,0.0,0.7714285714285715,0.0,0.12044643439341765
VCK_2025,VCK,2025,vi,VN100,,1573,0,36,0.0,0.02288620470438652,0.006993006993006993,0.0,1.0,0.014621741894469168,0.036872218690400506,0.0,0.0,0.43209876543209874,0.0,1.2023646011667832
VCI_2017,VCI,2017,vi,VN100,,2124,2,72,0.0009416195856873823,0.03389830508474576,0.0009416195856873823,0.0,0.9459459459459459,0.010357815442561206,0.03766478342749529,0.0,0.0,0.5686274509803921,0.27210163829098816,2.273405905172791
VGC_2016,VGC,2016,vi,VN100,,897,0,30,0.0,0.033444816053511704,0.0011148272017837235,0.0,1.0,0.006688963210702341,0.057971014492753624,0.0,0.0,0.7931034482758621,0.0,0.282311546065587
VHC_2025,VHC,2025,vi,VN100,,524,6,12,0.011450381679389313,0.022900763358778626,0.007633587786259542,0.0,0.3333333333333333,0.030534351145038167,0.04389312977099236,0.0,0.0,0.1794871794871795,1.0188871351298614,0.9110389455032322
VHC_2024,VHC,2024,vi,VN100,,555,3,21,0.005405405405405406,0.03783783783783784,0.0036036036036036037,0.0,0.75,0.01981981981981982,0.07027027027027027,0.0,0.0,0.56,0.6209502121430943,0.6060400557956278
VHC_2023,VHC,2023,vi,VN100,,1079,6,17,0.005560704355885079,0.015755329008341055,0.0009267840593141798,0.0,0.4782608695652174,0.012974976830398516,0.037998146431881374,0.0,0.0,0.4909090909090909,1.6240157032128628,2.1202817562806415
VHC_2021,VHC,2021,vi,VN100,,859,8,11,0.009313154831199068,0.012805587892898719,0.0,0.0,0.15789473684210525,0.015133876600698487,0.02910360884749709,0.0,0.0,0.3157894736842105,1.310583617504148,1.9714286553484608
VHC_2019,VHC,2019,vi,VN100,,730,0,14,0.0,0.019178082191780823,0.0,0.0,1.0,0.01780821917808219,0.0410958904109589,0.0,0.0,0.3953488372093023,0.0,1.5155275682308749
VHC_2018,VHC,2018,vi,VN100,,911,1,17,0.0010976948408342481,0.018660812294182216,0.0,0.0,0.8888888888888888,0.013172338090010977,0.052689352360043906,0.0,0.0,0.6,0.058046540927425866,1.5077102564461269
VHC_2017,VHC,2017,vi,VN100,,457,1,3,0.002188183807439825,0.006564551422319475,0.0,0.0,0.5,0.010940919037199124,0.05032822757111598,0.0,0.0,0.6428571428571429,0.06366699532145721,0.18594713029594237
VHC_2016,VHC,2016,vi,VN100,,801,1,22,0.0012484394506866417,0.02746566791510612,0.0,0.0,0.9130434782608695,0.02372034956304619,0.062421972534332085,0.0,0.0,0.4492753623188406,0.07677191805920588,1.2328373201141223
VHM_2025,VHM,2025,vi,VN30,,1848,0,40,0.0,0.021645021645021644,0.0,0.0,1.0,0.017316017316017316,0.05952380952380952,0.0,0.0,0.5492957746478874,0.0,1.6871780728848464
VHM_2024,VHM,2024,vi,VN30,,2369,0,54,0.0,0.022794428028704093,0.00042211903756859433,0.0,1.0,0.021528070915998312,0.05360911777121148,0.0,0.0,0.42696629213483145,0.0,3.6963510152178705
VHM_2023,VHM,2023,vi,VN30,,1513,5,42,0.003304692663582287,0.02775941837409121,0.0,0.0,0.7872340425531915,0.026437541308658295,0.04758757435558493,0.0,0.0,0.2857142857142857,0.7910742562981482,2.3994326491030584
VHM_2018,VHM,2018,vi,VN30,,3533,4,93,0.0011321822813472968,0.026323238041324654,0.0019813189923577695,0.0,0.9175257731958762,0.01811491650155675,0.05264647608264931,0.0,0.0,0.488,1.5002288404885644,3.583319743566288
VIB_2025,VIB,2025,vi,VN30,,2619,3,111,0.001145475372279496,0.042382588774341354,0.0061092019854906456,0.0,0.9473684210526315,0.022145857197403588,0.051164566628484155,0.0,0.0,0.3958333333333333,0.6808928734547801,4.139467101815106
VIB_2023,VIB,2023,vi,VN30,,1684,5,70,0.0029691211401425177,0.04156769596199525,0.005344418052256532,0.0,0.8666666666666667,0.028503562945368172,0.05285035629453682,0.0,0.0,0.29927007299270075,0.6911626364132335,4.5852660148810624
VIB_2024,VIB,2024,vi,VN30,,1838,4,82,0.002176278563656148,0.04461371055495103,0.002720348204570185,0.0,0.9069767441860465,0.031556039173014146,0.03862894450489663,0.0,0.0,0.10077519379844961,1.377797353899074,3.28781718826779
VIB_2022,VIB,2022,vi,VN30,,1606,0,6,0.0,0.003753616246766932,0.0,0.0,1.0,0.011830635118306352,0.014375007180304138,0.0,0.0,-0.09599999999999997,0.0,2.099731701101049
VIB_2021,VIB,2021,vi,VN30,,1434,2,65,0.001394700139470014,0.045327754532775454,0.008368200836820083,0.0,0.9402985074626866,0.026499302649930265,0.043933054393305436,0.0,0.0,0.24752475247524752,0.3454241884960617,2.5166010620947388
VIB_2020,VIB,2020,vi,VN30,,2828,8,79,0.002828854314002829,0.027934936350777935,0.0038896746817538895,0.0003536067892503536,0.8160919540229885,0.02157001414427157,0.04596888260254597,0.0,0.0,0.3612565445026178,1.3556324917441958,3.9648378286411115
VIC_2025,VIC,2025,vi,VN30,,1599,5,47,0.0031269543464665416,0.029393370856785492,0.0006253908692933083,0.0,0.8076923076923077,0.024390243902439025,0.05065666041275797,0.0,0.0,0.35,1.0079871176515647,2.3380464931608516
VIC_2024,VIC,2024,vi,VN30,,1607,1,60,0.0006222775357809583,0.037336652146857496,0.0,0.0,0.9672131147540983,0.023024268823895456,0.06160547604231487,0.0,0.0,0.45588235294117646,0.18764202144445066,2.545592887911889
VIC_2023,VIC,2023,vi,VN30,,237,0,1,0.0,0.004219409282700422,0.0,0.0,1.0,0.008438818565400843,0.06329113924050633,0.0,0.0,0.7647058823529411,0.0,0.48685058474017606
VIC_2022,VIC,2022,vi,VN30,,3953,2,66,0.0005059448520111307,0.016696180116367317,0.0007589172780166962,0.0,0.9411764705882353,0.016443207690361752,0.03895775360485707,0.0,0.0,0.4063926940639269,0.29298919614310315,3.6862061718522883
VIC_2021,VIC,2021,vi,VN30,,3326,2,81,0.0006013229104028864,0.0243535778713169,0.0012026458208057728,0.0,0.9518072289156626,0.021046301864101023,0.05111244738424534,0.0,0.0,0.4166666666666667,0.2985438788186497,6.9974250100439574
VIC_2020,VIC,2020,vi,VN30,,1748,11,48,0.006292906178489702,0.02745995423340961,0.0,0.0,0.6271186440677966,0.02402745995423341,0.05434782608695652,0.0,0.0,0.38686131386861317,1.854729723300966,3.3043191422382154
VIC_2019,VIC,2019,vi,VN30,,1751,0,31,0.0,0.01770416904625928,0.0,0.0,1.0,0.018846373500856654,0.06681896059394632,0.0,0.0,0.56,0.0,1.7095082548039036
VIC_2018,VIC,2018,vi,VN30,,2751,0,54,0.0,0.019629225736095966,0.0003635041802980734,0.0,1.0,0.020356234096692113,0.04980007270083606,0.0,0.0,0.41968911917098445,0.0,2.2732004353267947
VIC_2017,VIC,2017,vi,VN30,,1132,0,30,0.0,0.026501766784452298,0.0008833922261484099,0.0,1.0,0.015901060070671377,0.05742049469964664,0.0,0.0,0.5662650602409639,0.0,1.274731462856236
VIC_2016,VIC,2016,vi,VN30,,5256,1,125,0.0001902587519025875,0.02378234398782344,0.0005707762557077625,0.0,0.9841269841269841,0.021689497716894976,0.0532724505327245,0.0,0.0,0.4213197969543147,0.04741311078885102,3.9361227388739994
VIX_2023,VIX,2023,vi,VN100,,2816,19,26,0.006747159090909091,0.009232954545454546,0.010652796854192674,0.0007102272727272727,0.15555555555555556,0.028053977272727272,0.040482954545454544,0.0,0.0,0.18134715025906736,4.700528217772578,9.20890968062534
VIX_2021,VIX,2021,vi,VN100,,3173,29,40,0.009139615505830444,0.012606366214938543,0.010652796854192674,0.0003151591553734636,0.15942028985507245,0.029940119760479042,0.04947998739363379,0.0,0.0,0.24603174603174602,5.765198312462458,9.20890968062534
VIX_2024,VIX,2024,vi,VN100,,3854,21,64,0.005448884276076803,0.01660612350804359,0.005189413596263622,0.0,0.5058823529411764,0.02127659574468085,0.049818370524130774,0.0,0.0,0.40145985401459855,2.983094355760651,5.693128015625529
VIX_2022,VIX,2022,vi,VN100,,3117,32,44,0.010266281681103625,0.014116137311517485,0.005774783445620789,0.0,0.15789473684210525,0.027269810715431504,0.0494064805903112,0.0,0.0,0.28870292887029286,5.765198312462458,7.918602358925672
VJC_2025,VJC,2025,vi,VN30,,781,1,34,0.0012804097311139564,0.04353393085787452,0.0012804097311139564,0.0,0.9428571428571428,0.016645326504481434,0.04737516005121639,0.0,0.0,0.48,0.059213202043245795,1.1740773721592581
VJC_2024,VJC,2024,vi,VN30,,956,0,24,0.0,0.02510460251046025,0.0010460251046025104,0.0,1.0,0.016736401673640166,0.03556485355648536,0.0,0.0,0.36,0.0,1.2235492764812814
VJC_2023,VJC,2023,vi,VN30,,2335,7,25,0.0029978586723768737,0.010706638115631691,0.0008565310492505353,0.0,0.5625,0.008993576017130621,0.03297644539614561,0.0,0.0,0.5714285714285714,1.2714213345326217,4.401225258331246
VJC_2021,VJC,2021,vi,VN30,,781,11,24,0.014084507042253521,0.030729833546734954,0.0,0.0,0.37142857142857144,0.02176696542893726,0.056338028169014086,0.0,0.0,0.4426229508196721,1.1113542520016346,2.0058351443536293
VJC_2019,VJC,2019,vi,VN30,,1059,7,34,0.0066100094428706326,0.03210576015108593,0.0,0.0,0.6585365853658537,0.0169971671388102,0.05854579792256846,0.0,0.0,0.55,1.2862909497669741,2.08481793017681
VJC_2018,VJC,2018,vi,VN30,,788,0,14,0.0,0.017766497461928935,0.0012690355329949238,0.0,1.0,0.006345177664974619,0.05583756345177665,0.0,0.0,0.7959183673469388,0.0,0.08531759708924597
VJC_2017,VJC,2017,vi,VN30,,626,1,16,0.001597444089456869,0.025559105431309903,0.0,0.0,0.8823529411764706,0.022364217252396165,0.04313099041533546,0.0,0.0,0.3170731707317073,0.060974031533327,0.7476942921307737
VIX_2016,VIX,2016,vi,VN100,,3372,10,64,0.0029655990510083037,0.018979833926453145,0.006227758007117438,0.0,0.7297297297297297,0.02402135231316726,0.04893238434163701,0.0,0.0,0.34146341463414637,2.433172787561591,6.187306580148987
VND_2024,VND,2024,vi,VN100,,2747,14,33,0.005096468875136513,0.012013105205678923,0.0007280669821623589,0.0,0.40425531914893614,0.021113942482708408,0.029850746268656716,0.0,0.0,0.17142857142857143,1.535043376123281,5.5064709074586
VND_2021,VND,2021,vi,VN100,,2476,1,74,0.0004038772213247173,0.02988691437802908,0.002827140549273021,0.0,0.9733333333333334,0.023424878836833602,0.045234248788368334,0.0,0.0,0.3176470588235294,0.05146206241605799,3.8019492566939066
VND_2023,VND,2023,vi,VN100,,2939,19,47,0.006464783940115686,0.015991833957128276,0.007825791085403199,0.0,0.42424242424242425,0.018033344675059543,0.04048996257230351,0.0,0.0,0.38372093023255816,2.0834165033126837,4.496572184769241
VND_2019,VND,2019,vi,VN100,,1633,6,31,0.003674219228413962,0.018983466013472138,0.007960808328230252,0.0,0.6756756756756757,0.019595835884874464,0.04409063074096754,0.0,0.0,0.38461538461538464,0.4783833550735655,3.551251234591815
VND_2017,VND,2017,vi,VN100,,1572,7,44,0.004452926208651399,0.027989821882951654,0.003816793893129771,0.0,0.7254901960784313,0.01272264631043257,0.04389312977099236,0.0,0.0,0.550561797752809,1.2082325246777237,2.454611697493102
VNM_2025,VNM,2025,vi,VN30,,844,0,30,0.0,0.035545023696682464,0.0035545023696682463,0.0,1.0,0.017772511848341232,0.05687203791469194,0.0,0.0,0.5238095238095238,0.0,0.7660169265382494
VNM_2024,VNM,2024,vi,VN30,,854,2,31,0.00234192037470726,0.03629976580796253,0.00117096018735363,0.0,0.8787878787878788,0.03395784543325527,0.05503512880562061,0.0,0.0,0.23684210526315788,0.4198394945315658,2.159061096163451
VND_2018,VND,2018,vi,VN100,,1412,4,31,0.0028328611898017,0.021954674220963172,0.0035410764872521247,0.0,0.7714285714285715,0.026912181303116147,0.05311614730878187,0.0,0.0,0.3274336283185841,0.4818130396127134,3.374815949968935
VNM_2022,VNM,2022,vi,VN30,,738,5,20,0.006775067750677507,0.02710027100271003,0.005420054200542005,0.0,0.6,0.03836617471080976,0.044715447154471545,0.0,0.0,0.03125,0.9767743578122379,2.2597125202909463
VNM_2021,VNM,2021,vi,VN30,,2679,21,64,0.007838745800671893,0.023889511011571482,0.0022396416573348264,0.0,0.5058823529411764,0.019783501306457632,0.04143337066069429,0.0,0.0,0.35365853658536583,2.7572001179705463,3.710398712780958
VNM_2023,VNM,2023,vi,VN30,,986,2,28,0.002028397565922921,0.028397565922920892,0.004056795131845842,0.0,0.8666666666666667,0.02636916835699797,0.058823529411764705,0.0,0.0,0.38095238095238093,0.3863652880902168,1.7016024711125615
VNM_2018,VNM,2018,vi,VN30,,958,10,42,0.010438413361169102,0.04384133611691023,0.003131524008350731,0.0,0.6153846153846154,0.019832985386221295,0.04279749478079332,0.0,0.0,0.36666666666666664,0.5333859736721409,1.6217545345939712
VPB_2025,VPB,2025,vi,VN30,,1407,1,69,0.0007107320540156361,0.04904051172707889,0.0014214641080312722,0.0,0.9714285714285714,0.02203269367448472,0.0511727078891258,0.0,0.0,0.39805825242718446,0.24172629895766135,2.835693742280757
VPB_2024,VPB,2024,vi,VN30,,1351,7,57,0.0051813471502590676,0.04219096965210955,0.0022205773501110288,0.0,0.78125,0.0229459659511473,0.04811250925240563,0.0,0.0,0.3541666666666667,1.297014708886903,3.0291800336368606
VPB_2023,VPB,2023,vi,VN30,,1180,20,44,0.01694915254237288,0.03728813559322034,0.003389830508474576,0.0,0.375,0.027966101694915254,0.051694915254237285,0.0,0.0,0.2978723404255319,2.9579207729924915,4.108346956448657
VPB_2021,VPB,2021,vi,VN30,,905,2,37,0.0022099447513812156,0.04088397790055249,0.0033149171270718232,0.0,0.8974358974358975,0.023204419889502764,0.049723756906077346,0.0,0.0,0.36363636363636365,0.3018323856390273,1.8082901759665204
VND_2020,VND,2020,vi,VN100,,1988,1,36,0.0005030181086519115,0.018108651911468814,0.0025150905432595573,0.0,0.9459459459459459,0.01609657947686117,0.036720321931589535,0.0,0.0,0.3904761904761905,0.05277641486249559,2.3002454064999274
VPB_2019,VPB,2019,vi,VN30,,2021,5,72,0.002474022761009401,0.035625927758535375,0.0019792182088075212,0.0,0.8701298701298701,0.01880257298367145,0.03908955962394854,0.0,0.0,0.3504273504273504,0.8786906996012587,2.818676345248047
VPB_2018,VPB,2018,vi,VN30,,783,0,30,0.0,0.038314176245210725,0.001277139208173691,0.0,1.0,0.01532567049808429,0.02554278416347382,0.0,0.0,0.25,0.0,0.794810002539077
VPB_2020,VPB,2020,vi,VN30,,1519,14,72,0.009216589861751152,0.04739960500329164,0.003949967083607637,0.0,0.6744186046511628,0.027649769585253458,0.048716260697827515,0.0,0.0,0.27586206896551724,2.204768264358866,3.8163617595690336
VPB_2016,VPB,2016,vi,VN30,,1103,1,33,0.0009066183136899365,0.029918404351767906,0.004533091568449683,0.0,0.9411764705882353,0.014505893019038985,0.056210335448776065,0.0,0.0,0.5897435897435898,0.0737039516559484,2.397097290056823
VPI_2025,VPI,2025,vi,VN100,,782,1,32,0.0012787723785166241,0.04092071611253197,0.0,0.0,0.9393939393939394,0.015345268542199489,0.06010230179028133,0.0,0.0,0.5932203389830508,0.05920331296735613,0.7507236343680485
VPB_2017,VPB,2017,vi,VN30,,691,2,26,0.002894356005788712,0.03762662807525326,0.002894356005788712,0.0,0.8571428571428571,0.013024602026049204,0.053545586107091175,0.0,0.0,0.6086956521739131,0.5722269620096824,0.8952392678692562
VPI_2023,VPI,2023,vi,VN100,,1287,10,45,0.00777000777000777,0.03496503496503497,0.002331002331002331,0.0,0.6363636363636364,0.018648018648018648,0.05827505827505827,0.0,0.0,0.5151515151515151,1.5845347440372766,3.2366067388963278
VPI_2022,VPI,2022,vi,VN100,,681,4,14,0.005873715124816446,0.020558002936857563,0.002936857562408223,0.0,0.5555555555555556,0.024963289280469897,0.042584434654919234,0.0,0.0,0.2608695652173913,0.9588751484288129,1.8980707422306684
VPI_2021,VPI,2021,vi,VN100,,724,3,23,0.004143646408839779,0.031767955801104975,0.004143646408839779,0.0,0.7692307692307693,0.011049723756906077,0.07044198895027624,0.0,0.0,0.7288135593220338,0.36615200985249735,1.7621381428518275
VPI_2020,VPI,2020,vi,VN100,,1145,6,35,0.005240174672489083,0.03056768558951965,0.005240174672489083,0.0,0.7073170731707317,0.013973799126637555,0.05414847161572053,0.0,0.0,0.5897435897435898,1.0527291700075403,1.8553541930328201
VPI_2019,VPI,2019,vi,VN100,,1222,4,32,0.0032733224222585926,0.02618657937806874,0.0016366612111292963,0.0,0.7777777777777778,0.00900163666121113,0.05646481178396072,0.0,0.0,0.725,1.0488796338785622,0.7675575961400315
VPI_2017,VPI,2017,vi,VN100,,1025,0,27,0.0,0.026341463414634145,0.001951219512195122,0.0,1.0,0.007804878048780488,0.0575609756097561,0.0,0.0,0.7611940298507462,0.0,0.4957332748671731
VPL_2025,VPL,2025,vi,VN30,,2703,0,78,0.0,0.02885682574916759,0.0,0.0,1.0,0.01368849426563078,0.05401405845357011,0.0,0.0,0.5956284153005464,0.0,2.50728608394792
VPL_2024,VPL,2024,vi,VN30,,2653,5,91,0.0018846588767433095,0.03430079155672823,0.0003769317753486619,0.0,0.8958333333333334,0.023369770071617037,0.05390124387485865,0.0,0.0,0.3951219512195122,1.0541735994018913,3.5480834429383425
VPX_2025,VPX,2025,vi,VN100,,1009,0,49,0.0,0.048562933597621406,0.0019821605550049554,0.0,1.0,0.014866204162537165,0.05450941526263627,0.0,0.0,0.5714285714285714,0.0,0.7778543247771912
VPB_2022,VPB,2022,vi,VN30,,1356,11,65,0.008112094395280236,0.04793510324483776,0.005162241887905605,0.0,0.7105263157894737,0.016224188790560472,0.058997050147492625,0.0,0.0,0.5686274509803921,1.2254764957847888,2.7604218157355733
VPX_2023,VPX,2023,vi,VN100,,1690,1,47,0.000591715976331361,0.027810650887573965,0.0053254437869822485,0.0,0.9583333333333334,0.020118343195266272,0.04082840236686391,0.0,0.0,0.33980582524271846,0.23647270133977508,3.3214220822120475
VRE_2025,VRE,2025,vi,VN30,,1662,2,63,0.0012033694344163659,0.03790613718411552,0.0024067388688327317,0.0,0.9384615384615385,0.030084235860409144,0.052948255114320095,0.0,0.0,0.2753623188405797,0.28003209185031297,1.6005961911328694
VRE_2024,VRE,2024,vi,VN30,,918,0,33,0.0,0.03594771241830065,0.0,0.0,1.0,0.034858387799564274,0.05991285403050109,0.0,0.0,0.26436781609195403,0.0,2.613157591306714
VRE_2023,VRE,2023,vi,VN30,,1827,5,56,0.002736726874657909,0.03065134099616858,0.0005473453749315818,0.0,0.8360655737704918,0.027914614121510674,0.03940886699507389,0.0,0.0,0.17073170731707318,0.47389672748378286,1.5136770179165242
VRE_2022,VRE,2022,vi,VN30,,1305,1,32,0.0007662835249042146,0.024521072796934867,0.0,0.0,0.9393939393939394,0.027586206896551724,0.05363984674329502,0.0,0.0,0.32075471698113206,0.5668134548079253,2.0050902385990423
VRE_2021,VRE,2021,vi,VN30,,1585,8,39,0.005047318611987382,0.024605678233438486,0.0006309148264984228,0.0,0.6595744680851063,0.025236593059936908,0.05804416403785489,0.0,0.0,0.3939393939393939,0.953683674354417,1.5957812981431727
VRE_2019,VRE,2019,vi,VN30,,2896,0,70,0.0,0.024171270718232045,0.0003453038674033149,0.0,1.0,0.02175414364640884,0.048687845303867404,0.0,0.0,0.38235294117647056,0.0,2.155713933237781
VPI_2018,VPI,2018,vi,VN100,,902,0,29,0.0,0.03215077605321508,0.0011086474501108647,0.0,1.0,0.013303769401330377,0.057649667405764965,0.0,0.0,0.625,0.0,1.074789528110788
VRE_2020,VRE,2020,vi,VN30,,1568,9,38,0.005739795918367347,0.02423469387755102,0.0,0.0,0.6170212765957447,0.025510204081632654,0.05612244897959184,0.0,0.0,0.375,1.6703863499214382,1.599848355656452
VRE_2018,VRE,2018,vi,VN30,,1581,1,22,0.0006325110689437065,0.013915243516761544,0.002530044275774826,0.0,0.9130434782608695,0.022770398481973434,0.030360531309297913,0.0,0.0,0.14285714285714285,0.054221531480763085,2.0884055850276178
VTP_2024,VTP,2024,vi,VN100,,823,0,24,0.0,0.02916160388821385,0.0,0.0,1.0,0.009720534629404616,0.05589307411907655,0.0,0.0,0.7037037037037037,0.0,0.9508505485075784
VTP_2025,VTP,2025,vi,VN100,,958,3,32,0.003131524008350731,0.033402922755741124,0.0041753653444676405,0.0,0.8285714285714286,0.011482254697286013,0.04384133611691023,0.0,0.0,0.5849056603773585,0.6540457794438617,0.48002728352225016
VTP_2022,VTP,2022,vi,VN100,,488,3,8,0.006147540983606557,0.01639344262295082,0.006147540983606557,0.0,0.45454545454545453,0.022540983606557378,0.05942622950819672,0.0,0.0,0.45,0.38623988738703074,0.8112776934330976
VTP_2020,VTP,2020,vi,VN100,,1986,26,46,0.013091641490433032,0.023162134944612285,0.0015105740181268882,0.0,0.2777777777777778,0.03575025176233636,0.041289023162134945,0.0,0.0,0.0718954248366013,5.765198312462458,9.20890968062534
VTP_2021,VTP,2021,vi,VN100,,1096,14,20,0.012773722627737226,0.01824817518248175,0.0009124087591240876,0.0,0.17647058823529413,0.03193430656934307,0.035583941605839414,0.0,0.0,0.05405405405405406,3.613923596550251,4.269078597126153
VTP_2019,VTP,2019,vi,VN100,,867,3,26,0.0034602076124567475,0.029988465974625143,0.0,0.0,0.7931034482758621,0.020761245674740483,0.04728950403690888,0.0,0.0,0.3898305084745763,1.0056079017995743,3.3914330203873337
DPM_2017,DPM,2017,vi,VN100,,780,7,28,0.008974358974358974,0.035897435897435895,0.005128205128205128,0.0,0.6,0.021794871794871794,0.06025641025641026,0.0,0.0,0.46875,2.0281439818273435,1.7449484859714657
GAS_2017,GAS,2017,vi,VN30,,1517,8,32,0.005273566249176005,0.02109426499670402,0.004614370468029005,0.0,0.6,0.02043506921555702,0.053394858272907054,0.0,0.0,0.44642857142857145,0.9114956889428929,4.675971948326878
VTP_2023,VTP,2023,vi,VN100,,567,0,18,0.0,0.031746031746031744,0.0,0.0,1.0,0.005300059417706476,0.07054673721340388,0.0,0.0,0.829195189639223,0.0,0.013763842903231538
HDB_2019,HDB,2019,vi,VN30,,738,0,2,0.0,0.003753616246766932,0.0027100271002710027,0.0,1.0,0.009485094850948509,0.02168021680216802,0.0,0.0,0.391304347826087,0.0,1.836170517448523
